ISO-10303-21;
HEADER;
FILE_DESCRIPTION(('Open CASCADE Model'),'2;1');
FILE_NAME('Open CASCADE Shape Model','2026-09-28T20:11:48',('Author'),(
    'Open CASCADE'),'Open CASCADE STEP processor 7.9','Open CASCADE 7.9'
  ,'Unknown');
FILE_SCHEMA(('AUTOMOTIVE_DESIGN { 1 0 10303 214 1 1 1 1 }'));
ENDSEC;
DATA;
#1 = APPLICATION_PROTOCOL_DEFINITION('international standard',
  'automotive_design',2000,#2);
#2 = APPLICATION_CONTEXT(
  'core data for automotive mechanical design processes');
#3 = SHAPE_DEFINITION_REPRESENTATION(#4,#10);
#4 = PRODUCT_DEFINITION_SHAPE('','',#5);
#5 = PRODUCT_DEFINITION('design','',#6,#9);
#6 = PRODUCT_DEFINITION_FORMATION('','',#7);
#7 = PRODUCT('Open CASCADE STEP translator 7.9 3',
  'Open CASCADE STEP translator 7.9 3','',(#8));
#8 = PRODUCT_CONTEXT('',#2,'mechanical');
#9 = PRODUCT_DEFINITION_CONTEXT('part definition',#2,'design');
#10 = ADVANCED_BREP_SHAPE_REPRESENTATION('',(#11,#15),#13888);
#11 = AXIS2_PLACEMENT_3D('',#12,#13,#14);
#12 = CARTESIAN_POINT('',(0.,0.,0.));
#13 = DIRECTION('',(0.,0.,1.));
#14 = DIRECTION('',(1.,0.,-0.));
#15 = MANIFOLD_SOLID_BREP('',#16);
#16 = CLOSED_SHELL('',(#17,#416,#959,#1077,#1913,#2286,#2310,#2334,#2358
    ,#2493,#2598,#2647,#2701,#2750,#2804,#2853,#2907,#3012,#3066,#3115,
    #3188,#3327,#3682,#3709,#3846,#5291,#5400,#5816,#5866,#5971,#6021,
    #7121,#7444,#7452,#7507,#7534,#7750,#7930,#7977,#8053,#8080,#8107,
    #8154,#8201,#8248,#8295,#8363,#8388,#8438,#8488,#8515,#8553,#8731,
    #9009,#9076,#9142,#9208,#9274,#9340,#9406,#9472,#9538,#9604,#9709,
    #9716,#9754,#9792,#9830,#9868,#9906,#9913,#9920,#10198,#10440,#10494
    ,#10548,#10686,#10740,#10768,#10772,#10776,#10933,#10982,#11098,
    #11421,#11448,#11488,#11636,#11643,#11670,#11702,#11709,#12721,
    #12728,#12780,#12832,#12839,#12847,#12879,#12919,#12951,#12991,
    #13043,#13102,#13161,#13220,#13279,#13331,#13383,#13442,#13481,
    #13520,#13524,#13528,#13587,#13646,#13650,#13702,#13754,#13758,
    #13762,#13821,#13880,#13884));
#17 = ADVANCED_FACE('',(#18),#32,.T.);
#18 = FACE_BOUND('',#19,.F.);
#19 = EDGE_LOOP('',(#20,#55,#80,#362,#390));
#20 = ORIENTED_EDGE('',*,*,#21,.F.);
#21 = EDGE_CURVE('',#22,#24,#26,.T.);
#22 = VERTEX_POINT('',#23);
#23 = CARTESIAN_POINT('',(138.19,-91.4,0.));
#24 = VERTEX_POINT('',#25);
#25 = CARTESIAN_POINT('',(138.19,-3.,0.));
#26 = SURFACE_CURVE('',#27,(#31,#43),.PCURVE_S1.);
#27 = LINE('',#28,#29);
#28 = CARTESIAN_POINT('',(138.19,-47.2,0.));
#29 = VECTOR('',#30,1.);
#30 = DIRECTION('',(-0.,1.,-0.));
#31 = PCURVE('',#32,#37);
#32 = PLANE('',#33);
#33 = AXIS2_PLACEMENT_3D('',#34,#35,#36);
#34 = CARTESIAN_POINT('',(137.,-47.2,6.21));
#35 = DIRECTION('',(0.982130320825,-0.,0.188202106567));
#36 = DIRECTION('',(0.,1.,-0.));
#37 = DEFINITIONAL_REPRESENTATION('',(#38),#42);
#38 = LINE('',#39,#40);
#39 = CARTESIAN_POINT('',(-0.,-6.322989799138));
#40 = VECTOR('',#41,1.);
#41 = DIRECTION('',(1.,-0.));
#42 = ( GEOMETRIC_REPRESENTATION_CONTEXT(2) 
PARAMETRIC_REPRESENTATION_CONTEXT() REPRESENTATION_CONTEXT('2D SPACE',''
  ) );
#43 = PCURVE('',#44,#49);
#44 = PLANE('',#45);
#45 = AXIS2_PLACEMENT_3D('',#46,#47,#48);
#46 = CARTESIAN_POINT('',(134.,-3.,0.));
#47 = DIRECTION('',(-0.,-0.,1.));
#48 = DIRECTION('',(1.,0.,0.));
#49 = DEFINITIONAL_REPRESENTATION('',(#50),#54);
#50 = LINE('',#51,#52);
#51 = CARTESIAN_POINT('',(4.19,-44.2));
#52 = VECTOR('',#53,1.);
#53 = DIRECTION('',(-0.,1.));
#54 = ( GEOMETRIC_REPRESENTATION_CONTEXT(2) 
PARAMETRIC_REPRESENTATION_CONTEXT() REPRESENTATION_CONTEXT('2D SPACE',''
  ) );
#55 = ORIENTED_EDGE('',*,*,#56,.T.);
#56 = EDGE_CURVE('',#22,#57,#59,.T.);
#57 = VERTEX_POINT('',#58);
#58 = CARTESIAN_POINT('',(137.44205784838,-91.4,3.903126690377));
#59 = SURFACE_CURVE('',#60,(#63,#69),.PCURVE_S1.);
#60 = B_SPLINE_CURVE_WITH_KNOTS('',1,(#61,#62),.UNSPECIFIED.,.F.,.F.,(2,
    2),(0.,1.),.PIECEWISE_BEZIER_KNOTS.);
#61 = CARTESIAN_POINT('',(138.19,-91.4,0.));
#62 = CARTESIAN_POINT('',(137.,-91.4,6.21));
#63 = PCURVE('',#32,#64);
#64 = DEFINITIONAL_REPRESENTATION('',(#65),#68);
#65 = B_SPLINE_CURVE_WITH_KNOTS('',1,(#66,#67),.UNSPECIFIED.,.F.,.F.,(2,
    2),(0.,1.),.PIECEWISE_BEZIER_KNOTS.);
#66 = CARTESIAN_POINT('',(-44.2,-6.322989799138));
#67 = CARTESIAN_POINT('',(-44.2,0.));
#68 = ( GEOMETRIC_REPRESENTATION_CONTEXT(2) 
PARAMETRIC_REPRESENTATION_CONTEXT() REPRESENTATION_CONTEXT('2D SPACE',''
  ) );
#69 = PCURVE('',#70,#75);
#70 = CONICAL_SURFACE('',#71,4.19,0.189331218543);
#71 = AXIS2_PLACEMENT_3D('',#72,#73,#74);
#72 = CARTESIAN_POINT('',(134.,-91.4,0.));
#73 = DIRECTION('',(0.,0.,-1.));
#74 = DIRECTION('',(-1.,-0.,-0.));
#75 = DEFINITIONAL_REPRESENTATION('',(#76),#79);
#76 = B_SPLINE_CURVE_WITH_KNOTS('',1,(#77,#78),.UNSPECIFIED.,.F.,.F.,(2,
    2),(0.,1.),.PIECEWISE_BEZIER_KNOTS.);
#77 = CARTESIAN_POINT('',(3.14159265359,0.));
#78 = CARTESIAN_POINT('',(3.14159265359,-6.21));
#79 = ( GEOMETRIC_REPRESENTATION_CONTEXT(2) 
PARAMETRIC_REPRESENTATION_CONTEXT() REPRESENTATION_CONTEXT('2D SPACE',''
  ) );
#80 = ORIENTED_EDGE('',*,*,#81,.T.);
#81 = EDGE_CURVE('',#57,#82,#84,.T.);
#82 = VERTEX_POINT('',#83);
#83 = CARTESIAN_POINT('',(137.00191626409,-70.4,6.2));
#84 = SURFACE_CURVE('',#85,(#165,#248),.PCURVE_S1.);
#85 = B_SPLINE_CURVE_WITH_KNOTS('',8,(#86,#87,#88,#89,#90,#91,#92,#93,
    #94,#95,#96,#97,#98,#99,#100,#101,#102,#103,#104,#105,#106,#107,#108
    ,#109,#110,#111,#112,#113,#114,#115,#116,#117,#118,#119,#120,#121,
    #122,#123,#124,#125,#126,#127,#128,#129,#130,#131,#132,#133,#134,
    #135,#136,#137,#138,#139,#140,#141,#142,#143,#144,#145,#146,#147,
    #148,#149,#150,#151,#152,#153,#154,#155,#156,#157,#158,#159,#160,
    #161,#162,#163,#164),.UNSPECIFIED.,.F.,.F.,(9,7,7,7,7,7,7,7,7,7,7,9)
  ,(0.,6.995864761657E-02,0.1761632518,0.283514768154,0.380590720816,
    0.446831447471,0.483378012393,0.591874374065,0.748330847484,
    0.825984421083,0.904777201998,1.),.UNSPECIFIED.);
#86 = CARTESIAN_POINT('',(137.44205784838,-91.4,3.903126690377));
#87 = CARTESIAN_POINT('',(137.43973770577,-91.21550259147,3.915234325307
    ));
#88 = CARTESIAN_POINT('',(137.43727841825,-91.03105283313,3.928068086243
    ));
#89 = CARTESIAN_POINT('',(137.43468395033,-90.84665270642,3.941607284368
    ));
#90 = CARTESIAN_POINT('',(137.43195828109,-90.6623046774,3.955831154974)
  );
#91 = CARTESIAN_POINT('',(137.42910538818,-90.47801116428,3.970718940648
    ));
#92 = CARTESIAN_POINT('',(137.42612923194,-90.29377400493,3.986249974455
    ));
#93 = CARTESIAN_POINT('',(137.42303373943,-90.10959392442,4.002403763116
    ));
#94 = CARTESIAN_POINT('',(137.41494822634,-89.64595047336,4.044597911285
    ));
#95 = CARTESIAN_POINT('',(137.4098075544,-89.3665609162,4.071424442978)
  );
#96 = CARTESIAN_POINT('',(137.40441470161,-89.08730299003,4.099566977297
    ));
#97 = CARTESIAN_POINT('',(137.3987828327,-88.80817333166,4.128956814229)
  );
#98 = CARTESIAN_POINT('',(137.39292601258,-88.5291731975,4.159520556173)
  );
#99 = CARTESIAN_POINT('',(137.38685820505,-88.25030274432,4.191185333313
    ));
#100 = CARTESIAN_POINT('',(137.38059225822,-87.97155516963,
    4.223884097828));
#101 = CARTESIAN_POINT('',(137.36762113865,-87.41128775485,
    4.291573721796));
#102 = CARTESIAN_POINT('',(137.36091201625,-87.12977100272,
    4.326585192477));
#103 = CARTESIAN_POINT('',(137.35402764881,-86.84836934576,
    4.362511177209));
#104 = CARTESIAN_POINT('',(137.34698198953,-86.56707861263,4.39927886132
    ));
#105 = CARTESIAN_POINT('',(137.33978885577,-86.28589355648,
    4.436816139187));
#106 = CARTESIAN_POINT('',(137.33246168638,-86.00480654405,
    4.475052880316));
#107 = CARTESIAN_POINT('',(137.32501365898,-85.72380816804,
    4.513920317405));
#108 = CARTESIAN_POINT('',(137.31062587826,-85.18886058198,
    4.589002769728));
#109 = CARTESIAN_POINT('',(137.30370573926,-84.93489701984,
    4.625115427858));
#110 = CARTESIAN_POINT('',(137.29670753114,-84.68099221707,
    4.661635488709));
#111 = CARTESIAN_POINT('',(137.28964124567,-84.42713999864,
    4.698510810373));
#112 = CARTESIAN_POINT('',(137.28251678362,-84.17333372151,
    4.735689725773));
#113 = CARTESIAN_POINT('',(137.27534385089,-83.91956586975,
    4.773121584825));
#114 = CARTESIAN_POINT('',(137.26813205244,-83.66582841698,
    4.810756264135));
#115 = CARTESIAN_POINT('',(137.25595030673,-83.23898941,4.874326550583)
  );
#116 = CARTESIAN_POINT('',(137.25099588767,-83.06587557234,
    4.900181123993));
#117 = CARTESIAN_POINT('',(137.24603101535,-82.89277001006,
    4.926090247601));
#118 = CARTESIAN_POINT('',(137.24105877803,-82.71967028528,4.95203780537
    ));
#119 = CARTESIAN_POINT('',(137.23608226382,-82.54657395539,
    4.978007682068));
#120 = CARTESIAN_POINT('',(137.23110456066,-82.37347857309,
    5.003983763268));
#121 = CARTESIAN_POINT('',(137.22612875635,-82.20038168631,
    5.029949935347));
#122 = CARTESIAN_POINT('',(137.21841542157,-81.9317770342,5.070201875668
    ));
#123 = CARTESIAN_POINT('',(137.21567442258,-81.8362720271,5.084505744348
    ));
#124 = CARTESIAN_POINT('',(137.21293546015,-81.74076540569,
    5.098798985251));
#125 = CARTESIAN_POINT('',(137.21019905291,-81.64525675966,
    5.113078891936));
#126 = CARTESIAN_POINT('',(137.20746571952,-81.5497456797,5.127342757795
    ));
#127 = CARTESIAN_POINT('',(137.20473597866,-81.45423175749,
    5.141587876051));
#128 = CARTESIAN_POINT('',(137.20201034906,-81.35871458571,5.15581153976
    ));
#129 = CARTESIAN_POINT('',(137.19121147523,-80.97961957566,
    5.212165326723));
#130 = CARTESIAN_POINT('',(137.18317443012,-80.69601334922,
    5.254106545313));
#131 = CARTESIAN_POINT('',(137.17519173438,-80.41236413276,
    5.295764142406));
#132 = CARTESIAN_POINT('',(137.16727692168,-80.12866125473,
    5.337067492721));
#133 = CARTESIAN_POINT('',(137.15944367933,-79.84489484399,
    5.377945169192));
#134 = CARTESIAN_POINT('',(137.15170585722,-79.56105585743,
    5.418324896342));
#135 = CARTESIAN_POINT('',(137.14407734548,-79.27713560905,
    5.458134188703));
#136 = CARTESIAN_POINT('',(137.12574852786,-78.58356885935,
    5.553782892393));
#137 = CARTESIAN_POINT('',(137.11518113178,-78.17382593477,
    5.608928715643));
#138 = CARTESIAN_POINT('',(137.10491064633,-77.7638674093,5.662525114481
    ));
#139 = CARTESIAN_POINT('',(137.09497828101,-77.35366698254,
    5.714357037718));
#140 = CARTESIAN_POINT('',(137.08543002009,-76.94322787418,5.76418451698
    ));
#141 = CARTESIAN_POINT('',(137.0763043622,-76.53251199324,5.81180664765)
  );
#142 = CARTESIAN_POINT('',(137.06764563279,-76.12151740518,
    5.856992117951));
#143 = CARTESIAN_POINT('',(137.05545378483,-75.50611441689,
    5.920615122862));
#144 = CARTESIAN_POINT('',(137.0515356265,-75.30191810407,5.941061982693
    ));
#145 = CARTESIAN_POINT('',(137.04774862952,-75.09765175417,
    5.960824378707));
#146 = CARTESIAN_POINT('',(137.04409816645,-74.89331596135,
    5.979874274239));
#147 = CARTESIAN_POINT('',(137.04058958968,-74.68891082874,
    5.998183737868));
#148 = CARTESIAN_POINT('',(137.03722822057,-74.48443569908,6.01572500019
    ));
#149 = CARTESIAN_POINT('',(137.03401939873,-74.27989068021,6.0324701965)
  );
#150 = CARTESIAN_POINT('',(137.02787302786,-73.86766753426,
    6.064544955449));
#151 = CARTESIAN_POINT('',(137.0249401404,-73.6599872496,6.079850191676)
  );
#152 = CARTESIAN_POINT('',(137.02217559686,-73.45224190984,
    6.094276927271));
#153 = CARTESIAN_POINT('',(137.01958507033,-73.24443460071,
    6.107795557341));
#154 = CARTESIAN_POINT('',(137.01717423926,-73.03656869548,
    6.120376448878));
#155 = CARTESIAN_POINT('',(137.01494878752,-72.82864785488,
    6.131989940758));
#156 = CARTESIAN_POINT('',(137.01291440433,-72.62067602712,
    6.142606343744));
#157 = CARTESIAN_POINT('',(137.00885598043,-72.16126244804,
    6.163785177756));
#158 = CARTESIAN_POINT('',(137.00692254234,-71.90979928377,
    6.173874800054));
#159 = CARTESIAN_POINT('',(137.00528649442,-71.65827436788,
    6.182412495464));
#160 = CARTESIAN_POINT('',(137.00395783681,-71.40669485652,6.18934607847
    ));
#161 = CARTESIAN_POINT('',(137.0029465454,-71.1550686493,6.194623489952)
  );
#162 = CARTESIAN_POINT('',(137.00226257187,-70.90340438927,
    6.198192797186));
#163 = CARTESIAN_POINT('',(137.00191584369,-70.65171146287,
    6.200002193845));
#164 = CARTESIAN_POINT('',(137.00191626409,-70.4,6.2));
#165 = PCURVE('',#32,#166);
#166 = DEFINITIONAL_REPRESENTATION('',(#167),#247);
#167 = B_SPLINE_CURVE_WITH_KNOTS('',8,(#168,#169,#170,#171,#172,#173,
    #174,#175,#176,#177,#178,#179,#180,#181,#182,#183,#184,#185,#186,
    #187,#188,#189,#190,#191,#192,#193,#194,#195,#196,#197,#198,#199,
    #200,#201,#202,#203,#204,#205,#206,#207,#208,#209,#210,#211,#212,
    #213,#214,#215,#216,#217,#218,#219,#220,#221,#222,#223,#224,#225,
    #226,#227,#228,#229,#230,#231,#232,#233,#234,#235,#236,#237,#238,
    #239,#240,#241,#242,#243,#244,#245,#246),.UNSPECIFIED.,.F.,.F.,(9,7,
    7,7,7,7,7,7,7,7,7,9),(0.,6.995864761657E-02,0.1761632518,
    0.283514768154,0.380590720816,0.446831447471,0.483378012393,
    0.591874374065,0.748330847484,0.825984421083,0.904777201998,1.),
  .UNSPECIFIED.);
#168 = CARTESIAN_POINT('',(-44.2,-2.348846441973));
#169 = CARTESIAN_POINT('',(-44.01550259147,-2.336518510869));
#170 = CARTESIAN_POINT('',(-43.83105283313,-2.323451242031));
#171 = CARTESIAN_POINT('',(-43.64665270642,-2.309665700705));
#172 = CARTESIAN_POINT('',(-43.4623046774,-2.29518302941));
#173 = CARTESIAN_POINT('',(-43.27801116428,-2.280024363234));
#174 = CARTESIAN_POINT('',(-43.09377400493,-2.264210745146));
#175 = CARTESIAN_POINT('',(-42.90959392442,-2.247763041293));
#176 = CARTESIAN_POINT('',(-42.44595047336,-2.204801178418));
#177 = CARTESIAN_POINT('',(-42.1665609162,-2.177486542953));
#178 = CARTESIAN_POINT('',(-41.88730299003,-2.148831960438));
#179 = CARTESIAN_POINT('',(-41.60817333166,-2.118907380868));
#180 = CARTESIAN_POINT('',(-41.3291731975,-2.087787537304));
#181 = CARTESIAN_POINT('',(-41.05030274432,-2.055546625413));
#182 = CARTESIAN_POINT('',(-40.77155516963,-2.022252912937));
#183 = CARTESIAN_POINT('',(-40.21128775485,-1.953331688805));
#184 = CARTESIAN_POINT('',(-39.92977100272,-1.917683190904));
#185 = CARTESIAN_POINT('',(-39.64836934576,-1.881103539537));
#186 = CARTESIAN_POINT('',(-39.36707861263,-1.843666874229));
#187 = CARTESIAN_POINT('',(-39.08589355648,-1.805446612547));
#188 = CARTESIAN_POINT('',(-38.80480654405,-1.766514160999));
#189 = CARTESIAN_POINT('',(-38.52380816804,-1.726939538096));
#190 = CARTESIAN_POINT('',(-37.98886058198,-1.650490974467));
#191 = CARTESIAN_POINT('',(-37.73489701984,-1.613721253215));
#192 = CARTESIAN_POINT('',(-37.48099221707,-1.576536716625));
#193 = CARTESIAN_POINT('',(-37.22713999864,-1.538990455317));
#194 = CARTESIAN_POINT('',(-36.97333372151,-1.501135076442));
#195 = CARTESIAN_POINT('',(-36.71956586975,-1.463022151651));
#196 = CARTESIAN_POINT('',(-36.46582841698,-1.424702716326));
#197 = CARTESIAN_POINT('',(-36.03898941,-1.359975780296));
#198 = CARTESIAN_POINT('',(-35.86587557234,-1.333650787715));
#199 = CARTESIAN_POINT('',(-35.69277001006,-1.307270252404));
#200 = CARTESIAN_POINT('',(-35.51967028528,-1.28085058363));
#201 = CARTESIAN_POINT('',(-35.34657395539,-1.254408189839));
#202 = CARTESIAN_POINT('',(-35.17347857309,-1.227959478656));
#203 = CARTESIAN_POINT('',(-35.00038168631,-1.201520856888));
#204 = CARTESIAN_POINT('',(-34.7317770342,-1.160536539972));
#205 = CARTESIAN_POINT('',(-34.6362720271,-1.145972415053));
#206 = CARTESIAN_POINT('',(-34.54076540569,-1.13141911128));
#207 = CARTESIAN_POINT('',(-34.44525675966,-1.116879384339));
#208 = CARTESIAN_POINT('',(-34.3497456797,-1.102355990084));
#209 = CARTESIAN_POINT('',(-34.25423175749,-1.087851684542));
#210 = CARTESIAN_POINT('',(-34.15871458571,-1.073369223907));
#211 = CARTESIAN_POINT('',(-33.77961957566,-1.015990090234));
#212 = CARTESIAN_POINT('',(-33.49601334922,-0.973285758945));
#213 = CARTESIAN_POINT('',(-33.21236413276,-0.930870209593));
#214 = CARTESIAN_POINT('',(-32.92866125473,-0.888815352473));
#215 = CARTESIAN_POINT('',(-32.64489484399,-0.847193914254));
#216 = CARTESIAN_POINT('',(-32.36105585743,-0.806079485452));
#217 = CARTESIAN_POINT('',(-32.07713560905,-0.765545870395));
#218 = CARTESIAN_POINT('',(-31.38356885935,-0.668156856268));
#219 = CARTESIAN_POINT('',(-30.97382593477,-0.612007664983));
#220 = CARTESIAN_POINT('',(-30.5638674093,-0.557436089601));
#221 = CARTESIAN_POINT('',(-30.15366698254,-0.504661094126));
#222 = CARTESIAN_POINT('',(-29.74322787418,-0.453927013113));
#223 = CARTESIAN_POINT('',(-29.33251199324,-0.405438406601));
#224 = CARTESIAN_POINT('',(-28.92151740518,-0.359430795042));
#225 = CARTESIAN_POINT('',(-28.30611441689,-0.294650181347));
#226 = CARTESIAN_POINT('',(-28.10191810407,-0.273831294691));
#227 = CARTESIAN_POINT('',(-27.89765175417,-0.253709325544));
#228 = CARTESIAN_POINT('',(-27.69331596135,-0.234312820693));
#229 = CARTESIAN_POINT('',(-27.48891082874,-0.215670219767));
#230 = CARTESIAN_POINT('',(-27.28443569908,-0.197809797428));
#231 = CARTESIAN_POINT('',(-27.07989068021,-0.180759925374));
#232 = CARTESIAN_POINT('',(-26.66766753426,-0.148101572131));
#233 = CARTESIAN_POINT('',(-26.4599872496,-0.132517859967));
#234 = CARTESIAN_POINT('',(-26.25224190984,-0.117828632591));
#235 = CARTESIAN_POINT('',(-26.04443460071,-0.104064033552));
#236 = CARTESIAN_POINT('',(-25.83656869548,-9.125423502577E-02));
#237 = CARTESIAN_POINT('',(-25.62864785488,-7.942943781325E-02));
#238 = CARTESIAN_POINT('',(-25.42067602712,-6.861987134218E-02));
#239 = CARTESIAN_POINT('',(-24.96126244804,-4.705569236991E-02));
#240 = CARTESIAN_POINT('',(-24.70979928377,-3.678249126425E-02));
#241 = CARTESIAN_POINT('',(-24.45827436788,-2.808945406822E-02));
#242 = CARTESIAN_POINT('',(-24.20669485652,-2.102971580433E-02));
#243 = CARTESIAN_POINT('',(-23.9550686493,-1.565628279869E-02));
#244 = CARTESIAN_POINT('',(-23.70340438927,-1.202203268107E-02));
#245 = CARTESIAN_POINT('',(-23.45171146287,-1.017971438477E-02));
#246 = CARTESIAN_POINT('',(-23.2,-1.018194814676E-02));
#247 = ( GEOMETRIC_REPRESENTATION_CONTEXT(2) 
PARAMETRIC_REPRESENTATION_CONTEXT() REPRESENTATION_CONTEXT('2D SPACE',''
  ) );
#248 = PCURVE('',#249,#280);
#249 = B_SPLINE_SURFACE_WITH_KNOTS('',3,1,(
    (#250,#251)
    ,(#252,#253)
    ,(#254,#255)
    ,(#256,#257)
    ,(#258,#259)
    ,(#260,#261)
    ,(#262,#263)
    ,(#264,#265)
    ,(#266,#267)
    ,(#268,#269)
    ,(#270,#271)
    ,(#272,#273)
    ,(#274,#275)
    ,(#276,#277)
    ,(#278,#279
  )),.UNSPECIFIED.,.F.,.F.,.F.,(4,1,1,1,1,1,1,1,1,1,1,1,4),(2,2),(0.,
    2.000557406892,4.004814065379,6.014514691078,8.029736472213,
    10.049318463555,12.071283114429,14.093247765303,16.112829756645,
    18.12805153778,20.137752163479,22.142008821966,24.142566228858),(0.,
    1.),.UNSPECIFIED.);
#250 = CARTESIAN_POINT('',(147.,-70.4,6.2));
#251 = CARTESIAN_POINT('',(65.,-70.4,6.2));
#252 = CARTESIAN_POINT('',(147.,-71.06709240435,6.200005814187));
#253 = CARTESIAN_POINT('',(65.,-71.06709240435,6.200005814187));
#254 = CARTESIAN_POINT('',(147.,-72.40182802419,6.166586997704));
#255 = CARTESIAN_POINT('',(65.,-72.40182802419,6.166586997704));
#256 = CARTESIAN_POINT('',(147.,-74.40278057006,6.0331027456));
#257 = CARTESIAN_POINT('',(65.,-74.40278057006,6.0331027456));
#258 = CARTESIAN_POINT('',(147.,-76.40277138353,5.833014937547));
#259 = CARTESIAN_POINT('',(65.,-76.40277138353,5.833014937547));
#260 = CARTESIAN_POINT('',(147.,-78.40218423979,5.583036136602));
#261 = CARTESIAN_POINT('',(65.,-78.40218423979,5.583036136602));
#262 = CARTESIAN_POINT('',(147.,-80.40118904718,5.299822755256));
#263 = CARTESIAN_POINT('',(65.,-80.40118904718,5.299822755256));
#264 = CARTESIAN_POINT('',(147.,-82.4,5.));
#265 = CARTESIAN_POINT('',(65.,-82.4,5.));
#266 = CARTESIAN_POINT('',(147.,-84.39881095281,4.700177244744));
#267 = CARTESIAN_POINT('',(65.,-84.39881095281,4.700177244744));
#268 = CARTESIAN_POINT('',(147.,-86.3978157602,4.416963863398));
#269 = CARTESIAN_POINT('',(65.,-86.3978157602,4.416963863398));
#270 = CARTESIAN_POINT('',(147.,-88.39722861647,4.166985062453));
#271 = CARTESIAN_POINT('',(65.,-88.39722861647,4.166985062453));
#272 = CARTESIAN_POINT('',(147.,-90.39721942993,3.9668972544));
#273 = CARTESIAN_POINT('',(65.,-90.39721942993,3.9668972544));
#274 = CARTESIAN_POINT('',(147.,-92.3981719758,3.833413002296));
#275 = CARTESIAN_POINT('',(65.,-92.3981719758,3.833413002296));
#276 = CARTESIAN_POINT('',(147.,-93.73290759565,3.799994185813));
#277 = CARTESIAN_POINT('',(65.,-93.73290759565,3.799994185813));
#278 = CARTESIAN_POINT('',(147.,-94.4,3.8));
#279 = CARTESIAN_POINT('',(65.,-94.4,3.8));
#280 = DEFINITIONAL_REPRESENTATION('',(#281),#361);
#281 = B_SPLINE_CURVE_WITH_KNOTS('',8,(#282,#283,#284,#285,#286,#287,
    #288,#289,#290,#291,#292,#293,#294,#295,#296,#297,#298,#299,#300,
    #301,#302,#303,#304,#305,#306,#307,#308,#309,#310,#311,#312,#313,
    #314,#315,#316,#317,#318,#319,#320,#321,#322,#323,#324,#325,#326,
    #327,#328,#329,#330,#331,#332,#333,#334,#335,#336,#337,#338,#339,
    #340,#341,#342,#343,#344,#345,#346,#347,#348,#349,#350,#351,#352,
    #353,#354,#355,#356,#357,#358,#359,#360),.UNSPECIFIED.,.F.,.F.,(9,7,
    7,7,7,7,7,7,7,7,7,9),(0.,6.995864761657E-02,0.1761632518,
    0.283514768154,0.380590720816,0.446831447471,0.483378012393,
    0.591874374065,0.748330847484,0.825984421083,0.904777201998,1.),
  .UNSPECIFIED.);
#282 = CARTESIAN_POINT('',(21.140469185196,0.116560272602));
#283 = CARTESIAN_POINT('',(20.955587832374,0.116588567024));
#284 = CARTESIAN_POINT('',(20.770708253757,0.116618555216));
#285 = CARTESIAN_POINT('',(20.585830495261,0.116650193707));
#286 = CARTESIAN_POINT('',(20.400953793682,0.116683434612));
#287 = CARTESIAN_POINT('',(20.216077114119,0.116718227764));
#288 = CARTESIAN_POINT('',(20.031199687405,0.116754522836));
#289 = CARTESIAN_POINT('',(19.846321547526,0.11679227147));
#290 = CARTESIAN_POINT('',(19.380780561503,0.116890875289));
#291 = CARTESIAN_POINT('',(19.100118328198,0.11695356641));
#292 = CARTESIAN_POINT('',(18.819456914947,0.117019332907));
#293 = CARTESIAN_POINT('',(18.538800127026,0.117088014235));
#294 = CARTESIAN_POINT('',(18.258145251404,0.117159438871));
#295 = CARTESIAN_POINT('',(17.977489457869,0.117233436524));
#296 = CARTESIAN_POINT('',(17.696836321631,0.117309850509));
#297 = CARTESIAN_POINT('',(17.132503726264,0.117468034894));
#298 = CARTESIAN_POINT('',(16.848824149895,0.11754985346));
#299 = CARTESIAN_POINT('',(16.565148171917,0.117633809161));
#300 = CARTESIAN_POINT('',(16.28147392611,0.117719731835));
#301 = CARTESIAN_POINT('',(15.997799873335,0.117807452978));
#302 = CARTESIAN_POINT('',(15.714126286787,0.117896808703));
#303 = CARTESIAN_POINT('',(15.430454538145,0.117987638305));
#304 = CARTESIAN_POINT('',(14.890266431122,0.118163099046));
#305 = CARTESIAN_POINT('',(14.633749842557,0.118247490985));
#306 = CARTESIAN_POINT('',(14.377234737487,0.118332834986));
#307 = CARTESIAN_POINT('',(14.120720303648,0.118419009199));
#308 = CARTESIAN_POINT('',(13.864205995077,0.118505892883));
#309 = CARTESIAN_POINT('',(13.607692013514,0.118593367672));
#310 = CARTESIAN_POINT('',(13.351178874081,0.118681316434));
#311 = CARTESIAN_POINT('',(12.919632022108,0.118829874308));
#312 = CARTESIAN_POINT('',(12.744598202669,0.118890294053));
#313 = CARTESIAN_POINT('',(12.569564557217,0.118950841276));
#314 = CARTESIAN_POINT('',(12.394531041237,0.119011478317));
#315 = CARTESIAN_POINT('',(12.219497605424,0.119072167514));
#316 = CARTESIAN_POINT('',(12.044464195674,0.119132871211));
#317 = CARTESIAN_POINT('',(11.869430753092,0.119193551752));
#318 = CARTESIAN_POINT('',(11.597827098835,0.11928761681));
#319 = CARTESIAN_POINT('',(11.501256957128,0.119321043627));
#320 = CARTESIAN_POINT('',(11.404686779486,0.119354445608));
#321 = CARTESIAN_POINT('',(11.30811655754,0.119387816428));
#322 = CARTESIAN_POINT('',(11.21154628393,0.119421149762));
#323 = CARTESIAN_POINT('',(11.114975952306,0.119454439285));
#324 = CARTESIAN_POINT('',(11.018405557324,0.11948767867));
#325 = CARTESIAN_POINT('',(10.635144844354,0.119619372253));
#326 = CARTESIAN_POINT('',(10.348453995916,0.119717384998));
#327 = CARTESIAN_POINT('',(10.061762542517,0.119814734947));
#328 = CARTESIAN_POINT('',(9.775070689535,0.119911257053));
#329 = CARTESIAN_POINT('',(9.488378200567,0.120006784398));
#330 = CARTESIAN_POINT('',(9.201684354497,0.120101148083));
#331 = CARTESIAN_POINT('',(8.91498851362,0.120194178714));
#332 = CARTESIAN_POINT('',(8.214861452714,0.12041770088));
#333 = CARTESIAN_POINT('',(7.80142888088,0.120546571564));
#334 = CARTESIAN_POINT('',(7.387995274783,0.120671821386));
#335 = CARTESIAN_POINT('',(6.974564268386,0.120792947792));
#336 = CARTESIAN_POINT('',(6.561112145401,0.120909389999));
#337 = CARTESIAN_POINT('',(6.147665179211,0.12102067851));
#338 = CARTESIAN_POINT('',(5.73421536767,0.121126272771));
#339 = CARTESIAN_POINT('',(5.115550528502,0.121274953844));
#340 = CARTESIAN_POINT('',(4.910340046697,0.121322736262));
#341 = CARTESIAN_POINT('',(4.705128809384,0.121368919152));
#342 = CARTESIAN_POINT('',(4.499916190982,0.121413436995));
#343 = CARTESIAN_POINT('',(4.294702502978,0.121456224516));
#344 = CARTESIAN_POINT('',(4.089489267182,0.121497216822));
#345 = CARTESIAN_POINT('',(3.88427767396,0.121536348796));
#346 = CARTESIAN_POINT('',(3.470842232712,0.121611304538));
#347 = CARTESIAN_POINT('',(3.262618656259,0.121647071458));
#348 = CARTESIAN_POINT('',(3.054393479071,0.121680785404));
#349 = CARTESIAN_POINT('',(2.846165972242,0.121712377191));
#350 = CARTESIAN_POINT('',(2.637935695015,0.12174177757));
#351 = CARTESIAN_POINT('',(2.429702494778,0.121768917225));
#352 = CARTESIAN_POINT('',(2.221466507066,0.121793726776));
#353 = CARTESIAN_POINT('',(1.761567556053,0.121843219751));
#354 = CARTESIAN_POINT('',(1.509903542769,0.121866798264));
#355 = CARTESIAN_POINT('',(1.258237908014,0.121886750068));
#356 = CARTESIAN_POINT('',(1.006573184909,0.12190295321));
#357 = CARTESIAN_POINT('',(0.754912647391,0.121915286032));
#358 = CARTESIAN_POINT('',(0.503260310216,0.121923627172));
#359 = CARTESIAN_POINT('',(0.251620928956,0.121927855565));
#360 = CARTESIAN_POINT('',(0.,0.121927850438));
#361 = ( GEOMETRIC_REPRESENTATION_CONTEXT(2) 
PARAMETRIC_REPRESENTATION_CONTEXT() REPRESENTATION_CONTEXT('2D SPACE',''
  ) );
#362 = ORIENTED_EDGE('',*,*,#363,.T.);
#363 = EDGE_CURVE('',#82,#364,#366,.T.);
#364 = VERTEX_POINT('',#365);
#365 = CARTESIAN_POINT('',(137.00191626409,-3.,6.2));
#366 = SURFACE_CURVE('',#367,(#371,#378),.PCURVE_S1.);
#367 = LINE('',#368,#369);
#368 = CARTESIAN_POINT('',(137.00191626409,-70.4,6.2));
#369 = VECTOR('',#370,1.);
#370 = DIRECTION('',(-2.232426965839E-17,1.,-0.));
#371 = PCURVE('',#32,#372);
#372 = DEFINITIONAL_REPRESENTATION('',(#373),#377);
#373 = LINE('',#374,#375);
#374 = CARTESIAN_POINT('',(-23.2,-1.018194814676E-02));
#375 = VECTOR('',#376,1.);
#376 = DIRECTION('',(1.,4.201474577281E-18));
#377 = ( GEOMETRIC_REPRESENTATION_CONTEXT(2) 
PARAMETRIC_REPRESENTATION_CONTEXT() REPRESENTATION_CONTEXT('2D SPACE',''
  ) );
#378 = PCURVE('',#379,#384);
#379 = PLANE('',#380);
#380 = AXIS2_PLACEMENT_3D('',#381,#382,#383);
#381 = CARTESIAN_POINT('',(65.,10.,6.2));
#382 = DIRECTION('',(-0.,-0.,1.));
#383 = DIRECTION('',(0.,1.,0.));
#384 = DEFINITIONAL_REPRESENTATION('',(#385),#389);
#385 = LINE('',#386,#387);
#386 = CARTESIAN_POINT('',(-80.4,-72.00191626409));
#387 = VECTOR('',#388,1.);
#388 = DIRECTION('',(1.,2.232426965839E-17));
#389 = ( GEOMETRIC_REPRESENTATION_CONTEXT(2) 
PARAMETRIC_REPRESENTATION_CONTEXT() REPRESENTATION_CONTEXT('2D SPACE',''
  ) );
#390 = ORIENTED_EDGE('',*,*,#391,.T.);
#391 = EDGE_CURVE('',#364,#24,#392,.T.);
#392 = SURFACE_CURVE('',#393,(#397,#404),.PCURVE_S1.);
#393 = LINE('',#394,#395);
#394 = CARTESIAN_POINT('',(137.00191626409,-3.,6.2));
#395 = VECTOR('',#396,1.);
#396 = DIRECTION('',(0.188202106567,0.,-0.982130320825));
#397 = PCURVE('',#32,#398);
#398 = DEFINITIONAL_REPRESENTATION('',(#399),#403);
#399 = LINE('',#400,#401);
#400 = CARTESIAN_POINT('',(44.2,-1.018194814676E-02));
#401 = VECTOR('',#402,1.);
#402 = DIRECTION('',(-0.,-1.));
#403 = ( GEOMETRIC_REPRESENTATION_CONTEXT(2) 
PARAMETRIC_REPRESENTATION_CONTEXT() REPRESENTATION_CONTEXT('2D SPACE',''
  ) );
#404 = PCURVE('',#405,#410);
#405 = CONICAL_SURFACE('',#406,4.19,0.189331218543);
#406 = AXIS2_PLACEMENT_3D('',#407,#408,#409);
#407 = CARTESIAN_POINT('',(134.,-3.,0.));
#408 = DIRECTION('',(0.,0.,-1.));
#409 = DIRECTION('',(-1.,-0.,-0.));
#410 = DEFINITIONAL_REPRESENTATION('',(#411),#415);
#411 = LINE('',#412,#413);
#412 = CARTESIAN_POINT('',(3.14159265359,-6.2));
#413 = VECTOR('',#414,1.);
#414 = DIRECTION('',(-0.,1.));
#415 = ( GEOMETRIC_REPRESENTATION_CONTEXT(2) 
PARAMETRIC_REPRESENTATION_CONTEXT() REPRESENTATION_CONTEXT('2D SPACE',''
  ) );
#416 = ADVANCED_FACE('',(#417),#44,.F.);
#417 = FACE_BOUND('',#418,.T.);
#418 = EDGE_LOOP('',(#419,#420,#448,#476,#509,#537,#565,#593,#622,#650,
    #679,#707,#736,#764,#793,#821,#849,#872,#905,#933));
#419 = ORIENTED_EDGE('',*,*,#21,.F.);
#420 = ORIENTED_EDGE('',*,*,#421,.T.);
#421 = EDGE_CURVE('',#22,#422,#424,.T.);
#422 = VERTEX_POINT('',#423);
#423 = CARTESIAN_POINT('',(134.,-95.59,0.));
#424 = SURFACE_CURVE('',#425,(#430,#441),.PCURVE_S1.);
#425 = CIRCLE('',#426,4.19);
#426 = AXIS2_PLACEMENT_3D('',#427,#428,#429);
#427 = CARTESIAN_POINT('',(134.,-91.4,0.));
#428 = DIRECTION('',(0.,0.,-1.));
#429 = DIRECTION('',(-1.,-0.,-0.));
#430 = PCURVE('',#44,#431);
#431 = DEFINITIONAL_REPRESENTATION('',(#432),#440);
#432 = ( BOUNDED_CURVE() B_SPLINE_CURVE(2,(#433,#434,#435,#436,#437,#438
,#439),.UNSPECIFIED.,.T.,.F.) B_SPLINE_CURVE_WITH_KNOTS((1,2,2,2,2,1),(
    -2.094395102393,0.,2.094395102393,4.188790204786,6.28318530718,
8.377580409573),.UNSPECIFIED.) CURVE() GEOMETRIC_REPRESENTATION_ITEM() 
RATIONAL_B_SPLINE_CURVE((1.,0.5,1.,0.5,1.,0.5,1.)) REPRESENTATION_ITEM(
  '') );
#433 = CARTESIAN_POINT('',(-4.19,-88.4));
#434 = CARTESIAN_POINT('',(-4.19,-81.14270711628));
#435 = CARTESIAN_POINT('',(2.095,-84.77135355814));
#436 = CARTESIAN_POINT('',(8.38,-88.4));
#437 = CARTESIAN_POINT('',(2.095,-92.02864644185));
#438 = CARTESIAN_POINT('',(-4.19,-95.65729288371));
#439 = CARTESIAN_POINT('',(-4.19,-88.4));
#440 = ( GEOMETRIC_REPRESENTATION_CONTEXT(2) 
PARAMETRIC_REPRESENTATION_CONTEXT() REPRESENTATION_CONTEXT('2D SPACE',''
  ) );
#441 = PCURVE('',#70,#442);
#442 = DEFINITIONAL_REPRESENTATION('',(#443),#447);
#443 = LINE('',#444,#445);
#444 = CARTESIAN_POINT('',(0.,-0.));
#445 = VECTOR('',#446,1.);
#446 = DIRECTION('',(1.,-0.));
#447 = ( GEOMETRIC_REPRESENTATION_CONTEXT(2) 
PARAMETRIC_REPRESENTATION_CONTEXT() REPRESENTATION_CONTEXT('2D SPACE',''
  ) );
#448 = ORIENTED_EDGE('',*,*,#449,.T.);
#449 = EDGE_CURVE('',#422,#450,#452,.T.);
#450 = VERTEX_POINT('',#451);
#451 = CARTESIAN_POINT('',(3.,-95.59,0.));
#452 = SURFACE_CURVE('',#453,(#457,#464),.PCURVE_S1.);
#453 = LINE('',#454,#455);
#454 = CARTESIAN_POINT('',(68.5,-95.59,0.));
#455 = VECTOR('',#456,1.);
#456 = DIRECTION('',(-1.,-0.,-0.));
#457 = PCURVE('',#44,#458);
#458 = DEFINITIONAL_REPRESENTATION('',(#459),#463);
#459 = LINE('',#460,#461);
#460 = CARTESIAN_POINT('',(-65.5,-92.59));
#461 = VECTOR('',#462,1.);
#462 = DIRECTION('',(-1.,0.));
#463 = ( GEOMETRIC_REPRESENTATION_CONTEXT(2) 
PARAMETRIC_REPRESENTATION_CONTEXT() REPRESENTATION_CONTEXT('2D SPACE',''
  ) );
#464 = PCURVE('',#465,#470);
#465 = PLANE('',#466);
#466 = AXIS2_PLACEMENT_3D('',#467,#468,#469);
#467 = CARTESIAN_POINT('',(68.5,-94.4,6.21));
#468 = DIRECTION('',(-0.,-0.982130320825,0.188202106567));
#469 = DIRECTION('',(1.,0.,0.));
#470 = DEFINITIONAL_REPRESENTATION('',(#471),#475);
#471 = LINE('',#472,#473);
#472 = CARTESIAN_POINT('',(-0.,-6.322989799138));
#473 = VECTOR('',#474,1.);
#474 = DIRECTION('',(-1.,0.));
#475 = ( GEOMETRIC_REPRESENTATION_CONTEXT(2) 
PARAMETRIC_REPRESENTATION_CONTEXT() REPRESENTATION_CONTEXT('2D SPACE',''
  ) );
#476 = ORIENTED_EDGE('',*,*,#477,.T.);
#477 = EDGE_CURVE('',#450,#478,#480,.T.);
#478 = VERTEX_POINT('',#479);
#479 = CARTESIAN_POINT('',(-1.19,-91.4,0.));
#480 = SURFACE_CURVE('',#481,(#486,#497),.PCURVE_S1.);
#481 = CIRCLE('',#482,4.19);
#482 = AXIS2_PLACEMENT_3D('',#483,#484,#485);
#483 = CARTESIAN_POINT('',(3.,-91.4,0.));
#484 = DIRECTION('',(0.,0.,-1.));
#485 = DIRECTION('',(-1.,-0.,-0.));
#486 = PCURVE('',#44,#487);
#487 = DEFINITIONAL_REPRESENTATION('',(#488),#496);
#488 = ( BOUNDED_CURVE() B_SPLINE_CURVE(2,(#489,#490,#491,#492,#493,#494
,#495),.UNSPECIFIED.,.T.,.F.) B_SPLINE_CURVE_WITH_KNOTS((1,2,2,2,2,1),(
    -2.094395102393,0.,2.094395102393,4.188790204786,6.28318530718,
8.377580409573),.UNSPECIFIED.) CURVE() GEOMETRIC_REPRESENTATION_ITEM() 
RATIONAL_B_SPLINE_CURVE((1.,0.5,1.,0.5,1.,0.5,1.)) REPRESENTATION_ITEM(
  '') );
#489 = CARTESIAN_POINT('',(-135.19,-88.4));
#490 = CARTESIAN_POINT('',(-135.19,-81.14270711628));
#491 = CARTESIAN_POINT('',(-128.905,-84.77135355814));
#492 = CARTESIAN_POINT('',(-122.62,-88.4));
#493 = CARTESIAN_POINT('',(-128.905,-92.02864644185));
#494 = CARTESIAN_POINT('',(-135.19,-95.65729288371));
#495 = CARTESIAN_POINT('',(-135.19,-88.4));
#496 = ( GEOMETRIC_REPRESENTATION_CONTEXT(2) 
PARAMETRIC_REPRESENTATION_CONTEXT() REPRESENTATION_CONTEXT('2D SPACE',''
  ) );
#497 = PCURVE('',#498,#503);
#498 = CONICAL_SURFACE('',#499,4.19,0.189331218543);
#499 = AXIS2_PLACEMENT_3D('',#500,#501,#502);
#500 = CARTESIAN_POINT('',(3.,-91.4,0.));
#501 = DIRECTION('',(0.,0.,-1.));
#502 = DIRECTION('',(-1.,-0.,-0.));
#503 = DEFINITIONAL_REPRESENTATION('',(#504),#508);
#504 = LINE('',#505,#506);
#505 = CARTESIAN_POINT('',(0.,-0.));
#506 = VECTOR('',#507,1.);
#507 = DIRECTION('',(1.,-0.));
#508 = ( GEOMETRIC_REPRESENTATION_CONTEXT(2) 
PARAMETRIC_REPRESENTATION_CONTEXT() REPRESENTATION_CONTEXT('2D SPACE',''
  ) );
#509 = ORIENTED_EDGE('',*,*,#510,.T.);
#510 = EDGE_CURVE('',#478,#511,#513,.T.);
#511 = VERTEX_POINT('',#512);
#512 = CARTESIAN_POINT('',(-1.19,-57.15,0.));
#513 = SURFACE_CURVE('',#514,(#518,#525),.PCURVE_S1.);
#514 = LINE('',#515,#516);
#515 = CARTESIAN_POINT('',(-1.19,-47.2,0.));
#516 = VECTOR('',#517,1.);
#517 = DIRECTION('',(-0.,1.,-0.));
#518 = PCURVE('',#44,#519);
#519 = DEFINITIONAL_REPRESENTATION('',(#520),#524);
#520 = LINE('',#521,#522);
#521 = CARTESIAN_POINT('',(-135.19,-44.2));
#522 = VECTOR('',#523,1.);
#523 = DIRECTION('',(-0.,1.));
#524 = ( GEOMETRIC_REPRESENTATION_CONTEXT(2) 
PARAMETRIC_REPRESENTATION_CONTEXT() REPRESENTATION_CONTEXT('2D SPACE',''
  ) );
#525 = PCURVE('',#526,#531);
#526 = PLANE('',#527);
#527 = AXIS2_PLACEMENT_3D('',#528,#529,#530);
#528 = CARTESIAN_POINT('',(0.,-47.2,6.21));
#529 = DIRECTION('',(-0.982130320825,-0.,0.188202106567));
#530 = DIRECTION('',(0.,-1.,0.));
#531 = DEFINITIONAL_REPRESENTATION('',(#532),#536);
#532 = LINE('',#533,#534);
#533 = CARTESIAN_POINT('',(-0.,-6.322989799138));
#534 = VECTOR('',#535,1.);
#535 = DIRECTION('',(-1.,0.));
#536 = ( GEOMETRIC_REPRESENTATION_CONTEXT(2) 
PARAMETRIC_REPRESENTATION_CONTEXT() REPRESENTATION_CONTEXT('2D SPACE',''
  ) );
#537 = ORIENTED_EDGE('',*,*,#538,.T.);
#538 = EDGE_CURVE('',#511,#539,#541,.T.);
#539 = VERTEX_POINT('',#540);
#540 = CARTESIAN_POINT('',(-0.2,-57.15,0.));
#541 = SURFACE_CURVE('',#542,(#546,#553),.PCURVE_S1.);
#542 = LINE('',#543,#544);
#543 = CARTESIAN_POINT('',(68.5,-57.15,0.));
#544 = VECTOR('',#545,1.);
#545 = DIRECTION('',(1.,-0.,-0.));
#546 = PCURVE('',#44,#547);
#547 = DEFINITIONAL_REPRESENTATION('',(#548),#552);
#548 = LINE('',#549,#550);
#549 = CARTESIAN_POINT('',(-65.5,-54.15));
#550 = VECTOR('',#551,1.);
#551 = DIRECTION('',(1.,-0.));
#552 = ( GEOMETRIC_REPRESENTATION_CONTEXT(2) 
PARAMETRIC_REPRESENTATION_CONTEXT() REPRESENTATION_CONTEXT('2D SPACE',''
  ) );
#553 = PCURVE('',#554,#559);
#554 = PLANE('',#555);
#555 = AXIS2_PLACEMENT_3D('',#556,#557,#558);
#556 = CARTESIAN_POINT('',(3.,-57.15,-1.));
#557 = DIRECTION('',(-0.,1.,-0.));
#558 = DIRECTION('',(1.,0.,0.));
#559 = DEFINITIONAL_REPRESENTATION('',(#560),#564);
#560 = LINE('',#561,#562);
#561 = CARTESIAN_POINT('',(65.5,-1.));
#562 = VECTOR('',#563,1.);
#563 = DIRECTION('',(1.,-0.));
#564 = ( GEOMETRIC_REPRESENTATION_CONTEXT(2) 
PARAMETRIC_REPRESENTATION_CONTEXT() REPRESENTATION_CONTEXT('2D SPACE',''
  ) );
#565 = ORIENTED_EDGE('',*,*,#566,.T.);
#566 = EDGE_CURVE('',#539,#567,#569,.T.);
#567 = VERTEX_POINT('',#568);
#568 = CARTESIAN_POINT('',(-0.2,-91.4,0.));
#569 = SURFACE_CURVE('',#570,(#574,#581),.PCURVE_S1.);
#570 = LINE('',#571,#572);
#571 = CARTESIAN_POINT('',(-0.2,-47.2,0.));
#572 = VECTOR('',#573,1.);
#573 = DIRECTION('',(-0.,-1.,0.));
#574 = PCURVE('',#44,#575);
#575 = DEFINITIONAL_REPRESENTATION('',(#576),#580);
#576 = LINE('',#577,#578);
#577 = CARTESIAN_POINT('',(-134.2,-44.2));
#578 = VECTOR('',#579,1.);
#579 = DIRECTION('',(-0.,-1.));
#580 = ( GEOMETRIC_REPRESENTATION_CONTEXT(2) 
PARAMETRIC_REPRESENTATION_CONTEXT() REPRESENTATION_CONTEXT('2D SPACE',''
  ) );
#581 = PCURVE('',#582,#587);
#582 = PLANE('',#583);
#583 = AXIS2_PLACEMENT_3D('',#584,#585,#586);
#584 = CARTESIAN_POINT('',(-0.2,-91.4,-1.));
#585 = DIRECTION('',(1.,-0.,-0.));
#586 = DIRECTION('',(0.,-1.,0.));
#587 = DEFINITIONAL_REPRESENTATION('',(#588),#592);
#588 = LINE('',#589,#590);
#589 = CARTESIAN_POINT('',(-44.2,-1.));
#590 = VECTOR('',#591,1.);
#591 = DIRECTION('',(1.,-0.));
#592 = ( GEOMETRIC_REPRESENTATION_CONTEXT(2) 
PARAMETRIC_REPRESENTATION_CONTEXT() REPRESENTATION_CONTEXT('2D SPACE',''
  ) );
#593 = ORIENTED_EDGE('',*,*,#594,.T.);
#594 = EDGE_CURVE('',#567,#595,#597,.T.);
#595 = VERTEX_POINT('',#596);
#596 = CARTESIAN_POINT('',(3.,-94.6,0.));
#597 = SURFACE_CURVE('',#598,(#603,#610),.PCURVE_S1.);
#598 = CIRCLE('',#599,3.2);
#599 = AXIS2_PLACEMENT_3D('',#600,#601,#602);
#600 = CARTESIAN_POINT('',(3.,-91.4,0.));
#601 = DIRECTION('',(0.,0.,1.));
#602 = DIRECTION('',(-1.,-0.,-0.));
#603 = PCURVE('',#44,#604);
#604 = DEFINITIONAL_REPRESENTATION('',(#605),#609);
#605 = CIRCLE('',#606,3.2);
#606 = AXIS2_PLACEMENT_2D('',#607,#608);
#607 = CARTESIAN_POINT('',(-131.,-88.4));
#608 = DIRECTION('',(-1.,0.));
#609 = ( GEOMETRIC_REPRESENTATION_CONTEXT(2) 
PARAMETRIC_REPRESENTATION_CONTEXT() REPRESENTATION_CONTEXT('2D SPACE',''
  ) );
#610 = PCURVE('',#611,#616);
#611 = CYLINDRICAL_SURFACE('',#612,3.2);
#612 = AXIS2_PLACEMENT_3D('',#613,#614,#615);
#613 = CARTESIAN_POINT('',(3.,-91.4,-1.));
#614 = DIRECTION('',(0.,-0.,-1.));
#615 = DIRECTION('',(-1.,-0.,-0.));
#616 = DEFINITIONAL_REPRESENTATION('',(#617),#621);
#617 = LINE('',#618,#619);
#618 = CARTESIAN_POINT('',(6.28318530718,-1.));
#619 = VECTOR('',#620,1.);
#620 = DIRECTION('',(-1.,0.));
#621 = ( GEOMETRIC_REPRESENTATION_CONTEXT(2) 
PARAMETRIC_REPRESENTATION_CONTEXT() REPRESENTATION_CONTEXT('2D SPACE',''
  ) );
#622 = ORIENTED_EDGE('',*,*,#623,.T.);
#623 = EDGE_CURVE('',#595,#624,#626,.T.);
#624 = VERTEX_POINT('',#625);
#625 = CARTESIAN_POINT('',(134.,-94.6,0.));
#626 = SURFACE_CURVE('',#627,(#631,#638),.PCURVE_S1.);
#627 = LINE('',#628,#629);
#628 = CARTESIAN_POINT('',(134.,-94.6,0.));
#629 = VECTOR('',#630,1.);
#630 = DIRECTION('',(1.,-0.,-0.));
#631 = PCURVE('',#44,#632);
#632 = DEFINITIONAL_REPRESENTATION('',(#633),#637);
#633 = LINE('',#634,#635);
#634 = CARTESIAN_POINT('',(-0.,-91.6));
#635 = VECTOR('',#636,1.);
#636 = DIRECTION('',(1.,-0.));
#637 = ( GEOMETRIC_REPRESENTATION_CONTEXT(2) 
PARAMETRIC_REPRESENTATION_CONTEXT() REPRESENTATION_CONTEXT('2D SPACE',''
  ) );
#638 = PCURVE('',#639,#644);
#639 = PLANE('',#640);
#640 = AXIS2_PLACEMENT_3D('',#641,#642,#643);
#641 = CARTESIAN_POINT('',(134.,-94.6,-1.));
#642 = DIRECTION('',(-0.,1.,-0.));
#643 = DIRECTION('',(1.,0.,0.));
#644 = DEFINITIONAL_REPRESENTATION('',(#645),#649);
#645 = LINE('',#646,#647);
#646 = CARTESIAN_POINT('',(-0.,-1.));
#647 = VECTOR('',#648,1.);
#648 = DIRECTION('',(1.,-0.));
#649 = ( GEOMETRIC_REPRESENTATION_CONTEXT(2) 
PARAMETRIC_REPRESENTATION_CONTEXT() REPRESENTATION_CONTEXT('2D SPACE',''
  ) );
#650 = ORIENTED_EDGE('',*,*,#651,.T.);
#651 = EDGE_CURVE('',#624,#652,#654,.T.);
#652 = VERTEX_POINT('',#653);
#653 = CARTESIAN_POINT('',(137.2,-91.4,0.));
#654 = SURFACE_CURVE('',#655,(#660,#667),.PCURVE_S1.);
#655 = CIRCLE('',#656,3.2);
#656 = AXIS2_PLACEMENT_3D('',#657,#658,#659);
#657 = CARTESIAN_POINT('',(134.,-91.4,0.));
#658 = DIRECTION('',(0.,0.,1.));
#659 = DIRECTION('',(-1.,-0.,-0.));
#660 = PCURVE('',#44,#661);
#661 = DEFINITIONAL_REPRESENTATION('',(#662),#666);
#662 = CIRCLE('',#663,3.2);
#663 = AXIS2_PLACEMENT_2D('',#664,#665);
#664 = CARTESIAN_POINT('',(0.,-88.4));
#665 = DIRECTION('',(-1.,0.));
#666 = ( GEOMETRIC_REPRESENTATION_CONTEXT(2) 
PARAMETRIC_REPRESENTATION_CONTEXT() REPRESENTATION_CONTEXT('2D SPACE',''
  ) );
#667 = PCURVE('',#668,#673);
#668 = CYLINDRICAL_SURFACE('',#669,3.2);
#669 = AXIS2_PLACEMENT_3D('',#670,#671,#672);
#670 = CARTESIAN_POINT('',(134.,-91.4,-1.));
#671 = DIRECTION('',(0.,-0.,-1.));
#672 = DIRECTION('',(-1.,-0.,-0.));
#673 = DEFINITIONAL_REPRESENTATION('',(#674),#678);
#674 = LINE('',#675,#676);
#675 = CARTESIAN_POINT('',(6.28318530718,-1.));
#676 = VECTOR('',#677,1.);
#677 = DIRECTION('',(-1.,0.));
#678 = ( GEOMETRIC_REPRESENTATION_CONTEXT(2) 
PARAMETRIC_REPRESENTATION_CONTEXT() REPRESENTATION_CONTEXT('2D SPACE',''
  ) );
#679 = ORIENTED_EDGE('',*,*,#680,.F.);
#680 = EDGE_CURVE('',#681,#652,#683,.T.);
#681 = VERTEX_POINT('',#682);
#682 = CARTESIAN_POINT('',(137.2,-3.,0.));
#683 = SURFACE_CURVE('',#684,(#688,#695),.PCURVE_S1.);
#684 = LINE('',#685,#686);
#685 = CARTESIAN_POINT('',(137.2,-47.2,0.));
#686 = VECTOR('',#687,1.);
#687 = DIRECTION('',(-0.,-1.,0.));
#688 = PCURVE('',#44,#689);
#689 = DEFINITIONAL_REPRESENTATION('',(#690),#694);
#690 = LINE('',#691,#692);
#691 = CARTESIAN_POINT('',(3.2,-44.2));
#692 = VECTOR('',#693,1.);
#693 = DIRECTION('',(-0.,-1.));
#694 = ( GEOMETRIC_REPRESENTATION_CONTEXT(2) 
PARAMETRIC_REPRESENTATION_CONTEXT() REPRESENTATION_CONTEXT('2D SPACE',''
  ) );
#695 = PCURVE('',#696,#701);
#696 = PLANE('',#697);
#697 = AXIS2_PLACEMENT_3D('',#698,#699,#700);
#698 = CARTESIAN_POINT('',(137.2,-91.4,-1.));
#699 = DIRECTION('',(1.,-0.,-0.));
#700 = DIRECTION('',(0.,-1.,0.));
#701 = DEFINITIONAL_REPRESENTATION('',(#702),#706);
#702 = LINE('',#703,#704);
#703 = CARTESIAN_POINT('',(-44.2,-1.));
#704 = VECTOR('',#705,1.);
#705 = DIRECTION('',(1.,-0.));
#706 = ( GEOMETRIC_REPRESENTATION_CONTEXT(2) 
PARAMETRIC_REPRESENTATION_CONTEXT() REPRESENTATION_CONTEXT('2D SPACE',''
  ) );
#707 = ORIENTED_EDGE('',*,*,#708,.T.);
#708 = EDGE_CURVE('',#681,#709,#711,.T.);
#709 = VERTEX_POINT('',#710);
#710 = CARTESIAN_POINT('',(134.,0.2,0.));
#711 = SURFACE_CURVE('',#712,(#717,#724),.PCURVE_S1.);
#712 = CIRCLE('',#713,3.2);
#713 = AXIS2_PLACEMENT_3D('',#714,#715,#716);
#714 = CARTESIAN_POINT('',(134.,-3.,0.));
#715 = DIRECTION('',(0.,0.,1.));
#716 = DIRECTION('',(-1.,-0.,-0.));
#717 = PCURVE('',#44,#718);
#718 = DEFINITIONAL_REPRESENTATION('',(#719),#723);
#719 = CIRCLE('',#720,3.2);
#720 = AXIS2_PLACEMENT_2D('',#721,#722);
#721 = CARTESIAN_POINT('',(0.,0.));
#722 = DIRECTION('',(-1.,0.));
#723 = ( GEOMETRIC_REPRESENTATION_CONTEXT(2) 
PARAMETRIC_REPRESENTATION_CONTEXT() REPRESENTATION_CONTEXT('2D SPACE',''
  ) );
#724 = PCURVE('',#725,#730);
#725 = CYLINDRICAL_SURFACE('',#726,3.2);
#726 = AXIS2_PLACEMENT_3D('',#727,#728,#729);
#727 = CARTESIAN_POINT('',(134.,-3.,-1.));
#728 = DIRECTION('',(0.,-0.,-1.));
#729 = DIRECTION('',(-1.,-0.,-0.));
#730 = DEFINITIONAL_REPRESENTATION('',(#731),#735);
#731 = LINE('',#732,#733);
#732 = CARTESIAN_POINT('',(6.28318530718,-1.));
#733 = VECTOR('',#734,1.);
#734 = DIRECTION('',(-1.,0.));
#735 = ( GEOMETRIC_REPRESENTATION_CONTEXT(2) 
PARAMETRIC_REPRESENTATION_CONTEXT() REPRESENTATION_CONTEXT('2D SPACE',''
  ) );
#736 = ORIENTED_EDGE('',*,*,#737,.F.);
#737 = EDGE_CURVE('',#738,#709,#740,.T.);
#738 = VERTEX_POINT('',#739);
#739 = CARTESIAN_POINT('',(3.,0.2,0.));
#740 = SURFACE_CURVE('',#741,(#745,#752),.PCURVE_S1.);
#741 = LINE('',#742,#743);
#742 = CARTESIAN_POINT('',(134.,0.2,0.));
#743 = VECTOR('',#744,1.);
#744 = DIRECTION('',(1.,-0.,-0.));
#745 = PCURVE('',#44,#746);
#746 = DEFINITIONAL_REPRESENTATION('',(#747),#751);
#747 = LINE('',#748,#749);
#748 = CARTESIAN_POINT('',(0.,3.2));
#749 = VECTOR('',#750,1.);
#750 = DIRECTION('',(1.,-0.));
#751 = ( GEOMETRIC_REPRESENTATION_CONTEXT(2) 
PARAMETRIC_REPRESENTATION_CONTEXT() REPRESENTATION_CONTEXT('2D SPACE',''
  ) );
#752 = PCURVE('',#753,#758);
#753 = PLANE('',#754);
#754 = AXIS2_PLACEMENT_3D('',#755,#756,#757);
#755 = CARTESIAN_POINT('',(134.,0.2,-1.));
#756 = DIRECTION('',(-0.,1.,-0.));
#757 = DIRECTION('',(1.,0.,0.));
#758 = DEFINITIONAL_REPRESENTATION('',(#759),#763);
#759 = LINE('',#760,#761);
#760 = CARTESIAN_POINT('',(-0.,-1.));
#761 = VECTOR('',#762,1.);
#762 = DIRECTION('',(1.,-0.));
#763 = ( GEOMETRIC_REPRESENTATION_CONTEXT(2) 
PARAMETRIC_REPRESENTATION_CONTEXT() REPRESENTATION_CONTEXT('2D SPACE',''
  ) );
#764 = ORIENTED_EDGE('',*,*,#765,.T.);
#765 = EDGE_CURVE('',#738,#766,#768,.T.);
#766 = VERTEX_POINT('',#767);
#767 = CARTESIAN_POINT('',(-0.2,-3.,0.));
#768 = SURFACE_CURVE('',#769,(#774,#781),.PCURVE_S1.);
#769 = CIRCLE('',#770,3.2);
#770 = AXIS2_PLACEMENT_3D('',#771,#772,#773);
#771 = CARTESIAN_POINT('',(3.,-3.,0.));
#772 = DIRECTION('',(0.,0.,1.));
#773 = DIRECTION('',(-1.,-0.,-0.));
#774 = PCURVE('',#44,#775);
#775 = DEFINITIONAL_REPRESENTATION('',(#776),#780);
#776 = CIRCLE('',#777,3.2);
#777 = AXIS2_PLACEMENT_2D('',#778,#779);
#778 = CARTESIAN_POINT('',(-131.,0.));
#779 = DIRECTION('',(-1.,0.));
#780 = ( GEOMETRIC_REPRESENTATION_CONTEXT(2) 
PARAMETRIC_REPRESENTATION_CONTEXT() REPRESENTATION_CONTEXT('2D SPACE',''
  ) );
#781 = PCURVE('',#782,#787);
#782 = CYLINDRICAL_SURFACE('',#783,3.2);
#783 = AXIS2_PLACEMENT_3D('',#784,#785,#786);
#784 = CARTESIAN_POINT('',(3.,-3.,-1.));
#785 = DIRECTION('',(0.,-0.,-1.));
#786 = DIRECTION('',(-1.,-0.,-0.));
#787 = DEFINITIONAL_REPRESENTATION('',(#788),#792);
#788 = LINE('',#789,#790);
#789 = CARTESIAN_POINT('',(6.28318530718,-1.));
#790 = VECTOR('',#791,1.);
#791 = DIRECTION('',(-1.,0.));
#792 = ( GEOMETRIC_REPRESENTATION_CONTEXT(2) 
PARAMETRIC_REPRESENTATION_CONTEXT() REPRESENTATION_CONTEXT('2D SPACE',''
  ) );
#793 = ORIENTED_EDGE('',*,*,#794,.T.);
#794 = EDGE_CURVE('',#766,#795,#797,.T.);
#795 = VERTEX_POINT('',#796);
#796 = CARTESIAN_POINT('',(-0.2,-52.75,0.));
#797 = SURFACE_CURVE('',#798,(#802,#809),.PCURVE_S1.);
#798 = LINE('',#799,#800);
#799 = CARTESIAN_POINT('',(-0.2,-47.2,0.));
#800 = VECTOR('',#801,1.);
#801 = DIRECTION('',(-0.,-1.,0.));
#802 = PCURVE('',#44,#803);
#803 = DEFINITIONAL_REPRESENTATION('',(#804),#808);
#804 = LINE('',#805,#806);
#805 = CARTESIAN_POINT('',(-134.2,-44.2));
#806 = VECTOR('',#807,1.);
#807 = DIRECTION('',(-0.,-1.));
#808 = ( GEOMETRIC_REPRESENTATION_CONTEXT(2) 
PARAMETRIC_REPRESENTATION_CONTEXT() REPRESENTATION_CONTEXT('2D SPACE',''
  ) );
#809 = PCURVE('',#810,#815);
#810 = PLANE('',#811);
#811 = AXIS2_PLACEMENT_3D('',#812,#813,#814);
#812 = CARTESIAN_POINT('',(-0.2,-91.4,-1.));
#813 = DIRECTION('',(1.,-0.,-0.));
#814 = DIRECTION('',(0.,-1.,0.));
#815 = DEFINITIONAL_REPRESENTATION('',(#816),#820);
#816 = LINE('',#817,#818);
#817 = CARTESIAN_POINT('',(-44.2,-1.));
#818 = VECTOR('',#819,1.);
#819 = DIRECTION('',(1.,-0.));
#820 = ( GEOMETRIC_REPRESENTATION_CONTEXT(2) 
PARAMETRIC_REPRESENTATION_CONTEXT() REPRESENTATION_CONTEXT('2D SPACE',''
  ) );
#821 = ORIENTED_EDGE('',*,*,#822,.T.);
#822 = EDGE_CURVE('',#795,#823,#825,.T.);
#823 = VERTEX_POINT('',#824);
#824 = CARTESIAN_POINT('',(-1.19,-52.75,0.));
#825 = SURFACE_CURVE('',#826,(#830,#837),.PCURVE_S1.);
#826 = LINE('',#827,#828);
#827 = CARTESIAN_POINT('',(65.5,-52.75,0.));
#828 = VECTOR('',#829,1.);
#829 = DIRECTION('',(-1.,-0.,-0.));
#830 = PCURVE('',#44,#831);
#831 = DEFINITIONAL_REPRESENTATION('',(#832),#836);
#832 = LINE('',#833,#834);
#833 = CARTESIAN_POINT('',(-68.5,-49.75));
#834 = VECTOR('',#835,1.);
#835 = DIRECTION('',(-1.,0.));
#836 = ( GEOMETRIC_REPRESENTATION_CONTEXT(2) 
PARAMETRIC_REPRESENTATION_CONTEXT() REPRESENTATION_CONTEXT('2D SPACE',''
  ) );
#837 = PCURVE('',#838,#843);
#838 = PLANE('',#839);
#839 = AXIS2_PLACEMENT_3D('',#840,#841,#842);
#840 = CARTESIAN_POINT('',(-3.,-52.75,-1.));
#841 = DIRECTION('',(-0.,-1.,-0.));
#842 = DIRECTION('',(-1.,0.,0.));
#843 = DEFINITIONAL_REPRESENTATION('',(#844),#848);
#844 = LINE('',#845,#846);
#845 = CARTESIAN_POINT('',(-68.5,-1.));
#846 = VECTOR('',#847,1.);
#847 = DIRECTION('',(1.,-0.));
#848 = ( GEOMETRIC_REPRESENTATION_CONTEXT(2) 
PARAMETRIC_REPRESENTATION_CONTEXT() REPRESENTATION_CONTEXT('2D SPACE',''
  ) );
#849 = ORIENTED_EDGE('',*,*,#850,.T.);
#850 = EDGE_CURVE('',#823,#851,#853,.T.);
#851 = VERTEX_POINT('',#852);
#852 = CARTESIAN_POINT('',(-1.19,-3.,0.));
#853 = SURFACE_CURVE('',#854,(#858,#865),.PCURVE_S1.);
#854 = LINE('',#855,#856);
#855 = CARTESIAN_POINT('',(-1.19,-47.2,0.));
#856 = VECTOR('',#857,1.);
#857 = DIRECTION('',(-0.,1.,-0.));
#858 = PCURVE('',#44,#859);
#859 = DEFINITIONAL_REPRESENTATION('',(#860),#864);
#860 = LINE('',#861,#862);
#861 = CARTESIAN_POINT('',(-135.19,-44.2));
#862 = VECTOR('',#863,1.);
#863 = DIRECTION('',(-0.,1.));
#864 = ( GEOMETRIC_REPRESENTATION_CONTEXT(2) 
PARAMETRIC_REPRESENTATION_CONTEXT() REPRESENTATION_CONTEXT('2D SPACE',''
  ) );
#865 = PCURVE('',#526,#866);
#866 = DEFINITIONAL_REPRESENTATION('',(#867),#871);
#867 = LINE('',#868,#869);
#868 = CARTESIAN_POINT('',(-0.,-6.322989799138));
#869 = VECTOR('',#870,1.);
#870 = DIRECTION('',(-1.,0.));
#871 = ( GEOMETRIC_REPRESENTATION_CONTEXT(2) 
PARAMETRIC_REPRESENTATION_CONTEXT() REPRESENTATION_CONTEXT('2D SPACE',''
  ) );
#872 = ORIENTED_EDGE('',*,*,#873,.T.);
#873 = EDGE_CURVE('',#851,#874,#876,.T.);
#874 = VERTEX_POINT('',#875);
#875 = CARTESIAN_POINT('',(3.,1.19,0.));
#876 = SURFACE_CURVE('',#877,(#882,#893),.PCURVE_S1.);
#877 = CIRCLE('',#878,4.19);
#878 = AXIS2_PLACEMENT_3D('',#879,#880,#881);
#879 = CARTESIAN_POINT('',(3.,-3.,0.));
#880 = DIRECTION('',(0.,0.,-1.));
#881 = DIRECTION('',(-1.,-0.,-0.));
#882 = PCURVE('',#44,#883);
#883 = DEFINITIONAL_REPRESENTATION('',(#884),#892);
#884 = ( BOUNDED_CURVE() B_SPLINE_CURVE(2,(#885,#886,#887,#888,#889,#890
,#891),.UNSPECIFIED.,.T.,.F.) B_SPLINE_CURVE_WITH_KNOTS((1,2,2,2,2,1),(
    -2.094395102393,0.,2.094395102393,4.188790204786,6.28318530718,
8.377580409573),.UNSPECIFIED.) CURVE() GEOMETRIC_REPRESENTATION_ITEM() 
RATIONAL_B_SPLINE_CURVE((1.,0.5,1.,0.5,1.,0.5,1.)) REPRESENTATION_ITEM(
  '') );
#885 = CARTESIAN_POINT('',(-135.19,0.));
#886 = CARTESIAN_POINT('',(-135.19,7.257292883714));
#887 = CARTESIAN_POINT('',(-128.905,3.628646441857));
#888 = CARTESIAN_POINT('',(-122.62,1.026254017685E-15));
#889 = CARTESIAN_POINT('',(-128.905,-3.628646441857));
#890 = CARTESIAN_POINT('',(-135.19,-7.257292883714));
#891 = CARTESIAN_POINT('',(-135.19,0.));
#892 = ( GEOMETRIC_REPRESENTATION_CONTEXT(2) 
PARAMETRIC_REPRESENTATION_CONTEXT() REPRESENTATION_CONTEXT('2D SPACE',''
  ) );
#893 = PCURVE('',#894,#899);
#894 = CONICAL_SURFACE('',#895,4.19,0.189331218543);
#895 = AXIS2_PLACEMENT_3D('',#896,#897,#898);
#896 = CARTESIAN_POINT('',(3.,-3.,0.));
#897 = DIRECTION('',(0.,0.,-1.));
#898 = DIRECTION('',(-1.,-0.,-0.));
#899 = DEFINITIONAL_REPRESENTATION('',(#900),#904);
#900 = LINE('',#901,#902);
#901 = CARTESIAN_POINT('',(0.,-0.));
#902 = VECTOR('',#903,1.);
#903 = DIRECTION('',(1.,-0.));
#904 = ( GEOMETRIC_REPRESENTATION_CONTEXT(2) 
PARAMETRIC_REPRESENTATION_CONTEXT() REPRESENTATION_CONTEXT('2D SPACE',''
  ) );
#905 = ORIENTED_EDGE('',*,*,#906,.F.);
#906 = EDGE_CURVE('',#907,#874,#909,.T.);
#907 = VERTEX_POINT('',#908);
#908 = CARTESIAN_POINT('',(134.,1.19,0.));
#909 = SURFACE_CURVE('',#910,(#914,#921),.PCURVE_S1.);
#910 = LINE('',#911,#912);
#911 = CARTESIAN_POINT('',(68.5,1.19,0.));
#912 = VECTOR('',#913,1.);
#913 = DIRECTION('',(-1.,-0.,-0.));
#914 = PCURVE('',#44,#915);
#915 = DEFINITIONAL_REPRESENTATION('',(#916),#920);
#916 = LINE('',#917,#918);
#917 = CARTESIAN_POINT('',(-65.5,4.19));
#918 = VECTOR('',#919,1.);
#919 = DIRECTION('',(-1.,0.));
#920 = ( GEOMETRIC_REPRESENTATION_CONTEXT(2) 
PARAMETRIC_REPRESENTATION_CONTEXT() REPRESENTATION_CONTEXT('2D SPACE',''
  ) );
#921 = PCURVE('',#922,#927);
#922 = PLANE('',#923);
#923 = AXIS2_PLACEMENT_3D('',#924,#925,#926);
#924 = CARTESIAN_POINT('',(68.5,0.,6.21));
#925 = DIRECTION('',(-0.,0.982130320825,0.188202106567));
#926 = DIRECTION('',(-1.,-0.,0.));
#927 = DEFINITIONAL_REPRESENTATION('',(#928),#932);
#928 = LINE('',#929,#930);
#929 = CARTESIAN_POINT('',(-0.,-6.322989799138));
#930 = VECTOR('',#931,1.);
#931 = DIRECTION('',(1.,-0.));
#932 = ( GEOMETRIC_REPRESENTATION_CONTEXT(2) 
PARAMETRIC_REPRESENTATION_CONTEXT() REPRESENTATION_CONTEXT('2D SPACE',''
  ) );
#933 = ORIENTED_EDGE('',*,*,#934,.T.);
#934 = EDGE_CURVE('',#907,#24,#935,.T.);
#935 = SURFACE_CURVE('',#936,(#941,#952),.PCURVE_S1.);
#936 = CIRCLE('',#937,4.19);
#937 = AXIS2_PLACEMENT_3D('',#938,#939,#940);
#938 = CARTESIAN_POINT('',(134.,-3.,0.));
#939 = DIRECTION('',(0.,0.,-1.));
#940 = DIRECTION('',(-1.,-0.,-0.));
#941 = PCURVE('',#44,#942);
#942 = DEFINITIONAL_REPRESENTATION('',(#943),#951);
#943 = ( BOUNDED_CURVE() B_SPLINE_CURVE(2,(#944,#945,#946,#947,#948,#949
,#950),.UNSPECIFIED.,.T.,.F.) B_SPLINE_CURVE_WITH_KNOTS((1,2,2,2,2,1),(
    -2.094395102393,0.,2.094395102393,4.188790204786,6.28318530718,
8.377580409573),.UNSPECIFIED.) CURVE() GEOMETRIC_REPRESENTATION_ITEM() 
RATIONAL_B_SPLINE_CURVE((1.,0.5,1.,0.5,1.,0.5,1.)) REPRESENTATION_ITEM(
  '') );
#944 = CARTESIAN_POINT('',(-4.19,0.));
#945 = CARTESIAN_POINT('',(-4.19,7.257292883714));
#946 = CARTESIAN_POINT('',(2.095,3.628646441857));
#947 = CARTESIAN_POINT('',(8.38,1.026254017685E-15));
#948 = CARTESIAN_POINT('',(2.095,-3.628646441857));
#949 = CARTESIAN_POINT('',(-4.19,-7.257292883714));
#950 = CARTESIAN_POINT('',(-4.19,0.));
#951 = ( GEOMETRIC_REPRESENTATION_CONTEXT(2) 
PARAMETRIC_REPRESENTATION_CONTEXT() REPRESENTATION_CONTEXT('2D SPACE',''
  ) );
#952 = PCURVE('',#405,#953);
#953 = DEFINITIONAL_REPRESENTATION('',(#954),#958);
#954 = LINE('',#955,#956);
#955 = CARTESIAN_POINT('',(0.,-0.));
#956 = VECTOR('',#957,1.);
#957 = DIRECTION('',(1.,-0.));
#958 = ( GEOMETRIC_REPRESENTATION_CONTEXT(2) 
PARAMETRIC_REPRESENTATION_CONTEXT() REPRESENTATION_CONTEXT('2D SPACE',''
  ) );
#959 = ADVANCED_FACE('',(#960),#70,.T.);
#960 = FACE_BOUND('',#961,.F.);
#961 = EDGE_LOOP('',(#962,#963,#964,#984,#1017));
#962 = ORIENTED_EDGE('',*,*,#56,.F.);
#963 = ORIENTED_EDGE('',*,*,#421,.T.);
#964 = ORIENTED_EDGE('',*,*,#965,.T.);
#965 = EDGE_CURVE('',#422,#966,#968,.T.);
#966 = VERTEX_POINT('',#967);
#967 = CARTESIAN_POINT('',(134.,-94.86181964573,3.8));
#968 = SURFACE_CURVE('',#969,(#972,#978),.PCURVE_S1.);
#969 = B_SPLINE_CURVE_WITH_KNOTS('',1,(#970,#971),.UNSPECIFIED.,.F.,.F.,
  (2,2),(0.,1.),.PIECEWISE_BEZIER_KNOTS.);
#970 = CARTESIAN_POINT('',(134.,-95.59,0.));
#971 = CARTESIAN_POINT('',(134.,-94.4,6.21));
#972 = PCURVE('',#70,#973);
#973 = DEFINITIONAL_REPRESENTATION('',(#974),#977);
#974 = B_SPLINE_CURVE_WITH_KNOTS('',1,(#975,#976),.UNSPECIFIED.,.F.,.F.,
  (2,2),(0.,1.),.PIECEWISE_BEZIER_KNOTS.);
#975 = CARTESIAN_POINT('',(4.712388980385,0.));
#976 = CARTESIAN_POINT('',(4.712388980385,-6.21));
#977 = ( GEOMETRIC_REPRESENTATION_CONTEXT(2) 
PARAMETRIC_REPRESENTATION_CONTEXT() REPRESENTATION_CONTEXT('2D SPACE',''
  ) );
#978 = PCURVE('',#465,#979);
#979 = DEFINITIONAL_REPRESENTATION('',(#980),#983);
#980 = B_SPLINE_CURVE_WITH_KNOTS('',1,(#981,#982),.UNSPECIFIED.,.F.,.F.,
  (2,2),(0.,1.),.PIECEWISE_BEZIER_KNOTS.);
#981 = CARTESIAN_POINT('',(65.5,-6.322989799138));
#982 = CARTESIAN_POINT('',(65.5,0.));
#983 = ( GEOMETRIC_REPRESENTATION_CONTEXT(2) 
PARAMETRIC_REPRESENTATION_CONTEXT() REPRESENTATION_CONTEXT('2D SPACE',''
  ) );
#984 = ORIENTED_EDGE('',*,*,#985,.F.);
#985 = EDGE_CURVE('',#986,#966,#988,.T.);
#986 = VERTEX_POINT('',#987);
#987 = CARTESIAN_POINT('',(135.72748234711,-94.4,3.8));
#988 = SURFACE_CURVE('',#989,(#994,#1001),.PCURVE_S1.);
#989 = CIRCLE('',#990,3.461819645733);
#990 = AXIS2_PLACEMENT_3D('',#991,#992,#993);
#991 = CARTESIAN_POINT('',(134.,-91.4,3.8));
#992 = DIRECTION('',(0.,0.,-1.));
#993 = DIRECTION('',(-1.,-0.,-0.));
#994 = PCURVE('',#70,#995);
#995 = DEFINITIONAL_REPRESENTATION('',(#996),#1000);
#996 = LINE('',#997,#998);
#997 = CARTESIAN_POINT('',(0.,-3.8));
#998 = VECTOR('',#999,1.);
#999 = DIRECTION('',(1.,-0.));
#1000 = ( GEOMETRIC_REPRESENTATION_CONTEXT(2) 
PARAMETRIC_REPRESENTATION_CONTEXT() REPRESENTATION_CONTEXT('2D SPACE',''
  ) );
#1001 = PCURVE('',#1002,#1007);
#1002 = PLANE('',#1003);
#1003 = AXIS2_PLACEMENT_3D('',#1004,#1005,#1006);
#1004 = CARTESIAN_POINT('',(65.,-94.4,3.8));
#1005 = DIRECTION('',(-0.,-0.,1.));
#1006 = DIRECTION('',(0.,1.,0.));
#1007 = DEFINITIONAL_REPRESENTATION('',(#1008),#1016);
#1008 = ( BOUNDED_CURVE() B_SPLINE_CURVE(2,(#1009,#1010,#1011,#1012,
#1013,#1014,#1015),.UNSPECIFIED.,.T.,.F.) B_SPLINE_CURVE_WITH_KNOTS((1,2
    ,2,2,2,1),(-2.094395102393,0.,2.094395102393,4.188790204786,
6.28318530718,8.377580409573),.UNSPECIFIED.) CURVE() 
GEOMETRIC_REPRESENTATION_ITEM() RATIONAL_B_SPLINE_CURVE((1.,0.5,1.,0.5,
1.,0.5,1.)) REPRESENTATION_ITEM('') );
#1009 = CARTESIAN_POINT('',(3.,-65.53818035426));
#1010 = CARTESIAN_POINT('',(8.996047513049,-65.53818035426));
#1011 = CARTESIAN_POINT('',(5.998023756525,-70.73090982286));
#1012 = CARTESIAN_POINT('',(3.,-75.92363929146));
#1013 = CARTESIAN_POINT('',(1.976243475434E-03,-70.73090982286));
#1014 = CARTESIAN_POINT('',(-2.996047513049,-65.53818035426));
#1015 = CARTESIAN_POINT('',(3.,-65.53818035426));
#1016 = ( GEOMETRIC_REPRESENTATION_CONTEXT(2) 
PARAMETRIC_REPRESENTATION_CONTEXT() REPRESENTATION_CONTEXT('2D SPACE',''
  ) );
#1017 = ORIENTED_EDGE('',*,*,#1018,.T.);
#1018 = EDGE_CURVE('',#986,#57,#1019,.T.);
#1019 = SURFACE_CURVE('',#1020,(#1037,#1057),.PCURVE_S1.);
#1020 = B_SPLINE_CURVE_WITH_KNOTS('',8,(#1021,#1022,#1023,#1024,#1025,
    #1026,#1027,#1028,#1029,#1030,#1031,#1032,#1033,#1034,#1035,#1036),
  .UNSPECIFIED.,.F.,.F.,(9,7,9),(0.,0.253777615668,1.),.UNSPECIFIED.);
#1021 = CARTESIAN_POINT('',(135.72748234711,-94.4,3.8));
#1022 = CARTESIAN_POINT('',(135.84293391479,-94.33351994641,
    3.799999420579));
#1023 = CARTESIAN_POINT('',(135.95377959623,-94.26290249095,
    3.800125056364));
#1024 = CARTESIAN_POINT('',(136.0599326149,-94.18853490088,
    3.800403855251));
#1025 = CARTESIAN_POINT('',(136.16135130094,-94.11078193252,
    3.800859901554));
#1026 = CARTESIAN_POINT('',(136.25803203816,-94.0299813772,
    3.801514423742));
#1027 = CARTESIAN_POINT('',(136.35000221115,-93.94643960713,
    3.802385802174));
#1028 = CARTESIAN_POINT('',(136.43731315231,-93.86042712128,
    3.803489576827));
#1029 = CARTESIAN_POINT('',(136.76326757643,-93.51266977586,
    3.808804774569));
#1030 = CARTESIAN_POINT('',(136.96612857351,-93.23452125732,
    3.81488006484));
#1031 = CARTESIAN_POINT('',(137.13154488551,-92.94290689638,
    3.823388165429));
#1032 = CARTESIAN_POINT('',(137.26090207034,-92.64183991036,
    3.834479173595));
#1033 = CARTESIAN_POINT('',(137.35574468635,-92.33471182973,
    3.848141918837));
#1034 = CARTESIAN_POINT('',(137.41715033656,-92.02415369135,
    3.864254377835));
#1035 = CARTESIAN_POINT('',(137.44598350636,-91.71216776833,
    3.882640693663));
#1036 = CARTESIAN_POINT('',(137.44205784838,-91.4,3.903126690377));
#1037 = PCURVE('',#70,#1038);
#1038 = DEFINITIONAL_REPRESENTATION('',(#1039),#1056);
#1039 = B_SPLINE_CURVE_WITH_KNOTS('',8,(#1040,#1041,#1042,#1043,#1044,
    #1045,#1046,#1047,#1048,#1049,#1050,#1051,#1052,#1053,#1054,#1055),
  .UNSPECIFIED.,.F.,.F.,(9,7,9),(0.,0.253777615668,1.),.UNSPECIFIED.);
#1040 = CARTESIAN_POINT('',(4.189933073011,-3.8));
#1041 = CARTESIAN_POINT('',(4.151449235585,-3.799999420579));
#1042 = CARTESIAN_POINT('',(4.113522090723,-3.800125056364));
#1043 = CARTESIAN_POINT('',(4.076140960921,-3.800403855251));
#1044 = CARTESIAN_POINT('',(4.039291405647,-3.800859901554));
#1045 = CARTESIAN_POINT('',(4.002955011149,-3.801514423742));
#1046 = CARTESIAN_POINT('',(3.967109180262,-3.802385802174));
#1047 = CARTESIAN_POINT('',(3.931726922223,-3.803489576827));
#1048 = CARTESIAN_POINT('',(3.794006817725,-3.808804774569));
#1049 = CARTESIAN_POINT('',(3.695258294043,-3.81488006484));
#1050 = CARTESIAN_POINT('',(3.599345436657,-3.823388165429));
#1051 = CARTESIAN_POINT('',(3.505663009015,-3.834479173595));
#1052 = CARTESIAN_POINT('',(3.413617526848,-3.848141918837));
#1053 = CARTESIAN_POINT('',(3.322688284436,-3.864254377835));
#1054 = CARTESIAN_POINT('',(3.232284844741,-3.882640693663));
#1055 = CARTESIAN_POINT('',(3.14159265359,-3.903126690377));
#1056 = ( GEOMETRIC_REPRESENTATION_CONTEXT(2) 
PARAMETRIC_REPRESENTATION_CONTEXT() REPRESENTATION_CONTEXT('2D SPACE',''
  ) );
#1057 = PCURVE('',#249,#1058);
#1058 = DEFINITIONAL_REPRESENTATION('',(#1059),#1076);
#1059 = B_SPLINE_CURVE_WITH_KNOTS('',8,(#1060,#1061,#1062,#1063,#1064,
    #1065,#1066,#1067,#1068,#1069,#1070,#1071,#1072,#1073,#1074,#1075),
  .UNSPECIFIED.,.F.,.F.,(9,7,9),(0.,0.253777615668,1.),.UNSPECIFIED.);
#1060 = CARTESIAN_POINT('',(24.142566228858,0.137469727474));
#1061 = CARTESIAN_POINT('',(24.076110086381,0.136061781527));
#1062 = CARTESIAN_POINT('',(24.005515452083,0.134710004924));
#1063 = CARTESIAN_POINT('',(23.931168801558,0.133415455916));
#1064 = CARTESIAN_POINT('',(23.853434106453,0.132178642671));
#1065 = CARTESIAN_POINT('',(23.772648386627,0.130999609291));
#1066 = CARTESIAN_POINT('',(23.689117262322,0.129878021815));
#1067 = CARTESIAN_POINT('',(23.603110506324,0.12881325424));
#1068 = CARTESIAN_POINT('',(23.255353632829,0.124838200287));
#1069 = CARTESIAN_POINT('',(22.977156460448,0.122364285689));
#1070 = CARTESIAN_POINT('',(22.685430258083,0.120347013591));
#1071 = CARTESIAN_POINT('',(22.384163385001,0.118769486947));
#1072 = CARTESIAN_POINT('',(22.07674502986,0.117612869679));
#1073 = CARTESIAN_POINT('',(21.76579118081,0.116864020286));
#1074 = CARTESIAN_POINT('',(21.45328664944,0.116512396264));
#1075 = CARTESIAN_POINT('',(21.14046925122,0.116560270142));
#1076 = ( GEOMETRIC_REPRESENTATION_CONTEXT(2) 
PARAMETRIC_REPRESENTATION_CONTEXT() REPRESENTATION_CONTEXT('2D SPACE',''
  ) );
#1077 = ADVANCED_FACE('',(#1078),#249,.F.);
#1078 = FACE_BOUND('',#1079,.F.);
#1079 = EDGE_LOOP('',(#1080,#1101,#1102,#1103,#1124,#1210,#1244,#1710));
#1080 = ORIENTED_EDGE('',*,*,#1081,.F.);
#1081 = EDGE_CURVE('',#82,#1082,#1084,.T.);
#1082 = VERTEX_POINT('',#1083);
#1083 = CARTESIAN_POINT('',(132.8,-70.4,6.2));
#1084 = SURFACE_CURVE('',#1085,(#1088,#1095),.PCURVE_S1.);
#1085 = B_SPLINE_CURVE_WITH_KNOTS('',1,(#1086,#1087),.UNSPECIFIED.,.F.,
  .F.,(2,2),(0.,1.),.PIECEWISE_BEZIER_KNOTS.);
#1086 = CARTESIAN_POINT('',(147.,-70.4,6.2));
#1087 = CARTESIAN_POINT('',(65.,-70.4,6.2));
#1088 = PCURVE('',#249,#1089);
#1089 = DEFINITIONAL_REPRESENTATION('',(#1090),#1094);
#1090 = LINE('',#1091,#1092);
#1091 = CARTESIAN_POINT('',(0.,0.));
#1092 = VECTOR('',#1093,1.);
#1093 = DIRECTION('',(0.,1.));
#1094 = ( GEOMETRIC_REPRESENTATION_CONTEXT(2) 
PARAMETRIC_REPRESENTATION_CONTEXT() REPRESENTATION_CONTEXT('2D SPACE',''
  ) );
#1095 = PCURVE('',#379,#1096);
#1096 = DEFINITIONAL_REPRESENTATION('',(#1097),#1100);
#1097 = B_SPLINE_CURVE_WITH_KNOTS('',1,(#1098,#1099),.UNSPECIFIED.,.F.,
  .F.,(2,2),(0.,1.),.PIECEWISE_BEZIER_KNOTS.);
#1098 = CARTESIAN_POINT('',(-80.4,-82.));
#1099 = CARTESIAN_POINT('',(-80.4,0.));
#1100 = ( GEOMETRIC_REPRESENTATION_CONTEXT(2) 
PARAMETRIC_REPRESENTATION_CONTEXT() REPRESENTATION_CONTEXT('2D SPACE',''
  ) );
#1101 = ORIENTED_EDGE('',*,*,#81,.F.);
#1102 = ORIENTED_EDGE('',*,*,#1018,.F.);
#1103 = ORIENTED_EDGE('',*,*,#1104,.T.);
#1104 = EDGE_CURVE('',#986,#1105,#1107,.T.);
#1105 = VERTEX_POINT('',#1106);
#1106 = CARTESIAN_POINT('',(65.,-94.4,3.8));
#1107 = SURFACE_CURVE('',#1108,(#1111,#1118),.PCURVE_S1.);
#1108 = B_SPLINE_CURVE_WITH_KNOTS('',1,(#1109,#1110),.UNSPECIFIED.,.F.,
  .F.,(2,2),(0.,1.),.PIECEWISE_BEZIER_KNOTS.);
#1109 = CARTESIAN_POINT('',(147.,-94.4,3.8));
#1110 = CARTESIAN_POINT('',(65.,-94.4,3.8));
#1111 = PCURVE('',#249,#1112);
#1112 = DEFINITIONAL_REPRESENTATION('',(#1113),#1117);
#1113 = LINE('',#1114,#1115);
#1114 = CARTESIAN_POINT('',(24.142566228858,0.));
#1115 = VECTOR('',#1116,1.);
#1116 = DIRECTION('',(0.,1.));
#1117 = ( GEOMETRIC_REPRESENTATION_CONTEXT(2) 
PARAMETRIC_REPRESENTATION_CONTEXT() REPRESENTATION_CONTEXT('2D SPACE',''
  ) );
#1118 = PCURVE('',#1002,#1119);
#1119 = DEFINITIONAL_REPRESENTATION('',(#1120),#1123);
#1120 = B_SPLINE_CURVE_WITH_KNOTS('',1,(#1121,#1122),.UNSPECIFIED.,.F.,
  .F.,(2,2),(0.,1.),.PIECEWISE_BEZIER_KNOTS.);
#1121 = CARTESIAN_POINT('',(0.,-82.));
#1122 = CARTESIAN_POINT('',(0.,0.));
#1123 = ( GEOMETRIC_REPRESENTATION_CONTEXT(2) 
PARAMETRIC_REPRESENTATION_CONTEXT() REPRESENTATION_CONTEXT('2D SPACE',''
  ) );
#1124 = ORIENTED_EDGE('',*,*,#1125,.F.);
#1125 = EDGE_CURVE('',#1126,#1105,#1128,.T.);
#1126 = VERTEX_POINT('',#1127);
#1127 = CARTESIAN_POINT('',(65.,-90.2,3.994774419519));
#1128 = SURFACE_CURVE('',#1129,(#1145,#1152),.PCURVE_S1.);
#1129 = B_SPLINE_CURVE_WITH_KNOTS('',3,(#1130,#1131,#1132,#1133,#1134,
    #1135,#1136,#1137,#1138,#1139,#1140,#1141,#1142,#1143,#1144),
  .UNSPECIFIED.,.F.,.F.,(4,1,1,1,1,1,1,1,1,1,1,1,4),(0.,2.000557406892,
    4.004814065379,6.014514691078,8.029736472213,10.049318463555,
    12.071283114429,14.093247765303,16.112829756645,18.12805153778,
    20.137752163479,22.142008821966,24.142566228858),.UNSPECIFIED.);
#1130 = CARTESIAN_POINT('',(65.,-70.4,6.2));
#1131 = CARTESIAN_POINT('',(65.,-71.06709240435,6.200005814187));
#1132 = CARTESIAN_POINT('',(65.,-72.40182802419,6.166586997704));
#1133 = CARTESIAN_POINT('',(65.,-74.40278057006,6.0331027456));
#1134 = CARTESIAN_POINT('',(65.,-76.40277138353,5.833014937547));
#1135 = CARTESIAN_POINT('',(65.,-78.40218423979,5.583036136602));
#1136 = CARTESIAN_POINT('',(65.,-80.40118904718,5.299822755256));
#1137 = CARTESIAN_POINT('',(65.,-82.4,5.));
#1138 = CARTESIAN_POINT('',(65.,-84.39881095281,4.700177244744));
#1139 = CARTESIAN_POINT('',(65.,-86.3978157602,4.416963863398));
#1140 = CARTESIAN_POINT('',(65.,-88.39722861647,4.166985062453));
#1141 = CARTESIAN_POINT('',(65.,-90.39721942993,3.9668972544));
#1142 = CARTESIAN_POINT('',(65.,-92.3981719758,3.833413002296));
#1143 = CARTESIAN_POINT('',(65.,-93.73290759565,3.799994185813));
#1144 = CARTESIAN_POINT('',(65.,-94.4,3.8));
#1145 = PCURVE('',#249,#1146);
#1146 = DEFINITIONAL_REPRESENTATION('',(#1147),#1151);
#1147 = LINE('',#1148,#1149);
#1148 = CARTESIAN_POINT('',(0.,1.));
#1149 = VECTOR('',#1150,1.);
#1150 = DIRECTION('',(1.,0.));
#1151 = ( GEOMETRIC_REPRESENTATION_CONTEXT(2) 
PARAMETRIC_REPRESENTATION_CONTEXT() REPRESENTATION_CONTEXT('2D SPACE',''
  ) );
#1152 = PCURVE('',#1153,#1204);
#1153 = B_SPLINE_SURFACE_WITH_KNOTS('',3,1,(
    (#1154,#1155)
    ,(#1156,#1157)
    ,(#1158,#1159)
    ,(#1160,#1161)
    ,(#1162,#1163)
    ,(#1164,#1165)
    ,(#1166,#1167)
    ,(#1168,#1169)
    ,(#1170,#1171)
    ,(#1172,#1173)
    ,(#1174,#1175)
    ,(#1176,#1177)
    ,(#1178,#1179)
    ,(#1180,#1181)
    ,(#1182,#1183)
    ,(#1184,#1185)
    ,(#1186,#1187)
    ,(#1188,#1189)
    ,(#1190,#1191)
    ,(#1192,#1193)
    ,(#1194,#1195)
    ,(#1196,#1197)
    ,(#1198,#1199)
    ,(#1200,#1201)
    ,(#1202,#1203
    )),.UNSPECIFIED.,.F.,.F.,.F.,(4,1,1,1,1,1,1,1,1,1,1,1,1,1,1,1,1,1,1,
    1,1,1,4),(2,2),(0.,2.000557406892,2.001500601725,4.004814065379,
    4.006391399806,6.014514691078,6.016272299555,8.029736472213,
    8.031215204815,10.049318463555,10.050156530118,12.071283114429,
    14.092409698739,14.093247765303,16.111351024043,16.112829756645,
    18.126293929303,18.12805153778,20.136174829052,20.137752163479,
    22.141065627133,22.142008821966,24.142566228858),(0.,1.),
  .UNSPECIFIED.);
#1154 = CARTESIAN_POINT('',(65.,-70.4,6.2));
#1155 = CARTESIAN_POINT('',(61.375,-70.4,6.2));
#1156 = CARTESIAN_POINT('',(65.,-71.06709240435,6.200005814187));
#1157 = CARTESIAN_POINT('',(61.375,-71.06674196037,6.200005148218));
#1158 = CARTESIAN_POINT('',(65.,-71.73415811643,6.183303969805));
#1159 = CARTESIAN_POINT('',(61.375,-71.73348661095,6.18403818174));
#1160 = CARTESIAN_POINT('',(65.,-73.06770181955,6.122166321285));
#1161 = CARTESIAN_POINT('',(61.375,-73.06648891558,6.125576612767));
#1162 = CARTESIAN_POINT('',(65.,-73.73501682247,6.077644289681));
#1163 = CARTESIAN_POINT('',(61.375,-73.73358348455,6.082999533293));
#1164 = CARTESIAN_POINT('',(65.,-75.06815300562,5.966535983755));
#1165 = CARTESIAN_POINT('',(61.375,-75.06644236466,5.976720640909));
#1166 = CARTESIAN_POINT('',(65.,-75.73539036826,5.899776132559));
#1167 = CARTESIAN_POINT('',(61.375,-75.73362269147,5.912852774851));
#1168 = CARTESIAN_POINT('',(65.,-77.06812542884,5.749828313068));
#1169 = CARTESIAN_POINT('',(61.375,-77.06639985412,5.769371372639));
#1170 = CARTESIAN_POINT('',(65.,-77.73521287794,5.666420139986));
#1171 = CARTESIAN_POINT('',(61.375,-77.73358675294,5.689547121784));
#1172 = CARTESIAN_POINT('',(65.,-79.06778571903,5.488735590215));
#1173 = CARTESIAN_POINT('',(61.375,-79.06648030094,5.519472105739));
#1174 = CARTESIAN_POINT('',(65.,-79.73461451947,5.394259132122));
#1175 = CARTESIAN_POINT('',(61.375,-79.73353082143,5.429029828428));
#1176 = CARTESIAN_POINT('',(65.,-81.06721200745,5.199918940576));
#1177 = CARTESIAN_POINT('',(61.375,-81.0666371756,5.242973635549));
#1178 = CARTESIAN_POINT('',(65.,-82.4,5.));
#1179 = CARTESIAN_POINT('',(61.375,-82.4,5.0515625));
#1180 = CARTESIAN_POINT('',(65.,-83.73278799254,4.800081059424));
#1181 = CARTESIAN_POINT('',(61.375,-83.73336282439,4.860151364451));
#1182 = CARTESIAN_POINT('',(65.,-85.06538548052,4.605740867878));
#1183 = CARTESIAN_POINT('',(61.375,-85.06646917856,4.674095171572));
#1184 = CARTESIAN_POINT('',(65.,-85.73221428096,4.511264409785));
#1185 = CARTESIAN_POINT('',(61.375,-85.73351969905,4.583652894261));
#1186 = CARTESIAN_POINT('',(65.,-87.06478712205,4.333579860014));
#1187 = CARTESIAN_POINT('',(61.375,-87.06641324705,4.413577878216));
#1188 = CARTESIAN_POINT('',(65.,-87.73187457115,4.250171686932));
#1189 = CARTESIAN_POINT('',(61.375,-87.73360014587,4.333753627361));
#1190 = CARTESIAN_POINT('',(65.,-89.06460963173,4.100223867441));
#1191 = CARTESIAN_POINT('',(61.375,-89.06637730852,4.190272225149));
#1192 = CARTESIAN_POINT('',(65.,-89.73184699437,4.033464016245));
#1193 = CARTESIAN_POINT('',(61.375,-89.73355763533,4.126404359091));
#1194 = CARTESIAN_POINT('',(65.,-91.06498317752,3.922355710319));
#1195 = CARTESIAN_POINT('',(61.375,-91.06641651544,4.020125466707));
#1196 = CARTESIAN_POINT('',(65.,-91.73229818044,3.877833678715));
#1197 = CARTESIAN_POINT('',(61.375,-91.73351108441,3.977548387233));
#1198 = CARTESIAN_POINT('',(65.,-93.06584188357,3.816696030195));
#1199 = CARTESIAN_POINT('',(61.375,-93.06651338904,3.91908681826));
#1200 = CARTESIAN_POINT('',(65.,-93.73290759565,3.799994185813));
#1201 = CARTESIAN_POINT('',(61.375,-93.73325803962,3.903119851782));
#1202 = CARTESIAN_POINT('',(65.,-94.4,3.8));
#1203 = CARTESIAN_POINT('',(61.375,-94.4,3.903125));
#1204 = DEFINITIONAL_REPRESENTATION('',(#1205),#1209);
#1205 = LINE('',#1206,#1207);
#1206 = CARTESIAN_POINT('',(0.,0.));
#1207 = VECTOR('',#1208,1.);
#1208 = DIRECTION('',(1.,0.));
#1209 = ( GEOMETRIC_REPRESENTATION_CONTEXT(2) 
PARAMETRIC_REPRESENTATION_CONTEXT() REPRESENTATION_CONTEXT('2D SPACE',''
  ) );
#1210 = ORIENTED_EDGE('',*,*,#1211,.F.);
#1211 = EDGE_CURVE('',#1212,#1126,#1214,.T.);
#1212 = VERTEX_POINT('',#1213);
#1213 = CARTESIAN_POINT('',(131.1828095708,-90.2,3.99477441952));
#1214 = SURFACE_CURVE('',#1215,(#1221,#1230),.PCURVE_S1.);
#1215 = B_SPLINE_CURVE_WITH_KNOTS('',4,(#1216,#1217,#1218,#1219,#1220),
  .UNSPECIFIED.,.F.,.F.,(5,5),(0.,1.),.PIECEWISE_BEZIER_KNOTS.);
#1216 = CARTESIAN_POINT('',(131.8,-90.2,3.994774419519));
#1217 = CARTESIAN_POINT('',(115.1,-90.2,3.994774419519));
#1218 = CARTESIAN_POINT('',(98.4,-90.2,3.994774419519));
#1219 = CARTESIAN_POINT('',(81.7,-90.2,3.994774419519));
#1220 = CARTESIAN_POINT('',(65.,-90.2,3.994774419519));
#1221 = PCURVE('',#249,#1222);
#1222 = DEFINITIONAL_REPRESENTATION('',(#1223),#1229);
#1223 = B_SPLINE_CURVE_WITH_KNOTS('',4,(#1224,#1225,#1226,#1227,#1228),
  .UNSPECIFIED.,.F.,.F.,(5,5),(0.,1.),.PIECEWISE_BEZIER_KNOTS.);
#1224 = CARTESIAN_POINT('',(19.937042786086,0.185365853659));
#1225 = CARTESIAN_POINT('',(19.937042786086,0.389024390244));
#1226 = CARTESIAN_POINT('',(19.937042786086,0.592682926829));
#1227 = CARTESIAN_POINT('',(19.937042786086,0.796341463415));
#1228 = CARTESIAN_POINT('',(19.937042786086,1.));
#1229 = ( GEOMETRIC_REPRESENTATION_CONTEXT(2) 
PARAMETRIC_REPRESENTATION_CONTEXT() REPRESENTATION_CONTEXT('2D SPACE',''
  ) );
#1230 = PCURVE('',#1231,#1236);
#1231 = PLANE('',#1232);
#1232 = AXIS2_PLACEMENT_3D('',#1233,#1234,#1235);
#1233 = CARTESIAN_POINT('',(131.8,-90.2,-1.));
#1234 = DIRECTION('',(-0.,1.,-0.));
#1235 = DIRECTION('',(1.,0.,0.));
#1236 = DEFINITIONAL_REPRESENTATION('',(#1237),#1243);
#1237 = B_SPLINE_CURVE_WITH_KNOTS('',4,(#1238,#1239,#1240,#1241,#1242),
  .UNSPECIFIED.,.F.,.F.,(5,5),(0.,1.),.PIECEWISE_BEZIER_KNOTS.);
#1238 = CARTESIAN_POINT('',(0.,-4.994774419519));
#1239 = CARTESIAN_POINT('',(-16.7,-4.994774419519));
#1240 = CARTESIAN_POINT('',(-33.4,-4.994774419519));
#1241 = CARTESIAN_POINT('',(-50.1,-4.994774419519));
#1242 = CARTESIAN_POINT('',(-66.8,-4.994774419519));
#1243 = ( GEOMETRIC_REPRESENTATION_CONTEXT(2) 
PARAMETRIC_REPRESENTATION_CONTEXT() REPRESENTATION_CONTEXT('2D SPACE',''
  ) );
#1244 = ORIENTED_EDGE('',*,*,#1245,.T.);
#1245 = EDGE_CURVE('',#1212,#1246,#1248,.T.);
#1246 = VERTEX_POINT('',#1247);
#1247 = CARTESIAN_POINT('',(132.8,-88.19629884245,4.1981727281));
#1248 = SURFACE_CURVE('',#1249,(#1357,#1518),.PCURVE_S1.);
#1249 = B_SPLINE_CURVE_WITH_KNOTS('',8,(#1250,#1251,#1252,#1253,#1254,
    #1255,#1256,#1257,#1258,#1259,#1260,#1261,#1262,#1263,#1264,#1265,
    #1266,#1267,#1268,#1269,#1270,#1271,#1272,#1273,#1274,#1275,#1276,
    #1277,#1278,#1279,#1280,#1281,#1282,#1283,#1284,#1285,#1286,#1287,
    #1288,#1289,#1290,#1291,#1292,#1293,#1294,#1295,#1296,#1297,#1298,
    #1299,#1300,#1301,#1302,#1303,#1304,#1305,#1306,#1307,#1308,#1309,
    #1310,#1311,#1312,#1313,#1314,#1315,#1316,#1317,#1318,#1319,#1320,
    #1321,#1322,#1323,#1324,#1325,#1326,#1327,#1328,#1329,#1330,#1331,
    #1332,#1333,#1334,#1335,#1336,#1337,#1338,#1339,#1340,#1341,#1342,
    #1343,#1344,#1345,#1346,#1347,#1348,#1349,#1350,#1351,#1352,#1353,
    #1354,#1355,#1356),.UNSPECIFIED.,.F.,.F.,(9,7,7,7,7,7,7,7,7,7,7,7,7,
    7,7,9),(1.276010595844,1.33336341901,1.499777823696,1.555428985146,
    1.666261110591,1.733504466621,1.829795457746,1.873866236414,
    1.909074176462,2.001515921813,2.124178006457,2.168489884295,
    2.222124008951,2.330434334967,2.397706666018,2.411615306299),
  .UNSPECIFIED.);
#1250 = CARTESIAN_POINT('',(131.1828095708,-90.2,3.99477441952));
#1251 = CARTESIAN_POINT('',(131.16203476759,-90.28657721425,
    3.987274913516));
#1252 = CARTESIAN_POINT('',(131.14427135246,-90.3735467155,3.97988064588
    ));
#1253 = CARTESIAN_POINT('',(131.12949632285,-90.46084224138,
    3.972601606637));
#1254 = CARTESIAN_POINT('',(131.11769189818,-90.54839911474,
    3.965447149376));
#1255 = CARTESIAN_POINT('',(131.10884538753,-90.63615420752,
    3.958425975515));
#1256 = CARTESIAN_POINT('',(131.1029490575,-90.72404590466,
    3.951546118574));
#1257 = CARTESIAN_POINT('',(131.1,-90.81201406796,3.94481492844));
#1258 = CARTESIAN_POINT('',(131.1,-91.15529914122,3.919158565842));
#1259 = CARTESIAN_POINT('',(131.12482992795,-91.41037034718,
    3.90141396081));
#1260 = CARTESIAN_POINT('',(131.17440967305,-91.66424348314,
    3.885126390736));
#1261 = CARTESIAN_POINT('',(131.24929246115,-91.91548817736,
    3.870422850746));
#1262 = CARTESIAN_POINT('',(131.35022375951,-92.16227213715,
    3.85740773762));
#1263 = CARTESIAN_POINT('',(131.4782315918,-92.40228619922,
    3.846140842236));
#1264 = CARTESIAN_POINT('',(131.63435916185,-92.63281477935,
    3.836607897899));
#1265 = CARTESIAN_POINT('',(131.88283910979,-92.9232081897,
    3.826083827803));
#1266 = CARTESIAN_POINT('',(131.94843249949,-92.99449044509,
    3.823632257681));
#1267 = CARTESIAN_POINT('',(132.01739815633,-93.06413681786,
    3.821363596513));
#1268 = CARTESIAN_POINT('',(132.08977849411,-93.13198138141,
    3.819274153638));
#1269 = CARTESIAN_POINT('',(132.16560570355,-93.19783738053,
    3.817359360319));
#1270 = CARTESIAN_POINT('',(132.2448987804,-93.26149878161,
    3.815613656907));
#1271 = CARTESIAN_POINT('',(132.32766055352,-93.32274182274,3.81403038)
  );
#1272 = CARTESIAN_POINT('',(132.58557460749,-93.49800106293,
    3.809756260166));
#1273 = CARTESIAN_POINT('',(132.7714011961,-93.60442689774,3.80751679029
    ));
#1274 = CARTESIAN_POINT('',(132.97089429991,-93.69830764263,
    3.805834925508));
#1275 = CARTESIAN_POINT('',(133.1830115564,-93.77716467569,
    3.804636977002));
#1276 = CARTESIAN_POINT('',(133.4060066066,-93.83852836896,
    3.803829905306));
#1277 = CARTESIAN_POINT('',(133.63729353809,-93.88023734203,
    3.803320969319));
#1278 = CARTESIAN_POINT('',(133.87331152092,-93.90070162215,
    3.803070503253));
#1279 = CARTESIAN_POINT('',(134.25216006978,-93.8995521288,
    3.803084570675));
#1280 = CARTESIAN_POINT('',(134.39522593026,-93.89132131329,
    3.803185344703));
#1281 = CARTESIAN_POINT('',(134.53725110887,-93.87529207861,
    3.803381723186));
#1282 = CARTESIAN_POINT('',(134.67732429901,-93.8516654552,
    3.803680108578));
#1283 = CARTESIAN_POINT('',(134.81466057077,-93.82078709419,
    3.804092640994));
#1284 = CARTESIAN_POINT('',(134.94859200867,-93.78310296354,
    3.804635689856));
#1285 = CARTESIAN_POINT('',(135.07856026386,-93.73912881603,
    3.805327359541));
#1286 = CARTESIAN_POINT('',(135.38389691385,-93.61827073897,
    3.80741071203));
#1287 = CARTESIAN_POINT('',(135.55462143206,-93.53537664361,
    3.808975809032));
#1288 = CARTESIAN_POINT('',(135.71542439073,-93.44223201697,
    3.810931154374));
#1289 = CARTESIAN_POINT('',(135.86586029832,-93.34030350093,
    3.813329660983));
#1290 = CARTESIAN_POINT('',(136.00576826675,-93.23093737158,
    3.816214781107));
#1291 = CARTESIAN_POINT('',(136.13519851597,-93.11530674458,
    3.819617411273));
#1292 = CARTESIAN_POINT('',(136.25435778462,-92.99437756132,
    3.823558693846));
#1293 = CARTESIAN_POINT('',(136.41350498502,-92.81141095593,
    3.830116073017));
#1294 = CARTESIAN_POINT('',(136.46137613408,-92.75300997063,
    3.832291381474));
#1295 = CARTESIAN_POINT('',(136.50717283614,-92.69373047439,
    3.83458461992));
#1296 = CARTESIAN_POINT('',(136.55091880993,-92.63364208685,
    3.836996889283));
#1297 = CARTESIAN_POINT('',(136.59263791316,-92.57280941095,
    3.839528932359));
#1298 = CARTESIAN_POINT('',(136.63235399351,-92.51129202887,
    3.842181181732));
#1299 = CARTESIAN_POINT('',(136.67009073962,-92.44914449813,
    3.844953807702));
#1300 = CARTESIAN_POINT('',(136.73445664073,-92.33630311985,
    3.850157937292));
#1301 = CARTESIAN_POINT('',(136.76179293056,-92.2858201342,
    3.852545884578));
#1302 = CARTESIAN_POINT('',(136.78789209012,-92.23499299731,
    3.855010543659));
#1303 = CARTESIAN_POINT('',(136.81276528083,-92.1838460793,
    3.857551751285));
#1304 = CARTESIAN_POINT('',(136.83642313698,-92.13240251371,
    3.860169245359));
#1305 = CARTESIAN_POINT('',(136.85887576574,-92.08068419749,
    3.862862664936));
#1306 = CARTESIAN_POINT('',(136.88013274713,-92.02871179101,
    3.865631550224));
#1307 = CARTESIAN_POINT('',(136.95289981537,-91.83943015656,
    3.875941985868));
#1308 = CARTESIAN_POINT('',(136.99741017852,-91.70075444181,
    3.883924202736));
#1309 = CARTESIAN_POINT('',(137.03390772398,-91.56081236568,
    3.892413081136));
#1310 = CARTESIAN_POINT('',(137.06252130442,-91.41991535861,
    3.901394602395));
#1311 = CARTESIAN_POINT('',(137.08334716149,-91.27835388188,
    3.910850253752));
#1312 = CARTESIAN_POINT('',(137.09645368891,-91.1363989795,
    3.920757708164));
#1313 = CARTESIAN_POINT('',(137.10187892169,-90.99430298965,
    3.931091571409));
#1314 = CARTESIAN_POINT('',(137.09662435835,-90.6638731332,
    3.956065448156));
#1315 = CARTESIAN_POINT('',(137.08010171567,-90.47570633565,
    3.971001495073));
#1316 = CARTESIAN_POINT('',(137.05007023471,-90.28829525477,
    3.986570147652));
#1317 = CARTESIAN_POINT('',(137.00641262463,-90.10222210718,
    4.002692435793));
#1318 = CARTESIAN_POINT('',(136.94891371111,-89.91815167791,
    4.019271504148));
#1319 = CARTESIAN_POINT('',(136.87728512072,-89.73683438968,
    4.03619134368));
#1320 = CARTESIAN_POINT('',(136.79114507422,-89.55911696775,
    4.053315539739));
#1321 = CARTESIAN_POINT('',(136.65335300054,-89.32340922731,
    4.076689152053));
#1322 = CARTESIAN_POINT('',(136.61482298693,-89.26146246436,
    4.082897115026));
#1323 = CARTESIAN_POINT('',(136.57430678545,-89.20017066208,
    4.089102252837));
#1324 = CARTESIAN_POINT('',(136.53178026455,-89.13958813106,
    4.09529599652));
#1325 = CARTESIAN_POINT('',(136.48721898864,-89.07977435565,
    4.101469046867));
#1326 = CARTESIAN_POINT('',(136.44059834041,-89.02079399811,
    4.107611360136));
#1327 = CARTESIAN_POINT('',(136.3918936432,-88.9627169027,4.113712133744
    ));
#1328 = CARTESIAN_POINT('',(136.2795769075,-88.83650696174,
    4.127079744788));
#1329 = CARTESIAN_POINT('',(136.21498878597,-88.76883415365,
    4.13432132896));
#1330 = CARTESIAN_POINT('',(136.14727040423,-88.70272967172,
    4.141464378323));
#1331 = CARTESIAN_POINT('',(136.07638287321,-88.63834359969,
    4.148486077134));
#1332 = CARTESIAN_POINT('',(136.0022965037,-88.57584474332,
    4.155361109809));
#1333 = CARTESIAN_POINT('',(135.92499338063,-88.51541926471,
    4.162061810647));
#1334 = CARTESIAN_POINT('',(135.84446993745,-88.45726931668,
    4.168558313567));
#1335 = CARTESIAN_POINT('',(135.59165188826,-88.28921500565,
    4.187461113725));
#1336 = CARTESIAN_POINT('',(135.40906833087,-88.18670440045,
    4.199171929821));
#1337 = CARTESIAN_POINT('',(135.21341577977,-88.09623915086,
    4.209648319156));
#1338 = CARTESIAN_POINT('',(135.00567106667,-88.02016010022,
    4.218557568423));
#1339 = CARTESIAN_POINT('',(134.7874774537,-87.96080560043,
    4.225563874202));
#1340 = CARTESIAN_POINT('',(134.5612748665,-87.920236965,4.230370856478)
  );
#1341 = CARTESIAN_POINT('',(134.33044064712,-87.89997485706,
    4.23277166993));
#1342 = CARTESIAN_POINT('',(133.95634138706,-87.90001564536,
    4.232766836994));
#1343 = CARTESIAN_POINT('',(133.81295530323,-87.90785780209,
    4.231837648758));
#1344 = CARTESIAN_POINT('',(133.67059534021,-87.92353564078,
    4.229979968108));
#1345 = CARTESIAN_POINT('',(133.5301968595,-87.94684599202,4.2272219525)
  );
#1346 = CARTESIAN_POINT('',(133.39256220558,-87.97743520175,
    4.223613283051));
#1347 = CARTESIAN_POINT('',(133.25837095938,-88.01484631702,
    4.219218735633));
#1348 = CARTESIAN_POINT('',(133.12818813986,-88.05855161987,
    4.21411311272));
#1349 = CARTESIAN_POINT('',(132.97647804103,-88.11818792804,
    4.207191698167));
#1350 = CARTESIAN_POINT('',(132.95067638236,-88.12864968062,
    4.205978920991));
#1351 = CARTESIAN_POINT('',(132.92506791771,-88.13935124165,
    4.204739852025));
#1352 = CARTESIAN_POINT('',(132.89965500324,-88.1502880955,
    4.203475138716));
#1353 = CARTESIAN_POINT('',(132.87443981985,-88.16145574329,
    4.202185427301));
#1354 = CARTESIAN_POINT('',(132.84942438113,-88.17284970924,
    4.200871361806));
#1355 = CARTESIAN_POINT('',(132.82461054084,-88.18446554646,
    4.199533583113));
#1356 = CARTESIAN_POINT('',(132.8,-88.19629884245,4.1981727281));
#1357 = PCURVE('',#249,#1358);
#1358 = DEFINITIONAL_REPRESENTATION('',(#1359),#1517);
#1359 = B_SPLINE_CURVE_WITH_KNOTS('',3,(#1360,#1361,#1362,#1363,#1364,
    #1365,#1366,#1367,#1368,#1369,#1370,#1371,#1372,#1373,#1374,#1375,
    #1376,#1377,#1378,#1379,#1380,#1381,#1382,#1383,#1384,#1385,#1386,
    #1387,#1388,#1389,#1390,#1391,#1392,#1393,#1394,#1395,#1396,#1397,
    #1398,#1399,#1400,#1401,#1402,#1403,#1404,#1405,#1406,#1407,#1408,
    #1409,#1410,#1411,#1412,#1413,#1414,#1415,#1416,#1417,#1418,#1419,
    #1420,#1421,#1422,#1423,#1424,#1425,#1426,#1427,#1428,#1429,#1430,
    #1431,#1432,#1433,#1434,#1435,#1436,#1437,#1438,#1439,#1440,#1441,
    #1442,#1443,#1444,#1445,#1446,#1447,#1448,#1449,#1450,#1451,#1452,
    #1453,#1454,#1455,#1456,#1457,#1458,#1459,#1460,#1461,#1462,#1463,
    #1464,#1465,#1466,#1467,#1468,#1469,#1470,#1471,#1472,#1473,#1474,
    #1475,#1476,#1477,#1478,#1479,#1480,#1481,#1482,#1483,#1484,#1485,
    #1486,#1487,#1488,#1489,#1490,#1491,#1492,#1493,#1494,#1495,#1496,
    #1497,#1498,#1499,#1500,#1501,#1502,#1503,#1504,#1505,#1506,#1507,
    #1508,#1509,#1510,#1511,#1512,#1513,#1514,#1515,#1516),
  .UNSPECIFIED.,.F.,.F.,(4,1,1,1,1,1,1,1,1,1,1,1,1,1,1,1,1,1,1,1,1,1,1,1
    ,1,1,1,1,1,1,1,1,1,1,1,1,1,1,1,1,1,1,1,1,1,1,1,1,1,1,1,1,1,1,1,1,1,1
    ,1,1,1,1,1,1,1,1,1,1,1,1,1,1,1,1,1,1,1,1,1,1,1,1,1,1,1,1,1,1,1,1,1,1
    ,1,1,1,1,1,1,1,1,1,1,1,1,1,1,1,1,1,1,1,1,1,1,1,1,1,1,1,1,1,1,1,1,1,1
    ,1,1,1,1,1,1,1,1,1,1,1,1,1,1,1,1,1,1,1,1,1,1,1,1,1,1,1,1,4),(
    1.276010595844,1.283384652406,1.290758708967,1.298132765528,
    1.30550682209,1.312880878651,1.320254935213,1.327628991774,
    1.335003048335,1.342377104897,1.349751161458,1.35712521802,
    1.364499274581,1.371873331142,1.379247387704,1.386621444265,
    1.393995500827,1.401369557388,1.408743613949,1.416117670511,
    1.423491727072,1.430865783633,1.438239840195,1.445613896756,
    1.452987953318,1.460362009879,1.46773606644,1.475110123002,
    1.482484179563,1.489858236125,1.497232292686,1.504606349247,
    1.511980405809,1.51935446237,1.526728518932,1.534102575493,
    1.541476632054,1.548850688616,1.556224745177,1.563598801739,
    1.5709728583,1.578346914861,1.585720971423,1.593095027984,
    1.600469084546,1.607843141107,1.615217197668,1.62259125423,
    1.629965310791,1.637339367353,1.644713423914,1.652087480475,
    1.659461537037,1.666835593598,1.674209650159,1.681583706721,
    1.688957763282,1.696331819844,1.703705876405,1.711079932966,
    1.718453989528,1.725828046089,1.733202102651,1.740576159212,
    1.747950215773,1.755324272335,1.762698328896,1.770072385458,
    1.777446442019,1.78482049858,1.792194555142,1.799568611703,
    1.806942668265,1.814316724826,1.821690781387,1.829064837949,
    1.83643889451,1.843812951072,1.851187007633,1.858561064194,
    1.865935120756,1.873309177317,1.880683233879,1.88805729044,
    1.895431347001,1.902805403563,1.910179460124,1.917553516686,
    1.924927573247,1.932301629808,1.93967568637,1.947049742931,
    1.954423799492,1.961797856054,1.969171912615,1.976545969177,
    1.983920025738,1.991294082299,1.998668138861,2.006042195422,
    2.013416251984,2.020790308545,2.028164365106,2.035538421668,
    2.042912478229,2.050286534791,2.057660591352,2.065034647913,
    2.072408704475,2.079782761036,2.087156817598,2.094530874159,
    2.10190493072,2.109278987282,2.116653043843,2.124027100405,
    2.131401156966,2.138775213527,2.146149270089,2.15352332665,
    2.160897383212,2.168271439773,2.175645496334,2.183019552896,
    2.190393609457,2.197767666019,2.20514172258,2.212515779141,
    2.219889835703,2.227263892264,2.234637948825,2.242012005387,
    2.249386061948,2.25676011851,2.264134175071,2.271508231632,
    2.278882288194,2.286256344755,2.293630401317,2.301004457878,
    2.308378514439,2.315752571001,2.323126627562,2.330500684124,
    2.337874740685,2.345248797246,2.352622853808,2.359996910369,
    2.367370966931,2.374745023492,2.382119080053,2.389493136615,
    2.396867193176,2.404241249738,2.411615306299),
  .QUASI_UNIFORM_KNOTS.);
#1360 = CARTESIAN_POINT('',(19.937042786086,0.19289256621));
#1361 = CARTESIAN_POINT('',(19.966836578486,0.192979428539));
#1362 = CARTESIAN_POINT('',(20.02654156334,0.193141829887));
#1363 = CARTESIAN_POINT('',(20.116404817007,0.193351616133));
#1364 = CARTESIAN_POINT('',(20.206527057226,0.193527751961));
#1365 = CARTESIAN_POINT('',(20.296862775374,0.193670363509));
#1366 = CARTESIAN_POINT('',(20.387366953974,0.193779551744));
#1367 = CARTESIAN_POINT('',(20.477996119534,0.193855388972));
#1368 = CARTESIAN_POINT('',(20.568704458007,0.193897921021));
#1369 = CARTESIAN_POINT('',(20.659458238291,0.193907164292));
#1370 = CARTESIAN_POINT('',(20.750175917604,0.193883117907));
#1371 = CARTESIAN_POINT('',(20.840819614197,0.193825780308));
#1372 = CARTESIAN_POINT('',(20.931358086359,0.193735100809));
#1373 = CARTESIAN_POINT('',(21.021754665578,0.193610991827));
#1374 = CARTESIAN_POINT('',(21.111970524908,0.193453330828));
#1375 = CARTESIAN_POINT('',(21.201963823842,0.193261964231));
#1376 = CARTESIAN_POINT('',(21.29168994631,0.193036710098));
#1377 = CARTESIAN_POINT('',(21.38110143605,0.192777360536));
#1378 = CARTESIAN_POINT('',(21.470148004811,0.192483683635));
#1379 = CARTESIAN_POINT('',(21.558776513624,0.192155425025));
#1380 = CARTESIAN_POINT('',(21.646930954102,0.191792309052));
#1381 = CARTESIAN_POINT('',(21.734552422185,0.191394039554));
#1382 = CARTESIAN_POINT('',(21.821579085417,0.190960300237));
#1383 = CARTESIAN_POINT('',(21.907946141756,0.190490754581));
#1384 = CARTESIAN_POINT('',(21.993585768717,0.189985045235));
#1385 = CARTESIAN_POINT('',(22.078427058761,0.189442792818));
#1386 = CARTESIAN_POINT('',(22.162395944619,0.188863594014));
#1387 = CARTESIAN_POINT('',(22.245415086487,0.188247018893));
#1388 = CARTESIAN_POINT('',(22.327403719167,0.187592607214));
#1389 = CARTESIAN_POINT('',(22.408277575059,0.186899863916));
#1390 = CARTESIAN_POINT('',(22.487948642289,0.186168252361));
#1391 = CARTESIAN_POINT('',(22.566325168933,0.185397189835));
#1392 = CARTESIAN_POINT('',(22.643310607349,0.18458602765));
#1393 = CARTESIAN_POINT('',(22.71874106931,0.183734789589));
#1394 = CARTESIAN_POINT('',(22.792500526762,0.182842974811));
#1395 = CARTESIAN_POINT('',(22.864450584393,0.181910255736));
#1396 = CARTESIAN_POINT('',(22.934445812537,0.180936340963));
#1397 = CARTESIAN_POINT('',(23.002328571003,0.179921054363));
#1398 = CARTESIAN_POINT('',(23.067936933538,0.178864215475));
#1399 = CARTESIAN_POINT('',(23.131080719163,0.17776609852));
#1400 = CARTESIAN_POINT('',(23.19163449967,0.176625730344));
#1401 = CARTESIAN_POINT('',(23.249395813518,0.175443285573));
#1402 = CARTESIAN_POINT('',(23.304122839176,0.17421985244));
#1403 = CARTESIAN_POINT('',(23.355581142675,0.172956602717));
#1404 = CARTESIAN_POINT('',(23.403533767652,0.171655031566));
#1405 = CARTESIAN_POINT('',(23.447746708261,0.170316911235));
#1406 = CARTESIAN_POINT('',(23.487990486062,0.168944322178));
#1407 = CARTESIAN_POINT('',(23.524043040549,0.167539664402));
#1408 = CARTESIAN_POINT('',(23.555692601018,0.166105675555));
#1409 = CARTESIAN_POINT('',(23.582740979895,0.16464544858));
#1410 = CARTESIAN_POINT('',(23.605007272897,0.16316245315));
#1411 = CARTESIAN_POINT('',(23.622332091009,0.161660553514));
#1412 = CARTESIAN_POINT('',(23.634582438661,0.160144050783));
#1413 = CARTESIAN_POINT('',(23.641657348316,0.158617647899));
#1414 = CARTESIAN_POINT('',(23.643494502314,0.157086719676));
#1415 = CARTESIAN_POINT('',(23.64007767837,0.155556449965));
#1416 = CARTESIAN_POINT('',(23.631433472415,0.154031953393));
#1417 = CARTESIAN_POINT('',(23.617631689447,0.152518357582));
#1418 = CARTESIAN_POINT('',(23.598779405688,0.15102030233));
#1419 = CARTESIAN_POINT('',(23.575016162885,0.14954208988));
#1420 = CARTESIAN_POINT('',(23.546509486695,0.148087659947));
#1421 = CARTESIAN_POINT('',(23.513450877716,0.146660609697));
#1422 = CARTESIAN_POINT('',(23.476052488443,0.145264204261));
#1423 = CARTESIAN_POINT('',(23.434543484429,0.143901375238));
#1424 = CARTESIAN_POINT('',(23.389169883757,0.142574771811));
#1425 = CARTESIAN_POINT('',(23.340155912925,0.141285877077));
#1426 = CARTESIAN_POINT('',(23.287721248443,0.140035866505));
#1427 = CARTESIAN_POINT('',(23.232081988253,0.138825684308));
#1428 = CARTESIAN_POINT('',(23.173448560194,0.137656051579));
#1429 = CARTESIAN_POINT('',(23.112024650161,0.136527490122));
#1430 = CARTESIAN_POINT('',(23.048006028283,0.135440339861));
#1431 = CARTESIAN_POINT('',(22.981579550464,0.134394776185));
#1432 = CARTESIAN_POINT('',(22.912922218403,0.13339082569));
#1433 = CARTESIAN_POINT('',(22.842200358979,0.132428381748));
#1434 = CARTESIAN_POINT('',(22.76956866708,0.131507217509));
#1435 = CARTESIAN_POINT('',(22.695169945334,0.130627006176));
#1436 = CARTESIAN_POINT('',(22.619132333436,0.129787313282));
#1437 = CARTESIAN_POINT('',(22.541575893483,0.128987693988));
#1438 = CARTESIAN_POINT('',(22.462624755591,0.128227800364));
#1439 = CARTESIAN_POINT('',(22.382384398237,0.127507150988));
#1440 = CARTESIAN_POINT('',(22.300956815307,0.126825296602));
#1441 = CARTESIAN_POINT('',(22.218436628293,0.126181779386));
#1442 = CARTESIAN_POINT('',(22.134911818424,0.125576143736));
#1443 = CARTESIAN_POINT('',(22.050464662343,0.125007943482));
#1444 = CARTESIAN_POINT('',(21.965173633495,0.124476757175));
#1445 = CARTESIAN_POINT('',(21.879111357279,0.123982171476));
#1446 = CARTESIAN_POINT('',(21.792347341835,0.12352379885));
#1447 = CARTESIAN_POINT('',(21.704945430083,0.123101264889));
#1448 = CARTESIAN_POINT('',(21.616971694495,0.122714243331));
#1449 = CARTESIAN_POINT('',(21.528483625251,0.122362403737));
#1450 = CARTESIAN_POINT('',(21.439535077199,0.122045440619));
#1451 = CARTESIAN_POINT('',(21.350178994919,0.121763082081));
#1452 = CARTESIAN_POINT('',(21.260466735795,0.121515084887));
#1453 = CARTESIAN_POINT('',(21.170448299027,0.121301233755));
#1454 = CARTESIAN_POINT('',(21.080172306446,0.121121340097));
#1455 = CARTESIAN_POINT('',(20.989686043758,0.12097524149));
#1456 = CARTESIAN_POINT('',(20.899035481789,0.120862801557));
#1457 = CARTESIAN_POINT('',(20.808265290778,0.120783910246));
#1458 = CARTESIAN_POINT('',(20.717418875943,0.120738484864));
#1459 = CARTESIAN_POINT('',(20.626538308364,0.120726470446));
#1460 = CARTESIAN_POINT('',(20.535664626664,0.120747844825));
#1461 = CARTESIAN_POINT('',(20.444858210721,0.120802598501));
#1462 = CARTESIAN_POINT('',(20.354153288299,0.120890754046));
#1463 = CARTESIAN_POINT('',(20.263591079287,0.121012367398));
#1464 = CARTESIAN_POINT('',(20.173213333907,0.121167524718));
#1465 = CARTESIAN_POINT('',(20.083064031446,0.121356340995));
#1466 = CARTESIAN_POINT('',(19.993189120174,0.121578958562));
#1467 = CARTESIAN_POINT('',(19.903636594272,0.121835546069));
#1468 = CARTESIAN_POINT('',(19.814456356911,0.122126297826));
#1469 = CARTESIAN_POINT('',(19.725700290025,0.122451433591));
#1470 = CARTESIAN_POINT('',(19.637422279636,0.122811198862));
#1471 = CARTESIAN_POINT('',(19.549678268769,0.123205865652));
#1472 = CARTESIAN_POINT('',(19.462526288005,0.123635734026));
#1473 = CARTESIAN_POINT('',(19.37602659216,0.124101133587));
#1474 = CARTESIAN_POINT('',(19.290241439798,0.124602428168));
#1475 = CARTESIAN_POINT('',(19.205236241003,0.125140011779));
#1476 = CARTESIAN_POINT('',(19.121075635668,0.125714340631));
#1477 = CARTESIAN_POINT('',(19.037838528564,0.126325834165));
#1478 = CARTESIAN_POINT('',(18.955615677965,0.126974868232));
#1479 = CARTESIAN_POINT('',(18.874491001037,0.127661918922));
#1480 = CARTESIAN_POINT('',(18.794558718546,0.128387441824));
#1481 = CARTESIAN_POINT('',(18.715919081613,0.12915189943));
#1482 = CARTESIAN_POINT('',(18.638678374096,0.12995576445));
#1483 = CARTESIAN_POINT('',(18.562953210142,0.130799471453));
#1484 = CARTESIAN_POINT('',(18.488867494728,0.131683443336));
#1485 = CARTESIAN_POINT('',(18.416552367221,0.132608092695));
#1486 = CARTESIAN_POINT('',(18.346151378038,0.13357375137));
#1487 = CARTESIAN_POINT('',(18.277818849535,0.134580671137));
#1488 = CARTESIAN_POINT('',(18.211718553599,0.135629029033));
#1489 = CARTESIAN_POINT('',(18.148027923216,0.136718843199));
#1490 = CARTESIAN_POINT('',(18.086919810874,0.137850241974));
#1491 = CARTESIAN_POINT('',(18.028536131507,0.139024190513));
#1492 = CARTESIAN_POINT('',(17.973133265633,0.140239518802));
#1493 = CARTESIAN_POINT('',(17.920947291687,0.141495194652));
#1494 = CARTESIAN_POINT('',(17.87222170601,0.142789796558));
#1495 = CARTESIAN_POINT('',(17.827197046286,0.1441216357));
#1496 = CARTESIAN_POINT('',(17.786110486848,0.145488703203));
#1497 = CARTESIAN_POINT('',(17.749192481186,0.14688866318));
#1498 = CARTESIAN_POINT('',(17.716663850087,0.148318832056));
#1499 = CARTESIAN_POINT('',(17.688732319683,0.149776160057));
#1500 = CARTESIAN_POINT('',(17.665588672274,0.151257208897));
#1501 = CARTESIAN_POINT('',(17.647402337711,0.152758131411));
#1502 = CARTESIAN_POINT('',(17.634316339898,0.154274633564));
#1503 = CARTESIAN_POINT('',(17.626441406116,0.155801988463));
#1504 = CARTESIAN_POINT('',(17.62384929245,0.157334840229));
#1505 = CARTESIAN_POINT('',(17.626564408386,0.158867773322));
#1506 = CARTESIAN_POINT('',(17.634565067992,0.160395525566));
#1507 = CARTESIAN_POINT('',(17.647783902734,0.16191280182));
#1508 = CARTESIAN_POINT('',(17.66611388074,0.163414826272));
#1509 = CARTESIAN_POINT('',(17.689413604886,0.16489717692));
#1510 = CARTESIAN_POINT('',(17.717512126851,0.166355812754));
#1511 = CARTESIAN_POINT('',(17.750213332609,0.167787053232));
#1512 = CARTESIAN_POINT('',(17.78729944006,0.169187561112));
#1513 = CARTESIAN_POINT('',(17.828535390145,0.170554364819));
#1514 = CARTESIAN_POINT('',(17.873667464973,0.171884724571));
#1515 = CARTESIAN_POINT('',(17.906201292502,0.172746451442));
#1516 = CARTESIAN_POINT('',(17.923040490508,0.173170731707));
#1517 = ( GEOMETRIC_REPRESENTATION_CONTEXT(2) 
PARAMETRIC_REPRESENTATION_CONTEXT() REPRESENTATION_CONTEXT('2D SPACE',''
  ) );
#1518 = PCURVE('',#1519,#1550);
#1519 = B_SPLINE_SURFACE_WITH_KNOTS('',3,1,(
    (#1520,#1521)
    ,(#1522,#1523)
    ,(#1524,#1525)
    ,(#1526,#1527)
    ,(#1528,#1529)
    ,(#1530,#1531)
    ,(#1532,#1533)
    ,(#1534,#1535)
    ,(#1536,#1537)
    ,(#1538,#1539)
    ,(#1540,#1541)
    ,(#1542,#1543)
    ,(#1544,#1545)
    ,(#1546,#1547)
    ,(#1548,#1549
    )),.UNSPECIFIED.,.F.,.F.,.F.,(4,1,1,1,1,1,1,1,1,1,1,1,4),(2,2),(0.,
    2.000557406892,4.004814065379,6.014514691078,8.029736472213,
    10.049318463555,12.071283114429,14.093247765303,16.112829756645,
    18.12805153778,20.137752163479,22.142008821966,24.142566228858),(0.,
    1.),.UNSPECIFIED.);
#1520 = CARTESIAN_POINT('',(147.,-70.4,6.2));
#1521 = CARTESIAN_POINT('',(65.,-70.4,6.2));
#1522 = CARTESIAN_POINT('',(147.,-71.06709240435,6.200005814187));
#1523 = CARTESIAN_POINT('',(65.,-71.06709240435,6.200005814187));
#1524 = CARTESIAN_POINT('',(147.,-72.40182802419,6.166586997704));
#1525 = CARTESIAN_POINT('',(65.,-72.40182802419,6.166586997704));
#1526 = CARTESIAN_POINT('',(147.,-74.40278057006,6.0331027456));
#1527 = CARTESIAN_POINT('',(65.,-74.40278057006,6.0331027456));
#1528 = CARTESIAN_POINT('',(147.,-76.40277138353,5.833014937547));
#1529 = CARTESIAN_POINT('',(65.,-76.40277138353,5.833014937547));
#1530 = CARTESIAN_POINT('',(147.,-78.40218423979,5.583036136602));
#1531 = CARTESIAN_POINT('',(65.,-78.40218423979,5.583036136602));
#1532 = CARTESIAN_POINT('',(147.,-80.40118904718,5.299822755256));
#1533 = CARTESIAN_POINT('',(65.,-80.40118904718,5.299822755256));
#1534 = CARTESIAN_POINT('',(147.,-82.4,5.));
#1535 = CARTESIAN_POINT('',(65.,-82.4,5.));
#1536 = CARTESIAN_POINT('',(147.,-84.39881095281,4.700177244744));
#1537 = CARTESIAN_POINT('',(65.,-84.39881095281,4.700177244744));
#1538 = CARTESIAN_POINT('',(147.,-86.3978157602,4.416963863398));
#1539 = CARTESIAN_POINT('',(65.,-86.3978157602,4.416963863398));
#1540 = CARTESIAN_POINT('',(147.,-88.39722861647,4.166985062453));
#1541 = CARTESIAN_POINT('',(65.,-88.39722861647,4.166985062453));
#1542 = CARTESIAN_POINT('',(147.,-90.39721942993,3.9668972544));
#1543 = CARTESIAN_POINT('',(65.,-90.39721942993,3.9668972544));
#1544 = CARTESIAN_POINT('',(147.,-92.3981719758,3.833413002296));
#1545 = CARTESIAN_POINT('',(65.,-92.3981719758,3.833413002296));
#1546 = CARTESIAN_POINT('',(147.,-93.73290759565,3.799994185813));
#1547 = CARTESIAN_POINT('',(65.,-93.73290759565,3.799994185813));
#1548 = CARTESIAN_POINT('',(147.,-94.4,3.8));
#1549 = CARTESIAN_POINT('',(65.,-94.4,3.8));
#1550 = DEFINITIONAL_REPRESENTATION('',(#1551),#1709);
#1551 = B_SPLINE_CURVE_WITH_KNOTS('',3,(#1552,#1553,#1554,#1555,#1556,
    #1557,#1558,#1559,#1560,#1561,#1562,#1563,#1564,#1565,#1566,#1567,
    #1568,#1569,#1570,#1571,#1572,#1573,#1574,#1575,#1576,#1577,#1578,
    #1579,#1580,#1581,#1582,#1583,#1584,#1585,#1586,#1587,#1588,#1589,
    #1590,#1591,#1592,#1593,#1594,#1595,#1596,#1597,#1598,#1599,#1600,
    #1601,#1602,#1603,#1604,#1605,#1606,#1607,#1608,#1609,#1610,#1611,
    #1612,#1613,#1614,#1615,#1616,#1617,#1618,#1619,#1620,#1621,#1622,
    #1623,#1624,#1625,#1626,#1627,#1628,#1629,#1630,#1631,#1632,#1633,
    #1634,#1635,#1636,#1637,#1638,#1639,#1640,#1641,#1642,#1643,#1644,
    #1645,#1646,#1647,#1648,#1649,#1650,#1651,#1652,#1653,#1654,#1655,
    #1656,#1657,#1658,#1659,#1660,#1661,#1662,#1663,#1664,#1665,#1666,
    #1667,#1668,#1669,#1670,#1671,#1672,#1673,#1674,#1675,#1676,#1677,
    #1678,#1679,#1680,#1681,#1682,#1683,#1684,#1685,#1686,#1687,#1688,
    #1689,#1690,#1691,#1692,#1693,#1694,#1695,#1696,#1697,#1698,#1699,
    #1700,#1701,#1702,#1703,#1704,#1705,#1706,#1707,#1708),
  .UNSPECIFIED.,.F.,.F.,(4,1,1,1,1,1,1,1,1,1,1,1,1,1,1,1,1,1,1,1,1,1,1,1
    ,1,1,1,1,1,1,1,1,1,1,1,1,1,1,1,1,1,1,1,1,1,1,1,1,1,1,1,1,1,1,1,1,1,1
    ,1,1,1,1,1,1,1,1,1,1,1,1,1,1,1,1,1,1,1,1,1,1,1,1,1,1,1,1,1,1,1,1,1,1
    ,1,1,1,1,1,1,1,1,1,1,1,1,1,1,1,1,1,1,1,1,1,1,1,1,1,1,1,1,1,1,1,1,1,1
    ,1,1,1,1,1,1,1,1,1,1,1,1,1,1,1,1,1,1,1,1,1,1,1,1,1,1,1,1,4),(
    1.276010595844,1.283384652406,1.290758708967,1.298132765528,
    1.30550682209,1.312880878651,1.320254935213,1.327628991774,
    1.335003048335,1.342377104897,1.349751161458,1.35712521802,
    1.364499274581,1.371873331142,1.379247387704,1.386621444265,
    1.393995500827,1.401369557388,1.408743613949,1.416117670511,
    1.423491727072,1.430865783633,1.438239840195,1.445613896756,
    1.452987953318,1.460362009879,1.46773606644,1.475110123002,
    1.482484179563,1.489858236125,1.497232292686,1.504606349247,
    1.511980405809,1.51935446237,1.526728518932,1.534102575493,
    1.541476632054,1.548850688616,1.556224745177,1.563598801739,
    1.5709728583,1.578346914861,1.585720971423,1.593095027984,
    1.600469084546,1.607843141107,1.615217197668,1.62259125423,
    1.629965310791,1.637339367353,1.644713423914,1.652087480475,
    1.659461537037,1.666835593598,1.674209650159,1.681583706721,
    1.688957763282,1.696331819844,1.703705876405,1.711079932966,
    1.718453989528,1.725828046089,1.733202102651,1.740576159212,
    1.747950215773,1.755324272335,1.762698328896,1.770072385458,
    1.777446442019,1.78482049858,1.792194555142,1.799568611703,
    1.806942668265,1.814316724826,1.821690781387,1.829064837949,
    1.83643889451,1.843812951072,1.851187007633,1.858561064194,
    1.865935120756,1.873309177317,1.880683233879,1.88805729044,
    1.895431347001,1.902805403563,1.910179460124,1.917553516686,
    1.924927573247,1.932301629808,1.93967568637,1.947049742931,
    1.954423799492,1.961797856054,1.969171912615,1.976545969177,
    1.983920025738,1.991294082299,1.998668138861,2.006042195422,
    2.013416251984,2.020790308545,2.028164365106,2.035538421668,
    2.042912478229,2.050286534791,2.057660591352,2.065034647913,
    2.072408704475,2.079782761036,2.087156817598,2.094530874159,
    2.10190493072,2.109278987282,2.116653043843,2.124027100405,
    2.131401156966,2.138775213527,2.146149270089,2.15352332665,
    2.160897383212,2.168271439773,2.175645496334,2.183019552896,
    2.190393609457,2.197767666019,2.20514172258,2.212515779141,
    2.219889835703,2.227263892264,2.234637948825,2.242012005387,
    2.249386061948,2.25676011851,2.264134175071,2.271508231632,
    2.278882288194,2.286256344755,2.293630401317,2.301004457878,
    2.308378514439,2.315752571001,2.323126627562,2.330500684124,
    2.337874740685,2.345248797246,2.352622853808,2.359996910369,
    2.367370966931,2.374745023492,2.382119080053,2.389493136615,
    2.396867193176,2.404241249738,2.411615306299),
  .QUASI_UNIFORM_KNOTS.);
#1552 = CARTESIAN_POINT('',(19.937042786086,0.19289256621));
#1553 = CARTESIAN_POINT('',(19.966836578486,0.192979428539));
#1554 = CARTESIAN_POINT('',(20.02654156334,0.193141829887));
#1555 = CARTESIAN_POINT('',(20.116404817007,0.193351616133));
#1556 = CARTESIAN_POINT('',(20.206527057226,0.193527751961));
#1557 = CARTESIAN_POINT('',(20.296862775374,0.193670363509));
#1558 = CARTESIAN_POINT('',(20.387366953974,0.193779551744));
#1559 = CARTESIAN_POINT('',(20.477996119534,0.193855388972));
#1560 = CARTESIAN_POINT('',(20.568704458007,0.193897921021));
#1561 = CARTESIAN_POINT('',(20.659458238291,0.193907164292));
#1562 = CARTESIAN_POINT('',(20.750175917604,0.193883117907));
#1563 = CARTESIAN_POINT('',(20.840819614197,0.193825780308));
#1564 = CARTESIAN_POINT('',(20.931358086359,0.193735100809));
#1565 = CARTESIAN_POINT('',(21.021754665578,0.193610991827));
#1566 = CARTESIAN_POINT('',(21.111970524908,0.193453330828));
#1567 = CARTESIAN_POINT('',(21.201963823842,0.193261964231));
#1568 = CARTESIAN_POINT('',(21.29168994631,0.193036710098));
#1569 = CARTESIAN_POINT('',(21.38110143605,0.192777360536));
#1570 = CARTESIAN_POINT('',(21.470148004811,0.192483683635));
#1571 = CARTESIAN_POINT('',(21.558776513624,0.192155425025));
#1572 = CARTESIAN_POINT('',(21.646930954102,0.191792309052));
#1573 = CARTESIAN_POINT('',(21.734552422185,0.191394039554));
#1574 = CARTESIAN_POINT('',(21.821579085417,0.190960300237));
#1575 = CARTESIAN_POINT('',(21.907946141756,0.190490754581));
#1576 = CARTESIAN_POINT('',(21.993585768717,0.189985045235));
#1577 = CARTESIAN_POINT('',(22.078427058761,0.189442792818));
#1578 = CARTESIAN_POINT('',(22.162395944619,0.188863594014));
#1579 = CARTESIAN_POINT('',(22.245415086487,0.188247018893));
#1580 = CARTESIAN_POINT('',(22.327403719167,0.187592607214));
#1581 = CARTESIAN_POINT('',(22.408277575059,0.186899863916));
#1582 = CARTESIAN_POINT('',(22.487948642289,0.186168252361));
#1583 = CARTESIAN_POINT('',(22.566325168933,0.185397189835));
#1584 = CARTESIAN_POINT('',(22.643310607349,0.18458602765));
#1585 = CARTESIAN_POINT('',(22.71874106931,0.183734789589));
#1586 = CARTESIAN_POINT('',(22.792500526762,0.182842974811));
#1587 = CARTESIAN_POINT('',(22.864450584393,0.181910255736));
#1588 = CARTESIAN_POINT('',(22.934445812537,0.180936340963));
#1589 = CARTESIAN_POINT('',(23.002328571003,0.179921054363));
#1590 = CARTESIAN_POINT('',(23.067936933538,0.178864215475));
#1591 = CARTESIAN_POINT('',(23.131080719163,0.17776609852));
#1592 = CARTESIAN_POINT('',(23.19163449967,0.176625730344));
#1593 = CARTESIAN_POINT('',(23.249395813518,0.175443285573));
#1594 = CARTESIAN_POINT('',(23.304122839176,0.17421985244));
#1595 = CARTESIAN_POINT('',(23.355581142675,0.172956602717));
#1596 = CARTESIAN_POINT('',(23.403533767652,0.171655031566));
#1597 = CARTESIAN_POINT('',(23.447746708261,0.170316911235));
#1598 = CARTESIAN_POINT('',(23.487990486062,0.168944322178));
#1599 = CARTESIAN_POINT('',(23.524043040549,0.167539664402));
#1600 = CARTESIAN_POINT('',(23.555692601018,0.166105675555));
#1601 = CARTESIAN_POINT('',(23.582740979895,0.16464544858));
#1602 = CARTESIAN_POINT('',(23.605007272897,0.16316245315));
#1603 = CARTESIAN_POINT('',(23.622332091009,0.161660553514));
#1604 = CARTESIAN_POINT('',(23.634582438661,0.160144050783));
#1605 = CARTESIAN_POINT('',(23.641657348316,0.158617647899));
#1606 = CARTESIAN_POINT('',(23.643494502314,0.157086719676));
#1607 = CARTESIAN_POINT('',(23.64007767837,0.155556449965));
#1608 = CARTESIAN_POINT('',(23.631433472415,0.154031953393));
#1609 = CARTESIAN_POINT('',(23.617631689447,0.152518357582));
#1610 = CARTESIAN_POINT('',(23.598779405688,0.15102030233));
#1611 = CARTESIAN_POINT('',(23.575016162885,0.14954208988));
#1612 = CARTESIAN_POINT('',(23.546509486695,0.148087659947));
#1613 = CARTESIAN_POINT('',(23.513450877716,0.146660609697));
#1614 = CARTESIAN_POINT('',(23.476052488443,0.145264204261));
#1615 = CARTESIAN_POINT('',(23.434543484429,0.143901375238));
#1616 = CARTESIAN_POINT('',(23.389169883757,0.142574771811));
#1617 = CARTESIAN_POINT('',(23.340155912925,0.141285877077));
#1618 = CARTESIAN_POINT('',(23.287721248443,0.140035866505));
#1619 = CARTESIAN_POINT('',(23.232081988253,0.138825684308));
#1620 = CARTESIAN_POINT('',(23.173448560194,0.137656051579));
#1621 = CARTESIAN_POINT('',(23.112024650161,0.136527490122));
#1622 = CARTESIAN_POINT('',(23.048006028283,0.135440339861));
#1623 = CARTESIAN_POINT('',(22.981579550464,0.134394776185));
#1624 = CARTESIAN_POINT('',(22.912922218403,0.13339082569));
#1625 = CARTESIAN_POINT('',(22.842200358979,0.132428381748));
#1626 = CARTESIAN_POINT('',(22.76956866708,0.131507217509));
#1627 = CARTESIAN_POINT('',(22.695169945334,0.130627006176));
#1628 = CARTESIAN_POINT('',(22.619132333436,0.129787313282));
#1629 = CARTESIAN_POINT('',(22.541575893483,0.128987693988));
#1630 = CARTESIAN_POINT('',(22.462624755591,0.128227800364));
#1631 = CARTESIAN_POINT('',(22.382384398237,0.127507150988));
#1632 = CARTESIAN_POINT('',(22.300956815307,0.126825296602));
#1633 = CARTESIAN_POINT('',(22.218436628293,0.126181779386));
#1634 = CARTESIAN_POINT('',(22.134911818424,0.125576143736));
#1635 = CARTESIAN_POINT('',(22.050464662343,0.125007943482));
#1636 = CARTESIAN_POINT('',(21.965173633495,0.124476757175));
#1637 = CARTESIAN_POINT('',(21.879111357279,0.123982171476));
#1638 = CARTESIAN_POINT('',(21.792347341835,0.12352379885));
#1639 = CARTESIAN_POINT('',(21.704945430083,0.123101264889));
#1640 = CARTESIAN_POINT('',(21.616971694495,0.122714243331));
#1641 = CARTESIAN_POINT('',(21.528483625251,0.122362403737));
#1642 = CARTESIAN_POINT('',(21.439535077199,0.122045440619));
#1643 = CARTESIAN_POINT('',(21.350178994919,0.121763082081));
#1644 = CARTESIAN_POINT('',(21.260466735795,0.121515084887));
#1645 = CARTESIAN_POINT('',(21.170448299027,0.121301233755));
#1646 = CARTESIAN_POINT('',(21.080172306446,0.121121340097));
#1647 = CARTESIAN_POINT('',(20.989686043758,0.12097524149));
#1648 = CARTESIAN_POINT('',(20.899035481789,0.120862801557));
#1649 = CARTESIAN_POINT('',(20.808265290778,0.120783910246));
#1650 = CARTESIAN_POINT('',(20.717418875943,0.120738484864));
#1651 = CARTESIAN_POINT('',(20.626538308364,0.120726470446));
#1652 = CARTESIAN_POINT('',(20.535664626664,0.120747844825));
#1653 = CARTESIAN_POINT('',(20.444858210721,0.120802598501));
#1654 = CARTESIAN_POINT('',(20.354153288299,0.120890754046));
#1655 = CARTESIAN_POINT('',(20.263591079287,0.121012367398));
#1656 = CARTESIAN_POINT('',(20.173213333907,0.121167524718));
#1657 = CARTESIAN_POINT('',(20.083064031446,0.121356340995));
#1658 = CARTESIAN_POINT('',(19.993189120174,0.121578958562));
#1659 = CARTESIAN_POINT('',(19.903636594272,0.121835546069));
#1660 = CARTESIAN_POINT('',(19.814456356911,0.122126297826));
#1661 = CARTESIAN_POINT('',(19.725700290025,0.122451433591));
#1662 = CARTESIAN_POINT('',(19.637422279636,0.122811198862));
#1663 = CARTESIAN_POINT('',(19.549678268769,0.123205865652));
#1664 = CARTESIAN_POINT('',(19.462526288005,0.123635734026));
#1665 = CARTESIAN_POINT('',(19.37602659216,0.124101133587));
#1666 = CARTESIAN_POINT('',(19.290241439798,0.124602428168));
#1667 = CARTESIAN_POINT('',(19.205236241003,0.125140011779));
#1668 = CARTESIAN_POINT('',(19.121075635668,0.125714340631));
#1669 = CARTESIAN_POINT('',(19.037838528564,0.126325834165));
#1670 = CARTESIAN_POINT('',(18.955615677965,0.126974868232));
#1671 = CARTESIAN_POINT('',(18.874491001037,0.127661918922));
#1672 = CARTESIAN_POINT('',(18.794558718546,0.128387441824));
#1673 = CARTESIAN_POINT('',(18.715919081613,0.12915189943));
#1674 = CARTESIAN_POINT('',(18.638678374096,0.12995576445));
#1675 = CARTESIAN_POINT('',(18.562953210142,0.130799471453));
#1676 = CARTESIAN_POINT('',(18.488867494728,0.131683443336));
#1677 = CARTESIAN_POINT('',(18.416552367221,0.132608092695));
#1678 = CARTESIAN_POINT('',(18.346151378038,0.13357375137));
#1679 = CARTESIAN_POINT('',(18.277818849535,0.134580671137));
#1680 = CARTESIAN_POINT('',(18.211718553599,0.135629029033));
#1681 = CARTESIAN_POINT('',(18.148027923216,0.136718843199));
#1682 = CARTESIAN_POINT('',(18.086919810874,0.137850241974));
#1683 = CARTESIAN_POINT('',(18.028536131507,0.139024190513));
#1684 = CARTESIAN_POINT('',(17.973133265633,0.140239518802));
#1685 = CARTESIAN_POINT('',(17.920947291687,0.141495194652));
#1686 = CARTESIAN_POINT('',(17.87222170601,0.142789796558));
#1687 = CARTESIAN_POINT('',(17.827197046286,0.1441216357));
#1688 = CARTESIAN_POINT('',(17.786110486848,0.145488703203));
#1689 = CARTESIAN_POINT('',(17.749192481186,0.14688866318));
#1690 = CARTESIAN_POINT('',(17.716663850087,0.148318832056));
#1691 = CARTESIAN_POINT('',(17.688732319683,0.149776160057));
#1692 = CARTESIAN_POINT('',(17.665588672274,0.151257208897));
#1693 = CARTESIAN_POINT('',(17.647402337711,0.152758131411));
#1694 = CARTESIAN_POINT('',(17.634316339898,0.154274633564));
#1695 = CARTESIAN_POINT('',(17.626441406116,0.155801988463));
#1696 = CARTESIAN_POINT('',(17.62384929245,0.157334840229));
#1697 = CARTESIAN_POINT('',(17.626564408386,0.158867773322));
#1698 = CARTESIAN_POINT('',(17.634565067992,0.160395525566));
#1699 = CARTESIAN_POINT('',(17.647783902734,0.16191280182));
#1700 = CARTESIAN_POINT('',(17.66611388074,0.163414826272));
#1701 = CARTESIAN_POINT('',(17.689413604886,0.16489717692));
#1702 = CARTESIAN_POINT('',(17.717512126851,0.166355812754));
#1703 = CARTESIAN_POINT('',(17.750213332609,0.167787053232));
#1704 = CARTESIAN_POINT('',(17.78729944006,0.169187561112));
#1705 = CARTESIAN_POINT('',(17.828535390145,0.170554364819));
#1706 = CARTESIAN_POINT('',(17.873667464973,0.171884724571));
#1707 = CARTESIAN_POINT('',(17.906201292502,0.172746451442));
#1708 = CARTESIAN_POINT('',(17.923040490508,0.173170731707));
#1709 = ( GEOMETRIC_REPRESENTATION_CONTEXT(2) 
PARAMETRIC_REPRESENTATION_CONTEXT() REPRESENTATION_CONTEXT('2D SPACE',''
  ) );
#1710 = ORIENTED_EDGE('',*,*,#1711,.T.);
#1711 = EDGE_CURVE('',#1246,#1082,#1712,.T.);
#1712 = SURFACE_CURVE('',#1713,(#1776,#1842),.PCURVE_S1.);
#1713 = B_SPLINE_CURVE_WITH_KNOTS('',7,(#1714,#1715,#1716,#1717,#1718,
    #1719,#1720,#1721,#1722,#1723,#1724,#1725,#1726,#1727,#1728,#1729,
    #1730,#1731,#1732,#1733,#1734,#1735,#1736,#1737,#1738,#1739,#1740,
    #1741,#1742,#1743,#1744,#1745,#1746,#1747,#1748,#1749,#1750,#1751,
    #1752,#1753,#1754,#1755,#1756,#1757,#1758,#1759,#1760,#1761,#1762,
    #1763,#1764,#1765,#1766,#1767,#1768,#1769,#1770,#1771,#1772,#1773,
    #1774,#1775),.UNSPECIFIED.,.F.,.F.,(8,6,6,6,6,6,6,6,6,6,8),(0.,
    0.118848051392,0.239989489272,0.321600229389,0.380257932799,
    0.415962614846,0.52307680558,0.677373125457,0.75515941362,
    0.832947136389,1.),.UNSPECIFIED.);
#1714 = CARTESIAN_POINT('',(132.8,-89.2,4.089176346332));
#1715 = CARTESIAN_POINT('',(132.8,-88.88020137708,4.121742985381));
#1716 = CARTESIAN_POINT('',(132.8,-88.56057354465,4.155982792533));
#1717 = CARTESIAN_POINT('',(132.8,-88.24111357785,4.191782939889));
#1718 = CARTESIAN_POINT('',(132.8,-87.92182613789,4.229021122123));
#1719 = CARTESIAN_POINT('',(132.8,-87.60269360604,4.267596625231));
#1720 = CARTESIAN_POINT('',(132.8,-87.28371394498,4.307391712023));
#1721 = CARTESIAN_POINT('',(132.8,-86.63988604886,4.389991494388));
#1722 = CARTESIAN_POINT('',(132.8,-86.3150433809,4.432839587087));
#1723 = CARTESIAN_POINT('',(132.8,-85.99034129984,4.476720724974));
#1724 = CARTESIAN_POINT('',(132.8,-85.66576570491,4.521520748118));
#1725 = CARTESIAN_POINT('',(132.8,-85.34130196082,4.567125394902));
#1726 = CARTESIAN_POINT('',(132.8,-85.01693662641,4.61341864964));
#1727 = CARTESIAN_POINT('',(132.8,-84.47419132972,4.691859440581));
#1728 = CARTESIAN_POINT('',(132.8,-84.25576614652,4.723693434218));
#1729 = CARTESIAN_POINT('',(132.8,-84.03737421338,4.755752661087));
#1730 = CARTESIAN_POINT('',(132.8,-83.81901059014,4.788002383866));
#1731 = CARTESIAN_POINT('',(132.8,-83.60067012372,4.820408075233));
#1732 = CARTESIAN_POINT('',(132.8,-83.38234762696,4.852935179308));
#1733 = CARTESIAN_POINT('',(132.8,-83.00712809711,4.90898995912));
#1734 = CARTESIAN_POINT('',(132.8,-82.85022480576,4.932475802999));
#1735 = CARTESIAN_POINT('',(132.8,-82.69332626945,4.955993536329));
#1736 = CARTESIAN_POINT('',(132.8,-82.53643057194,4.979530291055));
#1737 = CARTESIAN_POINT('',(132.8,-82.37953579462,5.003073199488));
#1738 = CARTESIAN_POINT('',(132.8,-82.22264001654,5.026609394307));
#1739 = CARTESIAN_POINT('',(132.8,-81.97023777513,5.064440466596));
#1740 = CARTESIAN_POINT('',(132.8,-81.8747331539,5.078747669628));
#1741 = CARTESIAN_POINT('',(132.8,-81.77922701759,5.093044715674));
#1742 = CARTESIAN_POINT('',(132.8,-81.68371893417,5.107328702608));
#1743 = CARTESIAN_POINT('',(132.8,-81.58820847259,5.121596728153));
#1744 = CARTESIAN_POINT('',(132.8,-81.49269520284,5.135845889879));
#1745 = CARTESIAN_POINT('',(132.8,-81.11062878818,5.192755528799));
#1746 = CARTESIAN_POINT('',(132.8,-80.82404994226,5.235241685871));
#1747 = CARTESIAN_POINT('',(132.8,-80.53743012018,5.277453881932));
#1748 = CARTESIAN_POINT('',(132.8,-80.25075790664,5.319313698061));
#1749 = CARTESIAN_POINT('',(132.8,-79.964022509,5.360742170906));
#1750 = CARTESIAN_POINT('',(132.8,-79.67721375729,5.401659792683));
#1751 = CARTESIAN_POINT('',(132.8,-78.97705915581,5.500076519733));
#1752 = CARTESIAN_POINT('',(132.8,-78.56362415756,5.556941002646));
#1753 = CARTESIAN_POINT('',(132.8,-78.14999014249,5.612339172612));
#1754 = CARTESIAN_POINT('',(132.8,-77.7361161009,5.666045989854));
#1755 = CARTESIAN_POINT('',(132.8,-77.32200363393,5.71779726049));
#1756 = CARTESIAN_POINT('',(132.8,-76.90762317113,5.767360632474));
#1757 = CARTESIAN_POINT('',(132.8,-76.28391951525,5.838246297766));
#1758 = CARTESIAN_POINT('',(132.8,-76.07480394426,5.861385951115));
#1759 = CARTESIAN_POINT('',(132.8,-75.86561631846,5.883874686821));
#1760 = CARTESIAN_POINT('',(132.8,-75.65635591706,5.905680380503));
#1761 = CARTESIAN_POINT('',(132.8,-75.44702228032,5.926770862391));
#1762 = CARTESIAN_POINT('',(132.8,-75.23761520953,5.947113917327));
#1763 = CARTESIAN_POINT('',(132.8,-74.81865046122,5.986241013001));
#1764 = CARTESIAN_POINT('',(132.8,-74.60909280217,6.005025046949));
#1765 = CARTESIAN_POINT('',(132.8,-74.39946217408,6.022997084049));
#1766 = CARTESIAN_POINT('',(132.8,-74.18975705568,6.040125224812));
#1767 = CARTESIAN_POINT('',(132.8,-73.97998008716,6.056376899553));
#1768 = CARTESIAN_POINT('',(132.8,-73.77013729112,6.071718966209));
#1769 = CARTESIAN_POINT('',(132.8,-73.10944543841,6.117043697445));
#1770 = CARTESIAN_POINT('',(132.8,-72.65836803986,6.143623236298));
#1771 = CARTESIAN_POINT('',(132.8,-72.20702686344,6.16553474498));
#1772 = CARTESIAN_POINT('',(132.8,-71.75548292245,6.182449169518));
#1773 = CARTESIAN_POINT('',(132.8,-71.30375481304,6.194047310098));
#1774 = CARTESIAN_POINT('',(132.8,-70.85190843211,6.200003938705));
#1775 = CARTESIAN_POINT('',(132.8,-70.4,6.2));
#1776 = PCURVE('',#249,#1777);
#1777 = DEFINITIONAL_REPRESENTATION('',(#1778),#1841);
#1778 = B_SPLINE_CURVE_WITH_KNOTS('',7,(#1779,#1780,#1781,#1782,#1783,
    #1784,#1785,#1786,#1787,#1788,#1789,#1790,#1791,#1792,#1793,#1794,
    #1795,#1796,#1797,#1798,#1799,#1800,#1801,#1802,#1803,#1804,#1805,
    #1806,#1807,#1808,#1809,#1810,#1811,#1812,#1813,#1814,#1815,#1816,
    #1817,#1818,#1819,#1820,#1821,#1822,#1823,#1824,#1825,#1826,#1827,
    #1828,#1829,#1830,#1831,#1832,#1833,#1834,#1835,#1836,#1837,#1838,
    #1839,#1840),.UNSPECIFIED.,.F.,.F.,(8,6,6,6,6,6,6,6,6,6,8),(0.,
    0.118848051392,0.239989489272,0.321600229389,0.380257932799,
    0.415962614846,0.52307680558,0.677373125457,0.75515941362,
    0.832947136389,1.),.UNSPECIFIED.);
#1779 = CARTESIAN_POINT('',(18.932623689197,0.173170731707));
#1780 = CARTESIAN_POINT('',(18.611180713306,0.173170731707));
#1781 = CARTESIAN_POINT('',(18.289737591356,0.173170731707));
#1782 = CARTESIAN_POINT('',(17.968295888836,0.173170731707));
#1783 = CARTESIAN_POINT('',(17.646846536307,0.173170731707));
#1784 = CARTESIAN_POINT('',(17.325402666578,0.173170731707));
#1785 = CARTESIAN_POINT('',(17.003957882796,0.173170731707));
#1786 = CARTESIAN_POINT('',(16.354865794567,0.173170731707));
#1787 = CARTESIAN_POINT('',(16.027218996917,0.173170731707));
#1788 = CARTESIAN_POINT('',(15.699568956508,0.173170731707));
#1789 = CARTESIAN_POINT('',(15.371918304965,0.173170731707));
#1790 = CARTESIAN_POINT('',(15.044268777192,0.173170731707));
#1791 = CARTESIAN_POINT('',(14.716619279997,0.173170731707));
#1792 = CARTESIAN_POINT('',(14.168237873325,0.173170731707));
#1793 = CARTESIAN_POINT('',(13.947506144775,0.173170731707));
#1794 = CARTESIAN_POINT('',(13.726774078515,0.173170731707));
#1795 = CARTESIAN_POINT('',(13.506041791458,0.173170731707));
#1796 = CARTESIAN_POINT('',(13.285309515278,0.173170731707));
#1797 = CARTESIAN_POINT('',(13.064577386028,0.173170731707));
#1798 = CARTESIAN_POINT('',(12.685194042714,0.173170731707));
#1799 = CARTESIAN_POINT('',(12.526542874774,0.173170731707));
#1800 = CARTESIAN_POINT('',(12.367891726781,0.173170731707));
#1801 = CARTESIAN_POINT('',(12.209240593186,0.173170731707));
#1802 = CARTESIAN_POINT('',(12.050589466032,0.173170731707));
#1803 = CARTESIAN_POINT('',(11.891938334964,0.173170731707));
#1804 = CARTESIAN_POINT('',(11.636716942274,0.173170731707));
#1805 = CARTESIAN_POINT('',(11.540146692543,0.173170731707));
#1806 = CARTESIAN_POINT('',(11.443576435892,0.173170731707));
#1807 = CARTESIAN_POINT('',(11.347006171196,0.173170731707));
#1808 = CARTESIAN_POINT('',(11.250435898346,0.173170731707));
#1809 = CARTESIAN_POINT('',(11.153865618246,0.173170731707));
#1810 = CARTESIAN_POINT('',(10.767584085459,0.173170731707));
#1811 = CARTESIAN_POINT('',(10.477872697453,0.173170731707));
#1812 = CARTESIAN_POINT('',(10.188161547541,0.173170731707));
#1813 = CARTESIAN_POINT('',(9.898450810634,0.173170731707));
#1814 = CARTESIAN_POINT('',(9.608740457813,0.173170731707));
#1815 = CARTESIAN_POINT('',(9.319030256326,0.173170731707));
#1816 = CARTESIAN_POINT('',(8.61199633535,0.173170731707));
#1817 = CARTESIAN_POINT('',(8.194673535059,0.173170731707));
#1818 = CARTESIAN_POINT('',(7.777347404063,0.173170731707));
#1819 = CARTESIAN_POINT('',(7.360035213478,0.173170731707));
#1820 = CARTESIAN_POINT('',(6.942711182423,0.173170731707));
#1821 = CARTESIAN_POINT('',(6.525389773293,0.173170731707));
#1822 = CARTESIAN_POINT('',(5.897683071396,0.173170731707));
#1823 = CARTESIAN_POINT('',(5.687297648019,0.173170731707));
#1824 = CARTESIAN_POINT('',(5.476912505689,0.173170731707));
#1825 = CARTESIAN_POINT('',(5.266527380634,0.173170731707));
#1826 = CARTESIAN_POINT('',(5.056142225383,0.173170731707));
#1827 = CARTESIAN_POINT('',(4.845757208772,0.173170731707));
#1828 = CARTESIAN_POINT('',(4.424984343008,0.173170731707));
#1829 = CARTESIAN_POINT('',(4.214596537559,0.173170731707));
#1830 = CARTESIAN_POINT('',(4.004209354719,0.173170731707));
#1831 = CARTESIAN_POINT('',(3.793825387846,0.173170731707));
#1832 = CARTESIAN_POINT('',(3.583443618908,0.173170731707));
#1833 = CARTESIAN_POINT('',(3.373060201422,0.173170731707));
#1834 = CARTESIAN_POINT('',(2.710866396013,0.173170731707));
#1835 = CARTESIAN_POINT('',(2.259052120481,0.173170731707));
#1836 = CARTESIAN_POINT('',(1.807230952506,0.173170731707));
#1837 = CARTESIAN_POINT('',(1.355384231023,0.173170731707));
#1838 = CARTESIAN_POINT('',(0.903552654297,0.173170731707));
#1839 = CARTESIAN_POINT('',(0.451745892682,0.173170731707));
#1840 = CARTESIAN_POINT('',(0.,0.173170731707));
#1841 = ( GEOMETRIC_REPRESENTATION_CONTEXT(2) 
PARAMETRIC_REPRESENTATION_CONTEXT() REPRESENTATION_CONTEXT('2D SPACE',''
  ) );
#1842 = PCURVE('',#1843,#1848);
#1843 = PLANE('',#1844);
#1844 = AXIS2_PLACEMENT_3D('',#1845,#1846,#1847);
#1845 = CARTESIAN_POINT('',(132.8,-89.2,-1.));
#1846 = DIRECTION('',(1.,-0.,-0.));
#1847 = DIRECTION('',(0.,-1.,0.));
#1848 = DEFINITIONAL_REPRESENTATION('',(#1849),#1912);
#1849 = B_SPLINE_CURVE_WITH_KNOTS('',7,(#1850,#1851,#1852,#1853,#1854,
    #1855,#1856,#1857,#1858,#1859,#1860,#1861,#1862,#1863,#1864,#1865,
    #1866,#1867,#1868,#1869,#1870,#1871,#1872,#1873,#1874,#1875,#1876,
    #1877,#1878,#1879,#1880,#1881,#1882,#1883,#1884,#1885,#1886,#1887,
    #1888,#1889,#1890,#1891,#1892,#1893,#1894,#1895,#1896,#1897,#1898,
    #1899,#1900,#1901,#1902,#1903,#1904,#1905,#1906,#1907,#1908,#1909,
    #1910,#1911),.UNSPECIFIED.,.F.,.F.,(8,6,6,6,6,6,6,6,6,6,8),(0.,
    0.118848051392,0.239989489272,0.321600229389,0.380257932799,
    0.415962614846,0.52307680558,0.677373125457,0.75515941362,
    0.832947136389,1.),.UNSPECIFIED.);
#1850 = CARTESIAN_POINT('',(0.,-5.089176346332));
#1851 = CARTESIAN_POINT('',(-0.319798622917,-5.121742985381));
#1852 = CARTESIAN_POINT('',(-0.639426455345,-5.155982792533));
#1853 = CARTESIAN_POINT('',(-0.958886422147,-5.191782939889));
#1854 = CARTESIAN_POINT('',(-1.278173862104,-5.229021122123));
#1855 = CARTESIAN_POINT('',(-1.597306393955,-5.267596625231));
#1856 = CARTESIAN_POINT('',(-1.916286055011,-5.307391712023));
#1857 = CARTESIAN_POINT('',(-2.560113951137,-5.389991494388));
#1858 = CARTESIAN_POINT('',(-2.884956619097,-5.432839587087));
#1859 = CARTESIAN_POINT('',(-3.209658700156,-5.476720724974));
#1860 = CARTESIAN_POINT('',(-3.534234295087,-5.521520748118));
#1861 = CARTESIAN_POINT('',(-3.858698039175,-5.567125394902));
#1862 = CARTESIAN_POINT('',(-4.18306337359,-5.61341864964));
#1863 = CARTESIAN_POINT('',(-4.725808670278,-5.691859440581));
#1864 = CARTESIAN_POINT('',(-4.944233853475,-5.723693434218));
#1865 = CARTESIAN_POINT('',(-5.162625786615,-5.755752661087));
#1866 = CARTESIAN_POINT('',(-5.38098940986,-5.788002383866));
#1867 = CARTESIAN_POINT('',(-5.599329876272,-5.820408075233));
#1868 = CARTESIAN_POINT('',(-5.817652373032,-5.852935179308));
#1869 = CARTESIAN_POINT('',(-6.192871902888,-5.90898995912));
#1870 = CARTESIAN_POINT('',(-6.349775194234,-5.932475802999));
#1871 = CARTESIAN_POINT('',(-6.506673730548,-5.955993536329));
#1872 = CARTESIAN_POINT('',(-6.663569428059,-5.979530291055));
#1873 = CARTESIAN_POINT('',(-6.820464205371,-6.003073199488));
#1874 = CARTESIAN_POINT('',(-6.97735998346,-6.026609394307));
#1875 = CARTESIAN_POINT('',(-7.229762224867,-6.064440466596));
#1876 = CARTESIAN_POINT('',(-7.325266846095,-6.078747669628));
#1877 = CARTESIAN_POINT('',(-7.420772982403,-6.093044715674));
#1878 = CARTESIAN_POINT('',(-7.516281065827,-6.107328702608));
#1879 = CARTESIAN_POINT('',(-7.611791527402,-6.121596728153));
#1880 = CARTESIAN_POINT('',(-7.707304797159,-6.135845889879));
#1881 = CARTESIAN_POINT('',(-8.089371211817,-6.192755528799));
#1882 = CARTESIAN_POINT('',(-8.375950057731,-6.235241685871));
#1883 = CARTESIAN_POINT('',(-8.662569879814,-6.277453881932));
#1884 = CARTESIAN_POINT('',(-8.949242093357,-6.319313698061));
#1885 = CARTESIAN_POINT('',(-9.235977490994,-6.360742170906));
#1886 = CARTESIAN_POINT('',(-9.522786242702,-6.401659792683));
#1887 = CARTESIAN_POINT('',(-10.22294084418,-6.500076519733));
#1888 = CARTESIAN_POINT('',(-10.63637584243,-6.556941002646));
#1889 = CARTESIAN_POINT('',(-11.0500098575,-6.612339172612));
#1890 = CARTESIAN_POINT('',(-11.46388389909,-6.666045989854));
#1891 = CARTESIAN_POINT('',(-11.87799636606,-6.71779726049));
#1892 = CARTESIAN_POINT('',(-12.29237682886,-6.767360632474));
#1893 = CARTESIAN_POINT('',(-12.91608048474,-6.838246297766));
#1894 = CARTESIAN_POINT('',(-13.12519605573,-6.861385951115));
#1895 = CARTESIAN_POINT('',(-13.33438368153,-6.883874686821));
#1896 = CARTESIAN_POINT('',(-13.54364408293,-6.905680380503));
#1897 = CARTESIAN_POINT('',(-13.75297771968,-6.926770862391));
#1898 = CARTESIAN_POINT('',(-13.96238479046,-6.947113917327));
#1899 = CARTESIAN_POINT('',(-14.38134953877,-6.986241013001));
#1900 = CARTESIAN_POINT('',(-14.59090719782,-7.005025046949));
#1901 = CARTESIAN_POINT('',(-14.80053782591,-7.022997084049));
#1902 = CARTESIAN_POINT('',(-15.01024294431,-7.040125224812));
#1903 = CARTESIAN_POINT('',(-15.22001991283,-7.056376899553));
#1904 = CARTESIAN_POINT('',(-15.42986270887,-7.071718966209));
#1905 = CARTESIAN_POINT('',(-16.09055456158,-7.117043697445));
#1906 = CARTESIAN_POINT('',(-16.54163196013,-7.143623236298));
#1907 = CARTESIAN_POINT('',(-16.99297313655,-7.16553474498));
#1908 = CARTESIAN_POINT('',(-17.44451707754,-7.182449169518));
#1909 = CARTESIAN_POINT('',(-17.89624518695,-7.194047310098));
#1910 = CARTESIAN_POINT('',(-18.34809156788,-7.200003938705));
#1911 = CARTESIAN_POINT('',(-18.8,-7.2));
#1912 = ( GEOMETRIC_REPRESENTATION_CONTEXT(2) 
PARAMETRIC_REPRESENTATION_CONTEXT() REPRESENTATION_CONTEXT('2D SPACE',''
  ) );
#1913 = ADVANCED_FACE('',(#1914,#2255),#379,.T.);
#1914 = FACE_BOUND('',#1915,.F.);
#1915 = EDGE_LOOP('',(#1916,#1917,#1918,#1941,#1970,#1998,#2027,#2055,
    #2107,#2159,#2182,#2210,#2233));
#1916 = ORIENTED_EDGE('',*,*,#363,.F.);
#1917 = ORIENTED_EDGE('',*,*,#1081,.T.);
#1918 = ORIENTED_EDGE('',*,*,#1919,.F.);
#1919 = EDGE_CURVE('',#1920,#1082,#1922,.T.);
#1920 = VERTEX_POINT('',#1921);
#1921 = CARTESIAN_POINT('',(132.8,-5.2,6.2));
#1922 = SURFACE_CURVE('',#1923,(#1927,#1934),.PCURVE_S1.);
#1923 = LINE('',#1924,#1925);
#1924 = CARTESIAN_POINT('',(132.8,-39.6,6.2));
#1925 = VECTOR('',#1926,1.);
#1926 = DIRECTION('',(-0.,-1.,-0.));
#1927 = PCURVE('',#379,#1928);
#1928 = DEFINITIONAL_REPRESENTATION('',(#1929),#1933);
#1929 = LINE('',#1930,#1931);
#1930 = CARTESIAN_POINT('',(-49.6,-67.8));
#1931 = VECTOR('',#1932,1.);
#1932 = DIRECTION('',(-1.,0.));
#1933 = ( GEOMETRIC_REPRESENTATION_CONTEXT(2) 
PARAMETRIC_REPRESENTATION_CONTEXT() REPRESENTATION_CONTEXT('2D SPACE',''
  ) );
#1934 = PCURVE('',#1843,#1935);
#1935 = DEFINITIONAL_REPRESENTATION('',(#1936),#1940);
#1936 = LINE('',#1937,#1938);
#1937 = CARTESIAN_POINT('',(-49.6,-7.2));
#1938 = VECTOR('',#1939,1.);
#1939 = DIRECTION('',(1.,-0.));
#1940 = ( GEOMETRIC_REPRESENTATION_CONTEXT(2) 
PARAMETRIC_REPRESENTATION_CONTEXT() REPRESENTATION_CONTEXT('2D SPACE',''
  ) );
#1941 = ORIENTED_EDGE('',*,*,#1942,.T.);
#1942 = EDGE_CURVE('',#1920,#1943,#1945,.T.);
#1943 = VERTEX_POINT('',#1944);
#1944 = CARTESIAN_POINT('',(131.8,-4.2,6.2));
#1945 = SURFACE_CURVE('',#1946,(#1951,#1958),.PCURVE_S1.);
#1946 = CIRCLE('',#1947,1.);
#1947 = AXIS2_PLACEMENT_3D('',#1948,#1949,#1950);
#1948 = CARTESIAN_POINT('',(131.8,-5.2,6.2));
#1949 = DIRECTION('',(0.,0.,1.));
#1950 = DIRECTION('',(-1.,-0.,-0.));
#1951 = PCURVE('',#379,#1952);
#1952 = DEFINITIONAL_REPRESENTATION('',(#1953),#1957);
#1953 = CIRCLE('',#1954,1.);
#1954 = AXIS2_PLACEMENT_2D('',#1955,#1956);
#1955 = CARTESIAN_POINT('',(-15.2,-66.8));
#1956 = DIRECTION('',(-0.,1.));
#1957 = ( GEOMETRIC_REPRESENTATION_CONTEXT(2) 
PARAMETRIC_REPRESENTATION_CONTEXT() REPRESENTATION_CONTEXT('2D SPACE',''
  ) );
#1958 = PCURVE('',#1959,#1964);
#1959 = CYLINDRICAL_SURFACE('',#1960,1.);
#1960 = AXIS2_PLACEMENT_3D('',#1961,#1962,#1963);
#1961 = CARTESIAN_POINT('',(131.8,-5.2,-1.));
#1962 = DIRECTION('',(0.,-0.,-1.));
#1963 = DIRECTION('',(-1.,-0.,-0.));
#1964 = DEFINITIONAL_REPRESENTATION('',(#1965),#1969);
#1965 = LINE('',#1966,#1967);
#1966 = CARTESIAN_POINT('',(6.28318530718,-7.2));
#1967 = VECTOR('',#1968,1.);
#1968 = DIRECTION('',(-1.,0.));
#1969 = ( GEOMETRIC_REPRESENTATION_CONTEXT(2) 
PARAMETRIC_REPRESENTATION_CONTEXT() REPRESENTATION_CONTEXT('2D SPACE',''
  ) );
#1970 = ORIENTED_EDGE('',*,*,#1971,.F.);
#1971 = EDGE_CURVE('',#1972,#1943,#1974,.T.);
#1972 = VERTEX_POINT('',#1973);
#1973 = CARTESIAN_POINT('',(30.8,-4.2,6.2));
#1974 = SURFACE_CURVE('',#1975,(#1979,#1986),.PCURVE_S1.);
#1975 = LINE('',#1976,#1977);
#1976 = CARTESIAN_POINT('',(98.4,-4.2,6.2));
#1977 = VECTOR('',#1978,1.);
#1978 = DIRECTION('',(1.,0.,-0.));
#1979 = PCURVE('',#379,#1980);
#1980 = DEFINITIONAL_REPRESENTATION('',(#1981),#1985);
#1981 = LINE('',#1982,#1983);
#1982 = CARTESIAN_POINT('',(-14.2,-33.4));
#1983 = VECTOR('',#1984,1.);
#1984 = DIRECTION('',(-0.,-1.));
#1985 = ( GEOMETRIC_REPRESENTATION_CONTEXT(2) 
PARAMETRIC_REPRESENTATION_CONTEXT() REPRESENTATION_CONTEXT('2D SPACE',''
  ) );
#1986 = PCURVE('',#1987,#1992);
#1987 = PLANE('',#1988);
#1988 = AXIS2_PLACEMENT_3D('',#1989,#1990,#1991);
#1989 = CARTESIAN_POINT('',(131.8,-4.2,-1.));
#1990 = DIRECTION('',(-0.,1.,-0.));
#1991 = DIRECTION('',(1.,0.,0.));
#1992 = DEFINITIONAL_REPRESENTATION('',(#1993),#1997);
#1993 = LINE('',#1994,#1995);
#1994 = CARTESIAN_POINT('',(-33.4,-7.2));
#1995 = VECTOR('',#1996,1.);
#1996 = DIRECTION('',(1.,-0.));
#1997 = ( GEOMETRIC_REPRESENTATION_CONTEXT(2) 
PARAMETRIC_REPRESENTATION_CONTEXT() REPRESENTATION_CONTEXT('2D SPACE',''
  ) );
#1998 = ORIENTED_EDGE('',*,*,#1999,.T.);
#1999 = EDGE_CURVE('',#1972,#2000,#2002,.T.);
#2000 = VERTEX_POINT('',#2001);
#2001 = CARTESIAN_POINT('',(29.8,-5.2,6.2));
#2002 = SURFACE_CURVE('',#2003,(#2008,#2015),.PCURVE_S1.);
#2003 = CIRCLE('',#2004,1.);
#2004 = AXIS2_PLACEMENT_3D('',#2005,#2006,#2007);
#2005 = CARTESIAN_POINT('',(30.8,-5.2,6.2));
#2006 = DIRECTION('',(0.,0.,1.));
#2007 = DIRECTION('',(-1.,-0.,-0.));
#2008 = PCURVE('',#379,#2009);
#2009 = DEFINITIONAL_REPRESENTATION('',(#2010),#2014);
#2010 = CIRCLE('',#2011,1.);
#2011 = AXIS2_PLACEMENT_2D('',#2012,#2013);
#2012 = CARTESIAN_POINT('',(-15.2,34.2));
#2013 = DIRECTION('',(-0.,1.));
#2014 = ( GEOMETRIC_REPRESENTATION_CONTEXT(2) 
PARAMETRIC_REPRESENTATION_CONTEXT() REPRESENTATION_CONTEXT('2D SPACE',''
  ) );
#2015 = PCURVE('',#2016,#2021);
#2016 = CYLINDRICAL_SURFACE('',#2017,1.);
#2017 = AXIS2_PLACEMENT_3D('',#2018,#2019,#2020);
#2018 = CARTESIAN_POINT('',(30.8,-5.2,-1.));
#2019 = DIRECTION('',(0.,-0.,-1.));
#2020 = DIRECTION('',(-1.,-0.,-0.));
#2021 = DEFINITIONAL_REPRESENTATION('',(#2022),#2026);
#2022 = LINE('',#2023,#2024);
#2023 = CARTESIAN_POINT('',(6.28318530718,-7.2));
#2024 = VECTOR('',#2025,1.);
#2025 = DIRECTION('',(-1.,0.));
#2026 = ( GEOMETRIC_REPRESENTATION_CONTEXT(2) 
PARAMETRIC_REPRESENTATION_CONTEXT() REPRESENTATION_CONTEXT('2D SPACE',''
  ) );
#2027 = ORIENTED_EDGE('',*,*,#2028,.T.);
#2028 = EDGE_CURVE('',#2000,#2029,#2031,.T.);
#2029 = VERTEX_POINT('',#2030);
#2030 = CARTESIAN_POINT('',(29.8,-70.4,6.2));
#2031 = SURFACE_CURVE('',#2032,(#2036,#2043),.PCURVE_S1.);
#2032 = LINE('',#2033,#2034);
#2033 = CARTESIAN_POINT('',(29.8,-39.6,6.2));
#2034 = VECTOR('',#2035,1.);
#2035 = DIRECTION('',(-0.,-1.,-0.));
#2036 = PCURVE('',#379,#2037);
#2037 = DEFINITIONAL_REPRESENTATION('',(#2038),#2042);
#2038 = LINE('',#2039,#2040);
#2039 = CARTESIAN_POINT('',(-49.6,35.2));
#2040 = VECTOR('',#2041,1.);
#2041 = DIRECTION('',(-1.,0.));
#2042 = ( GEOMETRIC_REPRESENTATION_CONTEXT(2) 
PARAMETRIC_REPRESENTATION_CONTEXT() REPRESENTATION_CONTEXT('2D SPACE',''
  ) );
#2043 = PCURVE('',#2044,#2049);
#2044 = PLANE('',#2045);
#2045 = AXIS2_PLACEMENT_3D('',#2046,#2047,#2048);
#2046 = CARTESIAN_POINT('',(29.8,-89.2,-1.));
#2047 = DIRECTION('',(1.,-0.,-0.));
#2048 = DIRECTION('',(0.,-1.,0.));
#2049 = DEFINITIONAL_REPRESENTATION('',(#2050),#2054);
#2050 = LINE('',#2051,#2052);
#2051 = CARTESIAN_POINT('',(-49.6,-7.2));
#2052 = VECTOR('',#2053,1.);
#2053 = DIRECTION('',(1.,-0.));
#2054 = ( GEOMETRIC_REPRESENTATION_CONTEXT(2) 
PARAMETRIC_REPRESENTATION_CONTEXT() REPRESENTATION_CONTEXT('2D SPACE',''
  ) );
#2055 = ORIENTED_EDGE('',*,*,#2056,.T.);
#2056 = EDGE_CURVE('',#2029,#2057,#2059,.T.);
#2057 = VERTEX_POINT('',#2058);
#2058 = CARTESIAN_POINT('',(27.8,-70.4,6.2));
#2059 = SURFACE_CURVE('',#2060,(#2063,#2069),.PCURVE_S1.);
#2060 = B_SPLINE_CURVE_WITH_KNOTS('',1,(#2061,#2062),.UNSPECIFIED.,.F.,
  .F.,(2,2),(0.,1.),.PIECEWISE_BEZIER_KNOTS.);
#2061 = CARTESIAN_POINT('',(36.,-70.4,6.2));
#2062 = CARTESIAN_POINT('',(-12.38,-70.4,6.2));
#2063 = PCURVE('',#379,#2064);
#2064 = DEFINITIONAL_REPRESENTATION('',(#2065),#2068);
#2065 = B_SPLINE_CURVE_WITH_KNOTS('',1,(#2066,#2067),.UNSPECIFIED.,.F.,
  .F.,(2,2),(0.,1.),.PIECEWISE_BEZIER_KNOTS.);
#2066 = CARTESIAN_POINT('',(-80.4,29.));
#2067 = CARTESIAN_POINT('',(-80.4,77.38));
#2068 = ( GEOMETRIC_REPRESENTATION_CONTEXT(2) 
PARAMETRIC_REPRESENTATION_CONTEXT() REPRESENTATION_CONTEXT('2D SPACE',''
  ) );
#2069 = PCURVE('',#2070,#2101);
#2070 = B_SPLINE_SURFACE_WITH_KNOTS('',3,1,(
    (#2071,#2072)
    ,(#2073,#2074)
    ,(#2075,#2076)
    ,(#2077,#2078)
    ,(#2079,#2080)
    ,(#2081,#2082)
    ,(#2083,#2084)
    ,(#2085,#2086)
    ,(#2087,#2088)
    ,(#2089,#2090)
    ,(#2091,#2092)
    ,(#2093,#2094)
    ,(#2095,#2096)
    ,(#2097,#2098)
    ,(#2099,#2100
    )),.UNSPECIFIED.,.F.,.F.,.F.,(4,1,1,1,1,1,1,1,1,1,1,1,4),(2,2),(0.,
    2.00000000223,4.000000019275,6.000000058171,8.00000011929,
    10.000000198002,12.000000286343,14.000000374684,16.000000453395,
    18.000000514514,20.00000055341,22.000000570455,24.000000572685),(0.,
    1.),.UNSPECIFIED.);
#2071 = CARTESIAN_POINT('',(36.,-70.4,6.2));
#2072 = CARTESIAN_POINT('',(-12.38,-70.4,6.2));
#2073 = CARTESIAN_POINT('',(36.,-71.06666666835,6.2));
#2074 = CARTESIAN_POINT('',(-12.38,-71.06666666835,6.2));
#2075 = CARTESIAN_POINT('',(36.,-72.40000000733,6.199933333333));
#2076 = CARTESIAN_POINT('',(-12.38,-72.40000000733,6.199933333333));
#2077 = CARTESIAN_POINT('',(36.,-74.40000001119,6.199666666665));
#2078 = CARTESIAN_POINT('',(-12.38,-74.40000001119,6.199666666665));
#2079 = CARTESIAN_POINT('',(36.,-76.40000001122,6.199266666664));
#2080 = CARTESIAN_POINT('',(-12.38,-76.40000001122,6.199266666664));
#2081 = CARTESIAN_POINT('',(36.,-78.40000000889,6.198766666664));
#2082 = CARTESIAN_POINT('',(-12.38,-78.40000000889,6.198766666664));
#2083 = CARTESIAN_POINT('',(36.,-80.40000000486,6.198199999999));
#2084 = CARTESIAN_POINT('',(-12.38,-80.40000000486,6.198199999999));
#2085 = CARTESIAN_POINT('',(36.,-82.4,6.1976));
#2086 = CARTESIAN_POINT('',(-12.38,-82.4,6.1976));
#2087 = CARTESIAN_POINT('',(36.,-84.39999999514,6.197000000001));
#2088 = CARTESIAN_POINT('',(-12.38,-84.39999999514,6.197000000001));
#2089 = CARTESIAN_POINT('',(36.,-86.3999999911,6.196433333336));
#2090 = CARTESIAN_POINT('',(-12.38,-86.3999999911,6.196433333336));
#2091 = CARTESIAN_POINT('',(36.,-88.39999998877,6.195933333336));
#2092 = CARTESIAN_POINT('',(-12.38,-88.39999998877,6.195933333336));
#2093 = CARTESIAN_POINT('',(36.,-90.3999999888,6.195533333335));
#2094 = CARTESIAN_POINT('',(-12.38,-90.3999999888,6.195533333335));
#2095 = CARTESIAN_POINT('',(36.,-92.39999999266,6.195266666667));
#2096 = CARTESIAN_POINT('',(-12.38,-92.39999999266,6.195266666667));
#2097 = CARTESIAN_POINT('',(36.,-93.73333333164,6.1952));
#2098 = CARTESIAN_POINT('',(-12.38,-93.73333333164,6.1952));
#2099 = CARTESIAN_POINT('',(36.,-94.4,6.1952));
#2100 = CARTESIAN_POINT('',(-12.38,-94.4,6.1952));
#2101 = DEFINITIONAL_REPRESENTATION('',(#2102),#2106);
#2102 = LINE('',#2103,#2104);
#2103 = CARTESIAN_POINT('',(0.,0.));
#2104 = VECTOR('',#2105,1.);
#2105 = DIRECTION('',(0.,1.));
#2106 = ( GEOMETRIC_REPRESENTATION_CONTEXT(2) 
PARAMETRIC_REPRESENTATION_CONTEXT() REPRESENTATION_CONTEXT('2D SPACE',''
  ) );
#2107 = ORIENTED_EDGE('',*,*,#2108,.T.);
#2108 = EDGE_CURVE('',#2057,#2109,#2111,.T.);
#2109 = VERTEX_POINT('',#2110);
#2110 = CARTESIAN_POINT('',(-1.916264090198E-03,-70.4,6.2));
#2111 = SURFACE_CURVE('',#2112,(#2115,#2121),.PCURVE_S1.);
#2112 = B_SPLINE_CURVE_WITH_KNOTS('',1,(#2113,#2114),.UNSPECIFIED.,.F.,
  .F.,(2,2),(0.,1.),.PIECEWISE_BEZIER_KNOTS.);
#2113 = CARTESIAN_POINT('',(36.,-70.4,6.2));
#2114 = CARTESIAN_POINT('',(-12.38,-70.4,6.2));
#2115 = PCURVE('',#379,#2116);
#2116 = DEFINITIONAL_REPRESENTATION('',(#2117),#2120);
#2117 = B_SPLINE_CURVE_WITH_KNOTS('',1,(#2118,#2119),.UNSPECIFIED.,.F.,
  .F.,(2,2),(0.,1.),.PIECEWISE_BEZIER_KNOTS.);
#2118 = CARTESIAN_POINT('',(-80.4,29.));
#2119 = CARTESIAN_POINT('',(-80.4,77.38));
#2120 = ( GEOMETRIC_REPRESENTATION_CONTEXT(2) 
PARAMETRIC_REPRESENTATION_CONTEXT() REPRESENTATION_CONTEXT('2D SPACE',''
  ) );
#2121 = PCURVE('',#2122,#2153);
#2122 = B_SPLINE_SURFACE_WITH_KNOTS('',3,1,(
    (#2123,#2124)
    ,(#2125,#2126)
    ,(#2127,#2128)
    ,(#2129,#2130)
    ,(#2131,#2132)
    ,(#2133,#2134)
    ,(#2135,#2136)
    ,(#2137,#2138)
    ,(#2139,#2140)
    ,(#2141,#2142)
    ,(#2143,#2144)
    ,(#2145,#2146)
    ,(#2147,#2148)
    ,(#2149,#2150)
    ,(#2151,#2152
    )),.UNSPECIFIED.,.F.,.F.,.F.,(4,1,1,1,1,1,1,1,1,1,1,1,4),(2,2),(0.,
    2.00000000223,4.000000019275,6.000000058171,8.00000011929,
    10.000000198002,12.000000286343,14.000000374684,16.000000453395,
    18.000000514514,20.00000055341,22.000000570455,24.000000572685),(0.,
    1.),.UNSPECIFIED.);
#2123 = CARTESIAN_POINT('',(36.,-70.4,6.2));
#2124 = CARTESIAN_POINT('',(-12.38,-70.4,6.2));
#2125 = CARTESIAN_POINT('',(36.,-71.06666666835,6.2));
#2126 = CARTESIAN_POINT('',(-12.38,-71.06666666835,6.2));
#2127 = CARTESIAN_POINT('',(36.,-72.40000000733,6.199933333333));
#2128 = CARTESIAN_POINT('',(-12.38,-72.40000000733,6.199933333333));
#2129 = CARTESIAN_POINT('',(36.,-74.40000001119,6.199666666665));
#2130 = CARTESIAN_POINT('',(-12.38,-74.40000001119,6.199666666665));
#2131 = CARTESIAN_POINT('',(36.,-76.40000001122,6.199266666664));
#2132 = CARTESIAN_POINT('',(-12.38,-76.40000001122,6.199266666664));
#2133 = CARTESIAN_POINT('',(36.,-78.40000000889,6.198766666664));
#2134 = CARTESIAN_POINT('',(-12.38,-78.40000000889,6.198766666664));
#2135 = CARTESIAN_POINT('',(36.,-80.40000000486,6.198199999999));
#2136 = CARTESIAN_POINT('',(-12.38,-80.40000000486,6.198199999999));
#2137 = CARTESIAN_POINT('',(36.,-82.4,6.1976));
#2138 = CARTESIAN_POINT('',(-12.38,-82.4,6.1976));
#2139 = CARTESIAN_POINT('',(36.,-84.39999999514,6.197000000001));
#2140 = CARTESIAN_POINT('',(-12.38,-84.39999999514,6.197000000001));
#2141 = CARTESIAN_POINT('',(36.,-86.3999999911,6.196433333336));
#2142 = CARTESIAN_POINT('',(-12.38,-86.3999999911,6.196433333336));
#2143 = CARTESIAN_POINT('',(36.,-88.39999998877,6.195933333336));
#2144 = CARTESIAN_POINT('',(-12.38,-88.39999998877,6.195933333336));
#2145 = CARTESIAN_POINT('',(36.,-90.3999999888,6.195533333335));
#2146 = CARTESIAN_POINT('',(-12.38,-90.3999999888,6.195533333335));
#2147 = CARTESIAN_POINT('',(36.,-92.39999999266,6.195266666667));
#2148 = CARTESIAN_POINT('',(-12.38,-92.39999999266,6.195266666667));
#2149 = CARTESIAN_POINT('',(36.,-93.73333333164,6.1952));
#2150 = CARTESIAN_POINT('',(-12.38,-93.73333333164,6.1952));
#2151 = CARTESIAN_POINT('',(36.,-94.4,6.1952));
#2152 = CARTESIAN_POINT('',(-12.38,-94.4,6.1952));
#2153 = DEFINITIONAL_REPRESENTATION('',(#2154),#2158);
#2154 = LINE('',#2155,#2156);
#2155 = CARTESIAN_POINT('',(0.,0.));
#2156 = VECTOR('',#2157,1.);
#2157 = DIRECTION('',(0.,1.));
#2158 = ( GEOMETRIC_REPRESENTATION_CONTEXT(2) 
PARAMETRIC_REPRESENTATION_CONTEXT() REPRESENTATION_CONTEXT('2D SPACE',''
  ) );
#2159 = ORIENTED_EDGE('',*,*,#2160,.F.);
#2160 = EDGE_CURVE('',#2161,#2109,#2163,.T.);
#2161 = VERTEX_POINT('',#2162);
#2162 = CARTESIAN_POINT('',(-1.91626409017E-03,-3.,6.2));
#2163 = SURFACE_CURVE('',#2164,(#2168,#2175),.PCURVE_S1.);
#2164 = LINE('',#2165,#2166);
#2165 = CARTESIAN_POINT('',(-1.91626409017E-03,-18.6,6.2));
#2166 = VECTOR('',#2167,1.);
#2167 = DIRECTION('',(-0.,-1.,0.));
#2168 = PCURVE('',#379,#2169);
#2169 = DEFINITIONAL_REPRESENTATION('',(#2170),#2174);
#2170 = LINE('',#2171,#2172);
#2171 = CARTESIAN_POINT('',(-28.6,65.00191626409));
#2172 = VECTOR('',#2173,1.);
#2173 = DIRECTION('',(-1.,0.));
#2174 = ( GEOMETRIC_REPRESENTATION_CONTEXT(2) 
PARAMETRIC_REPRESENTATION_CONTEXT() REPRESENTATION_CONTEXT('2D SPACE',''
  ) );
#2175 = PCURVE('',#526,#2176);
#2176 = DEFINITIONAL_REPRESENTATION('',(#2177),#2181);
#2177 = LINE('',#2178,#2179);
#2178 = CARTESIAN_POINT('',(-28.6,-1.018194814676E-02));
#2179 = VECTOR('',#2180,1.);
#2180 = DIRECTION('',(1.,-0.));
#2181 = ( GEOMETRIC_REPRESENTATION_CONTEXT(2) 
PARAMETRIC_REPRESENTATION_CONTEXT() REPRESENTATION_CONTEXT('2D SPACE',''
  ) );
#2182 = ORIENTED_EDGE('',*,*,#2183,.T.);
#2183 = EDGE_CURVE('',#2161,#2184,#2186,.T.);
#2184 = VERTEX_POINT('',#2185);
#2185 = CARTESIAN_POINT('',(3.,1.916264090177E-03,6.2));
#2186 = SURFACE_CURVE('',#2187,(#2192,#2203),.PCURVE_S1.);
#2187 = CIRCLE('',#2188,3.00191626409);
#2188 = AXIS2_PLACEMENT_3D('',#2189,#2190,#2191);
#2189 = CARTESIAN_POINT('',(3.,-3.,6.2));
#2190 = DIRECTION('',(0.,0.,-1.));
#2191 = DIRECTION('',(-1.,-0.,-0.));
#2192 = PCURVE('',#379,#2193);
#2193 = DEFINITIONAL_REPRESENTATION('',(#2194),#2202);
#2194 = ( BOUNDED_CURVE() B_SPLINE_CURVE(2,(#2195,#2196,#2197,#2198,
#2199,#2200,#2201),.UNSPECIFIED.,.T.,.F.) B_SPLINE_CURVE_WITH_KNOTS((1,2
    ,2,2,2,1),(-2.094395102393,0.,2.094395102393,4.188790204786,
6.28318530718,8.377580409573),.UNSPECIFIED.) CURVE() 
GEOMETRIC_REPRESENTATION_ITEM() RATIONAL_B_SPLINE_CURVE((1.,0.5,1.,0.5,
1.,0.5,1.)) REPRESENTATION_ITEM('') );
#2195 = CARTESIAN_POINT('',(-13.,65.00191626409));
#2196 = CARTESIAN_POINT('',(-7.800528510528,65.00191626409));
#2197 = CARTESIAN_POINT('',(-10.40026425526,60.499041867955));
#2198 = CARTESIAN_POINT('',(-13.,55.99616747182));
#2199 = CARTESIAN_POINT('',(-15.59973574473,60.499041867955));
#2200 = CARTESIAN_POINT('',(-18.19947148947,65.00191626409));
#2201 = CARTESIAN_POINT('',(-13.,65.00191626409));
#2202 = ( GEOMETRIC_REPRESENTATION_CONTEXT(2) 
PARAMETRIC_REPRESENTATION_CONTEXT() REPRESENTATION_CONTEXT('2D SPACE',''
  ) );
#2203 = PCURVE('',#894,#2204);
#2204 = DEFINITIONAL_REPRESENTATION('',(#2205),#2209);
#2205 = LINE('',#2206,#2207);
#2206 = CARTESIAN_POINT('',(0.,-6.2));
#2207 = VECTOR('',#2208,1.);
#2208 = DIRECTION('',(1.,-0.));
#2209 = ( GEOMETRIC_REPRESENTATION_CONTEXT(2) 
PARAMETRIC_REPRESENTATION_CONTEXT() REPRESENTATION_CONTEXT('2D SPACE',''
  ) );
#2210 = ORIENTED_EDGE('',*,*,#2211,.T.);
#2211 = EDGE_CURVE('',#2184,#2212,#2214,.T.);
#2212 = VERTEX_POINT('',#2213);
#2213 = CARTESIAN_POINT('',(134.,1.916264090177E-03,6.2));
#2214 = SURFACE_CURVE('',#2215,(#2219,#2226),.PCURVE_S1.);
#2215 = LINE('',#2216,#2217);
#2216 = CARTESIAN_POINT('',(3.,1.916264090177E-03,6.2));
#2217 = VECTOR('',#2218,1.);
#2218 = DIRECTION('',(1.,-0.,-0.));
#2219 = PCURVE('',#379,#2220);
#2220 = DEFINITIONAL_REPRESENTATION('',(#2221),#2225);
#2221 = LINE('',#2222,#2223);
#2222 = CARTESIAN_POINT('',(-9.99808373591,62.));
#2223 = VECTOR('',#2224,1.);
#2224 = DIRECTION('',(-0.,-1.));
#2225 = ( GEOMETRIC_REPRESENTATION_CONTEXT(2) 
PARAMETRIC_REPRESENTATION_CONTEXT() REPRESENTATION_CONTEXT('2D SPACE',''
  ) );
#2226 = PCURVE('',#922,#2227);
#2227 = DEFINITIONAL_REPRESENTATION('',(#2228),#2232);
#2228 = LINE('',#2229,#2230);
#2229 = CARTESIAN_POINT('',(65.5,-1.018194814676E-02));
#2230 = VECTOR('',#2231,1.);
#2231 = DIRECTION('',(-1.,0.));
#2232 = ( GEOMETRIC_REPRESENTATION_CONTEXT(2) 
PARAMETRIC_REPRESENTATION_CONTEXT() REPRESENTATION_CONTEXT('2D SPACE',''
  ) );
#2233 = ORIENTED_EDGE('',*,*,#2234,.F.);
#2234 = EDGE_CURVE('',#364,#2212,#2235,.T.);
#2235 = SURFACE_CURVE('',#2236,(#2241,#2248),.PCURVE_S1.);
#2236 = CIRCLE('',#2237,3.00191626409);
#2237 = AXIS2_PLACEMENT_3D('',#2238,#2239,#2240);
#2238 = CARTESIAN_POINT('',(134.,-3.,6.2));
#2239 = DIRECTION('',(0.,0.,1.));
#2240 = DIRECTION('',(1.,-0.,-0.));
#2241 = PCURVE('',#379,#2242);
#2242 = DEFINITIONAL_REPRESENTATION('',(#2243),#2247);
#2243 = CIRCLE('',#2244,3.00191626409);
#2244 = AXIS2_PLACEMENT_2D('',#2245,#2246);
#2245 = CARTESIAN_POINT('',(-13.,-69.));
#2246 = DIRECTION('',(-0.,-1.));
#2247 = ( GEOMETRIC_REPRESENTATION_CONTEXT(2) 
PARAMETRIC_REPRESENTATION_CONTEXT() REPRESENTATION_CONTEXT('2D SPACE',''
  ) );
#2248 = PCURVE('',#405,#2249);
#2249 = DEFINITIONAL_REPRESENTATION('',(#2250),#2254);
#2250 = LINE('',#2251,#2252);
#2251 = CARTESIAN_POINT('',(3.14159265359,-6.2));
#2252 = VECTOR('',#2253,1.);
#2253 = DIRECTION('',(-1.,-0.));
#2254 = ( GEOMETRIC_REPRESENTATION_CONTEXT(2) 
PARAMETRIC_REPRESENTATION_CONTEXT() REPRESENTATION_CONTEXT('2D SPACE',''
  ) );
#2255 = FACE_BOUND('',#2256,.F.);
#2256 = EDGE_LOOP('',(#2257));
#2257 = ORIENTED_EDGE('',*,*,#2258,.T.);
#2258 = EDGE_CURVE('',#2259,#2259,#2261,.T.);
#2259 = VERTEX_POINT('',#2260);
#2260 = CARTESIAN_POINT('',(18.65,-54.05,6.2));
#2261 = SURFACE_CURVE('',#2262,(#2267,#2274),.PCURVE_S1.);
#2262 = CIRCLE('',#2263,0.8);
#2263 = AXIS2_PLACEMENT_3D('',#2264,#2265,#2266);
#2264 = CARTESIAN_POINT('',(19.45,-54.05,6.2));
#2265 = DIRECTION('',(0.,0.,1.));
#2266 = DIRECTION('',(-1.,-0.,-0.));
#2267 = PCURVE('',#379,#2268);
#2268 = DEFINITIONAL_REPRESENTATION('',(#2269),#2273);
#2269 = CIRCLE('',#2270,0.8);
#2270 = AXIS2_PLACEMENT_2D('',#2271,#2272);
#2271 = CARTESIAN_POINT('',(-64.05,45.55));
#2272 = DIRECTION('',(-0.,1.));
#2273 = ( GEOMETRIC_REPRESENTATION_CONTEXT(2) 
PARAMETRIC_REPRESENTATION_CONTEXT() REPRESENTATION_CONTEXT('2D SPACE',''
  ) );
#2274 = PCURVE('',#2275,#2280);
#2275 = CYLINDRICAL_SURFACE('',#2276,0.8);
#2276 = AXIS2_PLACEMENT_3D('',#2277,#2278,#2279);
#2277 = CARTESIAN_POINT('',(19.45,-54.05,0.));
#2278 = DIRECTION('',(0.,-0.,-1.));
#2279 = DIRECTION('',(-1.,-0.,-0.));
#2280 = DEFINITIONAL_REPRESENTATION('',(#2281),#2285);
#2281 = LINE('',#2282,#2283);
#2282 = CARTESIAN_POINT('',(6.28318530718,-6.2));
#2283 = VECTOR('',#2284,1.);
#2284 = DIRECTION('',(-1.,0.));
#2285 = ( GEOMETRIC_REPRESENTATION_CONTEXT(2) 
PARAMETRIC_REPRESENTATION_CONTEXT() REPRESENTATION_CONTEXT('2D SPACE',''
  ) );
#2286 = ADVANCED_FACE('',(#2287),#405,.T.);
#2287 = FACE_BOUND('',#2288,.F.);
#2288 = EDGE_LOOP('',(#2289,#2307,#2308,#2309));
#2289 = ORIENTED_EDGE('',*,*,#2290,.F.);
#2290 = EDGE_CURVE('',#907,#2212,#2291,.T.);
#2291 = SURFACE_CURVE('',#2292,(#2295,#2301),.PCURVE_S1.);
#2292 = B_SPLINE_CURVE_WITH_KNOTS('',1,(#2293,#2294),.UNSPECIFIED.,.F.,
  .F.,(2,2),(0.,1.),.PIECEWISE_BEZIER_KNOTS.);
#2293 = CARTESIAN_POINT('',(134.,1.19,0.));
#2294 = CARTESIAN_POINT('',(134.,0.,6.21));
#2295 = PCURVE('',#405,#2296);
#2296 = DEFINITIONAL_REPRESENTATION('',(#2297),#2300);
#2297 = B_SPLINE_CURVE_WITH_KNOTS('',1,(#2298,#2299),.UNSPECIFIED.,.F.,
  .F.,(2,2),(0.,1.),.PIECEWISE_BEZIER_KNOTS.);
#2298 = CARTESIAN_POINT('',(1.570796326795,0.));
#2299 = CARTESIAN_POINT('',(1.570796326795,-6.21));
#2300 = ( GEOMETRIC_REPRESENTATION_CONTEXT(2) 
PARAMETRIC_REPRESENTATION_CONTEXT() REPRESENTATION_CONTEXT('2D SPACE',''
  ) );
#2301 = PCURVE('',#922,#2302);
#2302 = DEFINITIONAL_REPRESENTATION('',(#2303),#2306);
#2303 = B_SPLINE_CURVE_WITH_KNOTS('',1,(#2304,#2305),.UNSPECIFIED.,.F.,
  .F.,(2,2),(0.,1.),.PIECEWISE_BEZIER_KNOTS.);
#2304 = CARTESIAN_POINT('',(-65.5,-6.322989799138));
#2305 = CARTESIAN_POINT('',(-65.5,0.));
#2306 = ( GEOMETRIC_REPRESENTATION_CONTEXT(2) 
PARAMETRIC_REPRESENTATION_CONTEXT() REPRESENTATION_CONTEXT('2D SPACE',''
  ) );
#2307 = ORIENTED_EDGE('',*,*,#934,.T.);
#2308 = ORIENTED_EDGE('',*,*,#391,.F.);
#2309 = ORIENTED_EDGE('',*,*,#2234,.T.);
#2310 = ADVANCED_FACE('',(#2311),#922,.T.);
#2311 = FACE_BOUND('',#2312,.F.);
#2312 = EDGE_LOOP('',(#2313,#2314,#2315,#2316));
#2313 = ORIENTED_EDGE('',*,*,#906,.F.);
#2314 = ORIENTED_EDGE('',*,*,#2290,.T.);
#2315 = ORIENTED_EDGE('',*,*,#2211,.F.);
#2316 = ORIENTED_EDGE('',*,*,#2317,.F.);
#2317 = EDGE_CURVE('',#874,#2184,#2318,.T.);
#2318 = SURFACE_CURVE('',#2319,(#2322,#2328),.PCURVE_S1.);
#2319 = B_SPLINE_CURVE_WITH_KNOTS('',1,(#2320,#2321),.UNSPECIFIED.,.F.,
  .F.,(2,2),(0.,1.),.PIECEWISE_BEZIER_KNOTS.);
#2320 = CARTESIAN_POINT('',(3.,1.19,0.));
#2321 = CARTESIAN_POINT('',(3.,0.,6.21));
#2322 = PCURVE('',#922,#2323);
#2323 = DEFINITIONAL_REPRESENTATION('',(#2324),#2327);
#2324 = B_SPLINE_CURVE_WITH_KNOTS('',1,(#2325,#2326),.UNSPECIFIED.,.F.,
  .F.,(2,2),(0.,1.),.PIECEWISE_BEZIER_KNOTS.);
#2325 = CARTESIAN_POINT('',(65.5,-6.322989799138));
#2326 = CARTESIAN_POINT('',(65.5,0.));
#2327 = ( GEOMETRIC_REPRESENTATION_CONTEXT(2) 
PARAMETRIC_REPRESENTATION_CONTEXT() REPRESENTATION_CONTEXT('2D SPACE',''
  ) );
#2328 = PCURVE('',#894,#2329);
#2329 = DEFINITIONAL_REPRESENTATION('',(#2330),#2333);
#2330 = B_SPLINE_CURVE_WITH_KNOTS('',1,(#2331,#2332),.UNSPECIFIED.,.F.,
  .F.,(2,2),(0.,1.),.PIECEWISE_BEZIER_KNOTS.);
#2331 = CARTESIAN_POINT('',(1.570796326795,0.));
#2332 = CARTESIAN_POINT('',(1.570796326795,-6.21));
#2333 = ( GEOMETRIC_REPRESENTATION_CONTEXT(2) 
PARAMETRIC_REPRESENTATION_CONTEXT() REPRESENTATION_CONTEXT('2D SPACE',''
  ) );
#2334 = ADVANCED_FACE('',(#2335),#894,.T.);
#2335 = FACE_BOUND('',#2336,.F.);
#2336 = EDGE_LOOP('',(#2337,#2355,#2356,#2357));
#2337 = ORIENTED_EDGE('',*,*,#2338,.F.);
#2338 = EDGE_CURVE('',#851,#2161,#2339,.T.);
#2339 = SURFACE_CURVE('',#2340,(#2343,#2349),.PCURVE_S1.);
#2340 = B_SPLINE_CURVE_WITH_KNOTS('',1,(#2341,#2342),.UNSPECIFIED.,.F.,
  .F.,(2,2),(0.,1.),.PIECEWISE_BEZIER_KNOTS.);
#2341 = CARTESIAN_POINT('',(-1.19,-3.,0.));
#2342 = CARTESIAN_POINT('',(0.,-3.,6.21));
#2343 = PCURVE('',#894,#2344);
#2344 = DEFINITIONAL_REPRESENTATION('',(#2345),#2348);
#2345 = B_SPLINE_CURVE_WITH_KNOTS('',1,(#2346,#2347),.UNSPECIFIED.,.F.,
  .F.,(2,2),(0.,1.),.PIECEWISE_BEZIER_KNOTS.);
#2346 = CARTESIAN_POINT('',(0.,0.));
#2347 = CARTESIAN_POINT('',(0.,-6.21));
#2348 = ( GEOMETRIC_REPRESENTATION_CONTEXT(2) 
PARAMETRIC_REPRESENTATION_CONTEXT() REPRESENTATION_CONTEXT('2D SPACE',''
  ) );
#2349 = PCURVE('',#526,#2350);
#2350 = DEFINITIONAL_REPRESENTATION('',(#2351),#2354);
#2351 = B_SPLINE_CURVE_WITH_KNOTS('',1,(#2352,#2353),.UNSPECIFIED.,.F.,
  .F.,(2,2),(0.,1.),.PIECEWISE_BEZIER_KNOTS.);
#2352 = CARTESIAN_POINT('',(-44.2,-6.322989799138));
#2353 = CARTESIAN_POINT('',(-44.2,0.));
#2354 = ( GEOMETRIC_REPRESENTATION_CONTEXT(2) 
PARAMETRIC_REPRESENTATION_CONTEXT() REPRESENTATION_CONTEXT('2D SPACE',''
  ) );
#2355 = ORIENTED_EDGE('',*,*,#873,.T.);
#2356 = ORIENTED_EDGE('',*,*,#2317,.T.);
#2357 = ORIENTED_EDGE('',*,*,#2183,.F.);
#2358 = ADVANCED_FACE('',(#2359),#526,.T.);
#2359 = FACE_BOUND('',#2360,.F.);
#2360 = EDGE_LOOP('',(#2361,#2381,#2382,#2405,#2433,#2454,#2455,#2456,
    #2457));
#2361 = ORIENTED_EDGE('',*,*,#2362,.F.);
#2362 = EDGE_CURVE('',#478,#2363,#2365,.T.);
#2363 = VERTEX_POINT('',#2364);
#2364 = CARTESIAN_POINT('',(-2.796547906598E-03,-91.4,6.19540625));
#2365 = SURFACE_CURVE('',#2366,(#2369,#2375),.PCURVE_S1.);
#2366 = B_SPLINE_CURVE_WITH_KNOTS('',1,(#2367,#2368),.UNSPECIFIED.,.F.,
  .F.,(2,2),(0.,1.),.PIECEWISE_BEZIER_KNOTS.);
#2367 = CARTESIAN_POINT('',(-1.19,-91.4,0.));
#2368 = CARTESIAN_POINT('',(0.,-91.4,6.21));
#2369 = PCURVE('',#526,#2370);
#2370 = DEFINITIONAL_REPRESENTATION('',(#2371),#2374);
#2371 = B_SPLINE_CURVE_WITH_KNOTS('',1,(#2372,#2373),.UNSPECIFIED.,.F.,
  .F.,(2,2),(0.,1.),.PIECEWISE_BEZIER_KNOTS.);
#2372 = CARTESIAN_POINT('',(44.2,-6.322989799138));
#2373 = CARTESIAN_POINT('',(44.2,0.));
#2374 = ( GEOMETRIC_REPRESENTATION_CONTEXT(2) 
PARAMETRIC_REPRESENTATION_CONTEXT() REPRESENTATION_CONTEXT('2D SPACE',''
  ) );
#2375 = PCURVE('',#498,#2376);
#2376 = DEFINITIONAL_REPRESENTATION('',(#2377),#2380);
#2377 = B_SPLINE_CURVE_WITH_KNOTS('',1,(#2378,#2379),.UNSPECIFIED.,.F.,
  .F.,(2,2),(0.,1.),.PIECEWISE_BEZIER_KNOTS.);
#2378 = CARTESIAN_POINT('',(6.28318530718,0.));
#2379 = CARTESIAN_POINT('',(6.28318530718,-6.21));
#2380 = ( GEOMETRIC_REPRESENTATION_CONTEXT(2) 
PARAMETRIC_REPRESENTATION_CONTEXT() REPRESENTATION_CONTEXT('2D SPACE',''
  ) );
#2381 = ORIENTED_EDGE('',*,*,#510,.T.);
#2382 = ORIENTED_EDGE('',*,*,#2383,.T.);
#2383 = EDGE_CURVE('',#511,#2384,#2386,.T.);
#2384 = VERTEX_POINT('',#2385);
#2385 = CARTESIAN_POINT('',(-0.53847020934,-57.15,3.4));
#2386 = SURFACE_CURVE('',#2387,(#2391,#2398),.PCURVE_S1.);
#2387 = LINE('',#2388,#2389);
#2388 = CARTESIAN_POINT('',(-0.613214528692,-57.15,3.009947711617));
#2389 = VECTOR('',#2390,1.);
#2390 = DIRECTION('',(0.188202106567,-0.,0.982130320825));
#2391 = PCURVE('',#526,#2392);
#2392 = DEFINITIONAL_REPRESENTATION('',(#2393),#2397);
#2393 = LINE('',#2394,#2395);
#2394 = CARTESIAN_POINT('',(9.95,-3.258276646723));
#2395 = VECTOR('',#2396,1.);
#2396 = DIRECTION('',(-0.,1.));
#2397 = ( GEOMETRIC_REPRESENTATION_CONTEXT(2) 
PARAMETRIC_REPRESENTATION_CONTEXT() REPRESENTATION_CONTEXT('2D SPACE',''
  ) );
#2398 = PCURVE('',#554,#2399);
#2399 = DEFINITIONAL_REPRESENTATION('',(#2400),#2404);
#2400 = LINE('',#2401,#2402);
#2401 = CARTESIAN_POINT('',(-3.613214528692,-4.009947711617));
#2402 = VECTOR('',#2403,1.);
#2403 = DIRECTION('',(0.188202106567,-0.982130320825));
#2404 = ( GEOMETRIC_REPRESENTATION_CONTEXT(2) 
PARAMETRIC_REPRESENTATION_CONTEXT() REPRESENTATION_CONTEXT('2D SPACE',''
  ) );
#2405 = ORIENTED_EDGE('',*,*,#2406,.F.);
#2406 = EDGE_CURVE('',#2407,#2384,#2409,.T.);
#2407 = VERTEX_POINT('',#2408);
#2408 = CARTESIAN_POINT('',(-0.53847020934,-52.75,3.4));
#2409 = SURFACE_CURVE('',#2410,(#2414,#2421),.PCURVE_S1.);
#2410 = LINE('',#2411,#2412);
#2411 = CARTESIAN_POINT('',(-0.53847020934,-51.075,3.4));
#2412 = VECTOR('',#2413,1.);
#2413 = DIRECTION('',(-0.,-1.,0.));
#2414 = PCURVE('',#526,#2415);
#2415 = DEFINITIONAL_REPRESENTATION('',(#2416),#2420);
#2416 = LINE('',#2417,#2418);
#2417 = CARTESIAN_POINT('',(3.875,-2.861127429239));
#2418 = VECTOR('',#2419,1.);
#2419 = DIRECTION('',(1.,-0.));
#2420 = ( GEOMETRIC_REPRESENTATION_CONTEXT(2) 
PARAMETRIC_REPRESENTATION_CONTEXT() REPRESENTATION_CONTEXT('2D SPACE',''
  ) );
#2421 = PCURVE('',#2422,#2427);
#2422 = PLANE('',#2423);
#2423 = AXIS2_PLACEMENT_3D('',#2424,#2425,#2426);
#2424 = CARTESIAN_POINT('',(0.,-54.95,3.4));
#2425 = DIRECTION('',(-0.,-0.,1.));
#2426 = DIRECTION('',(1.,0.,0.));
#2427 = DEFINITIONAL_REPRESENTATION('',(#2428),#2432);
#2428 = LINE('',#2429,#2430);
#2429 = CARTESIAN_POINT('',(-0.53847020934,3.875));
#2430 = VECTOR('',#2431,1.);
#2431 = DIRECTION('',(-0.,-1.));
#2432 = ( GEOMETRIC_REPRESENTATION_CONTEXT(2) 
PARAMETRIC_REPRESENTATION_CONTEXT() REPRESENTATION_CONTEXT('2D SPACE',''
  ) );
#2433 = ORIENTED_EDGE('',*,*,#2434,.T.);
#2434 = EDGE_CURVE('',#2407,#823,#2435,.T.);
#2435 = SURFACE_CURVE('',#2436,(#2440,#2447),.PCURVE_S1.);
#2436 = LINE('',#2437,#2438);
#2437 = CARTESIAN_POINT('',(-0.719474627441,-52.75,2.455430725709));
#2438 = VECTOR('',#2439,1.);
#2439 = DIRECTION('',(-0.188202106567,-0.,-0.982130320825));
#2440 = PCURVE('',#526,#2441);
#2441 = DEFINITIONAL_REPRESENTATION('',(#2442),#2446);
#2442 = LINE('',#2443,#2444);
#2443 = CARTESIAN_POINT('',(5.55,-3.822882966425));
#2444 = VECTOR('',#2445,1.);
#2445 = DIRECTION('',(-0.,-1.));
#2446 = ( GEOMETRIC_REPRESENTATION_CONTEXT(2) 
PARAMETRIC_REPRESENTATION_CONTEXT() REPRESENTATION_CONTEXT('2D SPACE',''
  ) );
#2447 = PCURVE('',#838,#2448);
#2448 = DEFINITIONAL_REPRESENTATION('',(#2449),#2453);
#2449 = LINE('',#2450,#2451);
#2450 = CARTESIAN_POINT('',(-2.280525372559,-3.455430725709));
#2451 = VECTOR('',#2452,1.);
#2452 = DIRECTION('',(0.188202106567,0.982130320825));
#2453 = ( GEOMETRIC_REPRESENTATION_CONTEXT(2) 
PARAMETRIC_REPRESENTATION_CONTEXT() REPRESENTATION_CONTEXT('2D SPACE',''
  ) );
#2454 = ORIENTED_EDGE('',*,*,#850,.T.);
#2455 = ORIENTED_EDGE('',*,*,#2338,.T.);
#2456 = ORIENTED_EDGE('',*,*,#2160,.T.);
#2457 = ORIENTED_EDGE('',*,*,#2458,.F.);
#2458 = EDGE_CURVE('',#2363,#2109,#2459,.T.);
#2459 = SURFACE_CURVE('',#2460,(#2469,#2481),.PCURVE_S1.);
#2460 = B_SPLINE_CURVE_WITH_KNOTS('',4,(#2461,#2462,#2463,#2464,#2465,
    #2466,#2467,#2468),.UNSPECIFIED.,.F.,.F.,(5,3,5),(0.,0.389296837163,
    1.),.UNSPECIFIED.);
#2461 = CARTESIAN_POINT('',(-2.796547906598E-03,-91.4,6.19540625));
#2462 = CARTESIAN_POINT('',(-2.74514414977E-03,-89.35619156575,
    6.195674499857));
#2463 = CARTESIAN_POINT('',(-2.653717752992E-03,-87.31238316121,
    6.196151607356));
#2464 = CARTESIAN_POINT('',(-2.540446188704E-03,-85.26857479801,
    6.196742713587));
#2465 = CARTESIAN_POINT('',(-2.240060323572E-03,-80.01857489041,
    6.198310273438));
#2466 = CARTESIAN_POINT('',(-2.047587780396E-03,-76.81238337164,
    6.199314688978));
#2467 = CARTESIAN_POINT('',(-1.916264090141E-03,-73.606191696,6.2));
#2468 = CARTESIAN_POINT('',(-1.91626409017E-03,-70.4,6.2));
#2469 = PCURVE('',#526,#2470);
#2470 = DEFINITIONAL_REPRESENTATION('',(#2471),#2480);
#2471 = B_SPLINE_CURVE_WITH_KNOTS('',4,(#2472,#2473,#2474,#2475,#2476,
    #2477,#2478,#2479),.UNSPECIFIED.,.F.,.F.,(5,3,5),(0.,0.389296837163,
    1.),.UNSPECIFIED.);
#2472 = CARTESIAN_POINT('',(44.2,-1.485928057666E-02));
#2473 = CARTESIAN_POINT('',(42.15619156575,-1.458614996323E-02));
#2474 = CARTESIAN_POINT('',(40.11238316121,-1.410036158151E-02));
#2475 = CARTESIAN_POINT('',(38.068574798011,-1.349850028277E-02));
#2476 = CARTESIAN_POINT('',(32.818574890414,-1.190241897087E-02));
#2477 = CARTESIAN_POINT('',(29.612383371647,-1.087972827589E-02));
#2478 = CARTESIAN_POINT('',(26.406191696006,-1.01819481465E-02));
#2479 = CARTESIAN_POINT('',(23.2,-1.018194814675E-02));
#2480 = ( GEOMETRIC_REPRESENTATION_CONTEXT(2) 
PARAMETRIC_REPRESENTATION_CONTEXT() REPRESENTATION_CONTEXT('2D SPACE',''
  ) );
#2481 = PCURVE('',#2122,#2482);
#2482 = DEFINITIONAL_REPRESENTATION('',(#2483),#2492);
#2483 = B_SPLINE_CURVE_WITH_KNOTS('',4,(#2484,#2485,#2486,#2487,#2488,
    #2489,#2490,#2491),.UNSPECIFIED.,.F.,.F.,(5,3,5),(0.,0.389296837163,
    1.),.UNSPECIFIED.);
#2484 = CARTESIAN_POINT('',(21.000000564296,0.744166939798));
#2485 = CARTESIAN_POINT('',(18.956192113015,0.744165877298));
#2486 = CARTESIAN_POINT('',(16.912383662415,0.744163987565));
#2487 = CARTESIAN_POINT('',(14.86857521245,0.744161646263));
#2488 = CARTESIAN_POINT('',(9.618575070837,0.744155437378));
#2489 = CARTESIAN_POINT('',(6.412383384903,0.744151459028));
#2490 = CARTESIAN_POINT('',(3.206191691467,0.744148744607));
#2491 = CARTESIAN_POINT('',(0.,0.744148744607));
#2492 = ( GEOMETRIC_REPRESENTATION_CONTEXT(2) 
PARAMETRIC_REPRESENTATION_CONTEXT() REPRESENTATION_CONTEXT('2D SPACE',''
  ) );
#2493 = ADVANCED_FACE('',(#2494),#838,.T.);
#2494 = FACE_BOUND('',#2495,.F.);
#2495 = EDGE_LOOP('',(#2496,#2497,#2520,#2548,#2576,#2597));
#2496 = ORIENTED_EDGE('',*,*,#2434,.F.);
#2497 = ORIENTED_EDGE('',*,*,#2498,.T.);
#2498 = EDGE_CURVE('',#2407,#2499,#2501,.T.);
#2499 = VERTEX_POINT('',#2500);
#2500 = CARTESIAN_POINT('',(0.8,-52.75,3.4));
#2501 = SURFACE_CURVE('',#2502,(#2506,#2513),.PCURVE_S1.);
#2502 = LINE('',#2503,#2504);
#2503 = CARTESIAN_POINT('',(-3.,-52.75,3.4));
#2504 = VECTOR('',#2505,1.);
#2505 = DIRECTION('',(1.,-0.,-0.));
#2506 = PCURVE('',#838,#2507);
#2507 = DEFINITIONAL_REPRESENTATION('',(#2508),#2512);
#2508 = LINE('',#2509,#2510);
#2509 = CARTESIAN_POINT('',(-0.,-4.4));
#2510 = VECTOR('',#2511,1.);
#2511 = DIRECTION('',(-1.,0.));
#2512 = ( GEOMETRIC_REPRESENTATION_CONTEXT(2) 
PARAMETRIC_REPRESENTATION_CONTEXT() REPRESENTATION_CONTEXT('2D SPACE',''
  ) );
#2513 = PCURVE('',#2422,#2514);
#2514 = DEFINITIONAL_REPRESENTATION('',(#2515),#2519);
#2515 = LINE('',#2516,#2517);
#2516 = CARTESIAN_POINT('',(-3.,2.2));
#2517 = VECTOR('',#2518,1.);
#2518 = DIRECTION('',(1.,-0.));
#2519 = ( GEOMETRIC_REPRESENTATION_CONTEXT(2) 
PARAMETRIC_REPRESENTATION_CONTEXT() REPRESENTATION_CONTEXT('2D SPACE',''
  ) );
#2520 = ORIENTED_EDGE('',*,*,#2521,.F.);
#2521 = EDGE_CURVE('',#2522,#2499,#2524,.T.);
#2522 = VERTEX_POINT('',#2523);
#2523 = CARTESIAN_POINT('',(0.8,-52.75,0.8));
#2524 = SURFACE_CURVE('',#2525,(#2529,#2536),.PCURVE_S1.);
#2525 = LINE('',#2526,#2527);
#2526 = CARTESIAN_POINT('',(0.8,-52.75,-1.));
#2527 = VECTOR('',#2528,1.);
#2528 = DIRECTION('',(-0.,-0.,1.));
#2529 = PCURVE('',#838,#2530);
#2530 = DEFINITIONAL_REPRESENTATION('',(#2531),#2535);
#2531 = LINE('',#2532,#2533);
#2532 = CARTESIAN_POINT('',(-3.8,0.));
#2533 = VECTOR('',#2534,1.);
#2534 = DIRECTION('',(-0.,-1.));
#2535 = ( GEOMETRIC_REPRESENTATION_CONTEXT(2) 
PARAMETRIC_REPRESENTATION_CONTEXT() REPRESENTATION_CONTEXT('2D SPACE',''
  ) );
#2536 = PCURVE('',#2537,#2542);
#2537 = PLANE('',#2538);
#2538 = AXIS2_PLACEMENT_3D('',#2539,#2540,#2541);
#2539 = CARTESIAN_POINT('',(0.8,-91.4,-1.));
#2540 = DIRECTION('',(1.,-0.,-0.));
#2541 = DIRECTION('',(0.,-1.,0.));
#2542 = DEFINITIONAL_REPRESENTATION('',(#2543),#2547);
#2543 = LINE('',#2544,#2545);
#2544 = CARTESIAN_POINT('',(-38.65,-0.));
#2545 = VECTOR('',#2546,1.);
#2546 = DIRECTION('',(-0.,-1.));
#2547 = ( GEOMETRIC_REPRESENTATION_CONTEXT(2) 
PARAMETRIC_REPRESENTATION_CONTEXT() REPRESENTATION_CONTEXT('2D SPACE',''
  ) );
#2548 = ORIENTED_EDGE('',*,*,#2549,.T.);
#2549 = EDGE_CURVE('',#2522,#2550,#2552,.T.);
#2550 = VERTEX_POINT('',#2551);
#2551 = CARTESIAN_POINT('',(-0.2,-52.75,0.8));
#2552 = SURFACE_CURVE('',#2553,(#2557,#2564),.PCURVE_S1.);
#2553 = LINE('',#2554,#2555);
#2554 = CARTESIAN_POINT('',(32.75,-52.75,0.8));
#2555 = VECTOR('',#2556,1.);
#2556 = DIRECTION('',(-1.,-0.,-0.));
#2557 = PCURVE('',#838,#2558);
#2558 = DEFINITIONAL_REPRESENTATION('',(#2559),#2563);
#2559 = LINE('',#2560,#2561);
#2560 = CARTESIAN_POINT('',(-35.75,-1.8));
#2561 = VECTOR('',#2562,1.);
#2562 = DIRECTION('',(1.,-0.));
#2563 = ( GEOMETRIC_REPRESENTATION_CONTEXT(2) 
PARAMETRIC_REPRESENTATION_CONTEXT() REPRESENTATION_CONTEXT('2D SPACE',''
  ) );
#2564 = PCURVE('',#2565,#2570);
#2565 = PLANE('',#2566);
#2566 = AXIS2_PLACEMENT_3D('',#2567,#2568,#2569);
#2567 = CARTESIAN_POINT('',(68.5,-47.2,0.8));
#2568 = DIRECTION('',(-0.,-0.,1.));
#2569 = DIRECTION('',(1.,0.,0.));
#2570 = DEFINITIONAL_REPRESENTATION('',(#2571),#2575);
#2571 = LINE('',#2572,#2573);
#2572 = CARTESIAN_POINT('',(-35.75,-5.55));
#2573 = VECTOR('',#2574,1.);
#2574 = DIRECTION('',(-1.,0.));
#2575 = ( GEOMETRIC_REPRESENTATION_CONTEXT(2) 
PARAMETRIC_REPRESENTATION_CONTEXT() REPRESENTATION_CONTEXT('2D SPACE',''
  ) );
#2576 = ORIENTED_EDGE('',*,*,#2577,.F.);
#2577 = EDGE_CURVE('',#795,#2550,#2578,.T.);
#2578 = SURFACE_CURVE('',#2579,(#2583,#2590),.PCURVE_S1.);
#2579 = LINE('',#2580,#2581);
#2580 = CARTESIAN_POINT('',(-0.2,-52.75,-1.));
#2581 = VECTOR('',#2582,1.);
#2582 = DIRECTION('',(-0.,-0.,1.));
#2583 = PCURVE('',#838,#2584);
#2584 = DEFINITIONAL_REPRESENTATION('',(#2585),#2589);
#2585 = LINE('',#2586,#2587);
#2586 = CARTESIAN_POINT('',(-2.8,0.));
#2587 = VECTOR('',#2588,1.);
#2588 = DIRECTION('',(-0.,-1.));
#2589 = ( GEOMETRIC_REPRESENTATION_CONTEXT(2) 
PARAMETRIC_REPRESENTATION_CONTEXT() REPRESENTATION_CONTEXT('2D SPACE',''
  ) );
#2590 = PCURVE('',#810,#2591);
#2591 = DEFINITIONAL_REPRESENTATION('',(#2592),#2596);
#2592 = LINE('',#2593,#2594);
#2593 = CARTESIAN_POINT('',(-38.65,-0.));
#2594 = VECTOR('',#2595,1.);
#2595 = DIRECTION('',(-0.,-1.));
#2596 = ( GEOMETRIC_REPRESENTATION_CONTEXT(2) 
PARAMETRIC_REPRESENTATION_CONTEXT() REPRESENTATION_CONTEXT('2D SPACE',''
  ) );
#2597 = ORIENTED_EDGE('',*,*,#822,.T.);
#2598 = ADVANCED_FACE('',(#2599),#810,.T.);
#2599 = FACE_BOUND('',#2600,.F.);
#2600 = EDGE_LOOP('',(#2601,#2624,#2625,#2626));
#2601 = ORIENTED_EDGE('',*,*,#2602,.F.);
#2602 = EDGE_CURVE('',#766,#2603,#2605,.T.);
#2603 = VERTEX_POINT('',#2604);
#2604 = CARTESIAN_POINT('',(-0.2,-3.,0.8));
#2605 = SURFACE_CURVE('',#2606,(#2610,#2617),.PCURVE_S1.);
#2606 = LINE('',#2607,#2608);
#2607 = CARTESIAN_POINT('',(-0.2,-3.,-1.));
#2608 = VECTOR('',#2609,1.);
#2609 = DIRECTION('',(-0.,-0.,1.));
#2610 = PCURVE('',#810,#2611);
#2611 = DEFINITIONAL_REPRESENTATION('',(#2612),#2616);
#2612 = LINE('',#2613,#2614);
#2613 = CARTESIAN_POINT('',(-88.4,-0.));
#2614 = VECTOR('',#2615,1.);
#2615 = DIRECTION('',(-0.,-1.));
#2616 = ( GEOMETRIC_REPRESENTATION_CONTEXT(2) 
PARAMETRIC_REPRESENTATION_CONTEXT() REPRESENTATION_CONTEXT('2D SPACE',''
  ) );
#2617 = PCURVE('',#782,#2618);
#2618 = DEFINITIONAL_REPRESENTATION('',(#2619),#2623);
#2619 = LINE('',#2620,#2621);
#2620 = CARTESIAN_POINT('',(0.,0.));
#2621 = VECTOR('',#2622,1.);
#2622 = DIRECTION('',(0.,-1.));
#2623 = ( GEOMETRIC_REPRESENTATION_CONTEXT(2) 
PARAMETRIC_REPRESENTATION_CONTEXT() REPRESENTATION_CONTEXT('2D SPACE',''
  ) );
#2624 = ORIENTED_EDGE('',*,*,#794,.T.);
#2625 = ORIENTED_EDGE('',*,*,#2577,.T.);
#2626 = ORIENTED_EDGE('',*,*,#2627,.T.);
#2627 = EDGE_CURVE('',#2550,#2603,#2628,.T.);
#2628 = SURFACE_CURVE('',#2629,(#2633,#2640),.PCURVE_S1.);
#2629 = LINE('',#2630,#2631);
#2630 = CARTESIAN_POINT('',(-0.2,-47.2,0.8));
#2631 = VECTOR('',#2632,1.);
#2632 = DIRECTION('',(-0.,1.,-0.));
#2633 = PCURVE('',#810,#2634);
#2634 = DEFINITIONAL_REPRESENTATION('',(#2635),#2639);
#2635 = LINE('',#2636,#2637);
#2636 = CARTESIAN_POINT('',(-44.2,-1.8));
#2637 = VECTOR('',#2638,1.);
#2638 = DIRECTION('',(-1.,0.));
#2639 = ( GEOMETRIC_REPRESENTATION_CONTEXT(2) 
PARAMETRIC_REPRESENTATION_CONTEXT() REPRESENTATION_CONTEXT('2D SPACE',''
  ) );
#2640 = PCURVE('',#2565,#2641);
#2641 = DEFINITIONAL_REPRESENTATION('',(#2642),#2646);
#2642 = LINE('',#2643,#2644);
#2643 = CARTESIAN_POINT('',(-68.7,0.));
#2644 = VECTOR('',#2645,1.);
#2645 = DIRECTION('',(-0.,1.));
#2646 = ( GEOMETRIC_REPRESENTATION_CONTEXT(2) 
PARAMETRIC_REPRESENTATION_CONTEXT() REPRESENTATION_CONTEXT('2D SPACE',''
  ) );
#2647 = ADVANCED_FACE('',(#2648),#782,.F.);
#2648 = FACE_BOUND('',#2649,.F.);
#2649 = EDGE_LOOP('',(#2650,#2651,#2652,#2680));
#2650 = ORIENTED_EDGE('',*,*,#765,.T.);
#2651 = ORIENTED_EDGE('',*,*,#2602,.T.);
#2652 = ORIENTED_EDGE('',*,*,#2653,.T.);
#2653 = EDGE_CURVE('',#2603,#2654,#2656,.T.);
#2654 = VERTEX_POINT('',#2655);
#2655 = CARTESIAN_POINT('',(3.,0.2,0.8));
#2656 = SURFACE_CURVE('',#2657,(#2662,#2669),.PCURVE_S1.);
#2657 = CIRCLE('',#2658,3.2);
#2658 = AXIS2_PLACEMENT_3D('',#2659,#2660,#2661);
#2659 = CARTESIAN_POINT('',(3.,-3.,0.8));
#2660 = DIRECTION('',(0.,0.,-1.));
#2661 = DIRECTION('',(-1.,-0.,-0.));
#2662 = PCURVE('',#782,#2663);
#2663 = DEFINITIONAL_REPRESENTATION('',(#2664),#2668);
#2664 = LINE('',#2665,#2666);
#2665 = CARTESIAN_POINT('',(0.,-1.8));
#2666 = VECTOR('',#2667,1.);
#2667 = DIRECTION('',(1.,0.));
#2668 = ( GEOMETRIC_REPRESENTATION_CONTEXT(2) 
PARAMETRIC_REPRESENTATION_CONTEXT() REPRESENTATION_CONTEXT('2D SPACE',''
  ) );
#2669 = PCURVE('',#2565,#2670);
#2670 = DEFINITIONAL_REPRESENTATION('',(#2671),#2679);
#2671 = ( BOUNDED_CURVE() B_SPLINE_CURVE(2,(#2672,#2673,#2674,#2675,
#2676,#2677,#2678),.UNSPECIFIED.,.T.,.F.) B_SPLINE_CURVE_WITH_KNOTS((1,2
    ,2,2,2,1),(-2.094395102393,0.,2.094395102393,4.188790204786,
6.28318530718,8.377580409573),.UNSPECIFIED.) CURVE() 
GEOMETRIC_REPRESENTATION_ITEM() RATIONAL_B_SPLINE_CURVE((1.,0.5,1.,0.5,
1.,0.5,1.)) REPRESENTATION_ITEM('') );
#2672 = CARTESIAN_POINT('',(-68.7,44.2));
#2673 = CARTESIAN_POINT('',(-68.7,49.74256258422));
#2674 = CARTESIAN_POINT('',(-63.9,46.97128129211));
#2675 = CARTESIAN_POINT('',(-59.1,44.2));
#2676 = CARTESIAN_POINT('',(-63.9,41.42871870789));
#2677 = CARTESIAN_POINT('',(-68.7,38.65743741578));
#2678 = CARTESIAN_POINT('',(-68.7,44.2));
#2679 = ( GEOMETRIC_REPRESENTATION_CONTEXT(2) 
PARAMETRIC_REPRESENTATION_CONTEXT() REPRESENTATION_CONTEXT('2D SPACE',''
  ) );
#2680 = ORIENTED_EDGE('',*,*,#2681,.F.);
#2681 = EDGE_CURVE('',#738,#2654,#2682,.T.);
#2682 = SURFACE_CURVE('',#2683,(#2687,#2694),.PCURVE_S1.);
#2683 = LINE('',#2684,#2685);
#2684 = CARTESIAN_POINT('',(3.,0.2,-1.));
#2685 = VECTOR('',#2686,1.);
#2686 = DIRECTION('',(-0.,-0.,1.));
#2687 = PCURVE('',#782,#2688);
#2688 = DEFINITIONAL_REPRESENTATION('',(#2689),#2693);
#2689 = LINE('',#2690,#2691);
#2690 = CARTESIAN_POINT('',(1.570796326795,0.));
#2691 = VECTOR('',#2692,1.);
#2692 = DIRECTION('',(0.,-1.));
#2693 = ( GEOMETRIC_REPRESENTATION_CONTEXT(2) 
PARAMETRIC_REPRESENTATION_CONTEXT() REPRESENTATION_CONTEXT('2D SPACE',''
  ) );
#2694 = PCURVE('',#753,#2695);
#2695 = DEFINITIONAL_REPRESENTATION('',(#2696),#2700);
#2696 = LINE('',#2697,#2698);
#2697 = CARTESIAN_POINT('',(-131.,0.));
#2698 = VECTOR('',#2699,1.);
#2699 = DIRECTION('',(-0.,-1.));
#2700 = ( GEOMETRIC_REPRESENTATION_CONTEXT(2) 
PARAMETRIC_REPRESENTATION_CONTEXT() REPRESENTATION_CONTEXT('2D SPACE',''
  ) );
#2701 = ADVANCED_FACE('',(#2702),#753,.F.);
#2702 = FACE_BOUND('',#2703,.T.);
#2703 = EDGE_LOOP('',(#2704,#2705,#2728,#2749));
#2704 = ORIENTED_EDGE('',*,*,#737,.T.);
#2705 = ORIENTED_EDGE('',*,*,#2706,.T.);
#2706 = EDGE_CURVE('',#709,#2707,#2709,.T.);
#2707 = VERTEX_POINT('',#2708);
#2708 = CARTESIAN_POINT('',(134.,0.2,0.8));
#2709 = SURFACE_CURVE('',#2710,(#2714,#2721),.PCURVE_S1.);
#2710 = LINE('',#2711,#2712);
#2711 = CARTESIAN_POINT('',(134.,0.2,-1.));
#2712 = VECTOR('',#2713,1.);
#2713 = DIRECTION('',(-0.,-0.,1.));
#2714 = PCURVE('',#753,#2715);
#2715 = DEFINITIONAL_REPRESENTATION('',(#2716),#2720);
#2716 = LINE('',#2717,#2718);
#2717 = CARTESIAN_POINT('',(-0.,-0.));
#2718 = VECTOR('',#2719,1.);
#2719 = DIRECTION('',(-0.,-1.));
#2720 = ( GEOMETRIC_REPRESENTATION_CONTEXT(2) 
PARAMETRIC_REPRESENTATION_CONTEXT() REPRESENTATION_CONTEXT('2D SPACE',''
  ) );
#2721 = PCURVE('',#725,#2722);
#2722 = DEFINITIONAL_REPRESENTATION('',(#2723),#2727);
#2723 = LINE('',#2724,#2725);
#2724 = CARTESIAN_POINT('',(1.570796326795,0.));
#2725 = VECTOR('',#2726,1.);
#2726 = DIRECTION('',(0.,-1.));
#2727 = ( GEOMETRIC_REPRESENTATION_CONTEXT(2) 
PARAMETRIC_REPRESENTATION_CONTEXT() REPRESENTATION_CONTEXT('2D SPACE',''
  ) );
#2728 = ORIENTED_EDGE('',*,*,#2729,.T.);
#2729 = EDGE_CURVE('',#2707,#2654,#2730,.T.);
#2730 = SURFACE_CURVE('',#2731,(#2735,#2742),.PCURVE_S1.);
#2731 = LINE('',#2732,#2733);
#2732 = CARTESIAN_POINT('',(68.5,0.2,0.8));
#2733 = VECTOR('',#2734,1.);
#2734 = DIRECTION('',(-1.,-0.,-0.));
#2735 = PCURVE('',#753,#2736);
#2736 = DEFINITIONAL_REPRESENTATION('',(#2737),#2741);
#2737 = LINE('',#2738,#2739);
#2738 = CARTESIAN_POINT('',(-65.5,-1.8));
#2739 = VECTOR('',#2740,1.);
#2740 = DIRECTION('',(-1.,0.));
#2741 = ( GEOMETRIC_REPRESENTATION_CONTEXT(2) 
PARAMETRIC_REPRESENTATION_CONTEXT() REPRESENTATION_CONTEXT('2D SPACE',''
  ) );
#2742 = PCURVE('',#2565,#2743);
#2743 = DEFINITIONAL_REPRESENTATION('',(#2744),#2748);
#2744 = LINE('',#2745,#2746);
#2745 = CARTESIAN_POINT('',(0.,47.4));
#2746 = VECTOR('',#2747,1.);
#2747 = DIRECTION('',(-1.,0.));
#2748 = ( GEOMETRIC_REPRESENTATION_CONTEXT(2) 
PARAMETRIC_REPRESENTATION_CONTEXT() REPRESENTATION_CONTEXT('2D SPACE',''
  ) );
#2749 = ORIENTED_EDGE('',*,*,#2681,.F.);
#2750 = ADVANCED_FACE('',(#2751),#725,.F.);
#2751 = FACE_BOUND('',#2752,.F.);
#2752 = EDGE_LOOP('',(#2753,#2754,#2755,#2783));
#2753 = ORIENTED_EDGE('',*,*,#708,.T.);
#2754 = ORIENTED_EDGE('',*,*,#2706,.T.);
#2755 = ORIENTED_EDGE('',*,*,#2756,.T.);
#2756 = EDGE_CURVE('',#2707,#2757,#2759,.T.);
#2757 = VERTEX_POINT('',#2758);
#2758 = CARTESIAN_POINT('',(137.2,-3.,0.8));
#2759 = SURFACE_CURVE('',#2760,(#2765,#2772),.PCURVE_S1.);
#2760 = CIRCLE('',#2761,3.2);
#2761 = AXIS2_PLACEMENT_3D('',#2762,#2763,#2764);
#2762 = CARTESIAN_POINT('',(134.,-3.,0.8));
#2763 = DIRECTION('',(0.,0.,-1.));
#2764 = DIRECTION('',(-1.,-0.,-0.));
#2765 = PCURVE('',#725,#2766);
#2766 = DEFINITIONAL_REPRESENTATION('',(#2767),#2771);
#2767 = LINE('',#2768,#2769);
#2768 = CARTESIAN_POINT('',(0.,-1.8));
#2769 = VECTOR('',#2770,1.);
#2770 = DIRECTION('',(1.,0.));
#2771 = ( GEOMETRIC_REPRESENTATION_CONTEXT(2) 
PARAMETRIC_REPRESENTATION_CONTEXT() REPRESENTATION_CONTEXT('2D SPACE',''
  ) );
#2772 = PCURVE('',#2565,#2773);
#2773 = DEFINITIONAL_REPRESENTATION('',(#2774),#2782);
#2774 = ( BOUNDED_CURVE() B_SPLINE_CURVE(2,(#2775,#2776,#2777,#2778,
#2779,#2780,#2781),.UNSPECIFIED.,.T.,.F.) B_SPLINE_CURVE_WITH_KNOTS((1,2
    ,2,2,2,1),(-2.094395102393,0.,2.094395102393,4.188790204786,
6.28318530718,8.377580409573),.UNSPECIFIED.) CURVE() 
GEOMETRIC_REPRESENTATION_ITEM() RATIONAL_B_SPLINE_CURVE((1.,0.5,1.,0.5,
1.,0.5,1.)) REPRESENTATION_ITEM('') );
#2775 = CARTESIAN_POINT('',(62.3,44.2));
#2776 = CARTESIAN_POINT('',(62.3,49.74256258422));
#2777 = CARTESIAN_POINT('',(67.1,46.97128129211));
#2778 = CARTESIAN_POINT('',(71.9,44.2));
#2779 = CARTESIAN_POINT('',(67.1,41.42871870789));
#2780 = CARTESIAN_POINT('',(62.3,38.65743741578));
#2781 = CARTESIAN_POINT('',(62.3,44.2));
#2782 = ( GEOMETRIC_REPRESENTATION_CONTEXT(2) 
PARAMETRIC_REPRESENTATION_CONTEXT() REPRESENTATION_CONTEXT('2D SPACE',''
  ) );
#2783 = ORIENTED_EDGE('',*,*,#2784,.F.);
#2784 = EDGE_CURVE('',#681,#2757,#2785,.T.);
#2785 = SURFACE_CURVE('',#2786,(#2790,#2797),.PCURVE_S1.);
#2786 = LINE('',#2787,#2788);
#2787 = CARTESIAN_POINT('',(137.2,-3.,-1.));
#2788 = VECTOR('',#2789,1.);
#2789 = DIRECTION('',(-0.,-0.,1.));
#2790 = PCURVE('',#725,#2791);
#2791 = DEFINITIONAL_REPRESENTATION('',(#2792),#2796);
#2792 = LINE('',#2793,#2794);
#2793 = CARTESIAN_POINT('',(3.14159265359,0.));
#2794 = VECTOR('',#2795,1.);
#2795 = DIRECTION('',(0.,-1.));
#2796 = ( GEOMETRIC_REPRESENTATION_CONTEXT(2) 
PARAMETRIC_REPRESENTATION_CONTEXT() REPRESENTATION_CONTEXT('2D SPACE',''
  ) );
#2797 = PCURVE('',#696,#2798);
#2798 = DEFINITIONAL_REPRESENTATION('',(#2799),#2803);
#2799 = LINE('',#2800,#2801);
#2800 = CARTESIAN_POINT('',(-88.4,-0.));
#2801 = VECTOR('',#2802,1.);
#2802 = DIRECTION('',(-0.,-1.));
#2803 = ( GEOMETRIC_REPRESENTATION_CONTEXT(2) 
PARAMETRIC_REPRESENTATION_CONTEXT() REPRESENTATION_CONTEXT('2D SPACE',''
  ) );
#2804 = ADVANCED_FACE('',(#2805),#696,.F.);
#2805 = FACE_BOUND('',#2806,.T.);
#2806 = EDGE_LOOP('',(#2807,#2808,#2831,#2852));
#2807 = ORIENTED_EDGE('',*,*,#680,.T.);
#2808 = ORIENTED_EDGE('',*,*,#2809,.T.);
#2809 = EDGE_CURVE('',#652,#2810,#2812,.T.);
#2810 = VERTEX_POINT('',#2811);
#2811 = CARTESIAN_POINT('',(137.2,-91.4,0.8));
#2812 = SURFACE_CURVE('',#2813,(#2817,#2824),.PCURVE_S1.);
#2813 = LINE('',#2814,#2815);
#2814 = CARTESIAN_POINT('',(137.2,-91.4,-1.));
#2815 = VECTOR('',#2816,1.);
#2816 = DIRECTION('',(-0.,-0.,1.));
#2817 = PCURVE('',#696,#2818);
#2818 = DEFINITIONAL_REPRESENTATION('',(#2819),#2823);
#2819 = LINE('',#2820,#2821);
#2820 = CARTESIAN_POINT('',(-0.,-0.));
#2821 = VECTOR('',#2822,1.);
#2822 = DIRECTION('',(-0.,-1.));
#2823 = ( GEOMETRIC_REPRESENTATION_CONTEXT(2) 
PARAMETRIC_REPRESENTATION_CONTEXT() REPRESENTATION_CONTEXT('2D SPACE',''
  ) );
#2824 = PCURVE('',#668,#2825);
#2825 = DEFINITIONAL_REPRESENTATION('',(#2826),#2830);
#2826 = LINE('',#2827,#2828);
#2827 = CARTESIAN_POINT('',(3.14159265359,0.));
#2828 = VECTOR('',#2829,1.);
#2829 = DIRECTION('',(0.,-1.));
#2830 = ( GEOMETRIC_REPRESENTATION_CONTEXT(2) 
PARAMETRIC_REPRESENTATION_CONTEXT() REPRESENTATION_CONTEXT('2D SPACE',''
  ) );
#2831 = ORIENTED_EDGE('',*,*,#2832,.T.);
#2832 = EDGE_CURVE('',#2810,#2757,#2833,.T.);
#2833 = SURFACE_CURVE('',#2834,(#2838,#2845),.PCURVE_S1.);
#2834 = LINE('',#2835,#2836);
#2835 = CARTESIAN_POINT('',(137.2,-47.2,0.8));
#2836 = VECTOR('',#2837,1.);
#2837 = DIRECTION('',(-0.,1.,-0.));
#2838 = PCURVE('',#696,#2839);
#2839 = DEFINITIONAL_REPRESENTATION('',(#2840),#2844);
#2840 = LINE('',#2841,#2842);
#2841 = CARTESIAN_POINT('',(-44.2,-1.8));
#2842 = VECTOR('',#2843,1.);
#2843 = DIRECTION('',(-1.,0.));
#2844 = ( GEOMETRIC_REPRESENTATION_CONTEXT(2) 
PARAMETRIC_REPRESENTATION_CONTEXT() REPRESENTATION_CONTEXT('2D SPACE',''
  ) );
#2845 = PCURVE('',#2565,#2846);
#2846 = DEFINITIONAL_REPRESENTATION('',(#2847),#2851);
#2847 = LINE('',#2848,#2849);
#2848 = CARTESIAN_POINT('',(68.7,-0.));
#2849 = VECTOR('',#2850,1.);
#2850 = DIRECTION('',(-0.,1.));
#2851 = ( GEOMETRIC_REPRESENTATION_CONTEXT(2) 
PARAMETRIC_REPRESENTATION_CONTEXT() REPRESENTATION_CONTEXT('2D SPACE',''
  ) );
#2852 = ORIENTED_EDGE('',*,*,#2784,.F.);
#2853 = ADVANCED_FACE('',(#2854),#668,.F.);
#2854 = FACE_BOUND('',#2855,.F.);
#2855 = EDGE_LOOP('',(#2856,#2857,#2858,#2886));
#2856 = ORIENTED_EDGE('',*,*,#651,.T.);
#2857 = ORIENTED_EDGE('',*,*,#2809,.T.);
#2858 = ORIENTED_EDGE('',*,*,#2859,.T.);
#2859 = EDGE_CURVE('',#2810,#2860,#2862,.T.);
#2860 = VERTEX_POINT('',#2861);
#2861 = CARTESIAN_POINT('',(134.,-94.6,0.8));
#2862 = SURFACE_CURVE('',#2863,(#2868,#2875),.PCURVE_S1.);
#2863 = CIRCLE('',#2864,3.2);
#2864 = AXIS2_PLACEMENT_3D('',#2865,#2866,#2867);
#2865 = CARTESIAN_POINT('',(134.,-91.4,0.8));
#2866 = DIRECTION('',(0.,0.,-1.));
#2867 = DIRECTION('',(-1.,-0.,-0.));
#2868 = PCURVE('',#668,#2869);
#2869 = DEFINITIONAL_REPRESENTATION('',(#2870),#2874);
#2870 = LINE('',#2871,#2872);
#2871 = CARTESIAN_POINT('',(0.,-1.8));
#2872 = VECTOR('',#2873,1.);
#2873 = DIRECTION('',(1.,0.));
#2874 = ( GEOMETRIC_REPRESENTATION_CONTEXT(2) 
PARAMETRIC_REPRESENTATION_CONTEXT() REPRESENTATION_CONTEXT('2D SPACE',''
  ) );
#2875 = PCURVE('',#2565,#2876);
#2876 = DEFINITIONAL_REPRESENTATION('',(#2877),#2885);
#2877 = ( BOUNDED_CURVE() B_SPLINE_CURVE(2,(#2878,#2879,#2880,#2881,
#2882,#2883,#2884),.UNSPECIFIED.,.T.,.F.) B_SPLINE_CURVE_WITH_KNOTS((1,2
    ,2,2,2,1),(-2.094395102393,0.,2.094395102393,4.188790204786,
6.28318530718,8.377580409573),.UNSPECIFIED.) CURVE() 
GEOMETRIC_REPRESENTATION_ITEM() RATIONAL_B_SPLINE_CURVE((1.,0.5,1.,0.5,
1.,0.5,1.)) REPRESENTATION_ITEM('') );
#2878 = CARTESIAN_POINT('',(62.3,-44.2));
#2879 = CARTESIAN_POINT('',(62.3,-38.65743741578));
#2880 = CARTESIAN_POINT('',(67.1,-41.42871870789));
#2881 = CARTESIAN_POINT('',(71.9,-44.2));
#2882 = CARTESIAN_POINT('',(67.1,-46.97128129211));
#2883 = CARTESIAN_POINT('',(62.3,-49.74256258422));
#2884 = CARTESIAN_POINT('',(62.3,-44.2));
#2885 = ( GEOMETRIC_REPRESENTATION_CONTEXT(2) 
PARAMETRIC_REPRESENTATION_CONTEXT() REPRESENTATION_CONTEXT('2D SPACE',''
  ) );
#2886 = ORIENTED_EDGE('',*,*,#2887,.F.);
#2887 = EDGE_CURVE('',#624,#2860,#2888,.T.);
#2888 = SURFACE_CURVE('',#2889,(#2893,#2900),.PCURVE_S1.);
#2889 = LINE('',#2890,#2891);
#2890 = CARTESIAN_POINT('',(134.,-94.6,-1.));
#2891 = VECTOR('',#2892,1.);
#2892 = DIRECTION('',(-0.,-0.,1.));
#2893 = PCURVE('',#668,#2894);
#2894 = DEFINITIONAL_REPRESENTATION('',(#2895),#2899);
#2895 = LINE('',#2896,#2897);
#2896 = CARTESIAN_POINT('',(4.712388980385,0.));
#2897 = VECTOR('',#2898,1.);
#2898 = DIRECTION('',(0.,-1.));
#2899 = ( GEOMETRIC_REPRESENTATION_CONTEXT(2) 
PARAMETRIC_REPRESENTATION_CONTEXT() REPRESENTATION_CONTEXT('2D SPACE',''
  ) );
#2900 = PCURVE('',#639,#2901);
#2901 = DEFINITIONAL_REPRESENTATION('',(#2902),#2906);
#2902 = LINE('',#2903,#2904);
#2903 = CARTESIAN_POINT('',(-0.,-0.));
#2904 = VECTOR('',#2905,1.);
#2905 = DIRECTION('',(-0.,-1.));
#2906 = ( GEOMETRIC_REPRESENTATION_CONTEXT(2) 
PARAMETRIC_REPRESENTATION_CONTEXT() REPRESENTATION_CONTEXT('2D SPACE',''
  ) );
#2907 = ADVANCED_FACE('',(#2908),#639,.T.);
#2908 = FACE_BOUND('',#2909,.F.);
#2909 = EDGE_LOOP('',(#2910,#2911,#2912,#2935,#2963,#2991));
#2910 = ORIENTED_EDGE('',*,*,#623,.T.);
#2911 = ORIENTED_EDGE('',*,*,#2887,.T.);
#2912 = ORIENTED_EDGE('',*,*,#2913,.T.);
#2913 = EDGE_CURVE('',#2860,#2914,#2916,.T.);
#2914 = VERTEX_POINT('',#2915);
#2915 = CARTESIAN_POINT('',(19.3,-94.6,0.8));
#2916 = SURFACE_CURVE('',#2917,(#2921,#2928),.PCURVE_S1.);
#2917 = LINE('',#2918,#2919);
#2918 = CARTESIAN_POINT('',(68.5,-94.6,0.8));
#2919 = VECTOR('',#2920,1.);
#2920 = DIRECTION('',(-1.,-0.,-0.));
#2921 = PCURVE('',#639,#2922);
#2922 = DEFINITIONAL_REPRESENTATION('',(#2923),#2927);
#2923 = LINE('',#2924,#2925);
#2924 = CARTESIAN_POINT('',(-65.5,-1.8));
#2925 = VECTOR('',#2926,1.);
#2926 = DIRECTION('',(-1.,0.));
#2927 = ( GEOMETRIC_REPRESENTATION_CONTEXT(2) 
PARAMETRIC_REPRESENTATION_CONTEXT() REPRESENTATION_CONTEXT('2D SPACE',''
  ) );
#2928 = PCURVE('',#2565,#2929);
#2929 = DEFINITIONAL_REPRESENTATION('',(#2930),#2934);
#2930 = LINE('',#2931,#2932);
#2931 = CARTESIAN_POINT('',(-0.,-47.4));
#2932 = VECTOR('',#2933,1.);
#2933 = DIRECTION('',(-1.,0.));
#2934 = ( GEOMETRIC_REPRESENTATION_CONTEXT(2) 
PARAMETRIC_REPRESENTATION_CONTEXT() REPRESENTATION_CONTEXT('2D SPACE',''
  ) );
#2935 = ORIENTED_EDGE('',*,*,#2936,.T.);
#2936 = EDGE_CURVE('',#2914,#2937,#2939,.T.);
#2937 = VERTEX_POINT('',#2938);
#2938 = CARTESIAN_POINT('',(9.3,-94.6,0.8));
#2939 = SURFACE_CURVE('',#2940,(#2944,#2951),.PCURVE_S1.);
#2940 = LINE('',#2941,#2942);
#2941 = CARTESIAN_POINT('',(68.5,-94.6,0.8));
#2942 = VECTOR('',#2943,1.);
#2943 = DIRECTION('',(-1.,-0.,-0.));
#2944 = PCURVE('',#639,#2945);
#2945 = DEFINITIONAL_REPRESENTATION('',(#2946),#2950);
#2946 = LINE('',#2947,#2948);
#2947 = CARTESIAN_POINT('',(-65.5,-1.8));
#2948 = VECTOR('',#2949,1.);
#2949 = DIRECTION('',(-1.,0.));
#2950 = ( GEOMETRIC_REPRESENTATION_CONTEXT(2) 
PARAMETRIC_REPRESENTATION_CONTEXT() REPRESENTATION_CONTEXT('2D SPACE',''
  ) );
#2951 = PCURVE('',#2952,#2957);
#2952 = PLANE('',#2953);
#2953 = AXIS2_PLACEMENT_3D('',#2954,#2955,#2956);
#2954 = CARTESIAN_POINT('',(14.3,-94.4,0.8));
#2955 = DIRECTION('',(-0.,-0.,1.));
#2956 = DIRECTION('',(1.,0.,0.));
#2957 = DEFINITIONAL_REPRESENTATION('',(#2958),#2962);
#2958 = LINE('',#2959,#2960);
#2959 = CARTESIAN_POINT('',(54.2,-0.2));
#2960 = VECTOR('',#2961,1.);
#2961 = DIRECTION('',(-1.,0.));
#2962 = ( GEOMETRIC_REPRESENTATION_CONTEXT(2) 
PARAMETRIC_REPRESENTATION_CONTEXT() REPRESENTATION_CONTEXT('2D SPACE',''
  ) );
#2963 = ORIENTED_EDGE('',*,*,#2964,.T.);
#2964 = EDGE_CURVE('',#2937,#2965,#2967,.T.);
#2965 = VERTEX_POINT('',#2966);
#2966 = CARTESIAN_POINT('',(3.,-94.6,0.8));
#2967 = SURFACE_CURVE('',#2968,(#2972,#2979),.PCURVE_S1.);
#2968 = LINE('',#2969,#2970);
#2969 = CARTESIAN_POINT('',(68.5,-94.6,0.8));
#2970 = VECTOR('',#2971,1.);
#2971 = DIRECTION('',(-1.,-0.,-0.));
#2972 = PCURVE('',#639,#2973);
#2973 = DEFINITIONAL_REPRESENTATION('',(#2974),#2978);
#2974 = LINE('',#2975,#2976);
#2975 = CARTESIAN_POINT('',(-65.5,-1.8));
#2976 = VECTOR('',#2977,1.);
#2977 = DIRECTION('',(-1.,0.));
#2978 = ( GEOMETRIC_REPRESENTATION_CONTEXT(2) 
PARAMETRIC_REPRESENTATION_CONTEXT() REPRESENTATION_CONTEXT('2D SPACE',''
  ) );
#2979 = PCURVE('',#2980,#2985);
#2980 = PLANE('',#2981);
#2981 = AXIS2_PLACEMENT_3D('',#2982,#2983,#2984);
#2982 = CARTESIAN_POINT('',(68.5,-47.2,0.8));
#2983 = DIRECTION('',(-0.,-0.,1.));
#2984 = DIRECTION('',(1.,0.,0.));
#2985 = DEFINITIONAL_REPRESENTATION('',(#2986),#2990);
#2986 = LINE('',#2987,#2988);
#2987 = CARTESIAN_POINT('',(-0.,-47.4));
#2988 = VECTOR('',#2989,1.);
#2989 = DIRECTION('',(-1.,0.));
#2990 = ( GEOMETRIC_REPRESENTATION_CONTEXT(2) 
PARAMETRIC_REPRESENTATION_CONTEXT() REPRESENTATION_CONTEXT('2D SPACE',''
  ) );
#2991 = ORIENTED_EDGE('',*,*,#2992,.F.);
#2992 = EDGE_CURVE('',#595,#2965,#2993,.T.);
#2993 = SURFACE_CURVE('',#2994,(#2998,#3005),.PCURVE_S1.);
#2994 = LINE('',#2995,#2996);
#2995 = CARTESIAN_POINT('',(3.,-94.6,-1.));
#2996 = VECTOR('',#2997,1.);
#2997 = DIRECTION('',(-0.,-0.,1.));
#2998 = PCURVE('',#639,#2999);
#2999 = DEFINITIONAL_REPRESENTATION('',(#3000),#3004);
#3000 = LINE('',#3001,#3002);
#3001 = CARTESIAN_POINT('',(-131.,0.));
#3002 = VECTOR('',#3003,1.);
#3003 = DIRECTION('',(-0.,-1.));
#3004 = ( GEOMETRIC_REPRESENTATION_CONTEXT(2) 
PARAMETRIC_REPRESENTATION_CONTEXT() REPRESENTATION_CONTEXT('2D SPACE',''
  ) );
#3005 = PCURVE('',#611,#3006);
#3006 = DEFINITIONAL_REPRESENTATION('',(#3007),#3011);
#3007 = LINE('',#3008,#3009);
#3008 = CARTESIAN_POINT('',(4.712388980385,0.));
#3009 = VECTOR('',#3010,1.);
#3010 = DIRECTION('',(0.,-1.));
#3011 = ( GEOMETRIC_REPRESENTATION_CONTEXT(2) 
PARAMETRIC_REPRESENTATION_CONTEXT() REPRESENTATION_CONTEXT('2D SPACE',''
  ) );
#3012 = ADVANCED_FACE('',(#3013),#611,.F.);
#3013 = FACE_BOUND('',#3014,.F.);
#3014 = EDGE_LOOP('',(#3015,#3016,#3017,#3045));
#3015 = ORIENTED_EDGE('',*,*,#594,.T.);
#3016 = ORIENTED_EDGE('',*,*,#2992,.T.);
#3017 = ORIENTED_EDGE('',*,*,#3018,.T.);
#3018 = EDGE_CURVE('',#2965,#3019,#3021,.T.);
#3019 = VERTEX_POINT('',#3020);
#3020 = CARTESIAN_POINT('',(-0.2,-91.4,0.8));
#3021 = SURFACE_CURVE('',#3022,(#3027,#3034),.PCURVE_S1.);
#3022 = CIRCLE('',#3023,3.2);
#3023 = AXIS2_PLACEMENT_3D('',#3024,#3025,#3026);
#3024 = CARTESIAN_POINT('',(3.,-91.4,0.8));
#3025 = DIRECTION('',(0.,0.,-1.));
#3026 = DIRECTION('',(-1.,-0.,-0.));
#3027 = PCURVE('',#611,#3028);
#3028 = DEFINITIONAL_REPRESENTATION('',(#3029),#3033);
#3029 = LINE('',#3030,#3031);
#3030 = CARTESIAN_POINT('',(0.,-1.8));
#3031 = VECTOR('',#3032,1.);
#3032 = DIRECTION('',(1.,0.));
#3033 = ( GEOMETRIC_REPRESENTATION_CONTEXT(2) 
PARAMETRIC_REPRESENTATION_CONTEXT() REPRESENTATION_CONTEXT('2D SPACE',''
  ) );
#3034 = PCURVE('',#2980,#3035);
#3035 = DEFINITIONAL_REPRESENTATION('',(#3036),#3044);
#3036 = ( BOUNDED_CURVE() B_SPLINE_CURVE(2,(#3037,#3038,#3039,#3040,
#3041,#3042,#3043),.UNSPECIFIED.,.T.,.F.) B_SPLINE_CURVE_WITH_KNOTS((1,2
    ,2,2,2,1),(-2.094395102393,0.,2.094395102393,4.188790204786,
6.28318530718,8.377580409573),.UNSPECIFIED.) CURVE() 
GEOMETRIC_REPRESENTATION_ITEM() RATIONAL_B_SPLINE_CURVE((1.,0.5,1.,0.5,
1.,0.5,1.)) REPRESENTATION_ITEM('') );
#3037 = CARTESIAN_POINT('',(-68.7,-44.2));
#3038 = CARTESIAN_POINT('',(-68.7,-38.65743741578));
#3039 = CARTESIAN_POINT('',(-63.9,-41.42871870789));
#3040 = CARTESIAN_POINT('',(-59.1,-44.2));
#3041 = CARTESIAN_POINT('',(-63.9,-46.97128129211));
#3042 = CARTESIAN_POINT('',(-68.7,-49.74256258422));
#3043 = CARTESIAN_POINT('',(-68.7,-44.2));
#3044 = ( GEOMETRIC_REPRESENTATION_CONTEXT(2) 
PARAMETRIC_REPRESENTATION_CONTEXT() REPRESENTATION_CONTEXT('2D SPACE',''
  ) );
#3045 = ORIENTED_EDGE('',*,*,#3046,.F.);
#3046 = EDGE_CURVE('',#567,#3019,#3047,.T.);
#3047 = SURFACE_CURVE('',#3048,(#3052,#3059),.PCURVE_S1.);
#3048 = LINE('',#3049,#3050);
#3049 = CARTESIAN_POINT('',(-0.2,-91.4,-1.));
#3050 = VECTOR('',#3051,1.);
#3051 = DIRECTION('',(-0.,-0.,1.));
#3052 = PCURVE('',#611,#3053);
#3053 = DEFINITIONAL_REPRESENTATION('',(#3054),#3058);
#3054 = LINE('',#3055,#3056);
#3055 = CARTESIAN_POINT('',(6.28318530718,0.));
#3056 = VECTOR('',#3057,1.);
#3057 = DIRECTION('',(0.,-1.));
#3058 = ( GEOMETRIC_REPRESENTATION_CONTEXT(2) 
PARAMETRIC_REPRESENTATION_CONTEXT() REPRESENTATION_CONTEXT('2D SPACE',''
  ) );
#3059 = PCURVE('',#582,#3060);
#3060 = DEFINITIONAL_REPRESENTATION('',(#3061),#3065);
#3061 = LINE('',#3062,#3063);
#3062 = CARTESIAN_POINT('',(-0.,-0.));
#3063 = VECTOR('',#3064,1.);
#3064 = DIRECTION('',(-0.,-1.));
#3065 = ( GEOMETRIC_REPRESENTATION_CONTEXT(2) 
PARAMETRIC_REPRESENTATION_CONTEXT() REPRESENTATION_CONTEXT('2D SPACE',''
  ) );
#3066 = ADVANCED_FACE('',(#3067),#582,.T.);
#3067 = FACE_BOUND('',#3068,.F.);
#3068 = EDGE_LOOP('',(#3069,#3092,#3093,#3094));
#3069 = ORIENTED_EDGE('',*,*,#3070,.T.);
#3070 = EDGE_CURVE('',#3071,#539,#3073,.T.);
#3071 = VERTEX_POINT('',#3072);
#3072 = CARTESIAN_POINT('',(-0.2,-57.15,0.8));
#3073 = SURFACE_CURVE('',#3074,(#3078,#3085),.PCURVE_S1.);
#3074 = LINE('',#3075,#3076);
#3075 = CARTESIAN_POINT('',(-0.2,-57.15,-1.));
#3076 = VECTOR('',#3077,1.);
#3077 = DIRECTION('',(-0.,-0.,-1.));
#3078 = PCURVE('',#582,#3079);
#3079 = DEFINITIONAL_REPRESENTATION('',(#3080),#3084);
#3080 = LINE('',#3081,#3082);
#3081 = CARTESIAN_POINT('',(-34.25,-0.));
#3082 = VECTOR('',#3083,1.);
#3083 = DIRECTION('',(-0.,1.));
#3084 = ( GEOMETRIC_REPRESENTATION_CONTEXT(2) 
PARAMETRIC_REPRESENTATION_CONTEXT() REPRESENTATION_CONTEXT('2D SPACE',''
  ) );
#3085 = PCURVE('',#554,#3086);
#3086 = DEFINITIONAL_REPRESENTATION('',(#3087),#3091);
#3087 = LINE('',#3088,#3089);
#3088 = CARTESIAN_POINT('',(-3.2,0.));
#3089 = VECTOR('',#3090,1.);
#3090 = DIRECTION('',(-0.,1.));
#3091 = ( GEOMETRIC_REPRESENTATION_CONTEXT(2) 
PARAMETRIC_REPRESENTATION_CONTEXT() REPRESENTATION_CONTEXT('2D SPACE',''
  ) );
#3092 = ORIENTED_EDGE('',*,*,#566,.T.);
#3093 = ORIENTED_EDGE('',*,*,#3046,.T.);
#3094 = ORIENTED_EDGE('',*,*,#3095,.T.);
#3095 = EDGE_CURVE('',#3019,#3071,#3096,.T.);
#3096 = SURFACE_CURVE('',#3097,(#3101,#3108),.PCURVE_S1.);
#3097 = LINE('',#3098,#3099);
#3098 = CARTESIAN_POINT('',(-0.2,-47.2,0.8));
#3099 = VECTOR('',#3100,1.);
#3100 = DIRECTION('',(-0.,1.,-0.));
#3101 = PCURVE('',#582,#3102);
#3102 = DEFINITIONAL_REPRESENTATION('',(#3103),#3107);
#3103 = LINE('',#3104,#3105);
#3104 = CARTESIAN_POINT('',(-44.2,-1.8));
#3105 = VECTOR('',#3106,1.);
#3106 = DIRECTION('',(-1.,0.));
#3107 = ( GEOMETRIC_REPRESENTATION_CONTEXT(2) 
PARAMETRIC_REPRESENTATION_CONTEXT() REPRESENTATION_CONTEXT('2D SPACE',''
  ) );
#3108 = PCURVE('',#2980,#3109);
#3109 = DEFINITIONAL_REPRESENTATION('',(#3110),#3114);
#3110 = LINE('',#3111,#3112);
#3111 = CARTESIAN_POINT('',(-68.7,0.));
#3112 = VECTOR('',#3113,1.);
#3113 = DIRECTION('',(-0.,1.));
#3114 = ( GEOMETRIC_REPRESENTATION_CONTEXT(2) 
PARAMETRIC_REPRESENTATION_CONTEXT() REPRESENTATION_CONTEXT('2D SPACE',''
  ) );
#3115 = ADVANCED_FACE('',(#3116),#554,.T.);
#3116 = FACE_BOUND('',#3117,.F.);
#3117 = EDGE_LOOP('',(#3118,#3143,#3164,#3165,#3166,#3167));
#3118 = ORIENTED_EDGE('',*,*,#3119,.F.);
#3119 = EDGE_CURVE('',#3120,#3122,#3124,.T.);
#3120 = VERTEX_POINT('',#3121);
#3121 = CARTESIAN_POINT('',(0.8,-57.15,3.4));
#3122 = VERTEX_POINT('',#3123);
#3123 = CARTESIAN_POINT('',(0.8,-57.15,0.8));
#3124 = SURFACE_CURVE('',#3125,(#3129,#3136),.PCURVE_S1.);
#3125 = LINE('',#3126,#3127);
#3126 = CARTESIAN_POINT('',(0.8,-57.15,-1.));
#3127 = VECTOR('',#3128,1.);
#3128 = DIRECTION('',(-0.,-0.,-1.));
#3129 = PCURVE('',#554,#3130);
#3130 = DEFINITIONAL_REPRESENTATION('',(#3131),#3135);
#3131 = LINE('',#3132,#3133);
#3132 = CARTESIAN_POINT('',(-2.2,0.));
#3133 = VECTOR('',#3134,1.);
#3134 = DIRECTION('',(-0.,1.));
#3135 = ( GEOMETRIC_REPRESENTATION_CONTEXT(2) 
PARAMETRIC_REPRESENTATION_CONTEXT() REPRESENTATION_CONTEXT('2D SPACE',''
  ) );
#3136 = PCURVE('',#2537,#3137);
#3137 = DEFINITIONAL_REPRESENTATION('',(#3138),#3142);
#3138 = LINE('',#3139,#3140);
#3139 = CARTESIAN_POINT('',(-34.25,-0.));
#3140 = VECTOR('',#3141,1.);
#3141 = DIRECTION('',(-0.,1.));
#3142 = ( GEOMETRIC_REPRESENTATION_CONTEXT(2) 
PARAMETRIC_REPRESENTATION_CONTEXT() REPRESENTATION_CONTEXT('2D SPACE',''
  ) );
#3143 = ORIENTED_EDGE('',*,*,#3144,.T.);
#3144 = EDGE_CURVE('',#3120,#2384,#3145,.T.);
#3145 = SURFACE_CURVE('',#3146,(#3150,#3157),.PCURVE_S1.);
#3146 = LINE('',#3147,#3148);
#3147 = CARTESIAN_POINT('',(3.,-57.15,3.4));
#3148 = VECTOR('',#3149,1.);
#3149 = DIRECTION('',(-1.,-0.,-0.));
#3150 = PCURVE('',#554,#3151);
#3151 = DEFINITIONAL_REPRESENTATION('',(#3152),#3156);
#3152 = LINE('',#3153,#3154);
#3153 = CARTESIAN_POINT('',(-0.,-4.4));
#3154 = VECTOR('',#3155,1.);
#3155 = DIRECTION('',(-1.,0.));
#3156 = ( GEOMETRIC_REPRESENTATION_CONTEXT(2) 
PARAMETRIC_REPRESENTATION_CONTEXT() REPRESENTATION_CONTEXT('2D SPACE',''
  ) );
#3157 = PCURVE('',#2422,#3158);
#3158 = DEFINITIONAL_REPRESENTATION('',(#3159),#3163);
#3159 = LINE('',#3160,#3161);
#3160 = CARTESIAN_POINT('',(3.,-2.2));
#3161 = VECTOR('',#3162,1.);
#3162 = DIRECTION('',(-1.,0.));
#3163 = ( GEOMETRIC_REPRESENTATION_CONTEXT(2) 
PARAMETRIC_REPRESENTATION_CONTEXT() REPRESENTATION_CONTEXT('2D SPACE',''
  ) );
#3164 = ORIENTED_EDGE('',*,*,#2383,.F.);
#3165 = ORIENTED_EDGE('',*,*,#538,.T.);
#3166 = ORIENTED_EDGE('',*,*,#3070,.F.);
#3167 = ORIENTED_EDGE('',*,*,#3168,.T.);
#3168 = EDGE_CURVE('',#3071,#3122,#3169,.T.);
#3169 = SURFACE_CURVE('',#3170,(#3174,#3181),.PCURVE_S1.);
#3170 = LINE('',#3171,#3172);
#3171 = CARTESIAN_POINT('',(35.75,-57.15,0.8));
#3172 = VECTOR('',#3173,1.);
#3173 = DIRECTION('',(1.,-0.,-0.));
#3174 = PCURVE('',#554,#3175);
#3175 = DEFINITIONAL_REPRESENTATION('',(#3176),#3180);
#3176 = LINE('',#3177,#3178);
#3177 = CARTESIAN_POINT('',(32.75,-1.8));
#3178 = VECTOR('',#3179,1.);
#3179 = DIRECTION('',(1.,-0.));
#3180 = ( GEOMETRIC_REPRESENTATION_CONTEXT(2) 
PARAMETRIC_REPRESENTATION_CONTEXT() REPRESENTATION_CONTEXT('2D SPACE',''
  ) );
#3181 = PCURVE('',#2980,#3182);
#3182 = DEFINITIONAL_REPRESENTATION('',(#3183),#3187);
#3183 = LINE('',#3184,#3185);
#3184 = CARTESIAN_POINT('',(-32.75,-9.95));
#3185 = VECTOR('',#3186,1.);
#3186 = DIRECTION('',(1.,-0.));
#3187 = ( GEOMETRIC_REPRESENTATION_CONTEXT(2) 
PARAMETRIC_REPRESENTATION_CONTEXT() REPRESENTATION_CONTEXT('2D SPACE',''
  ) );
#3188 = ADVANCED_FACE('',(#3189),#498,.T.);
#3189 = FACE_BOUND('',#3190,.F.);
#3190 = EDGE_LOOP('',(#3191,#3211,#3212,#3213,#3296));
#3191 = ORIENTED_EDGE('',*,*,#3192,.F.);
#3192 = EDGE_CURVE('',#450,#3193,#3195,.T.);
#3193 = VERTEX_POINT('',#3194);
#3194 = CARTESIAN_POINT('',(3.,-94.40283607085,6.1952));
#3195 = SURFACE_CURVE('',#3196,(#3199,#3205),.PCURVE_S1.);
#3196 = B_SPLINE_CURVE_WITH_KNOTS('',1,(#3197,#3198),.UNSPECIFIED.,.F.,
  .F.,(2,2),(0.,1.),.PIECEWISE_BEZIER_KNOTS.);
#3197 = CARTESIAN_POINT('',(3.,-95.59,0.));
#3198 = CARTESIAN_POINT('',(3.,-94.4,6.21));
#3199 = PCURVE('',#498,#3200);
#3200 = DEFINITIONAL_REPRESENTATION('',(#3201),#3204);
#3201 = B_SPLINE_CURVE_WITH_KNOTS('',1,(#3202,#3203),.UNSPECIFIED.,.F.,
  .F.,(2,2),(0.,1.),.PIECEWISE_BEZIER_KNOTS.);
#3202 = CARTESIAN_POINT('',(4.712388980385,0.));
#3203 = CARTESIAN_POINT('',(4.712388980385,-6.21));
#3204 = ( GEOMETRIC_REPRESENTATION_CONTEXT(2) 
PARAMETRIC_REPRESENTATION_CONTEXT() REPRESENTATION_CONTEXT('2D SPACE',''
  ) );
#3205 = PCURVE('',#465,#3206);
#3206 = DEFINITIONAL_REPRESENTATION('',(#3207),#3210);
#3207 = B_SPLINE_CURVE_WITH_KNOTS('',1,(#3208,#3209),.UNSPECIFIED.,.F.,
  .F.,(2,2),(0.,1.),.PIECEWISE_BEZIER_KNOTS.);
#3208 = CARTESIAN_POINT('',(-65.5,-6.322989799138));
#3209 = CARTESIAN_POINT('',(-65.5,0.));
#3210 = ( GEOMETRIC_REPRESENTATION_CONTEXT(2) 
PARAMETRIC_REPRESENTATION_CONTEXT() REPRESENTATION_CONTEXT('2D SPACE',''
  ) );
#3211 = ORIENTED_EDGE('',*,*,#477,.T.);
#3212 = ORIENTED_EDGE('',*,*,#2362,.T.);
#3213 = ORIENTED_EDGE('',*,*,#3214,.T.);
#3214 = EDGE_CURVE('',#2363,#3215,#3217,.T.);
#3215 = VERTEX_POINT('',#3216);
#3216 = CARTESIAN_POINT('',(2.869522153533,-94.4,6.1952));
#3217 = SURFACE_CURVE('',#3218,(#3242,#3269),.PCURVE_S1.);
#3218 = B_SPLINE_CURVE_WITH_KNOTS('',8,(#3219,#3220,#3221,#3222,#3223,
    #3224,#3225,#3226,#3227,#3228,#3229,#3230,#3231,#3232,#3233,#3234,
    #3235,#3236,#3237,#3238,#3239,#3240,#3241),.UNSPECIFIED.,.F.,.F.,(9,
    7,7,9),(0.,0.513117691192,0.683661071089,1.),.UNSPECIFIED.);
#3219 = CARTESIAN_POINT('',(-2.796547906598E-03,-91.4,6.19540625));
#3220 = CARTESIAN_POINT('',(-2.803001104525E-03,-91.65657852959,
    6.195372574068));
#3221 = CARTESIAN_POINT('',(2.224719337542E-02,-91.91278061508,
    6.195341768914));
#3222 = CARTESIAN_POINT('',(7.222234983612E-02,-92.16762519576,
    6.19531405626));
#3223 = CARTESIAN_POINT('',(0.147637668672,-92.41967528477,
    6.195289654971));
#3224 = CARTESIAN_POINT('',(0.249200103828,-92.66709356513,
    6.195268725617));
#3225 = CARTESIAN_POINT('',(0.377910198475,-92.90757702738,
    6.195251318064));
#3226 = CARTESIAN_POINT('',(0.53478504091,-93.1384176417,6.195237319917)
  );
#3227 = CARTESIAN_POINT('',(0.783937152606,-93.42858721825,
    6.195222834638));
#3228 = CARTESIAN_POINT('',(0.849375827763,-93.49948092489,
    6.195219568912));
#3229 = CARTESIAN_POINT('',(0.918148878107,-93.56874294306,
    6.195216640847));
#3230 = CARTESIAN_POINT('',(0.990297412307,-93.63621051233,
    6.195214038286));
#3231 = CARTESIAN_POINT('',(1.065852554583,-93.70170047294,
    6.195211746786));
#3232 = CARTESIAN_POINT('',(1.144832549442,-93.76501078384,
    6.195209749429));
#3233 = CARTESIAN_POINT('',(1.227239866422,-93.82592204067,
    6.195208026633));
#3234 = CARTESIAN_POINT('',(1.472241926618,-93.99229623523,
    6.195203828051));
#3235 = CARTESIAN_POINT('',(1.643442091937,-94.0915193843,6.195201963223
    ));
#3236 = CARTESIAN_POINT('',(1.826336309791,-94.18011903162,
    6.195200829264));
#3237 = CARTESIAN_POINT('',(2.020180458482,-94.25615844091,6.19520025909
    ));
#3238 = CARTESIAN_POINT('',(2.223704284853,-94.31770799223,
    6.195200049073));
#3239 = CARTESIAN_POINT('',(2.435030145408,-94.36296434358,
    6.195200005315));
#3240 = CARTESIAN_POINT('',(2.651528310593,-94.39051887761,6.1952));
#3241 = CARTESIAN_POINT('',(2.869522153533,-94.4,6.1952));
#3242 = PCURVE('',#498,#3243);
#3243 = DEFINITIONAL_REPRESENTATION('',(#3244),#3268);
#3244 = B_SPLINE_CURVE_WITH_KNOTS('',8,(#3245,#3246,#3247,#3248,#3249,
    #3250,#3251,#3252,#3253,#3254,#3255,#3256,#3257,#3258,#3259,#3260,
    #3261,#3262,#3263,#3264,#3265,#3266,#3267),.UNSPECIFIED.,.F.,.F.,(9,
    7,7,9),(0.,0.513117691192,0.683661071089,1.),.UNSPECIFIED.);
#3245 = CARTESIAN_POINT('',(6.28318530718,-6.19540625));
#3246 = CARTESIAN_POINT('',(6.197738782416,-6.195372574068));
#3247 = CARTESIAN_POINT('',(6.11241777979,-6.195341768914));
#3248 = CARTESIAN_POINT('',(6.02660035321,-6.19531405626));
#3249 = CARTESIAN_POINT('',(5.939818411233,-6.195289654972));
#3250 = CARTESIAN_POINT('',(5.851652386504,-6.195268725617));
#3251 = CARTESIAN_POINT('',(5.761639026704,-6.195251318064));
#3252 = CARTESIAN_POINT('',(5.669281536437,-6.195237319917));
#3253 = CARTESIAN_POINT('',(5.541915276319,-6.195222834638));
#3254 = CARTESIAN_POINT('',(5.509806731891,-6.195219568912));
#3255 = CARTESIAN_POINT('',(5.477338272397,-6.195216640847));
#3256 = CARTESIAN_POINT('',(5.444488804765,-6.195214038286));
#3257 = CARTESIAN_POINT('',(5.411239437227,-6.195211746786));
#3258 = CARTESIAN_POINT('',(5.377573120841,-6.195209749429));
#3259 = CARTESIAN_POINT('',(5.343474291027,-6.195208026633));
#3260 = CARTESIAN_POINT('',(5.244849940562,-6.195203828051));
#3261 = CARTESIAN_POINT('',(5.179120690629,-6.195201963223));
#3262 = CARTESIAN_POINT('',(5.111757986127,-6.195200829264));
#3263 = CARTESIAN_POINT('',(5.042836184063,-6.19520025909));
#3264 = CARTESIAN_POINT('',(4.972496711231,-6.195200049073));
#3265 = CARTESIAN_POINT('',(4.900947077964,-6.195200005315));
#3266 = CARTESIAN_POINT('',(4.828518817616,-6.1952));
#3267 = CARTESIAN_POINT('',(4.755854203303,-6.1952));
#3268 = ( GEOMETRIC_REPRESENTATION_CONTEXT(2) 
PARAMETRIC_REPRESENTATION_CONTEXT() REPRESENTATION_CONTEXT('2D SPACE',''
  ) );
#3269 = PCURVE('',#2122,#3270);
#3270 = DEFINITIONAL_REPRESENTATION('',(#3271),#3295);
#3271 = B_SPLINE_CURVE_WITH_KNOTS('',8,(#3272,#3273,#3274,#3275,#3276,
    #3277,#3278,#3279,#3280,#3281,#3282,#3283,#3284,#3285,#3286,#3287,
    #3288,#3289,#3290,#3291,#3292,#3293,#3294),.UNSPECIFIED.,.F.,.F.,(9,
    7,7,9),(0.,0.513117691192,0.683661071089,1.),.UNSPECIFIED.);
#3272 = CARTESIAN_POINT('',(21.000000564296,0.744166939808));
#3273 = CARTESIAN_POINT('',(21.256579096025,0.744167073194));
#3274 = CARTESIAN_POINT('',(21.512781183301,0.743649293233));
#3275 = CARTESIAN_POINT('',(21.767625765428,0.742616321831));
#3276 = CARTESIAN_POINT('',(22.019675855558,0.741057509949));
#3277 = CARTESIAN_POINT('',(22.267094136795,0.738958245063));
#3278 = CARTESIAN_POINT('',(22.507577599661,0.736297846249));
#3279 = CARTESIAN_POINT('',(22.73841821439,0.733055290597));
#3280 = CARTESIAN_POINT('',(23.028587791253,0.727905391637));
#3281 = CARTESIAN_POINT('',(23.099481497958,0.726552793969));
#3282 = CARTESIAN_POINT('',(23.168743516177,0.725131275773));
#3283 = CARTESIAN_POINT('',(23.236211085469,0.723639987344));
#3284 = CARTESIAN_POINT('',(23.301701046092,0.722078285354));
#3285 = CARTESIAN_POINT('',(23.365011356996,0.720445792694));
#3286 = CARTESIAN_POINT('',(23.425922613822,0.718742458321));
#3287 = CARTESIAN_POINT('',(23.592296808334,0.713678339673));
#3288 = CARTESIAN_POINT('',(23.691519957346,0.71013968392));
#3289 = CARTESIAN_POINT('',(23.780119604588,0.706359315631));
#3290 = CARTESIAN_POINT('',(23.856159013792,0.702352615575));
#3291 = CARTESIAN_POINT('',(23.917708565031,0.698145839503));
#3292 = CARTESIAN_POINT('',(23.962964916324,0.693777797739));
#3293 = CARTESIAN_POINT('',(23.990519450309,0.689302845998));
#3294 = CARTESIAN_POINT('',(24.000000572685,0.684796979051));
#3295 = ( GEOMETRIC_REPRESENTATION_CONTEXT(2) 
PARAMETRIC_REPRESENTATION_CONTEXT() REPRESENTATION_CONTEXT('2D SPACE',''
  ) );
#3296 = ORIENTED_EDGE('',*,*,#3297,.F.);
#3297 = EDGE_CURVE('',#3193,#3215,#3298,.T.);
#3298 = SURFACE_CURVE('',#3299,(#3304,#3311),.PCURVE_S1.);
#3299 = CIRCLE('',#3300,3.002836070853);
#3300 = AXIS2_PLACEMENT_3D('',#3301,#3302,#3303);
#3301 = CARTESIAN_POINT('',(3.,-91.4,6.1952));
#3302 = DIRECTION('',(0.,0.,-1.));
#3303 = DIRECTION('',(-1.,-0.,-0.));
#3304 = PCURVE('',#498,#3305);
#3305 = DEFINITIONAL_REPRESENTATION('',(#3306),#3310);
#3306 = LINE('',#3307,#3308);
#3307 = CARTESIAN_POINT('',(0.,-6.1952));
#3308 = VECTOR('',#3309,1.);
#3309 = DIRECTION('',(1.,-0.));
#3310 = ( GEOMETRIC_REPRESENTATION_CONTEXT(2) 
PARAMETRIC_REPRESENTATION_CONTEXT() REPRESENTATION_CONTEXT('2D SPACE',''
  ) );
#3311 = PCURVE('',#3312,#3317);
#3312 = PLANE('',#3313);
#3313 = AXIS2_PLACEMENT_3D('',#3314,#3315,#3316);
#3314 = CARTESIAN_POINT('',(-12.38,-94.4,6.1952));
#3315 = DIRECTION('',(-0.,-0.,1.));
#3316 = DIRECTION('',(0.,1.,0.));
#3317 = DEFINITIONAL_REPRESENTATION('',(#3318),#3326);
#3318 = ( BOUNDED_CURVE() B_SPLINE_CURVE(2,(#3319,#3320,#3321,#3322,
#3323,#3324,#3325),.UNSPECIFIED.,.T.,.F.) B_SPLINE_CURVE_WITH_KNOTS((1,2
    ,2,2,2,1),(-2.094395102393,0.,2.094395102393,4.188790204786,
6.28318530718,8.377580409573),.UNSPECIFIED.) CURVE() 
GEOMETRIC_REPRESENTATION_ITEM() RATIONAL_B_SPLINE_CURVE((1.,0.5,1.,0.5,
1.,0.5,1.)) REPRESENTATION_ITEM('') );
#3319 = CARTESIAN_POINT('',(3.,-12.37716392914));
#3320 = CARTESIAN_POINT('',(8.201064641519,-12.37716392914));
#3321 = CARTESIAN_POINT('',(5.600532320759,-16.88141803542));
#3322 = CARTESIAN_POINT('',(3.,-21.3856721417));
#3323 = CARTESIAN_POINT('',(0.399467679241,-16.88141803542));
#3324 = CARTESIAN_POINT('',(-2.201064641519,-12.37716392914));
#3325 = CARTESIAN_POINT('',(3.,-12.37716392914));
#3326 = ( GEOMETRIC_REPRESENTATION_CONTEXT(2) 
PARAMETRIC_REPRESENTATION_CONTEXT() REPRESENTATION_CONTEXT('2D SPACE',''
  ) );
#3327 = ADVANCED_FACE('',(#3328,#3573),#465,.T.);
#3328 = FACE_BOUND('',#3329,.F.);
#3329 = EDGE_LOOP('',(#3330,#3331,#3332,#3333,#3356,#3384,#3412,#3440,
    #3468,#3496,#3524,#3552));
#3330 = ORIENTED_EDGE('',*,*,#965,.F.);
#3331 = ORIENTED_EDGE('',*,*,#449,.T.);
#3332 = ORIENTED_EDGE('',*,*,#3192,.T.);
#3333 = ORIENTED_EDGE('',*,*,#3334,.T.);
#3334 = EDGE_CURVE('',#3193,#3335,#3337,.T.);
#3335 = VERTEX_POINT('',#3336);
#3336 = CARTESIAN_POINT('',(36.,-94.40283607085,6.1952));
#3337 = SURFACE_CURVE('',#3338,(#3342,#3349),.PCURVE_S1.);
#3338 = LINE('',#3339,#3340);
#3339 = CARTESIAN_POINT('',(28.06,-94.40283607085,6.1952));
#3340 = VECTOR('',#3341,1.);
#3341 = DIRECTION('',(1.,-0.,0.));
#3342 = PCURVE('',#465,#3343);
#3343 = DEFINITIONAL_REPRESENTATION('',(#3344),#3348);
#3344 = LINE('',#3345,#3346);
#3345 = CARTESIAN_POINT('',(-40.44,-1.50692832572E-02));
#3346 = VECTOR('',#3347,1.);
#3347 = DIRECTION('',(1.,-0.));
#3348 = ( GEOMETRIC_REPRESENTATION_CONTEXT(2) 
PARAMETRIC_REPRESENTATION_CONTEXT() REPRESENTATION_CONTEXT('2D SPACE',''
  ) );
#3349 = PCURVE('',#3312,#3350);
#3350 = DEFINITIONAL_REPRESENTATION('',(#3351),#3355);
#3351 = LINE('',#3352,#3353);
#3352 = CARTESIAN_POINT('',(-2.836070853448E-03,-40.44));
#3353 = VECTOR('',#3354,1.);
#3354 = DIRECTION('',(-0.,-1.));
#3355 = ( GEOMETRIC_REPRESENTATION_CONTEXT(2) 
PARAMETRIC_REPRESENTATION_CONTEXT() REPRESENTATION_CONTEXT('2D SPACE',''
  ) );
#3356 = ORIENTED_EDGE('',*,*,#3357,.T.);
#3357 = EDGE_CURVE('',#3335,#3358,#3360,.T.);
#3358 = VERTEX_POINT('',#3359);
#3359 = CARTESIAN_POINT('',(39.625,-94.42167773752,6.096875));
#3360 = SURFACE_CURVE('',#3361,(#3365,#3372),.PCURVE_S1.);
#3361 = LINE('',#3362,#3363);
#3362 = CARTESIAN_POINT('',(52.237399707983,-94.48723322197,
    5.754774530679));
#3363 = VECTOR('',#3364,1.);
#3364 = DIRECTION('',(0.999618850545,-5.195720048466E-03,
    -2.711379958065E-02));
#3365 = PCURVE('',#465,#3366);
#3366 = DEFINITIONAL_REPRESENTATION('',(#3367),#3371);
#3367 = LINE('',#3368,#3369);
#3368 = CARTESIAN_POINT('',(-16.26260029201,-0.463508212371));
#3369 = VECTOR('',#3370,1.);
#3370 = DIRECTION('',(0.999618850545,-2.760713013918E-02));
#3371 = ( GEOMETRIC_REPRESENTATION_CONTEXT(2) 
PARAMETRIC_REPRESENTATION_CONTEXT() REPRESENTATION_CONTEXT('2D SPACE',''
  ) );
#3372 = PCURVE('',#3373,#3378);
#3373 = PLANE('',#3374);
#3374 = AXIS2_PLACEMENT_3D('',#3375,#3376,#3377);
#3375 = CARTESIAN_POINT('',(36.,-94.4,6.1952));
#3376 = DIRECTION('',(2.711416556344E-02,-0.,0.999632343427));
#3377 = DIRECTION('',(0.,1.,0.));
#3378 = DEFINITIONAL_REPRESENTATION('',(#3379),#3383);
#3379 = LINE('',#3380,#3381);
#3380 = CARTESIAN_POINT('',(-8.723322197932E-02,-16.24337169034));
#3381 = VECTOR('',#3382,1.);
#3382 = DIRECTION('',(-5.195720048466E-03,-0.999986502155));
#3383 = ( GEOMETRIC_REPRESENTATION_CONTEXT(2) 
PARAMETRIC_REPRESENTATION_CONTEXT() REPRESENTATION_CONTEXT('2D SPACE',''
  ) );
#3384 = ORIENTED_EDGE('',*,*,#3385,.T.);
#3385 = EDGE_CURVE('',#3358,#3386,#3388,.T.);
#3386 = VERTEX_POINT('',#3387);
#3387 = CARTESIAN_POINT('',(43.25,-94.47377616747,5.825));
#3388 = SURFACE_CURVE('',#3389,(#3393,#3400),.PCURVE_S1.);
#3389 = LINE('',#3390,#3391);
#3390 = CARTESIAN_POINT('',(53.974267733288,-94.6279051361,
    5.020679920003));
#3391 = VECTOR('',#3392,1.);
#3392 = DIRECTION('',(0.99709691406,-1.433025758129E-02,
    -7.478226855448E-02));
#3393 = PCURVE('',#465,#3394);
#3394 = DEFINITIONAL_REPRESENTATION('',(#3395),#3399);
#3395 = LINE('',#3396,#3397);
#3396 = CARTESIAN_POINT('',(-14.52573226671,-1.210959538443));
#3397 = VECTOR('',#3398,1.);
#3398 = DIRECTION('',(0.99709691406,-7.614291807188E-02));
#3399 = ( GEOMETRIC_REPRESENTATION_CONTEXT(2) 
PARAMETRIC_REPRESENTATION_CONTEXT() REPRESENTATION_CONTEXT('2D SPACE',''
  ) );
#3400 = PCURVE('',#3401,#3406);
#3401 = PLANE('',#3402);
#3402 = AXIS2_PLACEMENT_3D('',#3403,#3404,#3405);
#3403 = CARTESIAN_POINT('',(39.625,-94.4,6.096875));
#3404 = DIRECTION('',(7.478994824163E-02,-0.,0.997199309888));
#3405 = DIRECTION('',(0.,1.,0.));
#3406 = DEFINITIONAL_REPRESENTATION('',(#3407),#3411);
#3407 = LINE('',#3408,#3409);
#3408 = CARTESIAN_POINT('',(-0.227905136102,-14.38956845537));
#3409 = VECTOR('',#3410,1.);
#3410 = DIRECTION('',(-1.433025758129E-02,-0.999897316587));
#3411 = ( GEOMETRIC_REPRESENTATION_CONTEXT(2) 
PARAMETRIC_REPRESENTATION_CONTEXT() REPRESENTATION_CONTEXT('2D SPACE',''
  ) );
#3412 = ORIENTED_EDGE('',*,*,#3413,.T.);
#3413 = EDGE_CURVE('',#3386,#3414,#3416,.T.);
#3414 = VERTEX_POINT('',#3415);
#3415 = CARTESIAN_POINT('',(46.875,-94.54743256843,5.440625));
#3416 = SURFACE_CURVE('',#3417,(#3421,#3428),.PCURVE_S1.);
#3417 = LINE('',#3418,#3419);
#3418 = CARTESIAN_POINT('',(55.707878113786,-94.7269078821,
    4.504035337935));
#3419 = VECTOR('',#3420,1.);
#3420 = DIRECTION('',(0.994222373195,-2.020161152265E-02,-0.105421855089
    ));
#3421 = PCURVE('',#465,#3422);
#3422 = DEFINITIONAL_REPRESENTATION('',(#3423),#3427);
#3423 = LINE('',#3424,#3425);
#3424 = CARTESIAN_POINT('',(-12.79212188621,-1.737004372935));
#3425 = VECTOR('',#3426,1.);
#3426 = DIRECTION('',(0.994222373195,-0.107339986205));
#3427 = ( GEOMETRIC_REPRESENTATION_CONTEXT(2) 
PARAMETRIC_REPRESENTATION_CONTEXT() REPRESENTATION_CONTEXT('2D SPACE',''
  ) );
#3428 = PCURVE('',#3429,#3434);
#3429 = PLANE('',#3430);
#3430 = AXIS2_PLACEMENT_3D('',#3431,#3432,#3433);
#3431 = CARTESIAN_POINT('',(43.25,-94.4,5.825));
#3432 = DIRECTION('',(0.105443373274,-0.,0.994425308926));
#3433 = DIRECTION('',(0.,1.,0.));
#3434 = DEFINITIONAL_REPRESENTATION('',(#3435),#3439);
#3435 = LINE('',#3436,#3437);
#3436 = CARTESIAN_POINT('',(-0.326907882103,-12.5277162618));
#3437 = VECTOR('',#3438,1.);
#3438 = DIRECTION('',(-2.020161152265E-02,-0.999795926623));
#3439 = ( GEOMETRIC_REPRESENTATION_CONTEXT(2) 
PARAMETRIC_REPRESENTATION_CONTEXT() REPRESENTATION_CONTEXT('2D SPACE',''
  ) );
#3440 = ORIENTED_EDGE('',*,*,#3441,.T.);
#3441 = EDGE_CURVE('',#3414,#3442,#3444,.T.);
#3442 = VERTEX_POINT('',#3443);
#3443 = CARTESIAN_POINT('',(54.125,-94.71630334138,4.559375));
#3444 = SURFACE_CURVE('',#3445,(#3449,#3456),.PCURVE_S1.);
#3445 = LINE('',#3446,#3447);
#3446 = CARTESIAN_POINT('',(46.875,-94.54743256843,5.440625));
#3447 = VECTOR('',#3448,1.);
#3448 = DIRECTION('',(0.992428193321,-2.311615394488E-02,-0.120631357981
    ));
#3449 = PCURVE('',#465,#3450);
#3450 = DEFINITIONAL_REPRESENTATION('',(#3451),#3455);
#3451 = LINE('',#3452,#3453);
#3452 = CARTESIAN_POINT('',(-21.625,-0.783373635541));
#3453 = VECTOR('',#3454,1.);
#3454 = DIRECTION('',(0.992428193321,-0.122826223184));
#3455 = ( GEOMETRIC_REPRESENTATION_CONTEXT(2) 
PARAMETRIC_REPRESENTATION_CONTEXT() REPRESENTATION_CONTEXT('2D SPACE',''
  ) );
#3456 = PCURVE('',#3457,#3462);
#3457 = PLANE('',#3458);
#3458 = AXIS2_PLACEMENT_3D('',#3459,#3460,#3461);
#3459 = CARTESIAN_POINT('',(50.5,-94.4,5.));
#3460 = DIRECTION('',(0.120663600983,-0.,0.992693454898));
#3461 = DIRECTION('',(0.,1.,0.));
#3462 = DEFINITIONAL_REPRESENTATION('',(#3463),#3467);
#3463 = LINE('',#3464,#3465);
#3464 = CARTESIAN_POINT('',(-0.147432568438,3.651681173189));
#3465 = VECTOR('',#3466,1.);
#3466 = DIRECTION('',(-2.311615394488E-02,-0.999732786012));
#3467 = ( GEOMETRIC_REPRESENTATION_CONTEXT(2) 
PARAMETRIC_REPRESENTATION_CONTEXT() REPRESENTATION_CONTEXT('2D SPACE',''
  ) );
#3468 = ORIENTED_EDGE('',*,*,#3469,.T.);
#3469 = EDGE_CURVE('',#3442,#3470,#3472,.T.);
#3470 = VERTEX_POINT('',#3471);
#3471 = CARTESIAN_POINT('',(57.75,-94.78995974235,4.175));
#3472 = SURFACE_CURVE('',#3473,(#3477,#3484),.PCURVE_S1.);
#3473 = LINE('',#3474,#3475);
#3474 = CARTESIAN_POINT('',(61.136830334554,-94.85877677217,
    3.815879197284));
#3475 = VECTOR('',#3476,1.);
#3476 = DIRECTION('',(0.994222373195,-2.020161152265E-02,-0.105421855089
    ));
#3477 = PCURVE('',#465,#3478);
#3478 = DEFINITIONAL_REPRESENTATION('',(#3479),#3483);
#3479 = LINE('',#3480,#3481);
#3480 = CARTESIAN_POINT('',(-7.363169665446,-2.437681387033));
#3481 = VECTOR('',#3482,1.);
#3482 = DIRECTION('',(0.994222373195,-0.107339986205));
#3483 = ( GEOMETRIC_REPRESENTATION_CONTEXT(2) 
PARAMETRIC_REPRESENTATION_CONTEXT() REPRESENTATION_CONTEXT('2D SPACE',''
  ) );
#3484 = PCURVE('',#3485,#3490);
#3485 = PLANE('',#3486);
#3486 = AXIS2_PLACEMENT_3D('',#3487,#3488,#3489);
#3487 = CARTESIAN_POINT('',(54.125,-94.4,4.559375));
#3488 = DIRECTION('',(0.105443373274,-0.,0.994425308926));
#3489 = DIRECTION('',(0.,1.,0.));
#3490 = DEFINITIONAL_REPRESENTATION('',(#3491),#3495);
#3491 = LINE('',#3492,#3493);
#3492 = CARTESIAN_POINT('',(-0.458776772179,-7.051138252029));
#3493 = VECTOR('',#3494,1.);
#3494 = DIRECTION('',(-2.020161152265E-02,-0.999795926623));
#3495 = ( GEOMETRIC_REPRESENTATION_CONTEXT(2) 
PARAMETRIC_REPRESENTATION_CONTEXT() REPRESENTATION_CONTEXT('2D SPACE',''
  ) );
#3496 = ORIENTED_EDGE('',*,*,#3497,.T.);
#3497 = EDGE_CURVE('',#3470,#3498,#3500,.T.);
#3498 = VERTEX_POINT('',#3499);
#3499 = CARTESIAN_POINT('',(61.375,-94.8420581723,3.903125));
#3500 = SURFACE_CURVE('',#3501,(#3505,#3512),.PCURVE_S1.);
#3501 = LINE('',#3502,#3503);
#3502 = CARTESIAN_POINT('',(63.012395066024,-94.86559078255,
    3.780320370048));
#3503 = VECTOR('',#3504,1.);
#3504 = DIRECTION('',(0.99709691406,-1.433025758129E-02,
    -7.478226855448E-02));
#3505 = PCURVE('',#465,#3506);
#3506 = DEFINITIONAL_REPRESENTATION('',(#3507),#3511);
#3507 = LINE('',#3508,#3509);
#3508 = CARTESIAN_POINT('',(-5.487604933976,-2.473887200541));
#3509 = VECTOR('',#3510,1.);
#3510 = DIRECTION('',(0.99709691406,-7.614291807188E-02));
#3511 = ( GEOMETRIC_REPRESENTATION_CONTEXT(2) 
PARAMETRIC_REPRESENTATION_CONTEXT() REPRESENTATION_CONTEXT('2D SPACE',''
  ) );
#3512 = PCURVE('',#3513,#3518);
#3513 = PLANE('',#3514);
#3514 = AXIS2_PLACEMENT_3D('',#3515,#3516,#3517);
#3515 = CARTESIAN_POINT('',(57.75,-94.4,4.175));
#3516 = DIRECTION('',(7.478994824163E-02,-0.,0.997199309888));
#3517 = DIRECTION('',(0.,1.,0.));
#3518 = DEFINITIONAL_REPRESENTATION('',(#3519),#3523);
#3519 = LINE('',#3520,#3521);
#3520 = CARTESIAN_POINT('',(-0.465590782551,-5.277174797295));
#3521 = VECTOR('',#3522,1.);
#3522 = DIRECTION('',(-1.433025758129E-02,-0.999897316587));
#3523 = ( GEOMETRIC_REPRESENTATION_CONTEXT(2) 
PARAMETRIC_REPRESENTATION_CONTEXT() REPRESENTATION_CONTEXT('2D SPACE',''
  ) );
#3524 = ORIENTED_EDGE('',*,*,#3525,.T.);
#3525 = EDGE_CURVE('',#3498,#3526,#3528,.T.);
#3526 = VERTEX_POINT('',#3527);
#3527 = CARTESIAN_POINT('',(65.,-94.86181964573,3.8));
#3528 = SURFACE_CURVE('',#3529,(#3533,#3540),.PCURVE_S1.);
#3529 = LINE('',#3530,#3531);
#3530 = CARTESIAN_POINT('',(64.899319853754,-94.86127079386,
    3.802864176574));
#3531 = VECTOR('',#3532,1.);
#3532 = DIRECTION('',(0.999580752496,-5.449155443185E-03,
    -2.843634899343E-02));
#3533 = PCURVE('',#465,#3534);
#3534 = DEFINITIONAL_REPRESENTATION('',(#3535),#3539);
#3535 = LINE('',#3536,#3537);
#3536 = CARTESIAN_POINT('',(-3.600680146246,-2.450933213633));
#3537 = VECTOR('',#3538,1.);
#3538 = DIRECTION('',(0.999580752496,-2.895374309342E-02));
#3539 = ( GEOMETRIC_REPRESENTATION_CONTEXT(2) 
PARAMETRIC_REPRESENTATION_CONTEXT() REPRESENTATION_CONTEXT('2D SPACE',''
  ) );
#3540 = PCURVE('',#3541,#3546);
#3541 = PLANE('',#3542);
#3542 = AXIS2_PLACEMENT_3D('',#3543,#3544,#3545);
#3543 = CARTESIAN_POINT('',(61.375,-94.4,3.903125));
#3544 = DIRECTION('',(2.843677118728E-02,-0.,0.99959559325));
#3545 = DIRECTION('',(0.,1.,0.));
#3546 = DEFINITIONAL_REPRESENTATION('',(#3547),#3551);
#3547 = LINE('',#3548,#3549);
#3548 = CARTESIAN_POINT('',(-0.461270793861,-3.525745689111));
#3549 = VECTOR('',#3550,1.);
#3550 = DIRECTION('',(-5.449155443185E-03,-0.999985153242));
#3551 = ( GEOMETRIC_REPRESENTATION_CONTEXT(2) 
PARAMETRIC_REPRESENTATION_CONTEXT() REPRESENTATION_CONTEXT('2D SPACE',''
  ) );
#3552 = ORIENTED_EDGE('',*,*,#3553,.T.);
#3553 = EDGE_CURVE('',#3526,#966,#3554,.T.);
#3554 = SURFACE_CURVE('',#3555,(#3559,#3566),.PCURVE_S1.);
#3555 = LINE('',#3556,#3557);
#3556 = CARTESIAN_POINT('',(66.75,-94.86181964573,3.8));
#3557 = VECTOR('',#3558,1.);
#3558 = DIRECTION('',(1.,-0.,0.));
#3559 = PCURVE('',#465,#3560);
#3560 = DEFINITIONAL_REPRESENTATION('',(#3561),#3565);
#3561 = LINE('',#3562,#3563);
#3562 = CARTESIAN_POINT('',(-1.75,-2.453849503369));
#3563 = VECTOR('',#3564,1.);
#3564 = DIRECTION('',(1.,-0.));
#3565 = ( GEOMETRIC_REPRESENTATION_CONTEXT(2) 
PARAMETRIC_REPRESENTATION_CONTEXT() REPRESENTATION_CONTEXT('2D SPACE',''
  ) );
#3566 = PCURVE('',#1002,#3567);
#3567 = DEFINITIONAL_REPRESENTATION('',(#3568),#3572);
#3568 = LINE('',#3569,#3570);
#3569 = CARTESIAN_POINT('',(-0.461819645733,-1.75));
#3570 = VECTOR('',#3571,1.);
#3571 = DIRECTION('',(-0.,-1.));
#3572 = ( GEOMETRIC_REPRESENTATION_CONTEXT(2) 
PARAMETRIC_REPRESENTATION_CONTEXT() REPRESENTATION_CONTEXT('2D SPACE',''
  ) );
#3573 = FACE_BOUND('',#3574,.F.);
#3574 = EDGE_LOOP('',(#3575,#3605,#3633,#3661));
#3575 = ORIENTED_EDGE('',*,*,#3576,.F.);
#3576 = EDGE_CURVE('',#3577,#3579,#3581,.T.);
#3577 = VERTEX_POINT('',#3578);
#3578 = CARTESIAN_POINT('',(19.3,-94.76600644122,4.3));
#3579 = VERTEX_POINT('',#3580);
#3580 = CARTESIAN_POINT('',(19.3,-95.43669887278,0.8));
#3581 = SURFACE_CURVE('',#3582,(#3586,#3593),.PCURVE_S1.);
#3582 = LINE('',#3583,#3584);
#3583 = CARTESIAN_POINT('',(19.3,-94.93186751191,3.434456093266));
#3584 = VECTOR('',#3585,1.);
#3585 = DIRECTION('',(0.,-0.188202106567,-0.982130320825));
#3586 = PCURVE('',#465,#3587);
#3587 = DEFINITIONAL_REPRESENTATION('',(#3588),#3592);
#3588 = LINE('',#3589,#3590);
#3589 = CARTESIAN_POINT('',(-49.2,-2.826044413742));
#3590 = VECTOR('',#3591,1.);
#3591 = DIRECTION('',(-0.,-1.));
#3592 = ( GEOMETRIC_REPRESENTATION_CONTEXT(2) 
PARAMETRIC_REPRESENTATION_CONTEXT() REPRESENTATION_CONTEXT('2D SPACE',''
  ) );
#3593 = PCURVE('',#3594,#3599);
#3594 = PLANE('',#3595);
#3595 = AXIS2_PLACEMENT_3D('',#3596,#3597,#3598);
#3596 = CARTESIAN_POINT('',(19.3,-96.2,0.8));
#3597 = DIRECTION('',(1.,-0.,-0.));
#3598 = DIRECTION('',(0.,-1.,0.));
#3599 = DEFINITIONAL_REPRESENTATION('',(#3600),#3604);
#3600 = LINE('',#3601,#3602);
#3601 = CARTESIAN_POINT('',(-1.268132488082,-2.634456093266));
#3602 = VECTOR('',#3603,1.);
#3603 = DIRECTION('',(0.188202106567,0.982130320825));
#3604 = ( GEOMETRIC_REPRESENTATION_CONTEXT(2) 
PARAMETRIC_REPRESENTATION_CONTEXT() REPRESENTATION_CONTEXT('2D SPACE',''
  ) );
#3605 = ORIENTED_EDGE('',*,*,#3606,.F.);
#3606 = EDGE_CURVE('',#3607,#3577,#3609,.T.);
#3607 = VERTEX_POINT('',#3608);
#3608 = CARTESIAN_POINT('',(9.3,-94.76600644122,4.3));
#3609 = SURFACE_CURVE('',#3610,(#3614,#3621),.PCURVE_S1.);
#3610 = LINE('',#3611,#3612);
#3611 = CARTESIAN_POINT('',(41.4,-94.76600644122,4.3));
#3612 = VECTOR('',#3613,1.);
#3613 = DIRECTION('',(1.,-0.,-0.));
#3614 = PCURVE('',#465,#3615);
#3615 = DEFINITIONAL_REPRESENTATION('',(#3616),#3620);
#3616 = LINE('',#3617,#3618);
#3617 = CARTESIAN_POINT('',(-27.1,-1.944752096031));
#3618 = VECTOR('',#3619,1.);
#3619 = DIRECTION('',(1.,-0.));
#3620 = ( GEOMETRIC_REPRESENTATION_CONTEXT(2) 
PARAMETRIC_REPRESENTATION_CONTEXT() REPRESENTATION_CONTEXT('2D SPACE',''
  ) );
#3621 = PCURVE('',#3622,#3627);
#3622 = PLANE('',#3623);
#3623 = AXIS2_PLACEMENT_3D('',#3624,#3625,#3626);
#3624 = CARTESIAN_POINT('',(14.3,-94.4,4.3));
#3625 = DIRECTION('',(-0.,-0.,1.));
#3626 = DIRECTION('',(1.,0.,0.));
#3627 = DEFINITIONAL_REPRESENTATION('',(#3628),#3632);
#3628 = LINE('',#3629,#3630);
#3629 = CARTESIAN_POINT('',(27.1,-0.366006441224));
#3630 = VECTOR('',#3631,1.);
#3631 = DIRECTION('',(1.,-0.));
#3632 = ( GEOMETRIC_REPRESENTATION_CONTEXT(2) 
PARAMETRIC_REPRESENTATION_CONTEXT() REPRESENTATION_CONTEXT('2D SPACE',''
  ) );
#3633 = ORIENTED_EDGE('',*,*,#3634,.T.);
#3634 = EDGE_CURVE('',#3607,#3635,#3637,.T.);
#3635 = VERTEX_POINT('',#3636);
#3636 = CARTESIAN_POINT('',(9.3,-95.43669887278,0.8));
#3637 = SURFACE_CURVE('',#3638,(#3642,#3649),.PCURVE_S1.);
#3638 = LINE('',#3639,#3640);
#3639 = CARTESIAN_POINT('',(9.3,-94.93186751191,3.434456093266));
#3640 = VECTOR('',#3641,1.);
#3641 = DIRECTION('',(0.,-0.188202106567,-0.982130320825));
#3642 = PCURVE('',#465,#3643);
#3643 = DEFINITIONAL_REPRESENTATION('',(#3644),#3648);
#3644 = LINE('',#3645,#3646);
#3645 = CARTESIAN_POINT('',(-59.2,-2.826044413742));
#3646 = VECTOR('',#3647,1.);
#3647 = DIRECTION('',(-0.,-1.));
#3648 = ( GEOMETRIC_REPRESENTATION_CONTEXT(2) 
PARAMETRIC_REPRESENTATION_CONTEXT() REPRESENTATION_CONTEXT('2D SPACE',''
  ) );
#3649 = PCURVE('',#3650,#3655);
#3650 = PLANE('',#3651);
#3651 = AXIS2_PLACEMENT_3D('',#3652,#3653,#3654);
#3652 = CARTESIAN_POINT('',(9.3,-96.2,0.8));
#3653 = DIRECTION('',(1.,-0.,-0.));
#3654 = DIRECTION('',(0.,-1.,0.));
#3655 = DEFINITIONAL_REPRESENTATION('',(#3656),#3660);
#3656 = LINE('',#3657,#3658);
#3657 = CARTESIAN_POINT('',(-1.268132488082,-2.634456093266));
#3658 = VECTOR('',#3659,1.);
#3659 = DIRECTION('',(0.188202106567,0.982130320825));
#3660 = ( GEOMETRIC_REPRESENTATION_CONTEXT(2) 
PARAMETRIC_REPRESENTATION_CONTEXT() REPRESENTATION_CONTEXT('2D SPACE',''
  ) );
#3661 = ORIENTED_EDGE('',*,*,#3662,.T.);
#3662 = EDGE_CURVE('',#3635,#3579,#3663,.T.);
#3663 = SURFACE_CURVE('',#3664,(#3668,#3675),.PCURVE_S1.);
#3664 = LINE('',#3665,#3666);
#3665 = CARTESIAN_POINT('',(41.4,-95.43669887278,0.8));
#3666 = VECTOR('',#3667,1.);
#3667 = DIRECTION('',(1.,-0.,-0.));
#3668 = PCURVE('',#465,#3669);
#3669 = DEFINITIONAL_REPRESENTATION('',(#3670),#3674);
#3670 = LINE('',#3671,#3672);
#3671 = CARTESIAN_POINT('',(-27.1,-5.508433947397));
#3672 = VECTOR('',#3673,1.);
#3673 = DIRECTION('',(1.,-0.));
#3674 = ( GEOMETRIC_REPRESENTATION_CONTEXT(2) 
PARAMETRIC_REPRESENTATION_CONTEXT() REPRESENTATION_CONTEXT('2D SPACE',''
  ) );
#3675 = PCURVE('',#2952,#3676);
#3676 = DEFINITIONAL_REPRESENTATION('',(#3677),#3681);
#3677 = LINE('',#3678,#3679);
#3678 = CARTESIAN_POINT('',(27.1,-1.036698872786));
#3679 = VECTOR('',#3680,1.);
#3680 = DIRECTION('',(1.,-0.));
#3681 = ( GEOMETRIC_REPRESENTATION_CONTEXT(2) 
PARAMETRIC_REPRESENTATION_CONTEXT() REPRESENTATION_CONTEXT('2D SPACE',''
  ) );
#3682 = ADVANCED_FACE('',(#3683),#1002,.T.);
#3683 = FACE_BOUND('',#3684,.F.);
#3684 = EDGE_LOOP('',(#3685,#3686,#3687,#3688));
#3685 = ORIENTED_EDGE('',*,*,#1104,.F.);
#3686 = ORIENTED_EDGE('',*,*,#985,.T.);
#3687 = ORIENTED_EDGE('',*,*,#3553,.F.);
#3688 = ORIENTED_EDGE('',*,*,#3689,.F.);
#3689 = EDGE_CURVE('',#1105,#3526,#3690,.T.);
#3690 = SURFACE_CURVE('',#3691,(#3695,#3702),.PCURVE_S1.);
#3691 = LINE('',#3692,#3693);
#3692 = CARTESIAN_POINT('',(65.,-94.4,3.8));
#3693 = VECTOR('',#3694,1.);
#3694 = DIRECTION('',(-0.,-1.,-0.));
#3695 = PCURVE('',#1002,#3696);
#3696 = DEFINITIONAL_REPRESENTATION('',(#3697),#3701);
#3697 = LINE('',#3698,#3699);
#3698 = CARTESIAN_POINT('',(-0.,-0.));
#3699 = VECTOR('',#3700,1.);
#3700 = DIRECTION('',(-1.,0.));
#3701 = ( GEOMETRIC_REPRESENTATION_CONTEXT(2) 
PARAMETRIC_REPRESENTATION_CONTEXT() REPRESENTATION_CONTEXT('2D SPACE',''
  ) );
#3702 = PCURVE('',#3541,#3703);
#3703 = DEFINITIONAL_REPRESENTATION('',(#3704),#3708);
#3704 = LINE('',#3705,#3706);
#3705 = CARTESIAN_POINT('',(-0.,-3.626466567559));
#3706 = VECTOR('',#3707,1.);
#3707 = DIRECTION('',(-1.,0.));
#3708 = ( GEOMETRIC_REPRESENTATION_CONTEXT(2) 
PARAMETRIC_REPRESENTATION_CONTEXT() REPRESENTATION_CONTEXT('2D SPACE',''
  ) );
#3709 = ADVANCED_FACE('',(#3710),#1153,.F.);
#3710 = FACE_BOUND('',#3711,.F.);
#3711 = EDGE_LOOP('',(#3712,#3741,#3742,#3763));
#3712 = ORIENTED_EDGE('',*,*,#3713,.F.);
#3713 = EDGE_CURVE('',#1126,#3714,#3716,.T.);
#3714 = VERTEX_POINT('',#3715);
#3715 = CARTESIAN_POINT('',(61.375,-90.2,4.089530252552));
#3716 = SURFACE_CURVE('',#3717,(#3723,#3732),.PCURVE_S1.);
#3717 = B_SPLINE_CURVE_WITH_KNOTS('',4,(#3718,#3719,#3720,#3721,#3722),
  .UNSPECIFIED.,.F.,.F.,(5,5),(0.,1.),.PIECEWISE_BEZIER_KNOTS.);
#3718 = CARTESIAN_POINT('',(65.,-90.2,3.994774419519));
#3719 = CARTESIAN_POINT('',(64.093750036477,-90.2,4.018464880683));
#3720 = CARTESIAN_POINT('',(63.187500048643,-90.2,4.042154340245));
#3721 = CARTESIAN_POINT('',(62.281250036488,-90.2,4.065842797702));
#3722 = CARTESIAN_POINT('',(61.375,-90.2,4.089530252552));
#3723 = PCURVE('',#1153,#3724);
#3724 = DEFINITIONAL_REPRESENTATION('',(#3725),#3731);
#3725 = B_SPLINE_CURVE_WITH_KNOTS('',4,(#3726,#3727,#3728,#3729,#3730),
  .UNSPECIFIED.,.F.,.F.,(5,5),(0.,1.),.PIECEWISE_BEZIER_KNOTS.);
#3726 = CARTESIAN_POINT('',(19.937042786086,0.));
#3727 = CARTESIAN_POINT('',(19.936638588895,0.249999989937));
#3728 = CARTESIAN_POINT('',(19.936234341873,0.499999986581));
#3729 = CARTESIAN_POINT('',(19.935830045045,0.749999989934));
#3730 = CARTESIAN_POINT('',(19.935425698438,1.));
#3731 = ( GEOMETRIC_REPRESENTATION_CONTEXT(2) 
PARAMETRIC_REPRESENTATION_CONTEXT() REPRESENTATION_CONTEXT('2D SPACE',''
  ) );
#3732 = PCURVE('',#1231,#3733);
#3733 = DEFINITIONAL_REPRESENTATION('',(#3734),#3740);
#3734 = B_SPLINE_CURVE_WITH_KNOTS('',4,(#3735,#3736,#3737,#3738,#3739),
  .UNSPECIFIED.,.F.,.F.,(5,5),(0.,1.),.PIECEWISE_BEZIER_KNOTS.);
#3735 = CARTESIAN_POINT('',(-66.8,-4.994774419519));
#3736 = CARTESIAN_POINT('',(-67.70624996352,-5.018464880683));
#3737 = CARTESIAN_POINT('',(-68.61249995135,-5.042154340245));
#3738 = CARTESIAN_POINT('',(-69.51874996351,-5.065842797702));
#3739 = CARTESIAN_POINT('',(-70.425,-5.089530252552));
#3740 = ( GEOMETRIC_REPRESENTATION_CONTEXT(2) 
PARAMETRIC_REPRESENTATION_CONTEXT() REPRESENTATION_CONTEXT('2D SPACE',''
  ) );
#3741 = ORIENTED_EDGE('',*,*,#1125,.T.);
#3742 = ORIENTED_EDGE('',*,*,#3743,.T.);
#3743 = EDGE_CURVE('',#1105,#3744,#3746,.T.);
#3744 = VERTEX_POINT('',#3745);
#3745 = CARTESIAN_POINT('',(61.375,-94.4,3.903125));
#3746 = SURFACE_CURVE('',#3747,(#3750,#3757),.PCURVE_S1.);
#3747 = B_SPLINE_CURVE_WITH_KNOTS('',1,(#3748,#3749),.UNSPECIFIED.,.F.,
  .F.,(2,2),(0.,1.),.PIECEWISE_BEZIER_KNOTS.);
#3748 = CARTESIAN_POINT('',(65.,-94.4,3.8));
#3749 = CARTESIAN_POINT('',(61.375,-94.4,3.903125));
#3750 = PCURVE('',#1153,#3751);
#3751 = DEFINITIONAL_REPRESENTATION('',(#3752),#3756);
#3752 = LINE('',#3753,#3754);
#3753 = CARTESIAN_POINT('',(24.142566228858,0.));
#3754 = VECTOR('',#3755,1.);
#3755 = DIRECTION('',(0.,1.));
#3756 = ( GEOMETRIC_REPRESENTATION_CONTEXT(2) 
PARAMETRIC_REPRESENTATION_CONTEXT() REPRESENTATION_CONTEXT('2D SPACE',''
  ) );
#3757 = PCURVE('',#3541,#3758);
#3758 = DEFINITIONAL_REPRESENTATION('',(#3759),#3762);
#3759 = B_SPLINE_CURVE_WITH_KNOTS('',1,(#3760,#3761),.UNSPECIFIED.,.F.,
  .F.,(2,2),(0.,1.),.PIECEWISE_BEZIER_KNOTS.);
#3760 = CARTESIAN_POINT('',(0.,-3.626466567559));
#3761 = CARTESIAN_POINT('',(0.,0.));
#3762 = ( GEOMETRIC_REPRESENTATION_CONTEXT(2) 
PARAMETRIC_REPRESENTATION_CONTEXT() REPRESENTATION_CONTEXT('2D SPACE',''
  ) );
#3763 = ORIENTED_EDGE('',*,*,#3764,.F.);
#3764 = EDGE_CURVE('',#3714,#3744,#3765,.T.);
#3765 = SURFACE_CURVE('',#3766,(#3782,#3788),.PCURVE_S1.);
#3766 = B_SPLINE_CURVE_WITH_KNOTS('',3,(#3767,#3768,#3769,#3770,#3771,
    #3772,#3773,#3774,#3775,#3776,#3777,#3778,#3779,#3780,#3781),
  .UNSPECIFIED.,.F.,.F.,(4,1,1,1,1,1,1,1,1,1,1,1,4),(0.,2.000510539866,
    4.004409599095,6.013296291588,8.027242485622,10.045185121842,
    12.065311936109,14.085438750376,16.103381386596,18.11732758063,
    20.126214273124,22.130113332352,24.130623872218),.UNSPECIFIED.);
#3767 = CARTESIAN_POINT('',(61.375,-70.4,6.2));
#3768 = CARTESIAN_POINT('',(61.375,-71.06705630655,6.200005150645));
#3769 = CARTESIAN_POINT('',(61.375,-72.40167466388,6.16802909903));
#3770 = CARTESIAN_POINT('',(61.375,-74.40254811581,6.040292576775));
#3771 = CARTESIAN_POINT('',(61.375,-76.4025410458,5.848809163667));
#3772 = CARTESIAN_POINT('',(61.375,-78.40200355446,5.609569834702));
#3773 = CARTESIAN_POINT('',(61.375,-80.40109101192,5.338516232523));
#3774 = CARTESIAN_POINT('',(61.375,-82.4,5.0515625));
#3775 = CARTESIAN_POINT('',(61.375,-84.39890898807,4.764608767477));
#3776 = CARTESIAN_POINT('',(61.375,-86.39799644553,4.493555165298));
#3777 = CARTESIAN_POINT('',(61.375,-88.39745895419,4.254315836333));
#3778 = CARTESIAN_POINT('',(61.375,-90.39745188418,4.062832423225));
#3779 = CARTESIAN_POINT('',(61.375,-92.39832533611,3.93509590097));
#3780 = CARTESIAN_POINT('',(61.375,-93.73294369344,3.903119849355));
#3781 = CARTESIAN_POINT('',(61.375,-94.4,3.903125));
#3782 = PCURVE('',#1153,#3783);
#3783 = DEFINITIONAL_REPRESENTATION('',(#3784),#3787);
#3784 = B_SPLINE_CURVE_WITH_KNOTS('',1,(#3785,#3786),.UNSPECIFIED.,.F.,
  .F.,(2,2),(0.,24.130623872218),.PIECEWISE_BEZIER_KNOTS.);
#3785 = CARTESIAN_POINT('',(0.,1.));
#3786 = CARTESIAN_POINT('',(24.142566228858,1.));
#3787 = ( GEOMETRIC_REPRESENTATION_CONTEXT(2) 
PARAMETRIC_REPRESENTATION_CONTEXT() REPRESENTATION_CONTEXT('2D SPACE',''
  ) );
#3788 = PCURVE('',#3789,#3840);
#3789 = B_SPLINE_SURFACE_WITH_KNOTS('',3,1,(
    (#3790,#3791)
    ,(#3792,#3793)
    ,(#3794,#3795)
    ,(#3796,#3797)
    ,(#3798,#3799)
    ,(#3800,#3801)
    ,(#3802,#3803)
    ,(#3804,#3805)
    ,(#3806,#3807)
    ,(#3808,#3809)
    ,(#3810,#3811)
    ,(#3812,#3813)
    ,(#3814,#3815)
    ,(#3816,#3817)
    ,(#3818,#3819)
    ,(#3820,#3821)
    ,(#3822,#3823)
    ,(#3824,#3825)
    ,(#3826,#3827)
    ,(#3828,#3829)
    ,(#3830,#3831)
    ,(#3832,#3833)
    ,(#3834,#3835)
    ,(#3836,#3837)
    ,(#3838,#3839
    )),.UNSPECIFIED.,.F.,.F.,.F.,(4,1,1,1,1,1,1,1,1,1,1,1,1,1,1,1,1,1,1,
    1,1,1,4),(2,2),(0.,2.000510539866,2.002804269322,4.004409599095,
    4.008246170073,6.013296291588,6.017572257224,8.027242485622,
    8.030840679123,10.045185121842,10.047224649615,12.065311936109,
    14.083399222603,14.085438750376,16.099783193095,16.103381386596,
    18.113051614995,18.11732758063,20.122377702145,20.126214273124,
    22.127819602897,22.130113332352,24.130623872218),(0.,1.),
  .UNSPECIFIED.);
#3790 = CARTESIAN_POINT('',(61.375,-70.4,6.2));
#3791 = CARTESIAN_POINT('',(57.75,-70.4,6.2));
#3792 = CARTESIAN_POINT('',(61.375,-71.06705630655,6.200005150645));
#3793 = CARTESIAN_POINT('',(57.75,-71.06620510906,6.200003615898));
#3794 = CARTESIAN_POINT('',(61.375,-71.7345652808,6.184012337945));
#3795 = CARTESIAN_POINT('',(57.75,-71.73293305343,6.185940747597));
#3796 = CARTESIAN_POINT('',(61.375,-73.06809083524,6.125484837162));
#3797 = CARTESIAN_POINT('',(57.75,-73.06514189705,6.13444619304));
#3798 = CARTESIAN_POINT('',(61.375,-73.73614685622,6.08282373705));
#3799 = CARTESIAN_POINT('',(57.75,-73.73266077129,6.096903227902));
#3800 = CARTESIAN_POINT('',(61.375,-75.06882249168,5.976502105496));
#3801 = CARTESIAN_POINT('',(57.75,-75.06466064124,6.003285102127));
#3802 = CARTESIAN_POINT('',(61.375,-75.73689619671,5.912524168273));
#3803 = CARTESIAN_POINT('',(57.75,-75.73259428241,5.946930399884));
#3804 = CARTESIAN_POINT('',(61.375,-77.06888649162,5.769079718066));
#3805 = CARTESIAN_POINT('',(57.75,-77.06468526259,5.820515334066));
#3806 = CARTESIAN_POINT('',(61.375,-77.73668081712,5.689165647626));
#3807 = CARTESIAN_POINT('',(57.75,-77.732721137,5.750060523491));
#3808 = CARTESIAN_POINT('',(61.375,-79.06843403265,5.519209414981));
#3809 = CARTESIAN_POINT('',(57.75,-79.06525394765,5.600167283982));
#3810 = CARTESIAN_POINT('',(61.375,-79.73566909179,5.42873517195));
#3811 = CARTESIAN_POINT('',(57.75,-79.73302919579,5.520347785228));
#3812 = CARTESIAN_POINT('',(61.375,-81.06758650446,5.242837354478));
#3813 = CARTESIAN_POINT('',(57.75,-81.06618576195,5.356311314036));
#3814 = CARTESIAN_POINT('',(61.375,-82.4,5.0515625));
#3815 = CARTESIAN_POINT('',(57.75,-82.4,5.1875));
#3816 = CARTESIAN_POINT('',(61.375,-83.73241349553,4.860287645522));
#3817 = CARTESIAN_POINT('',(57.75,-83.73381423804,5.018688685964));
#3818 = CARTESIAN_POINT('',(61.375,-85.0643309082,4.67438982805));
#3819 = CARTESIAN_POINT('',(57.75,-85.0669708042,4.854652214772));
#3820 = CARTESIAN_POINT('',(61.375,-85.73156596734,4.583915585019));
#3821 = CARTESIAN_POINT('',(57.75,-85.73474605234,4.774832716018));
#3822 = CARTESIAN_POINT('',(61.375,-87.06331918288,4.413959352374));
#3823 = CARTESIAN_POINT('',(57.75,-87.067278863,4.624939476509));
#3824 = CARTESIAN_POINT('',(61.375,-87.73111350838,4.334045281934));
#3825 = CARTESIAN_POINT('',(57.75,-87.73531473741,4.554484665934));
#3826 = CARTESIAN_POINT('',(61.375,-89.06310380328,4.190600831727));
#3827 = CARTESIAN_POINT('',(57.75,-89.06740571758,4.428069600116));
#3828 = CARTESIAN_POINT('',(61.375,-89.73117750831,4.126622894504));
#3829 = CARTESIAN_POINT('',(57.75,-89.73533935876,4.371714897873));
#3830 = CARTESIAN_POINT('',(61.375,-91.06385314377,4.02030126295));
#3831 = CARTESIAN_POINT('',(57.75,-91.0673392287,4.278096772098));
#3832 = CARTESIAN_POINT('',(61.375,-91.73190916475,3.977640162838));
#3833 = CARTESIAN_POINT('',(57.75,-91.73485810294,4.24055380696));
#3834 = CARTESIAN_POINT('',(61.375,-93.06543471919,3.919112662055));
#3835 = CARTESIAN_POINT('',(57.75,-93.06706694656,4.189059252403));
#3836 = CARTESIAN_POINT('',(61.375,-93.73294369344,3.903119849355));
#3837 = CARTESIAN_POINT('',(57.75,-93.73379489093,4.174996384102));
#3838 = CARTESIAN_POINT('',(61.375,-94.4,3.903125));
#3839 = CARTESIAN_POINT('',(57.75,-94.4,4.175));
#3840 = DEFINITIONAL_REPRESENTATION('',(#3841),#3845);
#3841 = LINE('',#3842,#3843);
#3842 = CARTESIAN_POINT('',(0.,0.));
#3843 = VECTOR('',#3844,1.);
#3844 = DIRECTION('',(1.,0.));
#3845 = ( GEOMETRIC_REPRESENTATION_CONTEXT(2) 
PARAMETRIC_REPRESENTATION_CONTEXT() REPRESENTATION_CONTEXT('2D SPACE',''
  ) );
#3846 = ADVANCED_FACE('',(#3847),#1231,.T.);
#3847 = FACE_BOUND('',#3848,.F.);
#3848 = EDGE_LOOP('',(#3849,#3879,#3907,#3934,#3935,#3936,#3965,#4045,
    #4125,#4205,#4285,#4365,#4445,#4477,#4505,#4565,#4645,#4725,#4805,
    #4885,#4965,#5045,#5125,#5205,#5265));
#3849 = ORIENTED_EDGE('',*,*,#3850,.T.);
#3850 = EDGE_CURVE('',#3851,#3853,#3855,.T.);
#3851 = VERTEX_POINT('',#3852);
#3852 = CARTESIAN_POINT('',(131.18280957083,-90.2,1.6));
#3853 = VERTEX_POINT('',#3854);
#3854 = CARTESIAN_POINT('',(131.8,-90.2,1.6));
#3855 = SURFACE_CURVE('',#3856,(#3860,#3867),.PCURVE_S1.);
#3856 = LINE('',#3857,#3858);
#3857 = CARTESIAN_POINT('',(132.95,-90.2,1.6));
#3858 = VECTOR('',#3859,1.);
#3859 = DIRECTION('',(1.,-0.,-0.));
#3860 = PCURVE('',#1231,#3861);
#3861 = DEFINITIONAL_REPRESENTATION('',(#3862),#3866);
#3862 = LINE('',#3863,#3864);
#3863 = CARTESIAN_POINT('',(1.15,-2.6));
#3864 = VECTOR('',#3865,1.);
#3865 = DIRECTION('',(1.,-0.));
#3866 = ( GEOMETRIC_REPRESENTATION_CONTEXT(2) 
PARAMETRIC_REPRESENTATION_CONTEXT() REPRESENTATION_CONTEXT('2D SPACE',''
  ) );
#3867 = PCURVE('',#3868,#3873);
#3868 = PLANE('',#3869);
#3869 = AXIS2_PLACEMENT_3D('',#3870,#3871,#3872);
#3870 = CARTESIAN_POINT('',(134.1,-90.9,1.6));
#3871 = DIRECTION('',(-0.,-0.,1.));
#3872 = DIRECTION('',(1.,0.,0.));
#3873 = DEFINITIONAL_REPRESENTATION('',(#3874),#3878);
#3874 = LINE('',#3875,#3876);
#3875 = CARTESIAN_POINT('',(-1.15,0.7));
#3876 = VECTOR('',#3877,1.);
#3877 = DIRECTION('',(1.,-0.));
#3878 = ( GEOMETRIC_REPRESENTATION_CONTEXT(2) 
PARAMETRIC_REPRESENTATION_CONTEXT() REPRESENTATION_CONTEXT('2D SPACE',''
  ) );
#3879 = ORIENTED_EDGE('',*,*,#3880,.T.);
#3880 = EDGE_CURVE('',#3853,#3881,#3883,.T.);
#3881 = VERTEX_POINT('',#3882);
#3882 = CARTESIAN_POINT('',(131.8,-90.2,3.994774419519));
#3883 = SURFACE_CURVE('',#3884,(#3888,#3895),.PCURVE_S1.);
#3884 = LINE('',#3885,#3886);
#3885 = CARTESIAN_POINT('',(131.8,-90.2,-1.));
#3886 = VECTOR('',#3887,1.);
#3887 = DIRECTION('',(-0.,-0.,1.));
#3888 = PCURVE('',#1231,#3889);
#3889 = DEFINITIONAL_REPRESENTATION('',(#3890),#3894);
#3890 = LINE('',#3891,#3892);
#3891 = CARTESIAN_POINT('',(-0.,-0.));
#3892 = VECTOR('',#3893,1.);
#3893 = DIRECTION('',(-0.,-1.));
#3894 = ( GEOMETRIC_REPRESENTATION_CONTEXT(2) 
PARAMETRIC_REPRESENTATION_CONTEXT() REPRESENTATION_CONTEXT('2D SPACE',''
  ) );
#3895 = PCURVE('',#3896,#3901);
#3896 = CYLINDRICAL_SURFACE('',#3897,1.);
#3897 = AXIS2_PLACEMENT_3D('',#3898,#3899,#3900);
#3898 = CARTESIAN_POINT('',(131.8,-89.2,-1.));
#3899 = DIRECTION('',(0.,-0.,-1.));
#3900 = DIRECTION('',(-1.,-0.,-0.));
#3901 = DEFINITIONAL_REPRESENTATION('',(#3902),#3906);
#3902 = LINE('',#3903,#3904);
#3903 = CARTESIAN_POINT('',(4.712388980385,0.));
#3904 = VECTOR('',#3905,1.);
#3905 = DIRECTION('',(0.,-1.));
#3906 = ( GEOMETRIC_REPRESENTATION_CONTEXT(2) 
PARAMETRIC_REPRESENTATION_CONTEXT() REPRESENTATION_CONTEXT('2D SPACE',''
  ) );
#3907 = ORIENTED_EDGE('',*,*,#3908,.T.);
#3908 = EDGE_CURVE('',#3881,#1212,#3909,.T.);
#3909 = SURFACE_CURVE('',#3910,(#3916,#3925),.PCURVE_S1.);
#3910 = B_SPLINE_CURVE_WITH_KNOTS('',4,(#3911,#3912,#3913,#3914,#3915),
  .UNSPECIFIED.,.F.,.F.,(5,5),(0.,1.),.PIECEWISE_BEZIER_KNOTS.);
#3911 = CARTESIAN_POINT('',(131.8,-90.2,3.994774419519));
#3912 = CARTESIAN_POINT('',(131.6249877,-90.2,3.994774419519));
#3913 = CARTESIAN_POINT('',(131.4499754,-90.2,3.994774419519));
#3914 = CARTESIAN_POINT('',(131.2749631,-90.2,3.994774419519));
#3915 = CARTESIAN_POINT('',(131.0999508,-90.2,3.994774419519));
#3916 = PCURVE('',#1231,#3917);
#3917 = DEFINITIONAL_REPRESENTATION('',(#3918),#3924);
#3918 = B_SPLINE_CURVE_WITH_KNOTS('',4,(#3919,#3920,#3921,#3922,#3923),
  .UNSPECIFIED.,.F.,.F.,(5,5),(0.,1.),.PIECEWISE_BEZIER_KNOTS.);
#3919 = CARTESIAN_POINT('',(0.,-4.994774419519));
#3920 = CARTESIAN_POINT('',(-0.1750123,-4.994774419519));
#3921 = CARTESIAN_POINT('',(-0.3500246,-4.994774419519));
#3922 = CARTESIAN_POINT('',(-0.5250369,-4.994774419519));
#3923 = CARTESIAN_POINT('',(-0.7000492,-4.994774419519));
#3924 = ( GEOMETRIC_REPRESENTATION_CONTEXT(2) 
PARAMETRIC_REPRESENTATION_CONTEXT() REPRESENTATION_CONTEXT('2D SPACE',''
  ) );
#3925 = PCURVE('',#1519,#3926);
#3926 = DEFINITIONAL_REPRESENTATION('',(#3927),#3933);
#3927 = B_SPLINE_CURVE_WITH_KNOTS('',4,(#3928,#3929,#3930,#3931,#3932),
  .UNSPECIFIED.,.F.,.F.,(5,5),(0.,1.),.PIECEWISE_BEZIER_KNOTS.);
#3928 = CARTESIAN_POINT('',(19.937042786086,0.185365853659));
#3929 = CARTESIAN_POINT('',(19.937042786086,0.18750015));
#3930 = CARTESIAN_POINT('',(19.937042786086,0.189634446341));
#3931 = CARTESIAN_POINT('',(19.937042786086,0.191768742683));
#3932 = CARTESIAN_POINT('',(19.937042786086,0.193903039024));
#3933 = ( GEOMETRIC_REPRESENTATION_CONTEXT(2) 
PARAMETRIC_REPRESENTATION_CONTEXT() REPRESENTATION_CONTEXT('2D SPACE',''
  ) );
#3934 = ORIENTED_EDGE('',*,*,#1211,.T.);
#3935 = ORIENTED_EDGE('',*,*,#3713,.T.);
#3936 = ORIENTED_EDGE('',*,*,#3937,.T.);
#3937 = EDGE_CURVE('',#3714,#3938,#3940,.T.);
#3938 = VERTEX_POINT('',#3939);
#3939 = CARTESIAN_POINT('',(57.75,-90.2,4.339341056767));
#3940 = SURFACE_CURVE('',#3941,(#3947,#3956),.PCURVE_S1.);
#3941 = B_SPLINE_CURVE_WITH_KNOTS('',4,(#3942,#3943,#3944,#3945,#3946),
  .UNSPECIFIED.,.F.,.F.,(5,5),(0.,1.),.PIECEWISE_BEZIER_KNOTS.);
#3942 = CARTESIAN_POINT('',(61.375,-90.2,4.089530252552));
#3943 = CARTESIAN_POINT('',(60.468750614099,-90.2,4.151992549415));
#3944 = CARTESIAN_POINT('',(59.562500819091,-90.2,4.214448454299));
#3945 = CARTESIAN_POINT('',(58.656250614538,-90.2,4.276897959363));
#3946 = CARTESIAN_POINT('',(57.75,-90.2,4.339341056767));
#3947 = PCURVE('',#1231,#3948);
#3948 = DEFINITIONAL_REPRESENTATION('',(#3949),#3955);
#3949 = B_SPLINE_CURVE_WITH_KNOTS('',4,(#3950,#3951,#3952,#3953,#3954),
  .UNSPECIFIED.,.F.,.F.,(5,5),(0.,1.),.PIECEWISE_BEZIER_KNOTS.);
#3950 = CARTESIAN_POINT('',(-70.425,-5.089530252552));
#3951 = CARTESIAN_POINT('',(-71.3312493859,-5.151992549415));
#3952 = CARTESIAN_POINT('',(-72.2374991809,-5.214448454299));
#3953 = CARTESIAN_POINT('',(-73.14374938546,-5.276897959363));
#3954 = CARTESIAN_POINT('',(-74.05,-5.339341056767));
#3955 = ( GEOMETRIC_REPRESENTATION_CONTEXT(2) 
PARAMETRIC_REPRESENTATION_CONTEXT() REPRESENTATION_CONTEXT('2D SPACE',''
  ) );
#3956 = PCURVE('',#3789,#3957);
#3957 = DEFINITIONAL_REPRESENTATION('',(#3958),#3964);
#3958 = B_SPLINE_CURVE_WITH_KNOTS('',4,(#3959,#3960,#3961,#3962,#3963),
  .UNSPECIFIED.,.F.,.F.,(5,5),(0.,1.),.PIECEWISE_BEZIER_KNOTS.);
#3959 = CARTESIAN_POINT('',(19.925564445032,0.));
#3960 = CARTESIAN_POINT('',(19.924581554539,0.249999830593));
#3961 = CARTESIAN_POINT('',(19.923598368064,0.499999774044));
#3962 = CARTESIAN_POINT('',(19.922614885973,0.749999830472));
#3963 = CARTESIAN_POINT('',(19.921631108639,1.));
#3964 = ( GEOMETRIC_REPRESENTATION_CONTEXT(2) 
PARAMETRIC_REPRESENTATION_CONTEXT() REPRESENTATION_CONTEXT('2D SPACE',''
  ) );
#3965 = ORIENTED_EDGE('',*,*,#3966,.T.);
#3966 = EDGE_CURVE('',#3938,#3967,#3969,.T.);
#3967 = VERTEX_POINT('',#3968);
#3968 = CARTESIAN_POINT('',(54.125,-90.2,4.692521786445));
#3969 = SURFACE_CURVE('',#3970,(#3976,#3985),.PCURVE_S1.);
#3970 = B_SPLINE_CURVE_WITH_KNOTS('',4,(#3971,#3972,#3973,#3974,#3975),
  .UNSPECIFIED.,.F.,.F.,(5,5),(0.,1.),.PIECEWISE_BEZIER_KNOTS.);
#3971 = CARTESIAN_POINT('',(57.75,-90.2,4.339341056767));
#3972 = CARTESIAN_POINT('',(56.843751470989,-90.2,4.427652493831));
#3973 = CARTESIAN_POINT('',(55.937501962168,-90.2,4.515953105182));
#3974 = CARTESIAN_POINT('',(55.031251472262,-90.2,4.604242874742));
#3975 = CARTESIAN_POINT('',(54.125,-90.2,4.692521786445));
#3976 = PCURVE('',#1231,#3977);
#3977 = DEFINITIONAL_REPRESENTATION('',(#3978),#3984);
#3978 = B_SPLINE_CURVE_WITH_KNOTS('',4,(#3979,#3980,#3981,#3982,#3983),
  .UNSPECIFIED.,.F.,.F.,(5,5),(0.,1.),.PIECEWISE_BEZIER_KNOTS.);
#3979 = CARTESIAN_POINT('',(-74.05,-5.339341056767));
#3980 = CARTESIAN_POINT('',(-74.95624852901,-5.427652493831));
#3981 = CARTESIAN_POINT('',(-75.86249803783,-5.515953105182));
#3982 = CARTESIAN_POINT('',(-76.76874852773,-5.604242874742));
#3983 = CARTESIAN_POINT('',(-77.675,-5.692521786445));
#3984 = ( GEOMETRIC_REPRESENTATION_CONTEXT(2) 
PARAMETRIC_REPRESENTATION_CONTEXT() REPRESENTATION_CONTEXT('2D SPACE',''
  ) );
#3985 = PCURVE('',#3986,#4037);
#3986 = B_SPLINE_SURFACE_WITH_KNOTS('',3,1,(
    (#3987,#3988)
    ,(#3989,#3990)
    ,(#3991,#3992)
    ,(#3993,#3994)
    ,(#3995,#3996)
    ,(#3997,#3998)
    ,(#3999,#4000)
    ,(#4001,#4002)
    ,(#4003,#4004)
    ,(#4005,#4006)
    ,(#4007,#4008)
    ,(#4009,#4010)
    ,(#4011,#4012)
    ,(#4013,#4014)
    ,(#4015,#4016)
    ,(#4017,#4018)
    ,(#4019,#4020)
    ,(#4021,#4022)
    ,(#4023,#4024)
    ,(#4025,#4026)
    ,(#4027,#4028)
    ,(#4029,#4030)
    ,(#4031,#4032)
    ,(#4033,#4034)
    ,(#4035,#4036
    )),.UNSPECIFIED.,.F.,.F.,.F.,(4,1,1,1,1,1,1,1,1,1,1,1,1,1,1,1,1,1,1,
    1,1,1,4),(2,2),(0.,2.000396841733,2.00315672926,4.003428144387,
    4.008045732054,6.010338964538,6.015487109794,8.02118738064,
    8.02552079916,10.035147600357,10.037604366597,12.050809088641,
    14.064013810684,14.066470576925,16.076097378121,16.080430796642,
    18.086131067487,18.091279212743,20.093572445227,20.098190032894,
    22.098461448022,22.101221335549,24.101618177282),(0.,1.),
  .UNSPECIFIED.);
#3987 = CARTESIAN_POINT('',(57.75,-70.4,6.2));
#3988 = CARTESIAN_POINT('',(54.125,-70.4,6.2));
#3989 = CARTESIAN_POINT('',(57.75,-71.06696896121,6.200003620044));
#3990 = CARTESIAN_POINT('',(54.125,-71.06594586001,6.200001980457));
#3991 = CARTESIAN_POINT('',(57.75,-71.73461649341,6.185905199132));
#3992 = CARTESIAN_POINT('',(54.125,-71.7326531818,6.188615647803));
#3993 = CARTESIAN_POINT('',(57.75,-73.06809956435,6.134302239772));
#3994 = CARTESIAN_POINT('',(54.125,-73.06455053675,6.146910315457));
#3995 = CARTESIAN_POINT('',(57.75,-73.73639113634,6.096680387231));
#3996 = CARTESIAN_POINT('',(54.125,-73.73219420135,6.116496452703));
#3997 = CARTESIAN_POINT('',(57.75,-75.06888759828,6.00294838941));
#3998 = CARTESIAN_POINT('',(54.125,-75.06387410493,6.040671938909));
#3999 = CARTESIAN_POINT('',(57.75,-75.73725542113,5.946520829621));
#4000 = CARTESIAN_POINT('',(54.125,-75.7320710326,5.995004456958));
#4001 = CARTESIAN_POINT('',(57.75,-77.06900037375,5.820072780283));
#4002 = CARTESIAN_POINT('',(54.125,-77.06393405704,5.892607444206));
#4003 = CARTESIAN_POINT('',(57.75,-77.73705442626,5.749591439232));
#4004 = CARTESIAN_POINT('',(54.125,-77.73227790546,5.835504693727));
#4005 = CARTESIAN_POINT('',(57.75,-79.06855251566,5.599777738321));
#4006 = CARTESIAN_POINT('',(54.125,-79.06471434076,5.714075004417));
#4007 = CARTESIAN_POINT('',(57.75,-79.73595024119,5.51999357271));
#4008 = CARTESIAN_POINT('',(54.125,-79.73276354314,5.649381865749));
#4009 = CARTESIAN_POINT('',(57.75,-81.06767185567,5.356123229799));
#4010 = CARTESIAN_POINT('',(54.125,-81.0659803829,5.516476861676));
#4011 = CARTESIAN_POINT('',(57.75,-82.4,5.1875));
#4012 = CARTESIAN_POINT('',(54.125,-82.4,5.3796875));
#4013 = CARTESIAN_POINT('',(57.75,-83.73232814432,5.018876770201));
#4014 = CARTESIAN_POINT('',(54.125,-83.73401961709,5.242898138324));
#4015 = CARTESIAN_POINT('',(57.75,-85.0640497588,4.85500642729));
#4016 = CARTESIAN_POINT('',(54.125,-85.06723645685,5.109993134251));
#4017 = CARTESIAN_POINT('',(57.75,-85.73144748434,4.775222261679));
#4018 = CARTESIAN_POINT('',(54.125,-85.73528565923,5.045299995583));
#4019 = CARTESIAN_POINT('',(57.75,-87.06294557373,4.625408560768));
#4020 = CARTESIAN_POINT('',(54.125,-87.06772209453,4.923870306273));
#4021 = CARTESIAN_POINT('',(57.75,-87.73099962624,4.554927219717));
#4022 = CARTESIAN_POINT('',(54.125,-87.73606594295,4.866767555794));
#4023 = CARTESIAN_POINT('',(57.75,-89.06274457886,4.428479170379));
#4024 = CARTESIAN_POINT('',(54.125,-89.06792896739,4.764370543042));
#4025 = CARTESIAN_POINT('',(57.75,-89.73111240171,4.37205161059));
#4026 = CARTESIAN_POINT('',(54.125,-89.73612589506,4.718703061091));
#4027 = CARTESIAN_POINT('',(57.75,-91.06360886365,4.278319612769));
#4028 = CARTESIAN_POINT('',(54.125,-91.06780579864,4.642878547297));
#4029 = CARTESIAN_POINT('',(57.75,-91.73190043564,4.240697760228));
#4030 = CARTESIAN_POINT('',(54.125,-91.73544946324,4.612464684543));
#4031 = CARTESIAN_POINT('',(57.75,-93.06538350658,4.189094800868));
#4032 = CARTESIAN_POINT('',(54.125,-93.06734681819,4.570759352197));
#4033 = CARTESIAN_POINT('',(57.75,-93.73303103878,4.174996379956));
#4034 = CARTESIAN_POINT('',(54.125,-93.73405413998,4.559373019543));
#4035 = CARTESIAN_POINT('',(57.75,-94.4,4.175));
#4036 = CARTESIAN_POINT('',(54.125,-94.4,4.559375));
#4037 = DEFINITIONAL_REPRESENTATION('',(#4038),#4044);
#4038 = B_SPLINE_CURVE_WITH_KNOTS('',4,(#4039,#4040,#4041,#4042,#4043),
  .UNSPECIFIED.,.F.,.F.,(5,5),(0.,1.),.PIECEWISE_BEZIER_KNOTS.);
#4039 = CARTESIAN_POINT('',(19.897684742493,0.));
#4040 = CARTESIAN_POINT('',(19.896501841014,0.24999959421));
#4041 = CARTESIAN_POINT('',(19.895318508545,0.499999458712));
#4042 = CARTESIAN_POINT('',(19.894134745724,0.749999593859));
#4043 = CARTESIAN_POINT('',(19.892950553193,1.));
#4044 = ( GEOMETRIC_REPRESENTATION_CONTEXT(2) 
PARAMETRIC_REPRESENTATION_CONTEXT() REPRESENTATION_CONTEXT('2D SPACE',''
  ) );
#4045 = ORIENTED_EDGE('',*,*,#4046,.T.);
#4046 = EDGE_CURVE('',#3967,#4047,#4049,.T.);
#4047 = VERTEX_POINT('',#4048);
#4048 = CARTESIAN_POINT('',(50.5,-90.2,5.097387427013));
#4049 = SURFACE_CURVE('',#4050,(#4056,#4065),.PCURVE_S1.);
#4050 = B_SPLINE_CURVE_WITH_KNOTS('',4,(#4051,#4052,#4053,#4054,#4055),
  .UNSPECIFIED.,.F.,.F.,(5,5),(0.,1.),.PIECEWISE_BEZIER_KNOTS.);
#4051 = CARTESIAN_POINT('',(54.125,-90.2,4.692521786445));
#4052 = CARTESIAN_POINT('',(53.218751719389,-90.2,4.793754767285));
#4053 = CARTESIAN_POINT('',(52.312502293408,-90.2,4.894976710781));
#4054 = CARTESIAN_POINT('',(51.406251720723,-90.2,4.996187602249));
#4055 = CARTESIAN_POINT('',(50.5,-90.2,5.097387427013));
#4056 = PCURVE('',#1231,#4057);
#4057 = DEFINITIONAL_REPRESENTATION('',(#4058),#4064);
#4058 = B_SPLINE_CURVE_WITH_KNOTS('',4,(#4059,#4060,#4061,#4062,#4063),
  .UNSPECIFIED.,.F.,.F.,(5,5),(0.,1.),.PIECEWISE_BEZIER_KNOTS.);
#4059 = CARTESIAN_POINT('',(-77.675,-5.692521786445));
#4060 = CARTESIAN_POINT('',(-78.58124828061,-5.793754767285));
#4061 = CARTESIAN_POINT('',(-79.48749770659,-5.894976710781));
#4062 = CARTESIAN_POINT('',(-80.39374827927,-5.996187602249));
#4063 = CARTESIAN_POINT('',(-81.3,-6.097387427013));
#4064 = ( GEOMETRIC_REPRESENTATION_CONTEXT(2) 
PARAMETRIC_REPRESENTATION_CONTEXT() REPRESENTATION_CONTEXT('2D SPACE',''
  ) );
#4065 = PCURVE('',#4066,#4117);
#4066 = B_SPLINE_SURFACE_WITH_KNOTS('',3,1,(
    (#4067,#4068)
    ,(#4069,#4070)
    ,(#4071,#4072)
    ,(#4073,#4074)
    ,(#4075,#4076)
    ,(#4077,#4078)
    ,(#4079,#4080)
    ,(#4081,#4082)
    ,(#4083,#4084)
    ,(#4085,#4086)
    ,(#4087,#4088)
    ,(#4089,#4090)
    ,(#4091,#4092)
    ,(#4093,#4094)
    ,(#4095,#4096)
    ,(#4097,#4098)
    ,(#4099,#4100)
    ,(#4101,#4102)
    ,(#4103,#4104)
    ,(#4105,#4106)
    ,(#4107,#4108)
    ,(#4109,#4110)
    ,(#4111,#4112)
    ,(#4113,#4114)
    ,(#4115,#4116
    )),.UNSPECIFIED.,.F.,.F.,.F.,(4,1,1,1,1,1,1,1,1,1,1,1,1,1,1,1,1,1,1,
    1,1,1,4),(2,2),(0.,2.000260495805,2.002720407847,4.002250760565,
    4.006367657395,6.006789709957,6.011381216411,8.013917222922,
    8.01778328847,10.023091650173,10.025283918917,12.033385611025,
    14.041487303134,14.043679571878,16.048987933581,16.052853999129,
    18.05539000564,18.059981512094,20.060403564656,20.064520461486,
    22.064050814204,22.066510726246,24.066771222051),(0.,1.),
  .UNSPECIFIED.);
#4067 = CARTESIAN_POINT('',(54.125,-70.4,6.2));
#4068 = CARTESIAN_POINT('',(50.5,-70.4,6.2));
#4069 = CARTESIAN_POINT('',(54.125,-71.06686464554,6.200001983189));
#4070 = CARTESIAN_POINT('',(50.5,-71.06595338172,6.200000795352));
#4071 = CARTESIAN_POINT('',(54.125,-71.7343916639,6.18858591623));
#4072 = CARTESIAN_POINT('',(50.5,-71.73264197522,6.191674238453));
#4073 = CARTESIAN_POINT('',(54.125,-73.06782378556,6.146783026527));
#4074 = CARTESIAN_POINT('',(50.5,-73.06465891985,6.16116538126));
#4075 = CARTESIAN_POINT('',(54.125,-73.73591950103,6.116317293675));
#4076 = CARTESIAN_POINT('',(50.5,-73.73217586608,6.138925465764));
#4077 = CARTESIAN_POINT('',(54.125,-75.06848761612,6.040376059352));
#4078 = CARTESIAN_POINT('',(50.5,-75.06401263723,6.083455549069));
#4079 = CARTESIAN_POINT('',(54.125,-75.73667600576,5.994677899048));
#4080 = CARTESIAN_POINT('',(50.5,-75.73204660532,6.050062880098));
#4081 = CARTESIAN_POINT('',(54.125,-77.06860461032,5.892220642093));
#4082 = CARTESIAN_POINT('',(50.5,-77.06407765342,5.975155118769));
#4083 = CARTESIAN_POINT('',(54.125,-77.73652334506,5.83513320188));
#4084 = CARTESIAN_POINT('',(50.5,-77.73225378293,5.933399956683));
#4085 = CARTESIAN_POINT('',(54.125,-79.06824709285,5.713737523948));
#4086 = CARTESIAN_POINT('',(50.5,-79.06481455868,5.844573262078));
#4087 = CARTESIAN_POINT('',(54.125,-79.73558717655,5.649104756242));
#4088 = CARTESIAN_POINT('',(50.5,-79.73273653845,5.797264270491));
#4089 = CARTESIAN_POINT('',(54.125,-81.06752080099,5.516318908371));
#4090 = CARTESIAN_POINT('',(50.5,-81.0660072623,5.700049550136));
#4091 = CARTESIAN_POINT('',(54.125,-82.4,5.3796875));
#4092 = CARTESIAN_POINT('',(50.5,-82.4,5.6));
#4093 = CARTESIAN_POINT('',(54.125,-83.732479199,5.243056091629));
#4094 = CARTESIAN_POINT('',(50.5,-83.73399273769,5.499950449864));
#4095 = CARTESIAN_POINT('',(54.125,-85.06441282344,5.110270243758));
#4096 = CARTESIAN_POINT('',(50.5,-85.06726346154,5.402735729509));
#4097 = CARTESIAN_POINT('',(54.125,-85.73175290714,5.045637476052));
#4098 = CARTESIAN_POINT('',(50.5,-85.73518544131,5.355426737922));
#4099 = CARTESIAN_POINT('',(54.125,-87.06347665493,4.92424179812));
#4100 = CARTESIAN_POINT('',(50.5,-87.06774621706,5.266600043317));
#4101 = CARTESIAN_POINT('',(54.125,-87.73139538967,4.867154357907));
#4102 = CARTESIAN_POINT('',(50.5,-87.73592234657,5.224844881231));
#4103 = CARTESIAN_POINT('',(54.125,-89.06332399423,4.764697100952));
#4104 = CARTESIAN_POINT('',(50.5,-89.06795339467,5.149937119902));
#4105 = CARTESIAN_POINT('',(54.125,-89.73151238387,4.718998940648));
#4106 = CARTESIAN_POINT('',(50.5,-89.73598736276,5.116544450931));
#4107 = CARTESIAN_POINT('',(54.125,-91.06408049896,4.643057706325));
#4108 = CARTESIAN_POINT('',(50.5,-91.06782413391,5.061074534236));
#4109 = CARTESIAN_POINT('',(54.125,-91.73217621443,4.612591973473));
#4110 = CARTESIAN_POINT('',(50.5,-91.73534108015,5.03883461874));
#4111 = CARTESIAN_POINT('',(54.125,-93.06560833609,4.57078908377));
#4112 = CARTESIAN_POINT('',(50.5,-93.06735802477,5.008325761547));
#4113 = CARTESIAN_POINT('',(54.125,-93.73313535445,4.559373016811));
#4114 = CARTESIAN_POINT('',(50.5,-93.73404661827,4.999999204648));
#4115 = CARTESIAN_POINT('',(54.125,-94.4,4.559375));
#4116 = CARTESIAN_POINT('',(50.5,-94.4,5.));
#4117 = DEFINITIONAL_REPRESENTATION('',(#4118),#4124);
#4118 = B_SPLINE_CURVE_WITH_KNOTS('',4,(#4119,#4120,#4121,#4122,#4123),
  .UNSPECIFIED.,.F.,.F.,(5,5),(0.,1.),.PIECEWISE_BEZIER_KNOTS.);
#4119 = CARTESIAN_POINT('',(19.864188635539,0.));
#4120 = CARTESIAN_POINT('',(19.863133905808,0.249999525686));
#4121 = CARTESIAN_POINT('',(19.862078831931,0.499999367336));
#4122 = CARTESIAN_POINT('',(19.861023414356,0.749999525318));
#4123 = CARTESIAN_POINT('',(19.859967653536,1.));
#4124 = ( GEOMETRIC_REPRESENTATION_CONTEXT(2) 
PARAMETRIC_REPRESENTATION_CONTEXT() REPRESENTATION_CONTEXT('2D SPACE',''
  ) );
#4125 = ORIENTED_EDGE('',*,*,#4126,.T.);
#4126 = EDGE_CURVE('',#4047,#4127,#4129,.T.);
#4127 = VERTEX_POINT('',#4128);
#4128 = CARTESIAN_POINT('',(46.875,-90.2,5.502253008827));
#4129 = SURFACE_CURVE('',#4130,(#4136,#4145),.PCURVE_S1.);
#4130 = B_SPLINE_CURVE_WITH_KNOTS('',4,(#4131,#4132,#4133,#4134,#4135),
  .UNSPECIFIED.,.F.,.F.,(5,5),(0.,1.),.PIECEWISE_BEZIER_KNOTS.);
#4131 = CARTESIAN_POINT('',(50.5,-90.2,5.097387427013));
#4132 = CARTESIAN_POINT('',(49.593751189896,-90.2,5.198615288412));
#4133 = CARTESIAN_POINT('',(48.687501586955,-90.2,5.299835510544));
#4134 = CARTESIAN_POINT('',(47.781251190537,-90.2,5.401048086364));
#4135 = CARTESIAN_POINT('',(46.875,-90.2,5.502253008827));
#4136 = PCURVE('',#1231,#4137);
#4137 = DEFINITIONAL_REPRESENTATION('',(#4138),#4144);
#4138 = B_SPLINE_CURVE_WITH_KNOTS('',4,(#4139,#4140,#4141,#4142,#4143),
  .UNSPECIFIED.,.F.,.F.,(5,5),(0.,1.),.PIECEWISE_BEZIER_KNOTS.);
#4139 = CARTESIAN_POINT('',(-81.3,-6.097387427013));
#4140 = CARTESIAN_POINT('',(-82.2062488101,-6.198615288412));
#4141 = CARTESIAN_POINT('',(-83.11249841304,-6.299835510544));
#4142 = CARTESIAN_POINT('',(-84.01874880946,-6.401048086364));
#4143 = CARTESIAN_POINT('',(-84.925,-6.502253008827));
#4144 = ( GEOMETRIC_REPRESENTATION_CONTEXT(2) 
PARAMETRIC_REPRESENTATION_CONTEXT() REPRESENTATION_CONTEXT('2D SPACE',''
  ) );
#4145 = PCURVE('',#4146,#4197);
#4146 = B_SPLINE_SURFACE_WITH_KNOTS('',3,1,(
    (#4147,#4148)
    ,(#4149,#4150)
    ,(#4151,#4152)
    ,(#4153,#4154)
    ,(#4155,#4156)
    ,(#4157,#4158)
    ,(#4159,#4160)
    ,(#4161,#4162)
    ,(#4163,#4164)
    ,(#4165,#4166)
    ,(#4167,#4168)
    ,(#4169,#4170)
    ,(#4171,#4172)
    ,(#4173,#4174)
    ,(#4175,#4176)
    ,(#4177,#4178)
    ,(#4179,#4180)
    ,(#4181,#4182)
    ,(#4183,#4184)
    ,(#4185,#4186)
    ,(#4187,#4188)
    ,(#4189,#4190)
    ,(#4191,#4192)
    ,(#4193,#4194)
    ,(#4195,#4196
    )),.UNSPECIFIED.,.F.,.F.,.F.,(4,1,1,1,1,1,1,1,1,1,1,1,1,1,1,1,1,1,1,
    1,1,1,4),(2,2),(0.,2.000139366286,2.001840425269,4.001204379791,
    4.004051925211,6.003633941906,6.006810634801,8.007450227595,
    8.010125675486,10.012363655885,10.013881035409,12.017877371207,
    14.021873707005,14.023391086529,16.025629066928,16.02830451482,
    18.028944107613,18.032120800508,20.031702817203,20.034550362624,
    22.033914317146,22.035615376128,24.035754742414),(0.,1.),
  .UNSPECIFIED.);
#4147 = CARTESIAN_POINT('',(50.5,-70.4,6.2));
#4148 = CARTESIAN_POINT('',(46.875,-70.4,6.2));
#4149 = CARTESIAN_POINT('',(50.5,-71.06677236842,6.20000079633));
#4150 = CARTESIAN_POINT('',(46.875,-71.06614240114,6.20000020519));
#4151 = CARTESIAN_POINT('',(50.5,-71.73402785761,6.191656908289));
#4152 = CARTESIAN_POINT('',(46.875,-71.73281788841,6.194730369139));
#4153 = CARTESIAN_POINT('',(50.5,-73.06741435427,6.161087815518));
#4154 = CARTESIAN_POINT('',(46.875,-73.06522453342,6.175415202641));
#4155 = CARTESIAN_POINT('',(50.5,-73.73506099007,6.138824554642));
#4156 = CARTESIAN_POINT('',(46.875,-73.73247032163,6.161345819781));
#4157 = CARTESIAN_POINT('',(50.5,-75.0678567581,6.083276083699));
#4158 = CARTESIAN_POINT('',(46.875,-75.06475823905,6.126227248458));
#4159 = CARTESIAN_POINT('',(50.5,-75.73557857348,6.049880334757));
#4160 = CARTESIAN_POINT('',(46.875,-75.73237214781,6.105108167053));
#4161 = CARTESIAN_POINT('',(50.5,-77.06794509328,5.974921444839));
#4162 = CARTESIAN_POINT('',(46.875,-77.06480798184,6.057687516328));
#4163 = CARTESIAN_POINT('',(50.5,-77.73548497845,5.933193591585));
#4164 = CARTESIAN_POINT('',(46.875,-77.73252530163,6.031281742316));
#4165 = CARTESIAN_POINT('',(50.5,-79.06771617,5.844370768385));
#4166 = CARTESIAN_POINT('',(46.875,-79.06533585597,5.975058488837));
#4167 = CARTESIAN_POINT('',(50.5,-79.73485852013,5.797112107311));
#4168 = CARTESIAN_POINT('',(46.875,-79.73288119828,5.945137396885));
#4169 = CARTESIAN_POINT('',(50.5,-81.06723940974,5.699957138991));
#4170 = CARTESIAN_POINT('',(46.875,-81.06618935947,5.883616427574));
#4171 = CARTESIAN_POINT('',(50.5,-82.4,5.6));
#4172 = CARTESIAN_POINT('',(46.875,-82.4,5.8203125));
#4173 = CARTESIAN_POINT('',(50.5,-83.73276059025,5.500042861009));
#4174 = CARTESIAN_POINT('',(46.875,-83.73381064052,5.757008572426));
#4175 = CARTESIAN_POINT('',(50.5,-85.06514147986,5.402887892689));
#4176 = CARTESIAN_POINT('',(46.875,-85.06711880171,5.695487603115));
#4177 = CARTESIAN_POINT('',(50.5,-85.73228382999,5.355629231615));
#4178 = CARTESIAN_POINT('',(46.875,-85.73466414402,5.665566511163));
#4179 = CARTESIAN_POINT('',(50.5,-87.06451502154,5.266806408415));
#4180 = CARTESIAN_POINT('',(46.875,-87.06747469836,5.609343257684));
#4181 = CARTESIAN_POINT('',(50.5,-87.73205490671,5.225078555161));
#4182 = CARTESIAN_POINT('',(46.875,-87.73519201815,5.582937483672));
#4183 = CARTESIAN_POINT('',(50.5,-89.06442142651,5.150119665243));
#4184 = CARTESIAN_POINT('',(46.875,-89.06762785218,5.535516832947));
#4185 = CARTESIAN_POINT('',(50.5,-89.73214324189,5.116723916301));
#4186 = CARTESIAN_POINT('',(46.875,-89.73524176094,5.514397751542));
#4187 = CARTESIAN_POINT('',(50.5,-91.06493900992,5.061175445358));
#4188 = CARTESIAN_POINT('',(46.875,-91.06752967836,5.479279180219));
#4189 = CARTESIAN_POINT('',(50.5,-91.73258564572,5.038912184482));
#4190 = CARTESIAN_POINT('',(46.875,-91.73477546657,5.465209797359));
#4191 = CARTESIAN_POINT('',(50.5,-93.06597214238,5.008343091711));
#4192 = CARTESIAN_POINT('',(46.875,-93.06718211158,5.445894630861));
#4193 = CARTESIAN_POINT('',(50.5,-93.73322763157,4.99999920367));
#4194 = CARTESIAN_POINT('',(46.875,-93.73385759885,5.44062479481));
#4195 = CARTESIAN_POINT('',(50.5,-94.4,5.));
#4196 = CARTESIAN_POINT('',(46.875,-94.4,5.440625));
#4197 = DEFINITIONAL_REPRESENTATION('',(#4198),#4204);
#4198 = B_SPLINE_CURVE_WITH_KNOTS('',4,(#4199,#4200,#4201,#4202,#4203),
  .UNSPECIFIED.,.F.,.F.,(5,5),(0.,1.),.PIECEWISE_BEZIER_KNOTS.);
#4199 = CARTESIAN_POINT('',(19.83437276685,0.));
#4200 = CARTESIAN_POINT('',(19.833643112268,0.249999671753));
#4201 = CARTESIAN_POINT('',(19.832913292592,0.499999562219));
#4202 = CARTESIAN_POINT('',(19.832183307969,0.749999671576));
#4203 = CARTESIAN_POINT('',(19.831453158549,1.));
#4204 = ( GEOMETRIC_REPRESENTATION_CONTEXT(2) 
PARAMETRIC_REPRESENTATION_CONTEXT() REPRESENTATION_CONTEXT('2D SPACE',''
  ) );
#4205 = ORIENTED_EDGE('',*,*,#4206,.T.);
#4206 = EDGE_CURVE('',#4127,#4207,#4209,.T.);
#4207 = VERTEX_POINT('',#4208);
#4208 = CARTESIAN_POINT('',(43.25,-90.2,5.855433591519));
#4209 = SURFACE_CURVE('',#4210,(#4216,#4225),.PCURVE_S1.);
#4210 = B_SPLINE_CURVE_WITH_KNOTS('',4,(#4211,#4212,#4213,#4214,#4215),
  .UNSPECIFIED.,.F.,.F.,(5,5),(0.,1.),.PIECEWISE_BEZIER_KNOTS.);
#4211 = CARTESIAN_POINT('',(46.875,-90.2,5.502253008827));
#4212 = CARTESIAN_POINT('',(45.968750459522,-90.2,5.590553230069));
#4213 = CARTESIAN_POINT('',(45.06250061278,-90.2,5.67885006865));
#4214 = CARTESIAN_POINT('',(44.156250459647,-90.2,5.767143522993));
#4215 = CARTESIAN_POINT('',(43.25,-90.2,5.855433591519));
#4216 = PCURVE('',#1231,#4217);
#4217 = DEFINITIONAL_REPRESENTATION('',(#4218),#4224);
#4218 = B_SPLINE_CURVE_WITH_KNOTS('',4,(#4219,#4220,#4221,#4222,#4223),
  .UNSPECIFIED.,.F.,.F.,(5,5),(0.,1.),.PIECEWISE_BEZIER_KNOTS.);
#4219 = CARTESIAN_POINT('',(-84.925,-6.502253008827));
#4220 = CARTESIAN_POINT('',(-85.83124954047,-6.590553230069));
#4221 = CARTESIAN_POINT('',(-86.73749938722,-6.67885006865));
#4222 = CARTESIAN_POINT('',(-87.64374954035,-6.767143522993));
#4223 = CARTESIAN_POINT('',(-88.55,-6.855433591519));
#4224 = ( GEOMETRIC_REPRESENTATION_CONTEXT(2) 
PARAMETRIC_REPRESENTATION_CONTEXT() REPRESENTATION_CONTEXT('2D SPACE',''
  ) );
#4225 = PCURVE('',#4226,#4277);
#4226 = B_SPLINE_SURFACE_WITH_KNOTS('',3,1,(
    (#4227,#4228)
    ,(#4229,#4230)
    ,(#4231,#4232)
    ,(#4233,#4234)
    ,(#4235,#4236)
    ,(#4237,#4238)
    ,(#4239,#4240)
    ,(#4241,#4242)
    ,(#4243,#4244)
    ,(#4245,#4246)
    ,(#4247,#4248)
    ,(#4249,#4250)
    ,(#4251,#4252)
    ,(#4253,#4254)
    ,(#4255,#4256)
    ,(#4257,#4258)
    ,(#4259,#4260)
    ,(#4261,#4262)
    ,(#4263,#4264)
    ,(#4265,#4266)
    ,(#4267,#4268)
    ,(#4269,#4270)
    ,(#4271,#4272)
    ,(#4273,#4274)
    ,(#4275,#4276
    )),.UNSPECIFIED.,.F.,.F.,.F.,(4,1,1,1,1,1,1,1,1,1,1,1,1,1,1,1,1,1,1,
    1,1,1,4),(2,2),(0.,2.000055810626,2.000916164405,4.000482365119,
    4.001922789409,6.001455641428,6.003062836331,8.002984752871,
    8.004338557439,10.004953791012,10.005721680753,12.007163590202,
    14.008605499652,14.009373389392,16.009988622966,16.011342427534,
    18.011264344073,18.012871538976,20.012404390995,20.013844815286,
    22.013411015999,22.014271369778,24.014327180404),(0.,1.),
  .UNSPECIFIED.);
#4227 = CARTESIAN_POINT('',(46.875,-70.4,6.2));
#4228 = CARTESIAN_POINT('',(43.25,-70.4,6.2));
#4229 = CARTESIAN_POINT('',(46.875,-71.06670893542,6.200000205364));
#4230 = CARTESIAN_POINT('',(43.25,-71.06639030945,6.200000024938));
#4231 = CARTESIAN_POINT('',(46.875,-71.73367117461,6.194723618474));
#4232 = CARTESIAN_POINT('',(43.25,-71.73305913024,6.197396871864));
#4233 = CARTESIAN_POINT('',(46.875,-73.067025903,6.175383459621));
#4234 = CARTESIAN_POINT('',(43.25,-73.06591780043,6.187853509743));
#4235 = CARTESIAN_POINT('',(46.875,-73.73418520794,6.161308131533));
#4236 = CARTESIAN_POINT('',(43.25,-73.73287420424,6.180907498915));
#4237 = CARTESIAN_POINT('',(46.875,-75.06724361279,6.126154192835));
#4238 = CARTESIAN_POINT('',(43.25,-75.06567503064,6.163555834763));
#4239 = CARTESIAN_POINT('',(46.875,-75.73444489458,6.105040682461));
#4240 = CARTESIAN_POINT('',(43.25,-75.73282140026,6.153132954206));
#4241 = CARTESIAN_POINT('',(46.875,-77.06729089295,6.057592841326));
#4242 = CARTESIAN_POINT('',(43.25,-77.06570198676,6.129705501247));
#4243 = CARTESIAN_POINT('',(46.875,-77.7344018082,6.031206111614));
#4244 = CARTESIAN_POINT('',(43.25,-77.73290244982,6.11667505627));
#4245 = CARTESIAN_POINT('',(46.875,-79.06718169566,5.9749770831));
#4246 = CARTESIAN_POINT('',(43.25,-79.06597560077,6.088903873038));
#4247 = CARTESIAN_POINT('',(46.875,-79.73409253057,5.945082505065));
#4248 = CARTESIAN_POINT('',(43.25,-79.7330904202,6.074137314515));
#4249 = CARTESIAN_POINT('',(46.875,-81.06694980908,5.883580335908));
#4250 = CARTESIAN_POINT('',(43.25,-81.06641759842,6.043755840448));
#4251 = CARTESIAN_POINT('',(46.875,-82.4,5.8203125));
#4252 = CARTESIAN_POINT('',(43.25,-82.4,6.0125));
#4253 = CARTESIAN_POINT('',(46.875,-83.73305019091,5.757044664092));
#4254 = CARTESIAN_POINT('',(43.25,-83.73358240157,5.981244159552));
#4255 = CARTESIAN_POINT('',(46.875,-85.06590746942,5.695542494935));
#4256 = CARTESIAN_POINT('',(43.25,-85.06690957979,5.950862685485));
#4257 = CARTESIAN_POINT('',(46.875,-85.73281830434,5.6656479169));
#4258 = CARTESIAN_POINT('',(43.25,-85.73402439922,5.936096126962));
#4259 = CARTESIAN_POINT('',(46.875,-87.06559819179,5.609418888386));
#4260 = CARTESIAN_POINT('',(43.25,-87.06709755018,5.90832494373));
#4261 = CARTESIAN_POINT('',(46.875,-87.73270910705,5.583032158674));
#4262 = CARTESIAN_POINT('',(43.25,-87.73429801323,5.895294498753));
#4263 = CARTESIAN_POINT('',(46.875,-89.06555510541,5.535584317539));
#4264 = CARTESIAN_POINT('',(43.25,-89.06717859973,5.871867045794));
#4265 = CARTESIAN_POINT('',(46.875,-89.7327563872,5.514470807165));
#4266 = CARTESIAN_POINT('',(43.25,-89.73432496935,5.861444165237));
#4267 = CARTESIAN_POINT('',(46.875,-91.06581479205,5.479316868467));
#4268 = CARTESIAN_POINT('',(43.25,-91.06712579575,5.844092501085));
#4269 = CARTESIAN_POINT('',(46.875,-91.73297409699,5.465241540379));
#4270 = CARTESIAN_POINT('',(43.25,-91.73408219956,5.837146490257));
#4271 = CARTESIAN_POINT('',(46.875,-93.06632882538,5.445901381526));
#4272 = CARTESIAN_POINT('',(43.25,-93.06694086975,5.827603128136));
#4273 = CARTESIAN_POINT('',(46.875,-93.73329106457,5.440624794636));
#4274 = CARTESIAN_POINT('',(43.25,-93.73360969054,5.824999975062));
#4275 = CARTESIAN_POINT('',(46.875,-94.4,5.440625));
#4276 = CARTESIAN_POINT('',(43.25,-94.4,5.825));
#4277 = DEFINITIONAL_REPRESENTATION('',(#4278),#4284);
#4278 = B_SPLINE_CURVE_WITH_KNOTS('',4,(#4279,#4280,#4281,#4282,#4283),
  .UNSPECIFIED.,.F.,.F.,(5,5),(0.,1.),.PIECEWISE_BEZIER_KNOTS.);
#4279 = CARTESIAN_POINT('',(19.813773676591,0.));
#4280 = CARTESIAN_POINT('',(19.813404515243,0.249999873235));
#4281 = CARTESIAN_POINT('',(19.813035311622,0.499999830957));
#4282 = CARTESIAN_POINT('',(19.812666065748,0.749999873201));
#4283 = CARTESIAN_POINT('',(19.812296777638,1.));
#4284 = ( GEOMETRIC_REPRESENTATION_CONTEXT(2) 
PARAMETRIC_REPRESENTATION_CONTEXT() REPRESENTATION_CONTEXT('2D SPACE',''
  ) );
#4285 = ORIENTED_EDGE('',*,*,#4286,.T.);
#4286 = EDGE_CURVE('',#4207,#4287,#4289,.T.);
#4287 = VERTEX_POINT('',#4288);
#4288 = CARTESIAN_POINT('',(39.625,-90.2,6.105244238235));
#4289 = SURFACE_CURVE('',#4290,(#4296,#4305),.PCURVE_S1.);
#4290 = B_SPLINE_CURVE_WITH_KNOTS('',4,(#4291,#4292,#4293,#4294,#4295),
  .UNSPECIFIED.,.F.,.F.,(5,5),(0.,1.),.PIECEWISE_BEZIER_KNOTS.);
#4291 = CARTESIAN_POINT('',(43.25,-90.2,5.855433591519));
#4292 = CARTESIAN_POINT('',(42.343750068905,-90.2,5.917887329173));
#4293 = CARTESIAN_POINT('',(41.437500091877,-90.2,5.980340349577));
#4294 = CARTESIAN_POINT('',(40.531250068911,-90.2,6.042792652631));
#4295 = CARTESIAN_POINT('',(39.625,-90.2,6.105244238235));
#4296 = PCURVE('',#1231,#4297);
#4297 = DEFINITIONAL_REPRESENTATION('',(#4298),#4304);
#4298 = B_SPLINE_CURVE_WITH_KNOTS('',4,(#4299,#4300,#4301,#4302,#4303),
  .UNSPECIFIED.,.F.,.F.,(5,5),(0.,1.),.PIECEWISE_BEZIER_KNOTS.);
#4299 = CARTESIAN_POINT('',(-88.55,-6.855433591519));
#4300 = CARTESIAN_POINT('',(-89.45624993109,-6.917887329173));
#4301 = CARTESIAN_POINT('',(-90.36249990812,-6.980340349577));
#4302 = CARTESIAN_POINT('',(-91.26874993108,-7.042792652631));
#4303 = CARTESIAN_POINT('',(-92.175,-7.105244238235));
#4304 = ( GEOMETRIC_REPRESENTATION_CONTEXT(2) 
PARAMETRIC_REPRESENTATION_CONTEXT() REPRESENTATION_CONTEXT('2D SPACE',''
  ) );
#4305 = PCURVE('',#4306,#4357);
#4306 = B_SPLINE_SURFACE_WITH_KNOTS('',3,1,(
    (#4307,#4308)
    ,(#4309,#4310)
    ,(#4311,#4312)
    ,(#4313,#4314)
    ,(#4315,#4316)
    ,(#4317,#4318)
    ,(#4319,#4320)
    ,(#4321,#4322)
    ,(#4323,#4324)
    ,(#4325,#4326)
    ,(#4327,#4328)
    ,(#4329,#4330)
    ,(#4331,#4332)
    ,(#4333,#4334)
    ,(#4335,#4336)
    ,(#4337,#4338)
    ,(#4339,#4340)
    ,(#4341,#4342)
    ,(#4343,#4344)
    ,(#4345,#4346)
    ,(#4347,#4348)
    ,(#4349,#4350)
    ,(#4351,#4352)
    ,(#4353,#4354)
    ,(#4355,#4356
    )),.UNSPECIFIED.,.F.,.F.,.F.,(4,1,1,1,1,1,1,1,1,1,1,1,1,1,1,1,1,1,1,
    1,1,1,4),(2,2),(0.,2.000013610417,2.000270250799,4.000117640628,
    4.000547340702,6.000355032575,6.000834518239,8.000728037509,
    8.001131954336,10.001208396203,10.001437511755,12.001747514516,
    14.002057517276,14.002286632829,16.002363074696,16.002766991523,
    18.002660510792,18.003139996457,20.00294768833,20.003377388404,
    22.003224778233,22.003481418615,24.003495029032),(0.,1.),
  .UNSPECIFIED.);
#4307 = CARTESIAN_POINT('',(43.25,-70.4,6.2));
#4308 = CARTESIAN_POINT('',(39.625,-70.4,6.2));
#4309 = CARTESIAN_POINT('',(43.25,-71.06667696716,6.200000024949));
#4310 = CARTESIAN_POINT('',(39.625,-71.06658191013,6.20000000052));
#4311 = CARTESIAN_POINT('',(43.25,-71.73343133094,6.1973954179));
#4312 = CARTESIAN_POINT('',(39.625,-71.73324873967,6.199283944361));
#4313 = CARTESIAN_POINT('',(43.25,-73.06676989744,6.187846196552));
#4314 = CARTESIAN_POINT('',(39.625,-73.06643925568,6.196658510363));
#4315 = CARTESIAN_POINT('',(43.25,-73.7335828726,6.180899894043));
#4316 = CARTESIAN_POINT('',(39.625,-73.73319169096,6.194748668356));
#4317 = CARTESIAN_POINT('',(43.25,-75.06683356018,6.163539128032));
#4318 = CARTESIAN_POINT('',(39.625,-75.06636543871,6.189975139641));
#4319 = CARTESIAN_POINT('',(43.25,-75.73365984739,6.153119573574));
#4320 = CARTESIAN_POINT('',(39.625,-75.73317530486,6.187110053096));
#4321 = CARTESIAN_POINT('',(43.25,-77.06684816919,6.129683996358));
#4322 = CARTESIAN_POINT('',(39.625,-77.06637388453,6.180665563598));
#4323 = CARTESIAN_POINT('',(43.25,-77.7336478367,6.116660289766));
#4324 = CARTESIAN_POINT('',(39.625,-77.73320023477,6.177084047675));
#4325 = CARTESIAN_POINT('',(43.25,-79.06681695362,6.088885582606));
#4326 = CARTESIAN_POINT('',(39.625,-79.06645687437,6.169445694577));
#4327 = CARTESIAN_POINT('',(43.25,-79.73355716268,6.074126895319));
#4328 = CARTESIAN_POINT('',(39.625,-79.73325794708,6.165386743472));
#4329 = CARTESIAN_POINT('',(43.25,-81.06674972686,6.043748056187));
#4330 = CARTESIAN_POINT('',(39.625,-81.06659081432,6.157031738953));
#4331 = CARTESIAN_POINT('',(43.25,-82.4,6.0125));
#4332 = CARTESIAN_POINT('',(39.625,-82.4,6.1484375));
#4333 = CARTESIAN_POINT('',(43.25,-83.73325027313,5.981251943813));
#4334 = CARTESIAN_POINT('',(39.625,-83.73340918567,6.139843261047));
#4335 = CARTESIAN_POINT('',(43.25,-85.06644283731,5.950873104681));
#4336 = CARTESIAN_POINT('',(39.625,-85.06674205291,6.131488256528));
#4337 = CARTESIAN_POINT('',(43.25,-85.73318304637,5.936114417394));
#4338 = CARTESIAN_POINT('',(39.625,-85.73354312562,6.127429305423));
#4339 = CARTESIAN_POINT('',(43.25,-87.06635216329,5.908339710234));
#4340 = CARTESIAN_POINT('',(39.625,-87.06679976522,6.119790952325));
#4341 = CARTESIAN_POINT('',(43.25,-87.7331518308,5.895316003642));
#4342 = CARTESIAN_POINT('',(39.625,-87.73362611546,6.116209436402));
#4343 = CARTESIAN_POINT('',(43.25,-89.0663401526,5.871880426426));
#4344 = CARTESIAN_POINT('',(39.625,-89.06682469513,6.109764946904));
#4345 = CARTESIAN_POINT('',(43.25,-89.73316643981,5.861460871968));
#4346 = CARTESIAN_POINT('',(39.625,-89.73363456128,6.106899860359));
#4347 = CARTESIAN_POINT('',(43.25,-91.06641712739,5.844100105957));
#4348 = CARTESIAN_POINT('',(39.625,-91.06680830903,6.102126331644));
#4349 = CARTESIAN_POINT('',(43.25,-91.73323010255,5.837153803448));
#4350 = CARTESIAN_POINT('',(39.625,-91.73356074431,6.100216489637));
#4351 = CARTESIAN_POINT('',(43.25,-93.06656866905,5.8276045821));
#4352 = CARTESIAN_POINT('',(39.625,-93.06675126032,6.097591055639));
#4353 = CARTESIAN_POINT('',(43.25,-93.73332303283,5.824999975051));
#4354 = CARTESIAN_POINT('',(39.625,-93.73341808986,6.09687499948));
#4355 = CARTESIAN_POINT('',(43.25,-94.4,5.825));
#4356 = CARTESIAN_POINT('',(39.625,-94.4,6.096875));
#4357 = DEFINITIONAL_REPRESENTATION('',(#4358),#4364);
#4358 = B_SPLINE_CURVE_WITH_KNOTS('',4,(#4359,#4360,#4361,#4362,#4363),
  .UNSPECIFIED.,.F.,.F.,(5,5),(0.,1.),.PIECEWISE_BEZIER_KNOTS.);
#4359 = CARTESIAN_POINT('',(19.803360037661,0.));
#4360 = CARTESIAN_POINT('',(19.803249897336,0.249999980992));
#4361 = CARTESIAN_POINT('',(19.803139753252,0.499999974655));
#4362 = CARTESIAN_POINT('',(19.80302960541,0.74999998099));
#4363 = CARTESIAN_POINT('',(19.80291945381,1.));
#4364 = ( GEOMETRIC_REPRESENTATION_CONTEXT(2) 
PARAMETRIC_REPRESENTATION_CONTEXT() REPRESENTATION_CONTEXT('2D SPACE',''
  ) );
#4365 = ORIENTED_EDGE('',*,*,#4366,.T.);
#4366 = EDGE_CURVE('',#4287,#4367,#4369,.T.);
#4367 = VERTEX_POINT('',#4368);
#4368 = CARTESIAN_POINT('',(36.,-90.2,6.19558955));
#4369 = SURFACE_CURVE('',#4370,(#4376,#4385),.PCURVE_S1.);
#4370 = B_SPLINE_CURVE_WITH_KNOTS('',4,(#4371,#4372,#4373,#4374,#4375),
  .UNSPECIFIED.,.F.,.F.,(5,5),(0.,1.),.PIECEWISE_BEZIER_KNOTS.);
#4371 = CARTESIAN_POINT('',(39.625,-90.2,6.105244238235));
#4372 = CARTESIAN_POINT('',(38.718750000739,-90.2,6.127830598073));
#4373 = CARTESIAN_POINT('',(37.812500000985,-90.2,6.150416936646));
#4374 = CARTESIAN_POINT('',(36.906250000739,-90.2,6.173003253956));
#4375 = CARTESIAN_POINT('',(36.,-90.2,6.19558955));
#4376 = PCURVE('',#1231,#4377);
#4377 = DEFINITIONAL_REPRESENTATION('',(#4378),#4384);
#4378 = B_SPLINE_CURVE_WITH_KNOTS('',4,(#4379,#4380,#4381,#4382,#4383),
  .UNSPECIFIED.,.F.,.F.,(5,5),(0.,1.),.PIECEWISE_BEZIER_KNOTS.);
#4379 = CARTESIAN_POINT('',(-92.175,-7.105244238235));
#4380 = CARTESIAN_POINT('',(-93.08124999926,-7.127830598073));
#4381 = CARTESIAN_POINT('',(-93.98749999901,-7.150416936646));
#4382 = CARTESIAN_POINT('',(-94.89374999926,-7.173003253956));
#4383 = CARTESIAN_POINT('',(-95.8,-7.19558955));
#4384 = ( GEOMETRIC_REPRESENTATION_CONTEXT(2) 
PARAMETRIC_REPRESENTATION_CONTEXT() REPRESENTATION_CONTEXT('2D SPACE',''
  ) );
#4385 = PCURVE('',#4386,#4437);
#4386 = B_SPLINE_SURFACE_WITH_KNOTS('',3,1,(
    (#4387,#4388)
    ,(#4389,#4390)
    ,(#4391,#4392)
    ,(#4393,#4394)
    ,(#4395,#4396)
    ,(#4397,#4398)
    ,(#4399,#4400)
    ,(#4401,#4402)
    ,(#4403,#4404)
    ,(#4405,#4406)
    ,(#4407,#4408)
    ,(#4409,#4410)
    ,(#4411,#4412)
    ,(#4413,#4414)
    ,(#4415,#4416)
    ,(#4417,#4418)
    ,(#4419,#4420)
    ,(#4421,#4422)
    ,(#4423,#4424)
    ,(#4425,#4426)
    ,(#4427,#4428)
    ,(#4429,#4430)
    ,(#4431,#4432)
    ,(#4433,#4434)
    ,(#4435,#4436
    )),.UNSPECIFIED.,.F.,.F.,.F.,(4,1,1,1,1,1,1,1,1,1,1,1,1,1,1,1,1,1,1,
    1,1,1,4),(2,2),(0.,2.000001029291,2.00002198259,4.000008896765,
    4.000043979995,6.000026850516,6.000065999252,8.000055061445,
    8.000088040732,10.000091392604,10.000110099804,12.000132168506,
    14.000154237208,14.000172944408,16.00017629628,16.000209275567,
    18.00019833776,18.000237486496,20.000220357017,20.000255440247,
    22.000242354422,22.000263307721,24.000264337012),(0.,1.),
  .UNSPECIFIED.);
#4387 = CARTESIAN_POINT('',(39.625,-70.4,6.2));
#4388 = CARTESIAN_POINT('',(36.,-70.4,6.2));
#4389 = CARTESIAN_POINT('',(39.625,-71.06666744547,6.20000000052));
#4390 = CARTESIAN_POINT('',(36.,-71.06665968399,6.2));
#4391 = CARTESIAN_POINT('',(39.625,-71.73334125936,6.199283844974));
#4392 = CARTESIAN_POINT('',(36.,-71.73332635101,6.199966667016));
#4393 = CARTESIAN_POINT('',(39.625,-73.06667498886,6.196657963304));
#4394 = CARTESIAN_POINT('',(36.,-73.06664799092,6.199844446447));
#4395 = CARTESIAN_POINT('',(39.625,-73.73335358328,6.194748199599));
#4396 = CARTESIAN_POINT('',(36.,-73.73332164245,6.199755557114));
#4397 = CARTESIAN_POINT('',(39.625,-75.06668015184,6.189973901826));
#4398 = CARTESIAN_POINT('',(36.,-75.06664192683,6.199533337846));
#4399 = CARTESIAN_POINT('',(39.625,-75.7333598542,6.187109253829));
#4400 = CARTESIAN_POINT('',(36.,-75.73332028774,6.199400002609));
#4401 = CARTESIAN_POINT('',(39.625,-77.06668135793,6.180663984452));
#4402 = CARTESIAN_POINT('',(36.,-77.06664262781,6.199100005735));
#4403 = CARTESIAN_POINT('',(39.625,-77.73335889597,6.177083190817));
#4404 = CARTESIAN_POINT('',(36.,-77.73332234365,6.198933336081));
#4405 = CARTESIAN_POINT('',(39.625,-79.06667884591,6.169444370731));
#4406 = CARTESIAN_POINT('',(36.,-79.06664944059,6.198577782555));
#4407 = CARTESIAN_POINT('',(39.625,-79.73335153574,6.165386171808));
#4408 = CARTESIAN_POINT('',(36.,-79.73332709977,6.198388890655));
#4409 = CARTESIAN_POINT('',(39.625,-81.06667340991,6.157031206598));
#4410 = CARTESIAN_POINT('',(36.,-81.0666604321,6.19800000187));
#4411 = CARTESIAN_POINT('',(39.625,-82.4,6.1484375));
#4412 = CARTESIAN_POINT('',(36.,-82.4,6.1976));
#4413 = CARTESIAN_POINT('',(39.625,-83.73332659008,6.139843793402));
#4414 = CARTESIAN_POINT('',(36.,-83.73333956789,6.19719999813));
#4415 = CARTESIAN_POINT('',(39.625,-85.06664846425,6.131488828192));
#4416 = CARTESIAN_POINT('',(36.,-85.06667290022,6.196811109345));
#4417 = CARTESIAN_POINT('',(39.625,-85.73332115408,6.127430629269));
#4418 = CARTESIAN_POINT('',(36.,-85.7333505594,6.196622217445));
#4419 = CARTESIAN_POINT('',(39.625,-87.06664110402,6.119791809183));
#4420 = CARTESIAN_POINT('',(36.,-87.06667765634,6.196266663919));
#4421 = CARTESIAN_POINT('',(39.625,-87.73331864206,6.116211015548));
#4422 = CARTESIAN_POINT('',(36.,-87.73335737218,6.196099994265));
#4423 = CARTESIAN_POINT('',(39.625,-89.06664014579,6.109765746171));
#4424 = CARTESIAN_POINT('',(36.,-89.06667971225,6.195799997391));
#4425 = CARTESIAN_POINT('',(39.625,-89.73331984815,6.106901098174));
#4426 = CARTESIAN_POINT('',(36.,-89.73335807317,6.195666662154));
#4427 = CARTESIAN_POINT('',(39.625,-91.06664641671,6.102126800401));
#4428 = CARTESIAN_POINT('',(36.,-91.06667835754,6.195444442886));
#4429 = CARTESIAN_POINT('',(39.625,-91.73332501113,6.100217036696));
#4430 = CARTESIAN_POINT('',(36.,-91.73335200907,6.195355553553));
#4431 = CARTESIAN_POINT('',(39.625,-93.06665874063,6.097591155026));
#4432 = CARTESIAN_POINT('',(36.,-93.06667364898,6.195233332984));
#4433 = CARTESIAN_POINT('',(39.625,-93.73333255452,6.09687499948));
#4434 = CARTESIAN_POINT('',(36.,-93.733340316,6.1952));
#4435 = CARTESIAN_POINT('',(39.625,-94.4,6.096875));
#4436 = CARTESIAN_POINT('',(36.,-94.4,6.1952));
#4437 = DEFINITIONAL_REPRESENTATION('',(#4438),#4444);
#4438 = B_SPLINE_CURVE_WITH_KNOTS('',4,(#4439,#4440,#4441,#4442,#4443),
  .UNSPECIFIED.,.F.,.F.,(5,5),(0.,1.),.PIECEWISE_BEZIER_KNOTS.);
#4439 = CARTESIAN_POINT('',(19.800254128041,0.));
#4440 = CARTESIAN_POINT('',(19.800245135103,0.249999999796));
#4441 = CARTESIAN_POINT('',(19.80023614214,0.499999999728));
#4442 = CARTESIAN_POINT('',(19.800227149151,0.749999999796));
#4443 = CARTESIAN_POINT('',(19.800218156138,1.));
#4444 = ( GEOMETRIC_REPRESENTATION_CONTEXT(2) 
PARAMETRIC_REPRESENTATION_CONTEXT() REPRESENTATION_CONTEXT('2D SPACE',''
  ) );
#4445 = ORIENTED_EDGE('',*,*,#4446,.T.);
#4446 = EDGE_CURVE('',#4367,#4447,#4449,.T.);
#4447 = VERTEX_POINT('',#4448);
#4448 = CARTESIAN_POINT('',(30.8,-90.2,6.19558955));
#4449 = SURFACE_CURVE('',#4450,(#4457,#4467),.PCURVE_S1.);
#4450 = B_SPLINE_CURVE_WITH_KNOTS('',5,(#4451,#4452,#4453,#4454,#4455,
    #4456),.UNSPECIFIED.,.F.,.F.,(6,6),(0.,1.),
  .PIECEWISE_BEZIER_KNOTS.);
#4451 = CARTESIAN_POINT('',(36.,-90.2,6.19558955));
#4452 = CARTESIAN_POINT('',(34.902138037074,-90.2,6.19558955));
#4453 = CARTESIAN_POINT('',(33.990105327746,-90.2,6.19558955));
#4454 = CARTESIAN_POINT('',(32.898598995572,-90.2,6.19558955));
#4455 = CARTESIAN_POINT('',(31.678406043945,-90.2,6.19558955));
#4456 = CARTESIAN_POINT('',(30.8,-90.2,6.19558955));
#4457 = PCURVE('',#1231,#4458);
#4458 = DEFINITIONAL_REPRESENTATION('',(#4459),#4466);
#4459 = B_SPLINE_CURVE_WITH_KNOTS('',5,(#4460,#4461,#4462,#4463,#4464,
    #4465),.UNSPECIFIED.,.F.,.F.,(6,6),(0.,1.),
  .PIECEWISE_BEZIER_KNOTS.);
#4460 = CARTESIAN_POINT('',(-95.8,-7.19558955));
#4461 = CARTESIAN_POINT('',(-96.89786196292,-7.19558955));
#4462 = CARTESIAN_POINT('',(-97.80989467225,-7.19558955));
#4463 = CARTESIAN_POINT('',(-98.90140100442,-7.19558955));
#4464 = CARTESIAN_POINT('',(-100.121593956,-7.19558955));
#4465 = CARTESIAN_POINT('',(-101.,-7.19558955));
#4466 = ( GEOMETRIC_REPRESENTATION_CONTEXT(2) 
PARAMETRIC_REPRESENTATION_CONTEXT() REPRESENTATION_CONTEXT('2D SPACE',''
  ) );
#4467 = PCURVE('',#2122,#4468);
#4468 = DEFINITIONAL_REPRESENTATION('',(#4469),#4476);
#4469 = B_SPLINE_CURVE_WITH_KNOTS('',5,(#4470,#4471,#4472,#4473,#4474,
    #4475),.UNSPECIFIED.,.F.,.F.,(6,6),(0.,1.),
  .PIECEWISE_BEZIER_KNOTS.);
#4470 = CARTESIAN_POINT('',(19.800000550568,0.));
#4471 = CARTESIAN_POINT('',(19.800000550568,2.269247546354E-02));
#4472 = CARTESIAN_POINT('',(19.800000550568,4.154391633432E-02));
#4473 = CARTESIAN_POINT('',(19.800000550568,6.410502282819E-02));
#4474 = CARTESIAN_POINT('',(19.800000550568,8.932604291143E-02));
#4475 = CARTESIAN_POINT('',(19.800000550568,0.107482430757));
#4476 = ( GEOMETRIC_REPRESENTATION_CONTEXT(2) 
PARAMETRIC_REPRESENTATION_CONTEXT() REPRESENTATION_CONTEXT('2D SPACE',''
  ) );
#4477 = ORIENTED_EDGE('',*,*,#4478,.F.);
#4478 = EDGE_CURVE('',#4479,#4447,#4481,.T.);
#4479 = VERTEX_POINT('',#4480);
#4480 = CARTESIAN_POINT('',(30.8,-90.2,5.39558955));
#4481 = SURFACE_CURVE('',#4482,(#4486,#4493),.PCURVE_S1.);
#4482 = LINE('',#4483,#4484);
#4483 = CARTESIAN_POINT('',(30.8,-90.2,-1.));
#4484 = VECTOR('',#4485,1.);
#4485 = DIRECTION('',(-0.,-0.,1.));
#4486 = PCURVE('',#1231,#4487);
#4487 = DEFINITIONAL_REPRESENTATION('',(#4488),#4492);
#4488 = LINE('',#4489,#4490);
#4489 = CARTESIAN_POINT('',(-101.,0.));
#4490 = VECTOR('',#4491,1.);
#4491 = DIRECTION('',(-0.,-1.));
#4492 = ( GEOMETRIC_REPRESENTATION_CONTEXT(2) 
PARAMETRIC_REPRESENTATION_CONTEXT() REPRESENTATION_CONTEXT('2D SPACE',''
  ) );
#4493 = PCURVE('',#4494,#4499);
#4494 = CYLINDRICAL_SURFACE('',#4495,1.);
#4495 = AXIS2_PLACEMENT_3D('',#4496,#4497,#4498);
#4496 = CARTESIAN_POINT('',(30.8,-89.2,-1.));
#4497 = DIRECTION('',(0.,-0.,-1.));
#4498 = DIRECTION('',(-1.,-0.,-0.));
#4499 = DEFINITIONAL_REPRESENTATION('',(#4500),#4504);
#4500 = LINE('',#4501,#4502);
#4501 = CARTESIAN_POINT('',(4.712388980385,0.));
#4502 = VECTOR('',#4503,1.);
#4503 = DIRECTION('',(0.,-1.));
#4504 = ( GEOMETRIC_REPRESENTATION_CONTEXT(2) 
PARAMETRIC_REPRESENTATION_CONTEXT() REPRESENTATION_CONTEXT('2D SPACE',''
  ) );
#4505 = ORIENTED_EDGE('',*,*,#4506,.F.);
#4506 = EDGE_CURVE('',#4507,#4479,#4509,.T.);
#4507 = VERTEX_POINT('',#4508);
#4508 = CARTESIAN_POINT('',(36.,-90.2,5.39558955));
#4509 = SURFACE_CURVE('',#4510,(#4516,#4525),.PCURVE_S1.);
#4510 = B_SPLINE_CURVE_WITH_KNOTS('',4,(#4511,#4512,#4513,#4514,#4515),
  .UNSPECIFIED.,.F.,.F.,(5,5),(0.,1.),.PIECEWISE_BEZIER_KNOTS.);
#4511 = CARTESIAN_POINT('',(36.,-90.2,5.39558955));
#4512 = CARTESIAN_POINT('',(34.7,-90.2,5.39558955));
#4513 = CARTESIAN_POINT('',(33.4,-90.2,5.39558955));
#4514 = CARTESIAN_POINT('',(32.1,-90.2,5.39558955));
#4515 = CARTESIAN_POINT('',(30.8,-90.2,5.39558955));
#4516 = PCURVE('',#1231,#4517);
#4517 = DEFINITIONAL_REPRESENTATION('',(#4518),#4524);
#4518 = B_SPLINE_CURVE_WITH_KNOTS('',4,(#4519,#4520,#4521,#4522,#4523),
  .UNSPECIFIED.,.F.,.F.,(5,5),(0.,1.),.PIECEWISE_BEZIER_KNOTS.);
#4519 = CARTESIAN_POINT('',(-95.8,-6.39558955));
#4520 = CARTESIAN_POINT('',(-97.1,-6.39558955));
#4521 = CARTESIAN_POINT('',(-98.4,-6.39558955));
#4522 = CARTESIAN_POINT('',(-99.7,-6.39558955));
#4523 = CARTESIAN_POINT('',(-101.,-6.39558955));
#4524 = ( GEOMETRIC_REPRESENTATION_CONTEXT(2) 
PARAMETRIC_REPRESENTATION_CONTEXT() REPRESENTATION_CONTEXT('2D SPACE',''
  ) );
#4525 = PCURVE('',#4526,#4557);
#4526 = B_SPLINE_SURFACE_WITH_KNOTS('',3,1,(
    (#4527,#4528)
    ,(#4529,#4530)
    ,(#4531,#4532)
    ,(#4533,#4534)
    ,(#4535,#4536)
    ,(#4537,#4538)
    ,(#4539,#4540)
    ,(#4541,#4542)
    ,(#4543,#4544)
    ,(#4545,#4546)
    ,(#4547,#4548)
    ,(#4549,#4550)
    ,(#4551,#4552)
    ,(#4553,#4554)
    ,(#4555,#4556
    )),.UNSPECIFIED.,.F.,.F.,.F.,(4,1,1,1,1,1,1,1,1,1,1,1,4),(2,2),(0.,
    2.00000000223,4.000000019275,6.000000058171,8.00000011929,
    10.000000198002,12.000000286343,14.000000374684,16.000000453395,
    18.000000514514,20.00000055341,22.000000570455,24.000000572685),(0.,
    1.),.UNSPECIFIED.);
#4527 = CARTESIAN_POINT('',(36.,-70.4,5.4));
#4528 = CARTESIAN_POINT('',(-12.38,-70.4,5.4));
#4529 = CARTESIAN_POINT('',(36.,-71.06666666835,5.4));
#4530 = CARTESIAN_POINT('',(-12.38,-71.06666666835,5.4));
#4531 = CARTESIAN_POINT('',(36.,-72.40000000733,5.399933333333));
#4532 = CARTESIAN_POINT('',(-12.38,-72.40000000733,5.399933333333));
#4533 = CARTESIAN_POINT('',(36.,-74.40000001119,5.399666666665));
#4534 = CARTESIAN_POINT('',(-12.38,-74.40000001119,5.399666666665));
#4535 = CARTESIAN_POINT('',(36.,-76.40000001122,5.399266666664));
#4536 = CARTESIAN_POINT('',(-12.38,-76.40000001122,5.399266666664));
#4537 = CARTESIAN_POINT('',(36.,-78.40000000889,5.398766666664));
#4538 = CARTESIAN_POINT('',(-12.38,-78.40000000889,5.398766666664));
#4539 = CARTESIAN_POINT('',(36.,-80.40000000486,5.398199999999));
#4540 = CARTESIAN_POINT('',(-12.38,-80.40000000486,5.398199999999));
#4541 = CARTESIAN_POINT('',(36.,-82.4,5.3976));
#4542 = CARTESIAN_POINT('',(-12.38,-82.4,5.3976));
#4543 = CARTESIAN_POINT('',(36.,-84.39999999514,5.397000000001));
#4544 = CARTESIAN_POINT('',(-12.38,-84.39999999514,5.397000000001));
#4545 = CARTESIAN_POINT('',(36.,-86.3999999911,5.396433333336));
#4546 = CARTESIAN_POINT('',(-12.38,-86.3999999911,5.396433333336));
#4547 = CARTESIAN_POINT('',(36.,-88.39999998877,5.395933333336));
#4548 = CARTESIAN_POINT('',(-12.38,-88.39999998877,5.395933333336));
#4549 = CARTESIAN_POINT('',(36.,-90.3999999888,5.395533333335));
#4550 = CARTESIAN_POINT('',(-12.38,-90.3999999888,5.395533333335));
#4551 = CARTESIAN_POINT('',(36.,-92.39999999266,5.395266666667));
#4552 = CARTESIAN_POINT('',(-12.38,-92.39999999266,5.395266666667));
#4553 = CARTESIAN_POINT('',(36.,-93.73333333164,5.3952));
#4554 = CARTESIAN_POINT('',(-12.38,-93.73333333164,5.3952));
#4555 = CARTESIAN_POINT('',(36.,-94.4,5.3952));
#4556 = CARTESIAN_POINT('',(-12.38,-94.4,5.3952));
#4557 = DEFINITIONAL_REPRESENTATION('',(#4558),#4564);
#4558 = B_SPLINE_CURVE_WITH_KNOTS('',4,(#4559,#4560,#4561,#4562,#4563),
  .UNSPECIFIED.,.F.,.F.,(5,5),(0.,1.),.PIECEWISE_BEZIER_KNOTS.);
#4559 = CARTESIAN_POINT('',(19.800000550568,0.));
#4560 = CARTESIAN_POINT('',(19.800000550568,2.687060768913E-02));
#4561 = CARTESIAN_POINT('',(19.800000550568,5.374121537826E-02));
#4562 = CARTESIAN_POINT('',(19.800000550568,8.061182306738E-02));
#4563 = CARTESIAN_POINT('',(19.800000550568,0.107482430757));
#4564 = ( GEOMETRIC_REPRESENTATION_CONTEXT(2) 
PARAMETRIC_REPRESENTATION_CONTEXT() REPRESENTATION_CONTEXT('2D SPACE',''
  ) );
#4565 = ORIENTED_EDGE('',*,*,#4566,.F.);
#4566 = EDGE_CURVE('',#4567,#4507,#4569,.T.);
#4567 = VERTEX_POINT('',#4568);
#4568 = CARTESIAN_POINT('',(39.625,-90.2,5.305244238235));
#4569 = SURFACE_CURVE('',#4570,(#4576,#4585),.PCURVE_S1.);
#4570 = B_SPLINE_CURVE_WITH_KNOTS('',4,(#4571,#4572,#4573,#4574,#4575),
  .UNSPECIFIED.,.F.,.F.,(5,5),(0.,1.),.PIECEWISE_BEZIER_KNOTS.);
#4571 = CARTESIAN_POINT('',(39.625,-90.2,5.305244238235));
#4572 = CARTESIAN_POINT('',(38.718750000739,-90.2,5.327830598073));
#4573 = CARTESIAN_POINT('',(37.812500000985,-90.2,5.350416936646));
#4574 = CARTESIAN_POINT('',(36.906250000739,-90.2,5.373003253956));
#4575 = CARTESIAN_POINT('',(36.,-90.2,5.39558955));
#4576 = PCURVE('',#1231,#4577);
#4577 = DEFINITIONAL_REPRESENTATION('',(#4578),#4584);
#4578 = B_SPLINE_CURVE_WITH_KNOTS('',4,(#4579,#4580,#4581,#4582,#4583),
  .UNSPECIFIED.,.F.,.F.,(5,5),(0.,1.),.PIECEWISE_BEZIER_KNOTS.);
#4579 = CARTESIAN_POINT('',(-92.175,-6.305244238235));
#4580 = CARTESIAN_POINT('',(-93.08124999926,-6.327830598073));
#4581 = CARTESIAN_POINT('',(-93.98749999901,-6.350416936646));
#4582 = CARTESIAN_POINT('',(-94.89374999926,-6.373003253956));
#4583 = CARTESIAN_POINT('',(-95.8,-6.39558955));
#4584 = ( GEOMETRIC_REPRESENTATION_CONTEXT(2) 
PARAMETRIC_REPRESENTATION_CONTEXT() REPRESENTATION_CONTEXT('2D SPACE',''
  ) );
#4585 = PCURVE('',#4586,#4637);
#4586 = B_SPLINE_SURFACE_WITH_KNOTS('',3,1,(
    (#4587,#4588)
    ,(#4589,#4590)
    ,(#4591,#4592)
    ,(#4593,#4594)
    ,(#4595,#4596)
    ,(#4597,#4598)
    ,(#4599,#4600)
    ,(#4601,#4602)
    ,(#4603,#4604)
    ,(#4605,#4606)
    ,(#4607,#4608)
    ,(#4609,#4610)
    ,(#4611,#4612)
    ,(#4613,#4614)
    ,(#4615,#4616)
    ,(#4617,#4618)
    ,(#4619,#4620)
    ,(#4621,#4622)
    ,(#4623,#4624)
    ,(#4625,#4626)
    ,(#4627,#4628)
    ,(#4629,#4630)
    ,(#4631,#4632)
    ,(#4633,#4634)
    ,(#4635,#4636
    )),.UNSPECIFIED.,.F.,.F.,.F.,(4,1,1,1,1,1,1,1,1,1,1,1,1,1,1,1,1,1,1,
    1,1,1,4),(2,2),(0.,2.000001029291,2.00002198259,4.000008896765,
    4.000043979995,6.000026850516,6.000065999252,8.000055061445,
    8.000088040732,10.000091392604,10.000110099804,12.000132168506,
    14.000154237208,14.000172944408,16.00017629628,16.000209275567,
    18.00019833776,18.000237486496,20.000220357017,20.000255440247,
    22.000242354422,22.000263307721,24.000264337012),(0.,1.),
  .UNSPECIFIED.);
#4587 = CARTESIAN_POINT('',(39.625,-70.4,5.4));
#4588 = CARTESIAN_POINT('',(36.,-70.4,5.4));
#4589 = CARTESIAN_POINT('',(39.625,-71.06666744547,5.40000000052));
#4590 = CARTESIAN_POINT('',(36.,-71.06665968399,5.4));
#4591 = CARTESIAN_POINT('',(39.625,-71.73334125936,5.399283844974));
#4592 = CARTESIAN_POINT('',(36.,-71.73332635101,5.399966667016));
#4593 = CARTESIAN_POINT('',(39.625,-73.06667498886,5.396657963304));
#4594 = CARTESIAN_POINT('',(36.,-73.06664799092,5.399844446447));
#4595 = CARTESIAN_POINT('',(39.625,-73.73335358328,5.394748199599));
#4596 = CARTESIAN_POINT('',(36.,-73.73332164245,5.399755557114));
#4597 = CARTESIAN_POINT('',(39.625,-75.06668015184,5.389973901826));
#4598 = CARTESIAN_POINT('',(36.,-75.06664192683,5.399533337846));
#4599 = CARTESIAN_POINT('',(39.625,-75.7333598542,5.387109253829));
#4600 = CARTESIAN_POINT('',(36.,-75.73332028774,5.399400002609));
#4601 = CARTESIAN_POINT('',(39.625,-77.06668135793,5.380663984452));
#4602 = CARTESIAN_POINT('',(36.,-77.06664262781,5.399100005735));
#4603 = CARTESIAN_POINT('',(39.625,-77.73335889597,5.377083190817));
#4604 = CARTESIAN_POINT('',(36.,-77.73332234365,5.398933336081));
#4605 = CARTESIAN_POINT('',(39.625,-79.06667884591,5.369444370731));
#4606 = CARTESIAN_POINT('',(36.,-79.06664944059,5.398577782555));
#4607 = CARTESIAN_POINT('',(39.625,-79.73335153574,5.365386171808));
#4608 = CARTESIAN_POINT('',(36.,-79.73332709977,5.398388890655));
#4609 = CARTESIAN_POINT('',(39.625,-81.06667340991,5.357031206598));
#4610 = CARTESIAN_POINT('',(36.,-81.0666604321,5.39800000187));
#4611 = CARTESIAN_POINT('',(39.625,-82.4,5.3484375));
#4612 = CARTESIAN_POINT('',(36.,-82.4,5.3976));
#4613 = CARTESIAN_POINT('',(39.625,-83.73332659008,5.339843793402));
#4614 = CARTESIAN_POINT('',(36.,-83.73333956789,5.39719999813));
#4615 = CARTESIAN_POINT('',(39.625,-85.06664846425,5.331488828192));
#4616 = CARTESIAN_POINT('',(36.,-85.06667290022,5.396811109345));
#4617 = CARTESIAN_POINT('',(39.625,-85.73332115408,5.327430629269));
#4618 = CARTESIAN_POINT('',(36.,-85.7333505594,5.396622217445));
#4619 = CARTESIAN_POINT('',(39.625,-87.06664110402,5.319791809183));
#4620 = CARTESIAN_POINT('',(36.,-87.06667765634,5.396266663919));
#4621 = CARTESIAN_POINT('',(39.625,-87.73331864206,5.316211015548));
#4622 = CARTESIAN_POINT('',(36.,-87.73335737218,5.396099994265));
#4623 = CARTESIAN_POINT('',(39.625,-89.06664014579,5.309765746171));
#4624 = CARTESIAN_POINT('',(36.,-89.06667971225,5.395799997391));
#4625 = CARTESIAN_POINT('',(39.625,-89.73331984815,5.306901098174));
#4626 = CARTESIAN_POINT('',(36.,-89.73335807317,5.395666662154));
#4627 = CARTESIAN_POINT('',(39.625,-91.06664641671,5.302126800401));
#4628 = CARTESIAN_POINT('',(36.,-91.06667835754,5.395444442886));
#4629 = CARTESIAN_POINT('',(39.625,-91.73332501113,5.300217036696));
#4630 = CARTESIAN_POINT('',(36.,-91.73335200907,5.395355553553));
#4631 = CARTESIAN_POINT('',(39.625,-93.06665874063,5.297591155026));
#4632 = CARTESIAN_POINT('',(36.,-93.06667364898,5.395233332984));
#4633 = CARTESIAN_POINT('',(39.625,-93.73333255452,5.29687499948));
#4634 = CARTESIAN_POINT('',(36.,-93.733340316,5.3952));
#4635 = CARTESIAN_POINT('',(39.625,-94.4,5.296875));
#4636 = CARTESIAN_POINT('',(36.,-94.4,5.3952));
#4637 = DEFINITIONAL_REPRESENTATION('',(#4638),#4644);
#4638 = B_SPLINE_CURVE_WITH_KNOTS('',4,(#4639,#4640,#4641,#4642,#4643),
  .UNSPECIFIED.,.F.,.F.,(5,5),(0.,1.),.PIECEWISE_BEZIER_KNOTS.);
#4639 = CARTESIAN_POINT('',(19.800254128041,0.));
#4640 = CARTESIAN_POINT('',(19.800245135103,0.249999999796));
#4641 = CARTESIAN_POINT('',(19.80023614214,0.499999999728));
#4642 = CARTESIAN_POINT('',(19.800227149151,0.749999999796));
#4643 = CARTESIAN_POINT('',(19.800218156138,1.));
#4644 = ( GEOMETRIC_REPRESENTATION_CONTEXT(2) 
PARAMETRIC_REPRESENTATION_CONTEXT() REPRESENTATION_CONTEXT('2D SPACE',''
  ) );
#4645 = ORIENTED_EDGE('',*,*,#4646,.F.);
#4646 = EDGE_CURVE('',#4647,#4567,#4649,.T.);
#4647 = VERTEX_POINT('',#4648);
#4648 = CARTESIAN_POINT('',(43.25,-90.2,5.055433591519));
#4649 = SURFACE_CURVE('',#4650,(#4656,#4665),.PCURVE_S1.);
#4650 = B_SPLINE_CURVE_WITH_KNOTS('',4,(#4651,#4652,#4653,#4654,#4655),
  .UNSPECIFIED.,.F.,.F.,(5,5),(0.,1.),.PIECEWISE_BEZIER_KNOTS.);
#4651 = CARTESIAN_POINT('',(43.25,-90.2,5.055433591519));
#4652 = CARTESIAN_POINT('',(42.343750068905,-90.2,5.117887329173));
#4653 = CARTESIAN_POINT('',(41.437500091877,-90.2,5.180340349577));
#4654 = CARTESIAN_POINT('',(40.531250068911,-90.2,5.242792652631));
#4655 = CARTESIAN_POINT('',(39.625,-90.2,5.305244238235));
#4656 = PCURVE('',#1231,#4657);
#4657 = DEFINITIONAL_REPRESENTATION('',(#4658),#4664);
#4658 = B_SPLINE_CURVE_WITH_KNOTS('',4,(#4659,#4660,#4661,#4662,#4663),
  .UNSPECIFIED.,.F.,.F.,(5,5),(0.,1.),.PIECEWISE_BEZIER_KNOTS.);
#4659 = CARTESIAN_POINT('',(-88.55,-6.055433591519));
#4660 = CARTESIAN_POINT('',(-89.45624993109,-6.117887329173));
#4661 = CARTESIAN_POINT('',(-90.36249990812,-6.180340349577));
#4662 = CARTESIAN_POINT('',(-91.26874993108,-6.242792652631));
#4663 = CARTESIAN_POINT('',(-92.175,-6.305244238235));
#4664 = ( GEOMETRIC_REPRESENTATION_CONTEXT(2) 
PARAMETRIC_REPRESENTATION_CONTEXT() REPRESENTATION_CONTEXT('2D SPACE',''
  ) );
#4665 = PCURVE('',#4666,#4717);
#4666 = B_SPLINE_SURFACE_WITH_KNOTS('',3,1,(
    (#4667,#4668)
    ,(#4669,#4670)
    ,(#4671,#4672)
    ,(#4673,#4674)
    ,(#4675,#4676)
    ,(#4677,#4678)
    ,(#4679,#4680)
    ,(#4681,#4682)
    ,(#4683,#4684)
    ,(#4685,#4686)
    ,(#4687,#4688)
    ,(#4689,#4690)
    ,(#4691,#4692)
    ,(#4693,#4694)
    ,(#4695,#4696)
    ,(#4697,#4698)
    ,(#4699,#4700)
    ,(#4701,#4702)
    ,(#4703,#4704)
    ,(#4705,#4706)
    ,(#4707,#4708)
    ,(#4709,#4710)
    ,(#4711,#4712)
    ,(#4713,#4714)
    ,(#4715,#4716
    )),.UNSPECIFIED.,.F.,.F.,.F.,(4,1,1,1,1,1,1,1,1,1,1,1,1,1,1,1,1,1,1,
    1,1,1,4),(2,2),(0.,2.000013610417,2.000270250799,4.000117640628,
    4.000547340702,6.000355032575,6.000834518239,8.000728037509,
    8.001131954336,10.001208396203,10.001437511755,12.001747514516,
    14.002057517276,14.002286632829,16.002363074696,16.002766991523,
    18.002660510792,18.003139996457,20.00294768833,20.003377388404,
    22.003224778233,22.003481418615,24.003495029032),(0.,1.),
  .UNSPECIFIED.);
#4667 = CARTESIAN_POINT('',(43.25,-70.4,5.4));
#4668 = CARTESIAN_POINT('',(39.625,-70.4,5.4));
#4669 = CARTESIAN_POINT('',(43.25,-71.06667696716,5.400000024949));
#4670 = CARTESIAN_POINT('',(39.625,-71.06658191013,5.40000000052));
#4671 = CARTESIAN_POINT('',(43.25,-71.73343133094,5.3973954179));
#4672 = CARTESIAN_POINT('',(39.625,-71.73324873967,5.399283944361));
#4673 = CARTESIAN_POINT('',(43.25,-73.06676989744,5.387846196552));
#4674 = CARTESIAN_POINT('',(39.625,-73.06643925568,5.396658510363));
#4675 = CARTESIAN_POINT('',(43.25,-73.7335828726,5.380899894043));
#4676 = CARTESIAN_POINT('',(39.625,-73.73319169096,5.394748668356));
#4677 = CARTESIAN_POINT('',(43.25,-75.06683356018,5.363539128032));
#4678 = CARTESIAN_POINT('',(39.625,-75.06636543871,5.389975139641));
#4679 = CARTESIAN_POINT('',(43.25,-75.73365984739,5.353119573574));
#4680 = CARTESIAN_POINT('',(39.625,-75.73317530486,5.387110053096));
#4681 = CARTESIAN_POINT('',(43.25,-77.06684816919,5.329683996358));
#4682 = CARTESIAN_POINT('',(39.625,-77.06637388453,5.380665563598));
#4683 = CARTESIAN_POINT('',(43.25,-77.7336478367,5.316660289766));
#4684 = CARTESIAN_POINT('',(39.625,-77.73320023477,5.377084047675));
#4685 = CARTESIAN_POINT('',(43.25,-79.06681695362,5.288885582606));
#4686 = CARTESIAN_POINT('',(39.625,-79.06645687437,5.369445694577));
#4687 = CARTESIAN_POINT('',(43.25,-79.73355716268,5.274126895319));
#4688 = CARTESIAN_POINT('',(39.625,-79.73325794708,5.365386743472));
#4689 = CARTESIAN_POINT('',(43.25,-81.06674972686,5.243748056187));
#4690 = CARTESIAN_POINT('',(39.625,-81.06659081432,5.357031738953));
#4691 = CARTESIAN_POINT('',(43.25,-82.4,5.2125));
#4692 = CARTESIAN_POINT('',(39.625,-82.4,5.3484375));
#4693 = CARTESIAN_POINT('',(43.25,-83.73325027313,5.181251943813));
#4694 = CARTESIAN_POINT('',(39.625,-83.73340918567,5.339843261047));
#4695 = CARTESIAN_POINT('',(43.25,-85.06644283731,5.150873104681));
#4696 = CARTESIAN_POINT('',(39.625,-85.06674205291,5.331488256528));
#4697 = CARTESIAN_POINT('',(43.25,-85.73318304637,5.136114417394));
#4698 = CARTESIAN_POINT('',(39.625,-85.73354312562,5.327429305423));
#4699 = CARTESIAN_POINT('',(43.25,-87.06635216329,5.108339710234));
#4700 = CARTESIAN_POINT('',(39.625,-87.06679976522,5.319790952325));
#4701 = CARTESIAN_POINT('',(43.25,-87.7331518308,5.095316003642));
#4702 = CARTESIAN_POINT('',(39.625,-87.73362611546,5.316209436402));
#4703 = CARTESIAN_POINT('',(43.25,-89.0663401526,5.071880426426));
#4704 = CARTESIAN_POINT('',(39.625,-89.06682469513,5.309764946904));
#4705 = CARTESIAN_POINT('',(43.25,-89.73316643981,5.061460871968));
#4706 = CARTESIAN_POINT('',(39.625,-89.73363456128,5.306899860359));
#4707 = CARTESIAN_POINT('',(43.25,-91.06641712739,5.044100105957));
#4708 = CARTESIAN_POINT('',(39.625,-91.06680830903,5.302126331644));
#4709 = CARTESIAN_POINT('',(43.25,-91.73323010255,5.037153803448));
#4710 = CARTESIAN_POINT('',(39.625,-91.73356074431,5.300216489637));
#4711 = CARTESIAN_POINT('',(43.25,-93.06656866905,5.0276045821));
#4712 = CARTESIAN_POINT('',(39.625,-93.06675126032,5.297591055639));
#4713 = CARTESIAN_POINT('',(43.25,-93.73332303283,5.024999975051));
#4714 = CARTESIAN_POINT('',(39.625,-93.73341808986,5.29687499948));
#4715 = CARTESIAN_POINT('',(43.25,-94.4,5.025));
#4716 = CARTESIAN_POINT('',(39.625,-94.4,5.296875));
#4717 = DEFINITIONAL_REPRESENTATION('',(#4718),#4724);
#4718 = B_SPLINE_CURVE_WITH_KNOTS('',4,(#4719,#4720,#4721,#4722,#4723),
  .UNSPECIFIED.,.F.,.F.,(5,5),(0.,1.),.PIECEWISE_BEZIER_KNOTS.);
#4719 = CARTESIAN_POINT('',(19.803360037661,0.));
#4720 = CARTESIAN_POINT('',(19.803249897336,0.249999980992));
#4721 = CARTESIAN_POINT('',(19.803139753252,0.499999974655));
#4722 = CARTESIAN_POINT('',(19.80302960541,0.74999998099));
#4723 = CARTESIAN_POINT('',(19.80291945381,1.));
#4724 = ( GEOMETRIC_REPRESENTATION_CONTEXT(2) 
PARAMETRIC_REPRESENTATION_CONTEXT() REPRESENTATION_CONTEXT('2D SPACE',''
  ) );
#4725 = ORIENTED_EDGE('',*,*,#4726,.F.);
#4726 = EDGE_CURVE('',#4727,#4647,#4729,.T.);
#4727 = VERTEX_POINT('',#4728);
#4728 = CARTESIAN_POINT('',(46.875,-90.2,4.702253008827));
#4729 = SURFACE_CURVE('',#4730,(#4736,#4745),.PCURVE_S1.);
#4730 = B_SPLINE_CURVE_WITH_KNOTS('',4,(#4731,#4732,#4733,#4734,#4735),
  .UNSPECIFIED.,.F.,.F.,(5,5),(0.,1.),.PIECEWISE_BEZIER_KNOTS.);
#4731 = CARTESIAN_POINT('',(46.875,-90.2,4.702253008827));
#4732 = CARTESIAN_POINT('',(45.968750459522,-90.2,4.790553230069));
#4733 = CARTESIAN_POINT('',(45.06250061278,-90.2,4.87885006865));
#4734 = CARTESIAN_POINT('',(44.156250459647,-90.2,4.967143522993));
#4735 = CARTESIAN_POINT('',(43.25,-90.2,5.055433591519));
#4736 = PCURVE('',#1231,#4737);
#4737 = DEFINITIONAL_REPRESENTATION('',(#4738),#4744);
#4738 = B_SPLINE_CURVE_WITH_KNOTS('',4,(#4739,#4740,#4741,#4742,#4743),
  .UNSPECIFIED.,.F.,.F.,(5,5),(0.,1.),.PIECEWISE_BEZIER_KNOTS.);
#4739 = CARTESIAN_POINT('',(-84.925,-5.702253008827));
#4740 = CARTESIAN_POINT('',(-85.83124954047,-5.790553230069));
#4741 = CARTESIAN_POINT('',(-86.73749938722,-5.87885006865));
#4742 = CARTESIAN_POINT('',(-87.64374954035,-5.967143522993));
#4743 = CARTESIAN_POINT('',(-88.55,-6.055433591519));
#4744 = ( GEOMETRIC_REPRESENTATION_CONTEXT(2) 
PARAMETRIC_REPRESENTATION_CONTEXT() REPRESENTATION_CONTEXT('2D SPACE',''
  ) );
#4745 = PCURVE('',#4746,#4797);
#4746 = B_SPLINE_SURFACE_WITH_KNOTS('',3,1,(
    (#4747,#4748)
    ,(#4749,#4750)
    ,(#4751,#4752)
    ,(#4753,#4754)
    ,(#4755,#4756)
    ,(#4757,#4758)
    ,(#4759,#4760)
    ,(#4761,#4762)
    ,(#4763,#4764)
    ,(#4765,#4766)
    ,(#4767,#4768)
    ,(#4769,#4770)
    ,(#4771,#4772)
    ,(#4773,#4774)
    ,(#4775,#4776)
    ,(#4777,#4778)
    ,(#4779,#4780)
    ,(#4781,#4782)
    ,(#4783,#4784)
    ,(#4785,#4786)
    ,(#4787,#4788)
    ,(#4789,#4790)
    ,(#4791,#4792)
    ,(#4793,#4794)
    ,(#4795,#4796
    )),.UNSPECIFIED.,.F.,.F.,.F.,(4,1,1,1,1,1,1,1,1,1,1,1,1,1,1,1,1,1,1,
    1,1,1,4),(2,2),(0.,2.000055810626,2.000916164405,4.000482365119,
    4.001922789409,6.001455641428,6.003062836331,8.002984752871,
    8.004338557439,10.004953791012,10.005721680753,12.007163590202,
    14.008605499652,14.009373389392,16.009988622966,16.011342427534,
    18.011264344073,18.012871538976,20.012404390995,20.013844815286,
    22.013411015999,22.014271369778,24.014327180404),(0.,1.),
  .UNSPECIFIED.);
#4747 = CARTESIAN_POINT('',(46.875,-70.4,5.4));
#4748 = CARTESIAN_POINT('',(43.25,-70.4,5.4));
#4749 = CARTESIAN_POINT('',(46.875,-71.06670893542,5.400000205364));
#4750 = CARTESIAN_POINT('',(43.25,-71.06639030945,5.400000024938));
#4751 = CARTESIAN_POINT('',(46.875,-71.73367117461,5.394723618474));
#4752 = CARTESIAN_POINT('',(43.25,-71.73305913024,5.397396871864));
#4753 = CARTESIAN_POINT('',(46.875,-73.067025903,5.375383459621));
#4754 = CARTESIAN_POINT('',(43.25,-73.06591780043,5.387853509743));
#4755 = CARTESIAN_POINT('',(46.875,-73.73418520794,5.361308131533));
#4756 = CARTESIAN_POINT('',(43.25,-73.73287420424,5.380907498915));
#4757 = CARTESIAN_POINT('',(46.875,-75.06724361279,5.326154192835));
#4758 = CARTESIAN_POINT('',(43.25,-75.06567503064,5.363555834763));
#4759 = CARTESIAN_POINT('',(46.875,-75.73444489458,5.305040682461));
#4760 = CARTESIAN_POINT('',(43.25,-75.73282140026,5.353132954206));
#4761 = CARTESIAN_POINT('',(46.875,-77.06729089295,5.257592841326));
#4762 = CARTESIAN_POINT('',(43.25,-77.06570198676,5.329705501247));
#4763 = CARTESIAN_POINT('',(46.875,-77.7344018082,5.231206111614));
#4764 = CARTESIAN_POINT('',(43.25,-77.73290244982,5.31667505627));
#4765 = CARTESIAN_POINT('',(46.875,-79.06718169566,5.1749770831));
#4766 = CARTESIAN_POINT('',(43.25,-79.06597560077,5.288903873038));
#4767 = CARTESIAN_POINT('',(46.875,-79.73409253057,5.145082505065));
#4768 = CARTESIAN_POINT('',(43.25,-79.7330904202,5.274137314515));
#4769 = CARTESIAN_POINT('',(46.875,-81.06694980908,5.083580335908));
#4770 = CARTESIAN_POINT('',(43.25,-81.06641759842,5.243755840448));
#4771 = CARTESIAN_POINT('',(46.875,-82.4,5.0203125));
#4772 = CARTESIAN_POINT('',(43.25,-82.4,5.2125));
#4773 = CARTESIAN_POINT('',(46.875,-83.73305019091,4.957044664092));
#4774 = CARTESIAN_POINT('',(43.25,-83.73358240157,5.181244159552));
#4775 = CARTESIAN_POINT('',(46.875,-85.06590746942,4.895542494935));
#4776 = CARTESIAN_POINT('',(43.25,-85.06690957979,5.150862685485));
#4777 = CARTESIAN_POINT('',(46.875,-85.73281830434,4.8656479169));
#4778 = CARTESIAN_POINT('',(43.25,-85.73402439922,5.136096126962));
#4779 = CARTESIAN_POINT('',(46.875,-87.06559819179,4.809418888386));
#4780 = CARTESIAN_POINT('',(43.25,-87.06709755018,5.10832494373));
#4781 = CARTESIAN_POINT('',(46.875,-87.73270910705,4.783032158674));
#4782 = CARTESIAN_POINT('',(43.25,-87.73429801323,5.095294498753));
#4783 = CARTESIAN_POINT('',(46.875,-89.06555510541,4.735584317539));
#4784 = CARTESIAN_POINT('',(43.25,-89.06717859973,5.071867045794));
#4785 = CARTESIAN_POINT('',(46.875,-89.7327563872,4.714470807165));
#4786 = CARTESIAN_POINT('',(43.25,-89.73432496935,5.061444165237));
#4787 = CARTESIAN_POINT('',(46.875,-91.06581479205,4.679316868467));
#4788 = CARTESIAN_POINT('',(43.25,-91.06712579575,5.044092501085));
#4789 = CARTESIAN_POINT('',(46.875,-91.73297409699,4.665241540379));
#4790 = CARTESIAN_POINT('',(43.25,-91.73408219956,5.037146490257));
#4791 = CARTESIAN_POINT('',(46.875,-93.06632882538,4.645901381526));
#4792 = CARTESIAN_POINT('',(43.25,-93.06694086975,5.027603128136));
#4793 = CARTESIAN_POINT('',(46.875,-93.73329106457,4.640624794636));
#4794 = CARTESIAN_POINT('',(43.25,-93.73360969054,5.024999975062));
#4795 = CARTESIAN_POINT('',(46.875,-94.4,4.640625));
#4796 = CARTESIAN_POINT('',(43.25,-94.4,5.025));
#4797 = DEFINITIONAL_REPRESENTATION('',(#4798),#4804);
#4798 = B_SPLINE_CURVE_WITH_KNOTS('',4,(#4799,#4800,#4801,#4802,#4803),
  .UNSPECIFIED.,.F.,.F.,(5,5),(0.,1.),.PIECEWISE_BEZIER_KNOTS.);
#4799 = CARTESIAN_POINT('',(19.813773676591,0.));
#4800 = CARTESIAN_POINT('',(19.813404515243,0.249999873235));
#4801 = CARTESIAN_POINT('',(19.813035311622,0.499999830957));
#4802 = CARTESIAN_POINT('',(19.812666065748,0.749999873201));
#4803 = CARTESIAN_POINT('',(19.812296777638,1.));
#4804 = ( GEOMETRIC_REPRESENTATION_CONTEXT(2) 
PARAMETRIC_REPRESENTATION_CONTEXT() REPRESENTATION_CONTEXT('2D SPACE',''
  ) );
#4805 = ORIENTED_EDGE('',*,*,#4806,.F.);
#4806 = EDGE_CURVE('',#4807,#4727,#4809,.T.);
#4807 = VERTEX_POINT('',#4808);
#4808 = CARTESIAN_POINT('',(50.5,-90.2,4.297387427013));
#4809 = SURFACE_CURVE('',#4810,(#4816,#4825),.PCURVE_S1.);
#4810 = B_SPLINE_CURVE_WITH_KNOTS('',4,(#4811,#4812,#4813,#4814,#4815),
  .UNSPECIFIED.,.F.,.F.,(5,5),(0.,1.),.PIECEWISE_BEZIER_KNOTS.);
#4811 = CARTESIAN_POINT('',(50.5,-90.2,4.297387427013));
#4812 = CARTESIAN_POINT('',(49.593751189896,-90.2,4.398615288412));
#4813 = CARTESIAN_POINT('',(48.687501586955,-90.2,4.499835510544));
#4814 = CARTESIAN_POINT('',(47.781251190537,-90.2,4.601048086364));
#4815 = CARTESIAN_POINT('',(46.875,-90.2,4.702253008827));
#4816 = PCURVE('',#1231,#4817);
#4817 = DEFINITIONAL_REPRESENTATION('',(#4818),#4824);
#4818 = B_SPLINE_CURVE_WITH_KNOTS('',4,(#4819,#4820,#4821,#4822,#4823),
  .UNSPECIFIED.,.F.,.F.,(5,5),(0.,1.),.PIECEWISE_BEZIER_KNOTS.);
#4819 = CARTESIAN_POINT('',(-81.3,-5.297387427013));
#4820 = CARTESIAN_POINT('',(-82.2062488101,-5.398615288412));
#4821 = CARTESIAN_POINT('',(-83.11249841304,-5.499835510544));
#4822 = CARTESIAN_POINT('',(-84.01874880946,-5.601048086364));
#4823 = CARTESIAN_POINT('',(-84.925,-5.702253008827));
#4824 = ( GEOMETRIC_REPRESENTATION_CONTEXT(2) 
PARAMETRIC_REPRESENTATION_CONTEXT() REPRESENTATION_CONTEXT('2D SPACE',''
  ) );
#4825 = PCURVE('',#4826,#4877);
#4826 = B_SPLINE_SURFACE_WITH_KNOTS('',3,1,(
    (#4827,#4828)
    ,(#4829,#4830)
    ,(#4831,#4832)
    ,(#4833,#4834)
    ,(#4835,#4836)
    ,(#4837,#4838)
    ,(#4839,#4840)
    ,(#4841,#4842)
    ,(#4843,#4844)
    ,(#4845,#4846)
    ,(#4847,#4848)
    ,(#4849,#4850)
    ,(#4851,#4852)
    ,(#4853,#4854)
    ,(#4855,#4856)
    ,(#4857,#4858)
    ,(#4859,#4860)
    ,(#4861,#4862)
    ,(#4863,#4864)
    ,(#4865,#4866)
    ,(#4867,#4868)
    ,(#4869,#4870)
    ,(#4871,#4872)
    ,(#4873,#4874)
    ,(#4875,#4876
    )),.UNSPECIFIED.,.F.,.F.,.F.,(4,1,1,1,1,1,1,1,1,1,1,1,1,1,1,1,1,1,1,
    1,1,1,4),(2,2),(0.,2.000139366286,2.001840425269,4.001204379791,
    4.004051925211,6.003633941906,6.006810634801,8.007450227595,
    8.010125675486,10.012363655885,10.013881035409,12.017877371207,
    14.021873707005,14.023391086529,16.025629066928,16.02830451482,
    18.028944107613,18.032120800508,20.031702817203,20.034550362624,
    22.033914317146,22.035615376128,24.035754742414),(0.,1.),
  .UNSPECIFIED.);
#4827 = CARTESIAN_POINT('',(50.5,-70.4,5.4));
#4828 = CARTESIAN_POINT('',(46.875,-70.4,5.4));
#4829 = CARTESIAN_POINT('',(50.5,-71.06677236842,5.40000079633));
#4830 = CARTESIAN_POINT('',(46.875,-71.06614240114,5.40000020519));
#4831 = CARTESIAN_POINT('',(50.5,-71.73402785761,5.391656908289));
#4832 = CARTESIAN_POINT('',(46.875,-71.73281788841,5.394730369139));
#4833 = CARTESIAN_POINT('',(50.5,-73.06741435427,5.361087815518));
#4834 = CARTESIAN_POINT('',(46.875,-73.06522453342,5.375415202641));
#4835 = CARTESIAN_POINT('',(50.5,-73.73506099007,5.338824554642));
#4836 = CARTESIAN_POINT('',(46.875,-73.73247032163,5.361345819781));
#4837 = CARTESIAN_POINT('',(50.5,-75.0678567581,5.283276083699));
#4838 = CARTESIAN_POINT('',(46.875,-75.06475823905,5.326227248458));
#4839 = CARTESIAN_POINT('',(50.5,-75.73557857348,5.249880334757));
#4840 = CARTESIAN_POINT('',(46.875,-75.73237214781,5.305108167053));
#4841 = CARTESIAN_POINT('',(50.5,-77.06794509328,5.174921444839));
#4842 = CARTESIAN_POINT('',(46.875,-77.06480798184,5.257687516328));
#4843 = CARTESIAN_POINT('',(50.5,-77.73548497845,5.133193591585));
#4844 = CARTESIAN_POINT('',(46.875,-77.73252530163,5.231281742316));
#4845 = CARTESIAN_POINT('',(50.5,-79.06771617,5.044370768385));
#4846 = CARTESIAN_POINT('',(46.875,-79.06533585597,5.175058488837));
#4847 = CARTESIAN_POINT('',(50.5,-79.73485852013,4.997112107311));
#4848 = CARTESIAN_POINT('',(46.875,-79.73288119828,5.145137396885));
#4849 = CARTESIAN_POINT('',(50.5,-81.06723940974,4.899957138991));
#4850 = CARTESIAN_POINT('',(46.875,-81.06618935947,5.083616427574));
#4851 = CARTESIAN_POINT('',(50.5,-82.4,4.8));
#4852 = CARTESIAN_POINT('',(46.875,-82.4,5.0203125));
#4853 = CARTESIAN_POINT('',(50.5,-83.73276059025,4.700042861009));
#4854 = CARTESIAN_POINT('',(46.875,-83.73381064052,4.957008572426));
#4855 = CARTESIAN_POINT('',(50.5,-85.06514147986,4.602887892689));
#4856 = CARTESIAN_POINT('',(46.875,-85.06711880171,4.895487603115));
#4857 = CARTESIAN_POINT('',(50.5,-85.73228382999,4.555629231615));
#4858 = CARTESIAN_POINT('',(46.875,-85.73466414402,4.865566511163));
#4859 = CARTESIAN_POINT('',(50.5,-87.06451502154,4.466806408415));
#4860 = CARTESIAN_POINT('',(46.875,-87.06747469836,4.809343257684));
#4861 = CARTESIAN_POINT('',(50.5,-87.73205490671,4.425078555161));
#4862 = CARTESIAN_POINT('',(46.875,-87.73519201815,4.782937483672));
#4863 = CARTESIAN_POINT('',(50.5,-89.06442142651,4.350119665243));
#4864 = CARTESIAN_POINT('',(46.875,-89.06762785218,4.735516832947));
#4865 = CARTESIAN_POINT('',(50.5,-89.73214324189,4.316723916301));
#4866 = CARTESIAN_POINT('',(46.875,-89.73524176094,4.714397751542));
#4867 = CARTESIAN_POINT('',(50.5,-91.06493900992,4.261175445358));
#4868 = CARTESIAN_POINT('',(46.875,-91.06752967836,4.679279180219));
#4869 = CARTESIAN_POINT('',(50.5,-91.73258564572,4.238912184482));
#4870 = CARTESIAN_POINT('',(46.875,-91.73477546657,4.665209797359));
#4871 = CARTESIAN_POINT('',(50.5,-93.06597214238,4.208343091711));
#4872 = CARTESIAN_POINT('',(46.875,-93.06718211158,4.645894630861));
#4873 = CARTESIAN_POINT('',(50.5,-93.73322763157,4.19999920367));
#4874 = CARTESIAN_POINT('',(46.875,-93.73385759885,4.64062479481));
#4875 = CARTESIAN_POINT('',(50.5,-94.4,4.2));
#4876 = CARTESIAN_POINT('',(46.875,-94.4,4.640625));
#4877 = DEFINITIONAL_REPRESENTATION('',(#4878),#4884);
#4878 = B_SPLINE_CURVE_WITH_KNOTS('',4,(#4879,#4880,#4881,#4882,#4883),
  .UNSPECIFIED.,.F.,.F.,(5,5),(0.,1.),.PIECEWISE_BEZIER_KNOTS.);
#4879 = CARTESIAN_POINT('',(19.83437276685,0.));
#4880 = CARTESIAN_POINT('',(19.833643112268,0.249999671753));
#4881 = CARTESIAN_POINT('',(19.832913292592,0.499999562219));
#4882 = CARTESIAN_POINT('',(19.832183307969,0.749999671576));
#4883 = CARTESIAN_POINT('',(19.831453158549,1.));
#4884 = ( GEOMETRIC_REPRESENTATION_CONTEXT(2) 
PARAMETRIC_REPRESENTATION_CONTEXT() REPRESENTATION_CONTEXT('2D SPACE',''
  ) );
#4885 = ORIENTED_EDGE('',*,*,#4886,.F.);
#4886 = EDGE_CURVE('',#4887,#4807,#4889,.T.);
#4887 = VERTEX_POINT('',#4888);
#4888 = CARTESIAN_POINT('',(54.125,-90.2,3.892521786445));
#4889 = SURFACE_CURVE('',#4890,(#4896,#4905),.PCURVE_S1.);
#4890 = B_SPLINE_CURVE_WITH_KNOTS('',4,(#4891,#4892,#4893,#4894,#4895),
  .UNSPECIFIED.,.F.,.F.,(5,5),(0.,1.),.PIECEWISE_BEZIER_KNOTS.);
#4891 = CARTESIAN_POINT('',(54.125,-90.2,3.892521786445));
#4892 = CARTESIAN_POINT('',(53.218751719389,-90.2,3.993754767285));
#4893 = CARTESIAN_POINT('',(52.312502293408,-90.2,4.094976710781));
#4894 = CARTESIAN_POINT('',(51.406251720723,-90.2,4.196187602249));
#4895 = CARTESIAN_POINT('',(50.5,-90.2,4.297387427013));
#4896 = PCURVE('',#1231,#4897);
#4897 = DEFINITIONAL_REPRESENTATION('',(#4898),#4904);
#4898 = B_SPLINE_CURVE_WITH_KNOTS('',4,(#4899,#4900,#4901,#4902,#4903),
  .UNSPECIFIED.,.F.,.F.,(5,5),(0.,1.),.PIECEWISE_BEZIER_KNOTS.);
#4899 = CARTESIAN_POINT('',(-77.675,-4.892521786445));
#4900 = CARTESIAN_POINT('',(-78.58124828061,-4.993754767285));
#4901 = CARTESIAN_POINT('',(-79.48749770659,-5.094976710781));
#4902 = CARTESIAN_POINT('',(-80.39374827927,-5.196187602249));
#4903 = CARTESIAN_POINT('',(-81.3,-5.297387427013));
#4904 = ( GEOMETRIC_REPRESENTATION_CONTEXT(2) 
PARAMETRIC_REPRESENTATION_CONTEXT() REPRESENTATION_CONTEXT('2D SPACE',''
  ) );
#4905 = PCURVE('',#4906,#4957);
#4906 = B_SPLINE_SURFACE_WITH_KNOTS('',3,1,(
    (#4907,#4908)
    ,(#4909,#4910)
    ,(#4911,#4912)
    ,(#4913,#4914)
    ,(#4915,#4916)
    ,(#4917,#4918)
    ,(#4919,#4920)
    ,(#4921,#4922)
    ,(#4923,#4924)
    ,(#4925,#4926)
    ,(#4927,#4928)
    ,(#4929,#4930)
    ,(#4931,#4932)
    ,(#4933,#4934)
    ,(#4935,#4936)
    ,(#4937,#4938)
    ,(#4939,#4940)
    ,(#4941,#4942)
    ,(#4943,#4944)
    ,(#4945,#4946)
    ,(#4947,#4948)
    ,(#4949,#4950)
    ,(#4951,#4952)
    ,(#4953,#4954)
    ,(#4955,#4956
    )),.UNSPECIFIED.,.F.,.F.,.F.,(4,1,1,1,1,1,1,1,1,1,1,1,1,1,1,1,1,1,1,
    1,1,1,4),(2,2),(0.,2.000260495805,2.002720407847,4.002250760565,
    4.006367657395,6.006789709957,6.011381216411,8.013917222922,
    8.01778328847,10.023091650173,10.025283918917,12.033385611025,
    14.041487303134,14.043679571878,16.048987933581,16.052853999129,
    18.05539000564,18.059981512094,20.060403564656,20.064520461486,
    22.064050814204,22.066510726246,24.066771222051),(0.,1.),
  .UNSPECIFIED.);
#4907 = CARTESIAN_POINT('',(54.125,-70.4,5.4));
#4908 = CARTESIAN_POINT('',(50.5,-70.4,5.4));
#4909 = CARTESIAN_POINT('',(54.125,-71.06686464554,5.400001983189));
#4910 = CARTESIAN_POINT('',(50.5,-71.06595338172,5.400000795352));
#4911 = CARTESIAN_POINT('',(54.125,-71.7343916639,5.38858591623));
#4912 = CARTESIAN_POINT('',(50.5,-71.73264197522,5.391674238453));
#4913 = CARTESIAN_POINT('',(54.125,-73.06782378556,5.346783026527));
#4914 = CARTESIAN_POINT('',(50.5,-73.06465891985,5.36116538126));
#4915 = CARTESIAN_POINT('',(54.125,-73.73591950103,5.316317293675));
#4916 = CARTESIAN_POINT('',(50.5,-73.73217586608,5.338925465764));
#4917 = CARTESIAN_POINT('',(54.125,-75.06848761612,5.240376059352));
#4918 = CARTESIAN_POINT('',(50.5,-75.06401263723,5.283455549069));
#4919 = CARTESIAN_POINT('',(54.125,-75.73667600576,5.194677899048));
#4920 = CARTESIAN_POINT('',(50.5,-75.73204660532,5.250062880098));
#4921 = CARTESIAN_POINT('',(54.125,-77.06860461032,5.092220642093));
#4922 = CARTESIAN_POINT('',(50.5,-77.06407765342,5.175155118769));
#4923 = CARTESIAN_POINT('',(54.125,-77.73652334506,5.03513320188));
#4924 = CARTESIAN_POINT('',(50.5,-77.73225378293,5.133399956683));
#4925 = CARTESIAN_POINT('',(54.125,-79.06824709285,4.913737523948));
#4926 = CARTESIAN_POINT('',(50.5,-79.06481455868,5.044573262078));
#4927 = CARTESIAN_POINT('',(54.125,-79.73558717655,4.849104756242));
#4928 = CARTESIAN_POINT('',(50.5,-79.73273653845,4.997264270491));
#4929 = CARTESIAN_POINT('',(54.125,-81.06752080099,4.716318908371));
#4930 = CARTESIAN_POINT('',(50.5,-81.0660072623,4.900049550136));
#4931 = CARTESIAN_POINT('',(54.125,-82.4,4.5796875));
#4932 = CARTESIAN_POINT('',(50.5,-82.4,4.8));
#4933 = CARTESIAN_POINT('',(54.125,-83.732479199,4.443056091629));
#4934 = CARTESIAN_POINT('',(50.5,-83.73399273769,4.699950449864));
#4935 = CARTESIAN_POINT('',(54.125,-85.06441282344,4.310270243758));
#4936 = CARTESIAN_POINT('',(50.5,-85.06726346154,4.602735729509));
#4937 = CARTESIAN_POINT('',(54.125,-85.73175290714,4.245637476052));
#4938 = CARTESIAN_POINT('',(50.5,-85.73518544131,4.555426737922));
#4939 = CARTESIAN_POINT('',(54.125,-87.06347665493,4.12424179812));
#4940 = CARTESIAN_POINT('',(50.5,-87.06774621706,4.466600043317));
#4941 = CARTESIAN_POINT('',(54.125,-87.73139538967,4.067154357907));
#4942 = CARTESIAN_POINT('',(50.5,-87.73592234657,4.424844881231));
#4943 = CARTESIAN_POINT('',(54.125,-89.06332399423,3.964697100952));
#4944 = CARTESIAN_POINT('',(50.5,-89.06795339467,4.349937119902));
#4945 = CARTESIAN_POINT('',(54.125,-89.73151238387,3.918998940648));
#4946 = CARTESIAN_POINT('',(50.5,-89.73598736276,4.316544450931));
#4947 = CARTESIAN_POINT('',(54.125,-91.06408049896,3.843057706325));
#4948 = CARTESIAN_POINT('',(50.5,-91.06782413391,4.261074534236));
#4949 = CARTESIAN_POINT('',(54.125,-91.73217621443,3.812591973473));
#4950 = CARTESIAN_POINT('',(50.5,-91.73534108015,4.23883461874));
#4951 = CARTESIAN_POINT('',(54.125,-93.06560833609,3.77078908377));
#4952 = CARTESIAN_POINT('',(50.5,-93.06735802477,4.208325761547));
#4953 = CARTESIAN_POINT('',(54.125,-93.73313535445,3.759373016811));
#4954 = CARTESIAN_POINT('',(50.5,-93.73404661827,4.199999204648));
#4955 = CARTESIAN_POINT('',(54.125,-94.4,3.759375));
#4956 = CARTESIAN_POINT('',(50.5,-94.4,4.2));
#4957 = DEFINITIONAL_REPRESENTATION('',(#4958),#4964);
#4958 = B_SPLINE_CURVE_WITH_KNOTS('',4,(#4959,#4960,#4961,#4962,#4963),
  .UNSPECIFIED.,.F.,.F.,(5,5),(0.,1.),.PIECEWISE_BEZIER_KNOTS.);
#4959 = CARTESIAN_POINT('',(19.864188635539,0.));
#4960 = CARTESIAN_POINT('',(19.863133905808,0.249999525686));
#4961 = CARTESIAN_POINT('',(19.862078831931,0.499999367336));
#4962 = CARTESIAN_POINT('',(19.861023414356,0.749999525318));
#4963 = CARTESIAN_POINT('',(19.859967653536,1.));
#4964 = ( GEOMETRIC_REPRESENTATION_CONTEXT(2) 
PARAMETRIC_REPRESENTATION_CONTEXT() REPRESENTATION_CONTEXT('2D SPACE',''
  ) );
#4965 = ORIENTED_EDGE('',*,*,#4966,.F.);
#4966 = EDGE_CURVE('',#4967,#4887,#4969,.T.);
#4967 = VERTEX_POINT('',#4968);
#4968 = CARTESIAN_POINT('',(57.75,-90.2,3.539341056767));
#4969 = SURFACE_CURVE('',#4970,(#4976,#4985),.PCURVE_S1.);
#4970 = B_SPLINE_CURVE_WITH_KNOTS('',4,(#4971,#4972,#4973,#4974,#4975),
  .UNSPECIFIED.,.F.,.F.,(5,5),(0.,1.),.PIECEWISE_BEZIER_KNOTS.);
#4971 = CARTESIAN_POINT('',(57.75,-90.2,3.539341056767));
#4972 = CARTESIAN_POINT('',(56.843751470989,-90.2,3.627652493831));
#4973 = CARTESIAN_POINT('',(55.937501962168,-90.2,3.715953105182));
#4974 = CARTESIAN_POINT('',(55.031251472262,-90.2,3.804242874742));
#4975 = CARTESIAN_POINT('',(54.125,-90.2,3.892521786445));
#4976 = PCURVE('',#1231,#4977);
#4977 = DEFINITIONAL_REPRESENTATION('',(#4978),#4984);
#4978 = B_SPLINE_CURVE_WITH_KNOTS('',4,(#4979,#4980,#4981,#4982,#4983),
  .UNSPECIFIED.,.F.,.F.,(5,5),(0.,1.),.PIECEWISE_BEZIER_KNOTS.);
#4979 = CARTESIAN_POINT('',(-74.05,-4.539341056767));
#4980 = CARTESIAN_POINT('',(-74.95624852901,-4.627652493831));
#4981 = CARTESIAN_POINT('',(-75.86249803783,-4.715953105182));
#4982 = CARTESIAN_POINT('',(-76.76874852773,-4.804242874742));
#4983 = CARTESIAN_POINT('',(-77.675,-4.892521786445));
#4984 = ( GEOMETRIC_REPRESENTATION_CONTEXT(2) 
PARAMETRIC_REPRESENTATION_CONTEXT() REPRESENTATION_CONTEXT('2D SPACE',''
  ) );
#4985 = PCURVE('',#4986,#5037);
#4986 = B_SPLINE_SURFACE_WITH_KNOTS('',3,1,(
    (#4987,#4988)
    ,(#4989,#4990)
    ,(#4991,#4992)
    ,(#4993,#4994)
    ,(#4995,#4996)
    ,(#4997,#4998)
    ,(#4999,#5000)
    ,(#5001,#5002)
    ,(#5003,#5004)
    ,(#5005,#5006)
    ,(#5007,#5008)
    ,(#5009,#5010)
    ,(#5011,#5012)
    ,(#5013,#5014)
    ,(#5015,#5016)
    ,(#5017,#5018)
    ,(#5019,#5020)
    ,(#5021,#5022)
    ,(#5023,#5024)
    ,(#5025,#5026)
    ,(#5027,#5028)
    ,(#5029,#5030)
    ,(#5031,#5032)
    ,(#5033,#5034)
    ,(#5035,#5036
    )),.UNSPECIFIED.,.F.,.F.,.F.,(4,1,1,1,1,1,1,1,1,1,1,1,1,1,1,1,1,1,1,
    1,1,1,4),(2,2),(0.,2.000396841733,2.00315672926,4.003428144387,
    4.008045732054,6.010338964538,6.015487109794,8.02118738064,
    8.02552079916,10.035147600357,10.037604366597,12.050809088641,
    14.064013810684,14.066470576925,16.076097378121,16.080430796642,
    18.086131067487,18.091279212743,20.093572445227,20.098190032894,
    22.098461448022,22.101221335549,24.101618177282),(0.,1.),
  .UNSPECIFIED.);
#4987 = CARTESIAN_POINT('',(57.75,-70.4,5.4));
#4988 = CARTESIAN_POINT('',(54.125,-70.4,5.4));
#4989 = CARTESIAN_POINT('',(57.75,-71.06696896121,5.400003620044));
#4990 = CARTESIAN_POINT('',(54.125,-71.06594586001,5.400001980457));
#4991 = CARTESIAN_POINT('',(57.75,-71.73461649341,5.385905199132));
#4992 = CARTESIAN_POINT('',(54.125,-71.7326531818,5.388615647803));
#4993 = CARTESIAN_POINT('',(57.75,-73.06809956435,5.334302239772));
#4994 = CARTESIAN_POINT('',(54.125,-73.06455053675,5.346910315457));
#4995 = CARTESIAN_POINT('',(57.75,-73.73639113634,5.296680387231));
#4996 = CARTESIAN_POINT('',(54.125,-73.73219420135,5.316496452703));
#4997 = CARTESIAN_POINT('',(57.75,-75.06888759828,5.20294838941));
#4998 = CARTESIAN_POINT('',(54.125,-75.06387410493,5.240671938909));
#4999 = CARTESIAN_POINT('',(57.75,-75.73725542113,5.146520829621));
#5000 = CARTESIAN_POINT('',(54.125,-75.7320710326,5.195004456958));
#5001 = CARTESIAN_POINT('',(57.75,-77.06900037375,5.020072780283));
#5002 = CARTESIAN_POINT('',(54.125,-77.06393405704,5.092607444206));
#5003 = CARTESIAN_POINT('',(57.75,-77.73705442626,4.949591439232));
#5004 = CARTESIAN_POINT('',(54.125,-77.73227790546,5.035504693727));
#5005 = CARTESIAN_POINT('',(57.75,-79.06855251566,4.799777738321));
#5006 = CARTESIAN_POINT('',(54.125,-79.06471434076,4.914075004417));
#5007 = CARTESIAN_POINT('',(57.75,-79.73595024119,4.71999357271));
#5008 = CARTESIAN_POINT('',(54.125,-79.73276354314,4.849381865749));
#5009 = CARTESIAN_POINT('',(57.75,-81.06767185567,4.556123229799));
#5010 = CARTESIAN_POINT('',(54.125,-81.0659803829,4.716476861676));
#5011 = CARTESIAN_POINT('',(57.75,-82.4,4.3875));
#5012 = CARTESIAN_POINT('',(54.125,-82.4,4.5796875));
#5013 = CARTESIAN_POINT('',(57.75,-83.73232814432,4.218876770201));
#5014 = CARTESIAN_POINT('',(54.125,-83.73401961709,4.442898138324));
#5015 = CARTESIAN_POINT('',(57.75,-85.0640497588,4.05500642729));
#5016 = CARTESIAN_POINT('',(54.125,-85.06723645685,4.309993134251));
#5017 = CARTESIAN_POINT('',(57.75,-85.73144748434,3.975222261679));
#5018 = CARTESIAN_POINT('',(54.125,-85.73528565923,4.245299995583));
#5019 = CARTESIAN_POINT('',(57.75,-87.06294557373,3.825408560768));
#5020 = CARTESIAN_POINT('',(54.125,-87.06772209453,4.123870306273));
#5021 = CARTESIAN_POINT('',(57.75,-87.73099962624,3.754927219717));
#5022 = CARTESIAN_POINT('',(54.125,-87.73606594295,4.066767555794));
#5023 = CARTESIAN_POINT('',(57.75,-89.06274457886,3.628479170379));
#5024 = CARTESIAN_POINT('',(54.125,-89.06792896739,3.964370543042));
#5025 = CARTESIAN_POINT('',(57.75,-89.73111240171,3.57205161059));
#5026 = CARTESIAN_POINT('',(54.125,-89.73612589506,3.918703061091));
#5027 = CARTESIAN_POINT('',(57.75,-91.06360886365,3.478319612769));
#5028 = CARTESIAN_POINT('',(54.125,-91.06780579864,3.842878547297));
#5029 = CARTESIAN_POINT('',(57.75,-91.73190043564,3.440697760228));
#5030 = CARTESIAN_POINT('',(54.125,-91.73544946324,3.812464684543));
#5031 = CARTESIAN_POINT('',(57.75,-93.06538350658,3.389094800868));
#5032 = CARTESIAN_POINT('',(54.125,-93.06734681819,3.770759352197));
#5033 = CARTESIAN_POINT('',(57.75,-93.73303103878,3.374996379956));
#5034 = CARTESIAN_POINT('',(54.125,-93.73405413998,3.759373019543));
#5035 = CARTESIAN_POINT('',(57.75,-94.4,3.375));
#5036 = CARTESIAN_POINT('',(54.125,-94.4,3.759375));
#5037 = DEFINITIONAL_REPRESENTATION('',(#5038),#5044);
#5038 = B_SPLINE_CURVE_WITH_KNOTS('',4,(#5039,#5040,#5041,#5042,#5043),
  .UNSPECIFIED.,.F.,.F.,(5,5),(0.,1.),.PIECEWISE_BEZIER_KNOTS.);
#5039 = CARTESIAN_POINT('',(19.897684742493,0.));
#5040 = CARTESIAN_POINT('',(19.896501841014,0.24999959421));
#5041 = CARTESIAN_POINT('',(19.895318508545,0.499999458712));
#5042 = CARTESIAN_POINT('',(19.894134745724,0.749999593859));
#5043 = CARTESIAN_POINT('',(19.892950553193,1.));
#5044 = ( GEOMETRIC_REPRESENTATION_CONTEXT(2) 
PARAMETRIC_REPRESENTATION_CONTEXT() REPRESENTATION_CONTEXT('2D SPACE',''
  ) );
#5045 = ORIENTED_EDGE('',*,*,#5046,.F.);
#5046 = EDGE_CURVE('',#5047,#4967,#5049,.T.);
#5047 = VERTEX_POINT('',#5048);
#5048 = CARTESIAN_POINT('',(61.375,-90.2,3.289530252552));
#5049 = SURFACE_CURVE('',#5050,(#5056,#5065),.PCURVE_S1.);
#5050 = B_SPLINE_CURVE_WITH_KNOTS('',4,(#5051,#5052,#5053,#5054,#5055),
  .UNSPECIFIED.,.F.,.F.,(5,5),(0.,1.),.PIECEWISE_BEZIER_KNOTS.);
#5051 = CARTESIAN_POINT('',(61.375,-90.2,3.289530252552));
#5052 = CARTESIAN_POINT('',(60.468750614099,-90.2,3.351992549415));
#5053 = CARTESIAN_POINT('',(59.562500819091,-90.2,3.414448454299));
#5054 = CARTESIAN_POINT('',(58.656250614538,-90.2,3.476897959363));
#5055 = CARTESIAN_POINT('',(57.75,-90.2,3.539341056767));
#5056 = PCURVE('',#1231,#5057);
#5057 = DEFINITIONAL_REPRESENTATION('',(#5058),#5064);
#5058 = B_SPLINE_CURVE_WITH_KNOTS('',4,(#5059,#5060,#5061,#5062,#5063),
  .UNSPECIFIED.,.F.,.F.,(5,5),(0.,1.),.PIECEWISE_BEZIER_KNOTS.);
#5059 = CARTESIAN_POINT('',(-70.425,-4.289530252552));
#5060 = CARTESIAN_POINT('',(-71.3312493859,-4.351992549415));
#5061 = CARTESIAN_POINT('',(-72.2374991809,-4.414448454299));
#5062 = CARTESIAN_POINT('',(-73.14374938546,-4.476897959363));
#5063 = CARTESIAN_POINT('',(-74.05,-4.539341056767));
#5064 = ( GEOMETRIC_REPRESENTATION_CONTEXT(2) 
PARAMETRIC_REPRESENTATION_CONTEXT() REPRESENTATION_CONTEXT('2D SPACE',''
  ) );
#5065 = PCURVE('',#5066,#5117);
#5066 = B_SPLINE_SURFACE_WITH_KNOTS('',3,1,(
    (#5067,#5068)
    ,(#5069,#5070)
    ,(#5071,#5072)
    ,(#5073,#5074)
    ,(#5075,#5076)
    ,(#5077,#5078)
    ,(#5079,#5080)
    ,(#5081,#5082)
    ,(#5083,#5084)
    ,(#5085,#5086)
    ,(#5087,#5088)
    ,(#5089,#5090)
    ,(#5091,#5092)
    ,(#5093,#5094)
    ,(#5095,#5096)
    ,(#5097,#5098)
    ,(#5099,#5100)
    ,(#5101,#5102)
    ,(#5103,#5104)
    ,(#5105,#5106)
    ,(#5107,#5108)
    ,(#5109,#5110)
    ,(#5111,#5112)
    ,(#5113,#5114)
    ,(#5115,#5116
    )),.UNSPECIFIED.,.F.,.F.,.F.,(4,1,1,1,1,1,1,1,1,1,1,1,1,1,1,1,1,1,1,
    1,1,1,4),(2,2),(0.,2.000510539866,2.002804269322,4.004409599095,
    4.008246170073,6.013296291588,6.017572257224,8.027242485622,
    8.030840679123,10.045185121842,10.047224649615,12.065311936109,
    14.083399222603,14.085438750376,16.099783193095,16.103381386596,
    18.113051614995,18.11732758063,20.122377702145,20.126214273124,
    22.127819602897,22.130113332352,24.130623872218),(0.,1.),
  .UNSPECIFIED.);
#5067 = CARTESIAN_POINT('',(61.375,-70.4,5.4));
#5068 = CARTESIAN_POINT('',(57.75,-70.4,5.4));
#5069 = CARTESIAN_POINT('',(61.375,-71.06705630655,5.400005150645));
#5070 = CARTESIAN_POINT('',(57.75,-71.06620510906,5.400003615898));
#5071 = CARTESIAN_POINT('',(61.375,-71.7345652808,5.384012337945));
#5072 = CARTESIAN_POINT('',(57.75,-71.73293305343,5.385940747597));
#5073 = CARTESIAN_POINT('',(61.375,-73.06809083524,5.325484837162));
#5074 = CARTESIAN_POINT('',(57.75,-73.06514189705,5.33444619304));
#5075 = CARTESIAN_POINT('',(61.375,-73.73614685622,5.28282373705));
#5076 = CARTESIAN_POINT('',(57.75,-73.73266077129,5.296903227902));
#5077 = CARTESIAN_POINT('',(61.375,-75.06882249168,5.176502105496));
#5078 = CARTESIAN_POINT('',(57.75,-75.06466064124,5.203285102127));
#5079 = CARTESIAN_POINT('',(61.375,-75.73689619671,5.112524168273));
#5080 = CARTESIAN_POINT('',(57.75,-75.73259428241,5.146930399884));
#5081 = CARTESIAN_POINT('',(61.375,-77.06888649162,4.969079718066));
#5082 = CARTESIAN_POINT('',(57.75,-77.06468526259,5.020515334066));
#5083 = CARTESIAN_POINT('',(61.375,-77.73668081712,4.889165647626));
#5084 = CARTESIAN_POINT('',(57.75,-77.732721137,4.950060523491));
#5085 = CARTESIAN_POINT('',(61.375,-79.06843403265,4.719209414981));
#5086 = CARTESIAN_POINT('',(57.75,-79.06525394765,4.800167283982));
#5087 = CARTESIAN_POINT('',(61.375,-79.73566909179,4.62873517195));
#5088 = CARTESIAN_POINT('',(57.75,-79.73302919579,4.720347785228));
#5089 = CARTESIAN_POINT('',(61.375,-81.06758650446,4.442837354478));
#5090 = CARTESIAN_POINT('',(57.75,-81.06618576195,4.556311314036));
#5091 = CARTESIAN_POINT('',(61.375,-82.4,4.2515625));
#5092 = CARTESIAN_POINT('',(57.75,-82.4,4.3875));
#5093 = CARTESIAN_POINT('',(61.375,-83.73241349553,4.060287645522));
#5094 = CARTESIAN_POINT('',(57.75,-83.73381423804,4.218688685964));
#5095 = CARTESIAN_POINT('',(61.375,-85.0643309082,3.87438982805));
#5096 = CARTESIAN_POINT('',(57.75,-85.0669708042,4.054652214772));
#5097 = CARTESIAN_POINT('',(61.375,-85.73156596734,3.783915585019));
#5098 = CARTESIAN_POINT('',(57.75,-85.73474605234,3.974832716018));
#5099 = CARTESIAN_POINT('',(61.375,-87.06331918288,3.613959352374));
#5100 = CARTESIAN_POINT('',(57.75,-87.067278863,3.824939476509));
#5101 = CARTESIAN_POINT('',(61.375,-87.73111350838,3.534045281934));
#5102 = CARTESIAN_POINT('',(57.75,-87.73531473741,3.754484665934));
#5103 = CARTESIAN_POINT('',(61.375,-89.06310380328,3.390600831727));
#5104 = CARTESIAN_POINT('',(57.75,-89.06740571758,3.628069600116));
#5105 = CARTESIAN_POINT('',(61.375,-89.73117750831,3.326622894504));
#5106 = CARTESIAN_POINT('',(57.75,-89.73533935876,3.571714897873));
#5107 = CARTESIAN_POINT('',(61.375,-91.06385314377,3.22030126295));
#5108 = CARTESIAN_POINT('',(57.75,-91.0673392287,3.478096772098));
#5109 = CARTESIAN_POINT('',(61.375,-91.73190916475,3.177640162838));
#5110 = CARTESIAN_POINT('',(57.75,-91.73485810294,3.44055380696));
#5111 = CARTESIAN_POINT('',(61.375,-93.06543471919,3.119112662055));
#5112 = CARTESIAN_POINT('',(57.75,-93.06706694656,3.389059252403));
#5113 = CARTESIAN_POINT('',(61.375,-93.73294369344,3.103119849355));
#5114 = CARTESIAN_POINT('',(57.75,-93.73379489093,3.374996384102));
#5115 = CARTESIAN_POINT('',(61.375,-94.4,3.103125));
#5116 = CARTESIAN_POINT('',(57.75,-94.4,3.375));
#5117 = DEFINITIONAL_REPRESENTATION('',(#5118),#5124);
#5118 = B_SPLINE_CURVE_WITH_KNOTS('',4,(#5119,#5120,#5121,#5122,#5123),
  .UNSPECIFIED.,.F.,.F.,(5,5),(0.,1.),.PIECEWISE_BEZIER_KNOTS.);
#5119 = CARTESIAN_POINT('',(19.925564445032,0.));
#5120 = CARTESIAN_POINT('',(19.924581554539,0.249999830593));
#5121 = CARTESIAN_POINT('',(19.923598368064,0.499999774044));
#5122 = CARTESIAN_POINT('',(19.922614885973,0.749999830472));
#5123 = CARTESIAN_POINT('',(19.921631108639,1.));
#5124 = ( GEOMETRIC_REPRESENTATION_CONTEXT(2) 
PARAMETRIC_REPRESENTATION_CONTEXT() REPRESENTATION_CONTEXT('2D SPACE',''
  ) );
#5125 = ORIENTED_EDGE('',*,*,#5126,.F.);
#5126 = EDGE_CURVE('',#5127,#5047,#5129,.T.);
#5127 = VERTEX_POINT('',#5128);
#5128 = CARTESIAN_POINT('',(65.,-90.2,3.194774419519));
#5129 = SURFACE_CURVE('',#5130,(#5136,#5145),.PCURVE_S1.);
#5130 = B_SPLINE_CURVE_WITH_KNOTS('',4,(#5131,#5132,#5133,#5134,#5135),
  .UNSPECIFIED.,.F.,.F.,(5,5),(0.,1.),.PIECEWISE_BEZIER_KNOTS.);
#5131 = CARTESIAN_POINT('',(65.,-90.2,3.194774419519));
#5132 = CARTESIAN_POINT('',(64.093750036477,-90.2,3.218464880683));
#5133 = CARTESIAN_POINT('',(63.187500048643,-90.2,3.242154340245));
#5134 = CARTESIAN_POINT('',(62.281250036488,-90.2,3.265842797702));
#5135 = CARTESIAN_POINT('',(61.375,-90.2,3.289530252552));
#5136 = PCURVE('',#1231,#5137);
#5137 = DEFINITIONAL_REPRESENTATION('',(#5138),#5144);
#5138 = B_SPLINE_CURVE_WITH_KNOTS('',4,(#5139,#5140,#5141,#5142,#5143),
  .UNSPECIFIED.,.F.,.F.,(5,5),(0.,1.),.PIECEWISE_BEZIER_KNOTS.);
#5139 = CARTESIAN_POINT('',(-66.8,-4.194774419519));
#5140 = CARTESIAN_POINT('',(-67.70624996352,-4.218464880683));
#5141 = CARTESIAN_POINT('',(-68.61249995135,-4.242154340245));
#5142 = CARTESIAN_POINT('',(-69.51874996351,-4.265842797702));
#5143 = CARTESIAN_POINT('',(-70.425,-4.289530252552));
#5144 = ( GEOMETRIC_REPRESENTATION_CONTEXT(2) 
PARAMETRIC_REPRESENTATION_CONTEXT() REPRESENTATION_CONTEXT('2D SPACE',''
  ) );
#5145 = PCURVE('',#5146,#5197);
#5146 = B_SPLINE_SURFACE_WITH_KNOTS('',3,1,(
    (#5147,#5148)
    ,(#5149,#5150)
    ,(#5151,#5152)
    ,(#5153,#5154)
    ,(#5155,#5156)
    ,(#5157,#5158)
    ,(#5159,#5160)
    ,(#5161,#5162)
    ,(#5163,#5164)
    ,(#5165,#5166)
    ,(#5167,#5168)
    ,(#5169,#5170)
    ,(#5171,#5172)
    ,(#5173,#5174)
    ,(#5175,#5176)
    ,(#5177,#5178)
    ,(#5179,#5180)
    ,(#5181,#5182)
    ,(#5183,#5184)
    ,(#5185,#5186)
    ,(#5187,#5188)
    ,(#5189,#5190)
    ,(#5191,#5192)
    ,(#5193,#5194)
    ,(#5195,#5196
    )),.UNSPECIFIED.,.F.,.F.,.F.,(4,1,1,1,1,1,1,1,1,1,1,1,1,1,1,1,1,1,1,
    1,1,1,4),(2,2),(0.,2.000557406892,2.001500601725,4.004814065379,
    4.006391399806,6.014514691078,6.016272299555,8.029736472213,
    8.031215204815,10.049318463555,10.050156530118,12.071283114429,
    14.092409698739,14.093247765303,16.111351024043,16.112829756645,
    18.126293929303,18.12805153778,20.136174829052,20.137752163479,
    22.141065627133,22.142008821966,24.142566228858),(0.,1.),
  .UNSPECIFIED.);
#5147 = CARTESIAN_POINT('',(65.,-70.4,5.4));
#5148 = CARTESIAN_POINT('',(61.375,-70.4,5.4));
#5149 = CARTESIAN_POINT('',(65.,-71.06709240435,5.400005814187));
#5150 = CARTESIAN_POINT('',(61.375,-71.06674196037,5.400005148218));
#5151 = CARTESIAN_POINT('',(65.,-71.73415811643,5.383303969805));
#5152 = CARTESIAN_POINT('',(61.375,-71.73348661095,5.38403818174));
#5153 = CARTESIAN_POINT('',(65.,-73.06770181955,5.322166321285));
#5154 = CARTESIAN_POINT('',(61.375,-73.06648891558,5.325576612767));
#5155 = CARTESIAN_POINT('',(65.,-73.73501682247,5.277644289681));
#5156 = CARTESIAN_POINT('',(61.375,-73.73358348455,5.282999533293));
#5157 = CARTESIAN_POINT('',(65.,-75.06815300562,5.166535983755));
#5158 = CARTESIAN_POINT('',(61.375,-75.06644236466,5.176720640909));
#5159 = CARTESIAN_POINT('',(65.,-75.73539036826,5.099776132559));
#5160 = CARTESIAN_POINT('',(61.375,-75.73362269147,5.112852774851));
#5161 = CARTESIAN_POINT('',(65.,-77.06812542884,4.949828313068));
#5162 = CARTESIAN_POINT('',(61.375,-77.06639985412,4.969371372639));
#5163 = CARTESIAN_POINT('',(65.,-77.73521287794,4.866420139986));
#5164 = CARTESIAN_POINT('',(61.375,-77.73358675294,4.889547121784));
#5165 = CARTESIAN_POINT('',(65.,-79.06778571903,4.688735590215));
#5166 = CARTESIAN_POINT('',(61.375,-79.06648030094,4.719472105739));
#5167 = CARTESIAN_POINT('',(65.,-79.73461451947,4.594259132122));
#5168 = CARTESIAN_POINT('',(61.375,-79.73353082143,4.629029828428));
#5169 = CARTESIAN_POINT('',(65.,-81.06721200745,4.399918940576));
#5170 = CARTESIAN_POINT('',(61.375,-81.0666371756,4.442973635549));
#5171 = CARTESIAN_POINT('',(65.,-82.4,4.2));
#5172 = CARTESIAN_POINT('',(61.375,-82.4,4.2515625));
#5173 = CARTESIAN_POINT('',(65.,-83.73278799254,4.000081059424));
#5174 = CARTESIAN_POINT('',(61.375,-83.73336282439,4.060151364451));
#5175 = CARTESIAN_POINT('',(65.,-85.06538548052,3.805740867878));
#5176 = CARTESIAN_POINT('',(61.375,-85.06646917856,3.874095171572));
#5177 = CARTESIAN_POINT('',(65.,-85.73221428096,3.711264409785));
#5178 = CARTESIAN_POINT('',(61.375,-85.73351969905,3.783652894261));
#5179 = CARTESIAN_POINT('',(65.,-87.06478712205,3.533579860014));
#5180 = CARTESIAN_POINT('',(61.375,-87.06641324705,3.613577878216));
#5181 = CARTESIAN_POINT('',(65.,-87.73187457115,3.450171686932));
#5182 = CARTESIAN_POINT('',(61.375,-87.73360014587,3.533753627361));
#5183 = CARTESIAN_POINT('',(65.,-89.06460963173,3.300223867441));
#5184 = CARTESIAN_POINT('',(61.375,-89.06637730852,3.390272225149));
#5185 = CARTESIAN_POINT('',(65.,-89.73184699437,3.233464016245));
#5186 = CARTESIAN_POINT('',(61.375,-89.73355763533,3.326404359091));
#5187 = CARTESIAN_POINT('',(65.,-91.06498317752,3.122355710319));
#5188 = CARTESIAN_POINT('',(61.375,-91.06641651544,3.220125466707));
#5189 = CARTESIAN_POINT('',(65.,-91.73229818044,3.077833678715));
#5190 = CARTESIAN_POINT('',(61.375,-91.73351108441,3.177548387233));
#5191 = CARTESIAN_POINT('',(65.,-93.06584188357,3.016696030195));
#5192 = CARTESIAN_POINT('',(61.375,-93.06651338904,3.11908681826));
#5193 = CARTESIAN_POINT('',(65.,-93.73290759565,2.999994185813));
#5194 = CARTESIAN_POINT('',(61.375,-93.73325803962,3.103119851782));
#5195 = CARTESIAN_POINT('',(65.,-94.4,3.));
#5196 = CARTESIAN_POINT('',(61.375,-94.4,3.103125));
#5197 = DEFINITIONAL_REPRESENTATION('',(#5198),#5204);
#5198 = B_SPLINE_CURVE_WITH_KNOTS('',4,(#5199,#5200,#5201,#5202,#5203),
  .UNSPECIFIED.,.F.,.F.,(5,5),(0.,1.),.PIECEWISE_BEZIER_KNOTS.);
#5199 = CARTESIAN_POINT('',(19.937042786086,0.));
#5200 = CARTESIAN_POINT('',(19.936638588895,0.249999989937));
#5201 = CARTESIAN_POINT('',(19.936234341873,0.499999986581));
#5202 = CARTESIAN_POINT('',(19.935830045045,0.749999989934));
#5203 = CARTESIAN_POINT('',(19.935425698438,1.));
#5204 = ( GEOMETRIC_REPRESENTATION_CONTEXT(2) 
PARAMETRIC_REPRESENTATION_CONTEXT() REPRESENTATION_CONTEXT('2D SPACE',''
  ) );
#5205 = ORIENTED_EDGE('',*,*,#5206,.F.);
#5206 = EDGE_CURVE('',#5207,#5127,#5209,.T.);
#5207 = VERTEX_POINT('',#5208);
#5208 = CARTESIAN_POINT('',(131.18280957041,-90.2,3.194774419524));
#5209 = SURFACE_CURVE('',#5210,(#5216,#5225),.PCURVE_S1.);
#5210 = B_SPLINE_CURVE_WITH_KNOTS('',4,(#5211,#5212,#5213,#5214,#5215),
  .UNSPECIFIED.,.F.,.F.,(5,5),(0.,1.),.PIECEWISE_BEZIER_KNOTS.);
#5211 = CARTESIAN_POINT('',(131.8,-90.2,3.194774419519));
#5212 = CARTESIAN_POINT('',(115.1,-90.2,3.194774419519));
#5213 = CARTESIAN_POINT('',(98.4,-90.2,3.194774419519));
#5214 = CARTESIAN_POINT('',(81.7,-90.2,3.194774419519));
#5215 = CARTESIAN_POINT('',(65.,-90.2,3.194774419519));
#5216 = PCURVE('',#1231,#5217);
#5217 = DEFINITIONAL_REPRESENTATION('',(#5218),#5224);
#5218 = B_SPLINE_CURVE_WITH_KNOTS('',4,(#5219,#5220,#5221,#5222,#5223),
  .UNSPECIFIED.,.F.,.F.,(5,5),(0.,1.),.PIECEWISE_BEZIER_KNOTS.);
#5219 = CARTESIAN_POINT('',(0.,-4.194774419519));
#5220 = CARTESIAN_POINT('',(-16.7,-4.194774419519));
#5221 = CARTESIAN_POINT('',(-33.4,-4.194774419519));
#5222 = CARTESIAN_POINT('',(-50.1,-4.194774419519));
#5223 = CARTESIAN_POINT('',(-66.8,-4.194774419519));
#5224 = ( GEOMETRIC_REPRESENTATION_CONTEXT(2) 
PARAMETRIC_REPRESENTATION_CONTEXT() REPRESENTATION_CONTEXT('2D SPACE',''
  ) );
#5225 = PCURVE('',#5226,#5257);
#5226 = B_SPLINE_SURFACE_WITH_KNOTS('',3,1,(
    (#5227,#5228)
    ,(#5229,#5230)
    ,(#5231,#5232)
    ,(#5233,#5234)
    ,(#5235,#5236)
    ,(#5237,#5238)
    ,(#5239,#5240)
    ,(#5241,#5242)
    ,(#5243,#5244)
    ,(#5245,#5246)
    ,(#5247,#5248)
    ,(#5249,#5250)
    ,(#5251,#5252)
    ,(#5253,#5254)
    ,(#5255,#5256
    )),.UNSPECIFIED.,.F.,.F.,.F.,(4,1,1,1,1,1,1,1,1,1,1,1,4),(2,2),(0.,
    2.000557406892,4.004814065379,6.014514691078,8.029736472213,
    10.049318463555,12.071283114429,14.093247765303,16.112829756645,
    18.12805153778,20.137752163479,22.142008821966,24.142566228858),(0.,
    1.),.UNSPECIFIED.);
#5227 = CARTESIAN_POINT('',(147.,-70.4,5.4));
#5228 = CARTESIAN_POINT('',(65.,-70.4,5.4));
#5229 = CARTESIAN_POINT('',(147.,-71.06709240435,5.400005814187));
#5230 = CARTESIAN_POINT('',(65.,-71.06709240435,5.400005814187));
#5231 = CARTESIAN_POINT('',(147.,-72.40182802419,5.366586997704));
#5232 = CARTESIAN_POINT('',(65.,-72.40182802419,5.366586997704));
#5233 = CARTESIAN_POINT('',(147.,-74.40278057006,5.2331027456));
#5234 = CARTESIAN_POINT('',(65.,-74.40278057006,5.2331027456));
#5235 = CARTESIAN_POINT('',(147.,-76.40277138353,5.033014937547));
#5236 = CARTESIAN_POINT('',(65.,-76.40277138353,5.033014937547));
#5237 = CARTESIAN_POINT('',(147.,-78.40218423979,4.783036136602));
#5238 = CARTESIAN_POINT('',(65.,-78.40218423979,4.783036136602));
#5239 = CARTESIAN_POINT('',(147.,-80.40118904718,4.499822755256));
#5240 = CARTESIAN_POINT('',(65.,-80.40118904718,4.499822755256));
#5241 = CARTESIAN_POINT('',(147.,-82.4,4.2));
#5242 = CARTESIAN_POINT('',(65.,-82.4,4.2));
#5243 = CARTESIAN_POINT('',(147.,-84.39881095281,3.900177244744));
#5244 = CARTESIAN_POINT('',(65.,-84.39881095281,3.900177244744));
#5245 = CARTESIAN_POINT('',(147.,-86.3978157602,3.616963863398));
#5246 = CARTESIAN_POINT('',(65.,-86.3978157602,3.616963863398));
#5247 = CARTESIAN_POINT('',(147.,-88.39722861647,3.366985062453));
#5248 = CARTESIAN_POINT('',(65.,-88.39722861647,3.366985062453));
#5249 = CARTESIAN_POINT('',(147.,-90.39721942993,3.1668972544));
#5250 = CARTESIAN_POINT('',(65.,-90.39721942993,3.1668972544));
#5251 = CARTESIAN_POINT('',(147.,-92.3981719758,3.033413002296));
#5252 = CARTESIAN_POINT('',(65.,-92.3981719758,3.033413002296));
#5253 = CARTESIAN_POINT('',(147.,-93.73290759565,2.999994185813));
#5254 = CARTESIAN_POINT('',(65.,-93.73290759565,2.999994185813));
#5255 = CARTESIAN_POINT('',(147.,-94.4,3.));
#5256 = CARTESIAN_POINT('',(65.,-94.4,3.));
#5257 = DEFINITIONAL_REPRESENTATION('',(#5258),#5264);
#5258 = B_SPLINE_CURVE_WITH_KNOTS('',4,(#5259,#5260,#5261,#5262,#5263),
  .UNSPECIFIED.,.F.,.F.,(5,5),(0.,1.),.PIECEWISE_BEZIER_KNOTS.);
#5259 = CARTESIAN_POINT('',(19.937042786086,0.185365853659));
#5260 = CARTESIAN_POINT('',(19.937042786086,0.389024390244));
#5261 = CARTESIAN_POINT('',(19.937042786086,0.592682926829));
#5262 = CARTESIAN_POINT('',(19.937042786086,0.796341463415));
#5263 = CARTESIAN_POINT('',(19.937042786086,1.));
#5264 = ( GEOMETRIC_REPRESENTATION_CONTEXT(2) 
PARAMETRIC_REPRESENTATION_CONTEXT() REPRESENTATION_CONTEXT('2D SPACE',''
  ) );
#5265 = ORIENTED_EDGE('',*,*,#5266,.T.);
#5266 = EDGE_CURVE('',#5207,#3851,#5267,.T.);
#5267 = SURFACE_CURVE('',#5268,(#5272,#5279),.PCURVE_S1.);
#5268 = LINE('',#5269,#5270);
#5269 = CARTESIAN_POINT('',(131.18280957083,-90.2,1.6));
#5270 = VECTOR('',#5271,1.);
#5271 = DIRECTION('',(0.,-0.,-1.));
#5272 = PCURVE('',#1231,#5273);
#5273 = DEFINITIONAL_REPRESENTATION('',(#5274),#5278);
#5274 = LINE('',#5275,#5276);
#5275 = CARTESIAN_POINT('',(-0.617190429163,-2.6));
#5276 = VECTOR('',#5277,1.);
#5277 = DIRECTION('',(-0.,1.));
#5278 = ( GEOMETRIC_REPRESENTATION_CONTEXT(2) 
PARAMETRIC_REPRESENTATION_CONTEXT() REPRESENTATION_CONTEXT('2D SPACE',''
  ) );
#5279 = PCURVE('',#5280,#5285);
#5280 = CYLINDRICAL_SURFACE('',#5281,3.);
#5281 = AXIS2_PLACEMENT_3D('',#5282,#5283,#5284);
#5282 = CARTESIAN_POINT('',(134.1,-90.9,1.6));
#5283 = DIRECTION('',(0.,-0.,-1.));
#5284 = DIRECTION('',(-1.,-0.,-0.));
#5285 = DEFINITIONAL_REPRESENTATION('',(#5286),#5290);
#5286 = LINE('',#5287,#5288);
#5287 = CARTESIAN_POINT('',(6.5186895439,0.));
#5288 = VECTOR('',#5289,1.);
#5289 = DIRECTION('',(0.,1.));
#5290 = ( GEOMETRIC_REPRESENTATION_CONTEXT(2) 
PARAMETRIC_REPRESENTATION_CONTEXT() REPRESENTATION_CONTEXT('2D SPACE',''
  ) );
#5291 = ADVANCED_FACE('',(#5292),#1519,.F.);
#5292 = FACE_BOUND('',#5293,.F.);
#5293 = EDGE_LOOP('',(#5294,#5326,#5327,#5328));
#5294 = ORIENTED_EDGE('',*,*,#5295,.T.);
#5295 = EDGE_CURVE('',#5296,#1246,#5298,.T.);
#5296 = VERTEX_POINT('',#5297);
#5297 = CARTESIAN_POINT('',(132.8,-89.2,4.089176346332));
#5298 = SURFACE_CURVE('',#5299,(#5306,#5316),.PCURVE_S1.);
#5299 = B_SPLINE_CURVE_WITH_KNOTS('',5,(#5300,#5301,#5302,#5303,#5304,
    #5305),.UNSPECIFIED.,.F.,.F.,(6,6),(0.,1.),
  .PIECEWISE_BEZIER_KNOTS.);
#5300 = CARTESIAN_POINT('',(132.8,-89.2,4.089176346332));
#5301 = CARTESIAN_POINT('',(132.8,-88.93969710731,4.115684247464));
#5302 = CARTESIAN_POINT('',(132.8,-88.67951533428,4.143380015664));
#5303 = CARTESIAN_POINT('',(132.8,-88.41945362066,4.172184819315));
#5304 = CARTESIAN_POINT('',(132.8,-88.15951133904,4.202018695847));
#5305 = CARTESIAN_POINT('',(132.8,-87.89968176405,4.232806398592));
#5306 = PCURVE('',#1519,#5307);
#5307 = DEFINITIONAL_REPRESENTATION('',(#5308),#5315);
#5308 = B_SPLINE_CURVE_WITH_KNOTS('',5,(#5309,#5310,#5311,#5312,#5313,
    #5314),.UNSPECIFIED.,.F.,.F.,(6,6),(0.,1.),
  .PIECEWISE_BEZIER_KNOTS.);
#5309 = CARTESIAN_POINT('',(18.932623749893,0.173170731707));
#5310 = CARTESIAN_POINT('',(18.670982421709,0.173170731707));
#5311 = CARTESIAN_POINT('',(18.409340990622,0.173170731707));
#5312 = CARTESIAN_POINT('',(18.147699658714,0.173170731707));
#5313 = CARTESIAN_POINT('',(17.886056202354,0.173170731707));
#5314 = CARTESIAN_POINT('',(17.62441301677,0.173170731707));
#5315 = ( GEOMETRIC_REPRESENTATION_CONTEXT(2) 
PARAMETRIC_REPRESENTATION_CONTEXT() REPRESENTATION_CONTEXT('2D SPACE',''
  ) );
#5316 = PCURVE('',#1843,#5317);
#5317 = DEFINITIONAL_REPRESENTATION('',(#5318),#5325);
#5318 = B_SPLINE_CURVE_WITH_KNOTS('',5,(#5319,#5320,#5321,#5322,#5323,
    #5324),.UNSPECIFIED.,.F.,.F.,(6,6),(0.,1.),
  .PIECEWISE_BEZIER_KNOTS.);
#5319 = CARTESIAN_POINT('',(0.,-5.089176346332));
#5320 = CARTESIAN_POINT('',(-0.260302892689,-5.115684247464));
#5321 = CARTESIAN_POINT('',(-0.520484665718,-5.143380015664));
#5322 = CARTESIAN_POINT('',(-0.780546379336,-5.172184819315));
#5323 = CARTESIAN_POINT('',(-1.040488660952,-5.202018695847));
#5324 = CARTESIAN_POINT('',(-1.300318235949,-5.232806398592));
#5325 = ( GEOMETRIC_REPRESENTATION_CONTEXT(2) 
PARAMETRIC_REPRESENTATION_CONTEXT() REPRESENTATION_CONTEXT('2D SPACE',''
  ) );
#5326 = ORIENTED_EDGE('',*,*,#1245,.F.);
#5327 = ORIENTED_EDGE('',*,*,#3908,.F.);
#5328 = ORIENTED_EDGE('',*,*,#5329,.T.);
#5329 = EDGE_CURVE('',#3881,#5296,#5330,.T.);
#5330 = SURFACE_CURVE('',#5331,(#5352,#5376),.PCURVE_S1.);
#5331 = B_SPLINE_CURVE_WITH_KNOTS('',7,(#5332,#5333,#5334,#5335,#5336,
    #5337,#5338,#5339,#5340,#5341,#5342,#5343,#5344,#5345,#5346,#5347,
    #5348,#5349,#5350,#5351),.UNSPECIFIED.,.F.,.F.,(8,6,6,8),(0.,
    0.242913874289,0.386255121726,1.),.UNSPECIFIED.);
#5332 = CARTESIAN_POINT('',(131.8,-90.2,3.994774419519));
#5333 = CARTESIAN_POINT('',(131.86100470488,-90.2,3.994774419519));
#5334 = CARTESIAN_POINT('',(131.92202735227,-90.19565811924,
    3.995150528216));
#5335 = CARTESIAN_POINT('',(131.98246565819,-90.18697001604,
    3.99590309049));
#5336 = CARTESIAN_POINT('',(132.04177943272,-90.17406885939,
    3.997022576799));
#5337 = CARTESIAN_POINT('',(132.09950065678,-90.1571834787,
    3.998492933051));
#5338 = CARTESIAN_POINT('',(132.15523749741,-90.13660774814,
    4.000293555215));
#5339 = CARTESIAN_POINT('',(132.24020362522,-90.09856237217,
    4.003642816678));
#5340 = CARTESIAN_POINT('',(132.27094204647,-90.08327282987,
    4.004992542266));
#5341 = CARTESIAN_POINT('',(132.30082912308,-90.06687790421,
    4.006444425775));
#5342 = CARTESIAN_POINT('',(132.32981785073,-90.04944478556,
    4.007993680366));
#5343 = CARTESIAN_POINT('',(132.35787125611,-90.03104078522,
    4.009635491465));
#5344 = CARTESIAN_POINT('',(132.38496103009,-90.01173159163,
    4.011365136212));
#5345 = CARTESIAN_POINT('',(132.52284061987,-89.90529433704,
    4.02094069083));
#5346 = CARTESIAN_POINT('',(132.61612389388,-89.80389815038,
    4.030200130045));
#5347 = CARTESIAN_POINT('',(132.69028364793,-89.69191896519,
    4.040633568947));
#5348 = CARTESIAN_POINT('',(132.74535152126,-89.57295456199,
    4.051977621357));
#5349 = CARTESIAN_POINT('',(132.78174458227,-89.44994958166,
    4.063981468936));
#5350 = CARTESIAN_POINT('',(132.8,-89.32509275575,4.076437546678));
#5351 = CARTESIAN_POINT('',(132.8,-89.2,4.089176346332));
#5352 = PCURVE('',#1519,#5353);
#5353 = DEFINITIONAL_REPRESENTATION('',(#5354),#5375);
#5354 = B_SPLINE_CURVE_WITH_KNOTS('',7,(#5355,#5356,#5357,#5358,#5359,
    #5360,#5361,#5362,#5363,#5364,#5365,#5366,#5367,#5368,#5369,#5370,
    #5371,#5372,#5373,#5374),.UNSPECIFIED.,.F.,.F.,(8,6,6,8),(0.,
    0.242913874289,0.386255121726,1.),.UNSPECIFIED.);
#5355 = CARTESIAN_POINT('',(19.937042786086,0.185365853659));
#5356 = CARTESIAN_POINT('',(19.937042786086,0.184621893843));
#5357 = CARTESIAN_POINT('',(19.93268487071,0.183877715216));
#5358 = CARTESIAN_POINT('',(19.923964684882,0.183140662705));
#5359 = CARTESIAN_POINT('',(19.911015709664,0.182417323991));
#5360 = CARTESIAN_POINT('',(19.89406728093,0.181713406625));
#5361 = CARTESIAN_POINT('',(19.873413919416,0.181033689056));
#5362 = CARTESIAN_POINT('',(19.835223201937,0.179997516766));
#5363 = CARTESIAN_POINT('',(19.819874911536,0.17962265797));
#5364 = CARTESIAN_POINT('',(19.803416574705,0.179258181426));
#5365 = CARTESIAN_POINT('',(19.785915534834,0.178904660357));
#5366 = CARTESIAN_POINT('',(19.76743925754,0.178562545657));
#5367 = CARTESIAN_POINT('',(19.748053583264,0.17823218256));
#5368 = CARTESIAN_POINT('',(19.641190948864,0.176550724148));
#5369 = CARTESIAN_POINT('',(19.539376893627,0.175413123245));
#5370 = CARTESIAN_POINT('',(19.426916960859,0.174508736001));
#5371 = CARTESIAN_POINT('',(19.307417295298,0.17383717657));
#5372 = CARTESIAN_POINT('',(19.183832267949,0.173393358753));
#5373 = CARTESIAN_POINT('',(19.058359718387,0.173170731707));
#5374 = CARTESIAN_POINT('',(18.932623755854,0.173170731707));
#5375 = ( GEOMETRIC_REPRESENTATION_CONTEXT(2) 
PARAMETRIC_REPRESENTATION_CONTEXT() REPRESENTATION_CONTEXT('2D SPACE',''
  ) );
#5376 = PCURVE('',#3896,#5377);
#5377 = DEFINITIONAL_REPRESENTATION('',(#5378),#5399);
#5378 = B_SPLINE_CURVE_WITH_KNOTS('',7,(#5379,#5380,#5381,#5382,#5383,
    #5384,#5385,#5386,#5387,#5388,#5389,#5390,#5391,#5392,#5393,#5394,
    #5395,#5396,#5397,#5398),.UNSPECIFIED.,.F.,.F.,(8,6,6,8),(0.,
    0.242913874289,0.386255121726,1.),.UNSPECIFIED.);
#5379 = CARTESIAN_POINT('',(4.712388980385,-4.994774419519));
#5380 = CARTESIAN_POINT('',(4.651384275498,-4.994774419519));
#5381 = CARTESIAN_POINT('',(4.590361721217,-4.995150528216));
#5382 = CARTESIAN_POINT('',(4.529552253267,-4.99590309049));
#5383 = CARTESIAN_POINT('',(4.469125566912,-4.997022576799));
#5384 = CARTESIAN_POINT('',(4.4092157747,-4.998492933051));
#5385 = CARTESIAN_POINT('',(4.349937179076,-5.000293555215));
#5386 = CARTESIAN_POINT('',(4.256842101291,-5.003642816678));
#5387 = CARTESIAN_POINT('',(4.222539359079,-5.004992542266));
#5388 = CARTESIAN_POINT('',(4.188494388078,-5.006444425775));
#5389 = CARTESIAN_POINT('',(4.154714753099,-5.007993680366));
#5390 = CARTESIAN_POINT('',(4.121203702673,-5.009635491465));
#5391 = CARTESIAN_POINT('',(4.08796074279,-5.011365136212));
#5392 = CARTESIAN_POINT('',(3.913777877837,-5.02094069083));
#5393 = CARTESIAN_POINT('',(3.777976913138,-5.030200130045));
#5394 = CARTESIAN_POINT('',(3.646249421374,-5.040633568947));
#5395 = CARTESIAN_POINT('',(3.517744429052,-5.051977621357));
#5396 = CARTESIAN_POINT('',(3.391542088026,-5.063981468936));
#5397 = CARTESIAN_POINT('',(3.266685409347,-5.076437546678));
#5398 = CARTESIAN_POINT('',(3.14159265359,-5.089176346332));
#5399 = ( GEOMETRIC_REPRESENTATION_CONTEXT(2) 
PARAMETRIC_REPRESENTATION_CONTEXT() REPRESENTATION_CONTEXT('2D SPACE',''
  ) );
#5400 = ADVANCED_FACE('',(#5401),#1843,.F.);
#5401 = FACE_BOUND('',#5402,.T.);
#5402 = EDGE_LOOP('',(#5403,#5428,#5449,#5450,#5451,#5452,#5475,#5503,
    #5531,#5559,#5790));
#5403 = ORIENTED_EDGE('',*,*,#5404,.T.);
#5404 = EDGE_CURVE('',#5405,#5407,#5409,.T.);
#5405 = VERTEX_POINT('',#5406);
#5406 = CARTESIAN_POINT('',(132.8,-88.19629883308,1.6));
#5407 = VERTEX_POINT('',#5408);
#5408 = CARTESIAN_POINT('',(132.8,-89.2,1.6));
#5409 = SURFACE_CURVE('',#5410,(#5414,#5421),.PCURVE_S1.);
#5410 = LINE('',#5411,#5412);
#5411 = CARTESIAN_POINT('',(132.8,-90.05,1.6));
#5412 = VECTOR('',#5413,1.);
#5413 = DIRECTION('',(-0.,-1.,-0.));
#5414 = PCURVE('',#1843,#5415);
#5415 = DEFINITIONAL_REPRESENTATION('',(#5416),#5420);
#5416 = LINE('',#5417,#5418);
#5417 = CARTESIAN_POINT('',(0.85,-2.6));
#5418 = VECTOR('',#5419,1.);
#5419 = DIRECTION('',(1.,-0.));
#5420 = ( GEOMETRIC_REPRESENTATION_CONTEXT(2) 
PARAMETRIC_REPRESENTATION_CONTEXT() REPRESENTATION_CONTEXT('2D SPACE',''
  ) );
#5421 = PCURVE('',#3868,#5422);
#5422 = DEFINITIONAL_REPRESENTATION('',(#5423),#5427);
#5423 = LINE('',#5424,#5425);
#5424 = CARTESIAN_POINT('',(-1.3,0.85));
#5425 = VECTOR('',#5426,1.);
#5426 = DIRECTION('',(-0.,-1.));
#5427 = ( GEOMETRIC_REPRESENTATION_CONTEXT(2) 
PARAMETRIC_REPRESENTATION_CONTEXT() REPRESENTATION_CONTEXT('2D SPACE',''
  ) );
#5428 = ORIENTED_EDGE('',*,*,#5429,.T.);
#5429 = EDGE_CURVE('',#5407,#5296,#5430,.T.);
#5430 = SURFACE_CURVE('',#5431,(#5435,#5442),.PCURVE_S1.);
#5431 = LINE('',#5432,#5433);
#5432 = CARTESIAN_POINT('',(132.8,-89.2,-1.));
#5433 = VECTOR('',#5434,1.);
#5434 = DIRECTION('',(-0.,-0.,1.));
#5435 = PCURVE('',#1843,#5436);
#5436 = DEFINITIONAL_REPRESENTATION('',(#5437),#5441);
#5437 = LINE('',#5438,#5439);
#5438 = CARTESIAN_POINT('',(-0.,-0.));
#5439 = VECTOR('',#5440,1.);
#5440 = DIRECTION('',(-0.,-1.));
#5441 = ( GEOMETRIC_REPRESENTATION_CONTEXT(2) 
PARAMETRIC_REPRESENTATION_CONTEXT() REPRESENTATION_CONTEXT('2D SPACE',''
  ) );
#5442 = PCURVE('',#3896,#5443);
#5443 = DEFINITIONAL_REPRESENTATION('',(#5444),#5448);
#5444 = LINE('',#5445,#5446);
#5445 = CARTESIAN_POINT('',(3.14159265359,0.));
#5446 = VECTOR('',#5447,1.);
#5447 = DIRECTION('',(0.,-1.));
#5448 = ( GEOMETRIC_REPRESENTATION_CONTEXT(2) 
PARAMETRIC_REPRESENTATION_CONTEXT() REPRESENTATION_CONTEXT('2D SPACE',''
  ) );
#5449 = ORIENTED_EDGE('',*,*,#5295,.T.);
#5450 = ORIENTED_EDGE('',*,*,#1711,.T.);
#5451 = ORIENTED_EDGE('',*,*,#1919,.F.);
#5452 = ORIENTED_EDGE('',*,*,#5453,.F.);
#5453 = EDGE_CURVE('',#5454,#1920,#5456,.T.);
#5454 = VERTEX_POINT('',#5455);
#5455 = CARTESIAN_POINT('',(132.8,-5.2,1.6));
#5456 = SURFACE_CURVE('',#5457,(#5461,#5468),.PCURVE_S1.);
#5457 = LINE('',#5458,#5459);
#5458 = CARTESIAN_POINT('',(132.8,-5.2,-1.));
#5459 = VECTOR('',#5460,1.);
#5460 = DIRECTION('',(-0.,-0.,1.));
#5461 = PCURVE('',#1843,#5462);
#5462 = DEFINITIONAL_REPRESENTATION('',(#5463),#5467);
#5463 = LINE('',#5464,#5465);
#5464 = CARTESIAN_POINT('',(-84.,-0.));
#5465 = VECTOR('',#5466,1.);
#5466 = DIRECTION('',(-0.,-1.));
#5467 = ( GEOMETRIC_REPRESENTATION_CONTEXT(2) 
PARAMETRIC_REPRESENTATION_CONTEXT() REPRESENTATION_CONTEXT('2D SPACE',''
  ) );
#5468 = PCURVE('',#1959,#5469);
#5469 = DEFINITIONAL_REPRESENTATION('',(#5470),#5474);
#5470 = LINE('',#5471,#5472);
#5471 = CARTESIAN_POINT('',(3.14159265359,0.));
#5472 = VECTOR('',#5473,1.);
#5473 = DIRECTION('',(0.,-1.));
#5474 = ( GEOMETRIC_REPRESENTATION_CONTEXT(2) 
PARAMETRIC_REPRESENTATION_CONTEXT() REPRESENTATION_CONTEXT('2D SPACE',''
  ) );
#5475 = ORIENTED_EDGE('',*,*,#5476,.T.);
#5476 = EDGE_CURVE('',#5454,#5477,#5479,.T.);
#5477 = VERTEX_POINT('',#5478);
#5478 = CARTESIAN_POINT('',(132.8,-6.203701166919,1.6));
#5479 = SURFACE_CURVE('',#5480,(#5484,#5491),.PCURVE_S1.);
#5480 = LINE('',#5481,#5482);
#5481 = CARTESIAN_POINT('',(132.8,-46.35,1.6));
#5482 = VECTOR('',#5483,1.);
#5483 = DIRECTION('',(-0.,-1.,-0.));
#5484 = PCURVE('',#1843,#5485);
#5485 = DEFINITIONAL_REPRESENTATION('',(#5486),#5490);
#5486 = LINE('',#5487,#5488);
#5487 = CARTESIAN_POINT('',(-42.85,-2.6));
#5488 = VECTOR('',#5489,1.);
#5489 = DIRECTION('',(1.,-0.));
#5490 = ( GEOMETRIC_REPRESENTATION_CONTEXT(2) 
PARAMETRIC_REPRESENTATION_CONTEXT() REPRESENTATION_CONTEXT('2D SPACE',''
  ) );
#5491 = PCURVE('',#5492,#5497);
#5492 = PLANE('',#5493);
#5493 = AXIS2_PLACEMENT_3D('',#5494,#5495,#5496);
#5494 = CARTESIAN_POINT('',(134.1,-3.5,1.6));
#5495 = DIRECTION('',(-0.,-0.,1.));
#5496 = DIRECTION('',(1.,0.,0.));
#5497 = DEFINITIONAL_REPRESENTATION('',(#5498),#5502);
#5498 = LINE('',#5499,#5500);
#5499 = CARTESIAN_POINT('',(-1.3,-42.85));
#5500 = VECTOR('',#5501,1.);
#5501 = DIRECTION('',(-0.,-1.));
#5502 = ( GEOMETRIC_REPRESENTATION_CONTEXT(2) 
PARAMETRIC_REPRESENTATION_CONTEXT() REPRESENTATION_CONTEXT('2D SPACE',''
  ) );
#5503 = ORIENTED_EDGE('',*,*,#5504,.F.);
#5504 = EDGE_CURVE('',#5505,#5477,#5507,.T.);
#5505 = VERTEX_POINT('',#5506);
#5506 = CARTESIAN_POINT('',(132.8,-6.203701166919,5.4));
#5507 = SURFACE_CURVE('',#5508,(#5512,#5519),.PCURVE_S1.);
#5508 = LINE('',#5509,#5510);
#5509 = CARTESIAN_POINT('',(132.8,-6.203701166919,1.6));
#5510 = VECTOR('',#5511,1.);
#5511 = DIRECTION('',(0.,-0.,-1.));
#5512 = PCURVE('',#1843,#5513);
#5513 = DEFINITIONAL_REPRESENTATION('',(#5514),#5518);
#5514 = LINE('',#5515,#5516);
#5515 = CARTESIAN_POINT('',(-82.99629883308,-2.6));
#5516 = VECTOR('',#5517,1.);
#5517 = DIRECTION('',(-0.,1.));
#5518 = ( GEOMETRIC_REPRESENTATION_CONTEXT(2) 
PARAMETRIC_REPRESENTATION_CONTEXT() REPRESENTATION_CONTEXT('2D SPACE',''
  ) );
#5519 = PCURVE('',#5520,#5525);
#5520 = CYLINDRICAL_SURFACE('',#5521,3.);
#5521 = AXIS2_PLACEMENT_3D('',#5522,#5523,#5524);
#5522 = CARTESIAN_POINT('',(134.1,-3.5,1.6));
#5523 = DIRECTION('',(0.,-0.,-1.));
#5524 = DIRECTION('',(-1.,-0.,-0.));
#5525 = DEFINITIONAL_REPRESENTATION('',(#5526),#5530);
#5526 = LINE('',#5527,#5528);
#5527 = CARTESIAN_POINT('',(5.160577116364,0.));
#5528 = VECTOR('',#5529,1.);
#5529 = DIRECTION('',(0.,1.));
#5530 = ( GEOMETRIC_REPRESENTATION_CONTEXT(2) 
PARAMETRIC_REPRESENTATION_CONTEXT() REPRESENTATION_CONTEXT('2D SPACE',''
  ) );
#5531 = ORIENTED_EDGE('',*,*,#5532,.T.);
#5532 = EDGE_CURVE('',#5505,#5533,#5535,.T.);
#5533 = VERTEX_POINT('',#5534);
#5534 = CARTESIAN_POINT('',(132.8,-70.4,5.4));
#5535 = SURFACE_CURVE('',#5536,(#5540,#5547),.PCURVE_S1.);
#5536 = LINE('',#5537,#5538);
#5537 = CARTESIAN_POINT('',(132.8,-39.6,5.4));
#5538 = VECTOR('',#5539,1.);
#5539 = DIRECTION('',(-0.,-1.,-0.));
#5540 = PCURVE('',#1843,#5541);
#5541 = DEFINITIONAL_REPRESENTATION('',(#5542),#5546);
#5542 = LINE('',#5543,#5544);
#5543 = CARTESIAN_POINT('',(-49.6,-6.4));
#5544 = VECTOR('',#5545,1.);
#5545 = DIRECTION('',(1.,-0.));
#5546 = ( GEOMETRIC_REPRESENTATION_CONTEXT(2) 
PARAMETRIC_REPRESENTATION_CONTEXT() REPRESENTATION_CONTEXT('2D SPACE',''
  ) );
#5547 = PCURVE('',#5548,#5553);
#5548 = PLANE('',#5549);
#5549 = AXIS2_PLACEMENT_3D('',#5550,#5551,#5552);
#5550 = CARTESIAN_POINT('',(65.,10.,5.4));
#5551 = DIRECTION('',(-0.,-0.,1.));
#5552 = DIRECTION('',(0.,1.,0.));
#5553 = DEFINITIONAL_REPRESENTATION('',(#5554),#5558);
#5554 = LINE('',#5555,#5556);
#5555 = CARTESIAN_POINT('',(-49.6,-67.8));
#5556 = VECTOR('',#5557,1.);
#5557 = DIRECTION('',(-1.,0.));
#5558 = ( GEOMETRIC_REPRESENTATION_CONTEXT(2) 
PARAMETRIC_REPRESENTATION_CONTEXT() REPRESENTATION_CONTEXT('2D SPACE',''
  ) );
#5559 = ORIENTED_EDGE('',*,*,#5560,.F.);
#5560 = EDGE_CURVE('',#5561,#5533,#5563,.T.);
#5561 = VERTEX_POINT('',#5562);
#5562 = CARTESIAN_POINT('',(132.8,-88.19629884251,3.398172728135));
#5563 = SURFACE_CURVE('',#5564,(#5627,#5693),.PCURVE_S1.);
#5564 = B_SPLINE_CURVE_WITH_KNOTS('',7,(#5565,#5566,#5567,#5568,#5569,
    #5570,#5571,#5572,#5573,#5574,#5575,#5576,#5577,#5578,#5579,#5580,
    #5581,#5582,#5583,#5584,#5585,#5586,#5587,#5588,#5589,#5590,#5591,
    #5592,#5593,#5594,#5595,#5596,#5597,#5598,#5599,#5600,#5601,#5602,
    #5603,#5604,#5605,#5606,#5607,#5608,#5609,#5610,#5611,#5612,#5613,
    #5614,#5615,#5616,#5617,#5618,#5619,#5620,#5621,#5622,#5623,#5624,
    #5625,#5626),.UNSPECIFIED.,.F.,.F.,(8,6,6,6,6,6,6,6,6,6,8),(0.,
    0.119684861226,0.240511411713,0.323116982774,0.3896945906,
    0.445175911822,0.609154739183,0.706556226846,0.779299665728,
    0.889032715483,1.),.UNSPECIFIED.);
#5565 = CARTESIAN_POINT('',(132.8,-89.2,3.289176346332));
#5566 = CARTESIAN_POINT('',(132.8,-88.87794967515,3.321972286886));
#5567 = CARTESIAN_POINT('',(132.8,-88.55607267687,3.356465039215));
#5568 = CARTESIAN_POINT('',(132.8,-88.23436554598,3.392539352276));
#5569 = CARTESIAN_POINT('',(132.8,-87.91283387036,3.430070367242));
#5570 = CARTESIAN_POINT('',(132.8,-87.59145864676,3.468955298331));
#5571 = CARTESIAN_POINT('',(132.8,-87.27023845674,3.50907381155));
#5572 = CARTESIAN_POINT('',(132.8,-86.62502254416,3.591947943939));
#5573 = CARTESIAN_POINT('',(132.8,-86.30102967409,3.634725178687));
#5574 = CARTESIAN_POINT('',(132.8,-85.9771763297,3.678526359594));
#5575 = CARTESIAN_POINT('',(132.8,-85.65344836801,3.723238341167));
#5576 = CARTESIAN_POINT('',(132.8,-85.32983125297,3.768747750969));
#5577 = CARTESIAN_POINT('',(132.8,-85.00631174586,3.814939374752));
#5578 = CARTESIAN_POINT('',(132.8,-84.46174992201,3.893668080911));
#5579 = CARTESIAN_POINT('',(132.8,-84.24066393556,3.925902275563));
#5580 = CARTESIAN_POINT('',(132.8,-84.01961179084,3.958365658159));
#5581 = CARTESIAN_POINT('',(132.8,-83.79858835712,3.99102221225));
#5582 = CARTESIAN_POINT('',(132.8,-83.57758829159,4.023836127201));
#5583 = CARTESIAN_POINT('',(132.8,-83.35660621603,4.05677156266));
#5584 = CARTESIAN_POINT('',(132.8,-82.95754225995,4.116406226107));
#5585 = CARTESIAN_POINT('',(132.8,-82.77945590147,4.143075555603));
#5586 = CARTESIAN_POINT('',(132.8,-82.60137501615,4.169781585727));
#5587 = CARTESIAN_POINT('',(132.8,-82.4232968001,4.196505501));
#5588 = CARTESIAN_POINT('',(132.8,-82.24521844731,4.223228486268));
#5589 = CARTESIAN_POINT('',(132.8,-82.06713714967,4.249931726699));
#5590 = CARTESIAN_POINT('',(132.8,-81.7406442696,4.298816967893));
#5591 = CARTESIAN_POINT('',(132.8,-81.59223445195,4.321010749764));
#5592 = CARTESIAN_POINT('',(132.8,-81.4438190194,4.343166865069));
#5593 = CARTESIAN_POINT('',(132.8,-81.29539635629,4.36527442416));
#5594 = CARTESIAN_POINT('',(132.8,-81.14696485593,4.387322536076));
#5595 = CARTESIAN_POINT('',(132.8,-80.99852292064,4.409300308537));
#5596 = CARTESIAN_POINT('',(132.8,-80.41130316522,4.495913562981));
#5597 = CARTESIAN_POINT('',(132.8,-79.97243321573,4.559920281955));
#5598 = CARTESIAN_POINT('',(132.8,-79.53341452497,4.622938907465));
#5599 = CARTESIAN_POINT('',(132.8,-79.09421575689,4.684678060294));
#5600 = CARTESIAN_POINT('',(132.8,-78.65480053451,4.744853398728));
#5601 = CARTESIAN_POINT('',(132.8,-78.2151300767,4.803185529218));
#5602 = CARTESIAN_POINT('',(132.8,-77.51386563124,4.892751692666));
#5603 = CARTESIAN_POINT('',(132.8,-77.25244791334,4.925372582201));
#5604 = CARTESIAN_POINT('',(132.8,-76.99092943014,4.957176199029));
#5605 = CARTESIAN_POINT('',(132.8,-76.72930526141,4.988101595916));
#5606 = CARTESIAN_POINT('',(132.8,-76.46757086542,5.018087864051));
#5607 = CARTESIAN_POINT('',(132.8,-76.20572319682,5.047073140748));
#5608 = CARTESIAN_POINT('',(132.8,-75.74811829216,5.095845777792));
#5609 = CARTESIAN_POINT('',(132.8,-75.55241132531,5.116104059203));
#5610 = CARTESIAN_POINT('',(132.8,-75.35664043907,5.135742146827));
#5611 = CARTESIAN_POINT('',(132.8,-75.16080534699,5.154733712119));
#5612 = CARTESIAN_POINT('',(132.8,-74.96490596092,5.173052412544));
#5613 = CARTESIAN_POINT('',(132.8,-74.76894239103,5.190671891569));
#5614 = CARTESIAN_POINT('',(132.8,-74.27720869744,5.233050108011));
#5615 = CARTESIAN_POINT('',(132.8,-73.98135634684,5.256883444988));
#5616 = CARTESIAN_POINT('',(132.8,-73.68536164298,5.278974915307));
#5617 = CARTESIAN_POINT('',(132.8,-73.38923548108,5.299232465718));
#5618 = CARTESIAN_POINT('',(132.8,-73.09298850586,5.317564083124));
#5619 = CARTESIAN_POINT('',(132.8,-72.79663015559,5.33387801617));
#5620 = CARTESIAN_POINT('',(132.8,-72.20038371534,5.362445743362));
#5621 = CARTESIAN_POINT('',(132.8,-71.90049369878,5.374651854197));
#5622 = CARTESIAN_POINT('',(132.8,-71.60051529241,5.384605254309));
#5623 = CARTESIAN_POINT('',(132.8,-71.30046135807,5.392211146261));
#5624 = CARTESIAN_POINT('',(132.8,-71.0003464239,5.397375012697));
#5625 = CARTESIAN_POINT('',(132.8,-70.70018668431,5.400002616342));
#5626 = CARTESIAN_POINT('',(132.8,-70.4,5.4));
#5627 = PCURVE('',#1843,#5628);
#5628 = DEFINITIONAL_REPRESENTATION('',(#5629),#5692);
#5629 = B_SPLINE_CURVE_WITH_KNOTS('',7,(#5630,#5631,#5632,#5633,#5634,
    #5635,#5636,#5637,#5638,#5639,#5640,#5641,#5642,#5643,#5644,#5645,
    #5646,#5647,#5648,#5649,#5650,#5651,#5652,#5653,#5654,#5655,#5656,
    #5657,#5658,#5659,#5660,#5661,#5662,#5663,#5664,#5665,#5666,#5667,
    #5668,#5669,#5670,#5671,#5672,#5673,#5674,#5675,#5676,#5677,#5678,
    #5679,#5680,#5681,#5682,#5683,#5684,#5685,#5686,#5687,#5688,#5689,
    #5690,#5691),.UNSPECIFIED.,.F.,.F.,(8,6,6,6,6,6,6,6,6,6,8),(0.,
    0.119684861226,0.240511411713,0.323116982774,0.3896945906,
    0.445175911822,0.609154739183,0.706556226846,0.779299665728,
    0.889032715483,1.),.UNSPECIFIED.);
#5630 = CARTESIAN_POINT('',(0.,-4.289176346332));
#5631 = CARTESIAN_POINT('',(-0.322050324848,-4.321972286886));
#5632 = CARTESIAN_POINT('',(-0.64392732313,-4.356465039215));
#5633 = CARTESIAN_POINT('',(-0.965634454018,-4.392539352276));
#5634 = CARTESIAN_POINT('',(-1.287166129632,-4.430070367242));
#5635 = CARTESIAN_POINT('',(-1.608541353239,-4.468955298331));
#5636 = CARTESIAN_POINT('',(-1.929761543255,-4.50907381155));
#5637 = CARTESIAN_POINT('',(-2.57497745584,-4.591947943939));
#5638 = CARTESIAN_POINT('',(-2.898970325907,-4.634725178687));
#5639 = CARTESIAN_POINT('',(-3.222823670299,-4.678526359594));
#5640 = CARTESIAN_POINT('',(-3.546551631982,-4.723238341167));
#5641 = CARTESIAN_POINT('',(-3.870168747024,-4.768747750969));
#5642 = CARTESIAN_POINT('',(-4.193688254137,-4.814939374752));
#5643 = CARTESIAN_POINT('',(-4.738250077987,-4.893668080911));
#5644 = CARTESIAN_POINT('',(-4.959336064436,-4.925902275563));
#5645 = CARTESIAN_POINT('',(-5.180388209157,-4.958365658159));
#5646 = CARTESIAN_POINT('',(-5.40141164288,-4.99102221225));
#5647 = CARTESIAN_POINT('',(-5.622411708409,-5.023836127201));
#5648 = CARTESIAN_POINT('',(-5.84339378397,-5.05677156266));
#5649 = CARTESIAN_POINT('',(-6.242457740041,-5.116406226107));
#5650 = CARTESIAN_POINT('',(-6.420544098529,-5.143075555603));
#5651 = CARTESIAN_POINT('',(-6.598624983843,-5.169781585727));
#5652 = CARTESIAN_POINT('',(-6.776703199894,-5.196505501));
#5653 = CARTESIAN_POINT('',(-6.954781552686,-5.223228486268));
#5654 = CARTESIAN_POINT('',(-7.132862850322,-5.249931726699));
#5655 = CARTESIAN_POINT('',(-7.459355730395,-5.298816967893));
#5656 = CARTESIAN_POINT('',(-7.607765548041,-5.321010749764));
#5657 = CARTESIAN_POINT('',(-7.756180980591,-5.343166865069));
#5658 = CARTESIAN_POINT('',(-7.90460364371,-5.36527442416));
#5659 = CARTESIAN_POINT('',(-8.053035144069,-5.387322536076));
#5660 = CARTESIAN_POINT('',(-8.201477079352,-5.409300308537));
#5661 = CARTESIAN_POINT('',(-8.788696834775,-5.495913562981));
#5662 = CARTESIAN_POINT('',(-9.227566784265,-5.559920281955));
#5663 = CARTESIAN_POINT('',(-9.666585475024,-5.622938907465));
#5664 = CARTESIAN_POINT('',(-10.1057842431,-5.684678060294));
#5665 = CARTESIAN_POINT('',(-10.54519946548,-5.744853398728));
#5666 = CARTESIAN_POINT('',(-10.98486992329,-5.803185529218));
#5667 = CARTESIAN_POINT('',(-11.68613436875,-5.892751692666));
#5668 = CARTESIAN_POINT('',(-11.94755208666,-5.925372582201));
#5669 = CARTESIAN_POINT('',(-12.20907056985,-5.957176199029));
#5670 = CARTESIAN_POINT('',(-12.47069473858,-5.988101595916));
#5671 = CARTESIAN_POINT('',(-12.73242913457,-6.018087864051));
#5672 = CARTESIAN_POINT('',(-12.99427680317,-6.047073140748));
#5673 = CARTESIAN_POINT('',(-13.45188170783,-6.095845777792));
#5674 = CARTESIAN_POINT('',(-13.64758867468,-6.116104059203));
#5675 = CARTESIAN_POINT('',(-13.84335956092,-6.135742146827));
#5676 = CARTESIAN_POINT('',(-14.039194653,-6.154733712119));
#5677 = CARTESIAN_POINT('',(-14.23509403907,-6.173052412544));
#5678 = CARTESIAN_POINT('',(-14.43105760896,-6.190671891569));
#5679 = CARTESIAN_POINT('',(-14.92279130255,-6.233050108011));
#5680 = CARTESIAN_POINT('',(-15.21864365315,-6.256883444988));
#5681 = CARTESIAN_POINT('',(-15.51463835701,-6.278974915307));
#5682 = CARTESIAN_POINT('',(-15.81076451891,-6.299232465718));
#5683 = CARTESIAN_POINT('',(-16.10701149413,-6.317564083124));
#5684 = CARTESIAN_POINT('',(-16.4033698444,-6.33387801617));
#5685 = CARTESIAN_POINT('',(-16.99961628465,-6.362445743362));
#5686 = CARTESIAN_POINT('',(-17.29950630121,-6.374651854197));
#5687 = CARTESIAN_POINT('',(-17.59948470758,-6.384605254309));
#5688 = CARTESIAN_POINT('',(-17.89953864192,-6.392211146261));
#5689 = CARTESIAN_POINT('',(-18.19965357609,-6.397375012697));
#5690 = CARTESIAN_POINT('',(-18.49981331568,-6.400002616342));
#5691 = CARTESIAN_POINT('',(-18.8,-6.4));
#5692 = ( GEOMETRIC_REPRESENTATION_CONTEXT(2) 
PARAMETRIC_REPRESENTATION_CONTEXT() REPRESENTATION_CONTEXT('2D SPACE',''
  ) );
#5693 = PCURVE('',#5694,#5725);
#5694 = B_SPLINE_SURFACE_WITH_KNOTS('',3,1,(
    (#5695,#5696)
    ,(#5697,#5698)
    ,(#5699,#5700)
    ,(#5701,#5702)
    ,(#5703,#5704)
    ,(#5705,#5706)
    ,(#5707,#5708)
    ,(#5709,#5710)
    ,(#5711,#5712)
    ,(#5713,#5714)
    ,(#5715,#5716)
    ,(#5717,#5718)
    ,(#5719,#5720)
    ,(#5721,#5722)
    ,(#5723,#5724
    )),.UNSPECIFIED.,.F.,.F.,.F.,(4,1,1,1,1,1,1,1,1,1,1,1,4),(2,2),(0.,
    2.000557406892,4.004814065379,6.014514691078,8.029736472213,
    10.049318463555,12.071283114429,14.093247765303,16.112829756645,
    18.12805153778,20.137752163479,22.142008821966,24.142566228858),(0.,
    1.),.UNSPECIFIED.);
#5695 = CARTESIAN_POINT('',(147.,-70.4,5.4));
#5696 = CARTESIAN_POINT('',(65.,-70.4,5.4));
#5697 = CARTESIAN_POINT('',(147.,-71.06709240435,5.400005814187));
#5698 = CARTESIAN_POINT('',(65.,-71.06709240435,5.400005814187));
#5699 = CARTESIAN_POINT('',(147.,-72.40182802419,5.366586997704));
#5700 = CARTESIAN_POINT('',(65.,-72.40182802419,5.366586997704));
#5701 = CARTESIAN_POINT('',(147.,-74.40278057006,5.2331027456));
#5702 = CARTESIAN_POINT('',(65.,-74.40278057006,5.2331027456));
#5703 = CARTESIAN_POINT('',(147.,-76.40277138353,5.033014937547));
#5704 = CARTESIAN_POINT('',(65.,-76.40277138353,5.033014937547));
#5705 = CARTESIAN_POINT('',(147.,-78.40218423979,4.783036136602));
#5706 = CARTESIAN_POINT('',(65.,-78.40218423979,4.783036136602));
#5707 = CARTESIAN_POINT('',(147.,-80.40118904718,4.499822755256));
#5708 = CARTESIAN_POINT('',(65.,-80.40118904718,4.499822755256));
#5709 = CARTESIAN_POINT('',(147.,-82.4,4.2));
#5710 = CARTESIAN_POINT('',(65.,-82.4,4.2));
#5711 = CARTESIAN_POINT('',(147.,-84.39881095281,3.900177244744));
#5712 = CARTESIAN_POINT('',(65.,-84.39881095281,3.900177244744));
#5713 = CARTESIAN_POINT('',(147.,-86.3978157602,3.616963863398));
#5714 = CARTESIAN_POINT('',(65.,-86.3978157602,3.616963863398));
#5715 = CARTESIAN_POINT('',(147.,-88.39722861647,3.366985062453));
#5716 = CARTESIAN_POINT('',(65.,-88.39722861647,3.366985062453));
#5717 = CARTESIAN_POINT('',(147.,-90.39721942993,3.1668972544));
#5718 = CARTESIAN_POINT('',(65.,-90.39721942993,3.1668972544));
#5719 = CARTESIAN_POINT('',(147.,-92.3981719758,3.033413002296));
#5720 = CARTESIAN_POINT('',(65.,-92.3981719758,3.033413002296));
#5721 = CARTESIAN_POINT('',(147.,-93.73290759565,2.999994185813));
#5722 = CARTESIAN_POINT('',(65.,-93.73290759565,2.999994185813));
#5723 = CARTESIAN_POINT('',(147.,-94.4,3.));
#5724 = CARTESIAN_POINT('',(65.,-94.4,3.));
#5725 = DEFINITIONAL_REPRESENTATION('',(#5726),#5789);
#5726 = B_SPLINE_CURVE_WITH_KNOTS('',7,(#5727,#5728,#5729,#5730,#5731,
    #5732,#5733,#5734,#5735,#5736,#5737,#5738,#5739,#5740,#5741,#5742,
    #5743,#5744,#5745,#5746,#5747,#5748,#5749,#5750,#5751,#5752,#5753,
    #5754,#5755,#5756,#5757,#5758,#5759,#5760,#5761,#5762,#5763,#5764,
    #5765,#5766,#5767,#5768,#5769,#5770,#5771,#5772,#5773,#5774,#5775,
    #5776,#5777,#5778,#5779,#5780,#5781,#5782,#5783,#5784,#5785,#5786,
    #5787,#5788),.UNSPECIFIED.,.F.,.F.,(8,6,6,6,6,6,6,6,6,6,8),(0.,
    0.119684861226,0.240511411713,0.323116982774,0.3896945906,
    0.445175911822,0.609154739183,0.706556226846,0.779299665728,
    0.889032715483,1.),.UNSPECIFIED.);
#5727 = CARTESIAN_POINT('',(18.932623729452,0.173170731707));
#5728 = CARTESIAN_POINT('',(18.608917473761,0.173170731707));
#5729 = CARTESIAN_POINT('',(18.285210953527,0.173170731707));
#5730 = CARTESIAN_POINT('',(17.961506225414,0.173170731707));
#5731 = CARTESIAN_POINT('',(17.637793198568,0.173170731707));
#5732 = CARTESIAN_POINT('',(17.31408625785,0.173170731707));
#5733 = CARTESIAN_POINT('',(16.990378164619,0.173170731707));
#5734 = CARTESIAN_POINT('',(16.339874452101,0.173170731707));
#5735 = CARTESIAN_POINT('',(16.013079268673,0.173170731707));
#5736 = CARTESIAN_POINT('',(15.686280820884,0.173170731707));
#5737 = CARTESIAN_POINT('',(15.359481844094,0.173170731707));
#5738 = CARTESIAN_POINT('',(15.032684042801,0.173170731707));
#5739 = CARTESIAN_POINT('',(14.705886202474,0.173170731707));
#5740 = CARTESIAN_POINT('',(14.155665752529,0.173170731707));
#5741 = CARTESIAN_POINT('',(13.932243297031,0.173170731707));
#5742 = CARTESIAN_POINT('',(13.708820503818,0.173170731707));
#5743 = CARTESIAN_POINT('',(13.485397496787,0.173170731707));
#5744 = CARTESIAN_POINT('',(13.26197450804,0.173170731707));
#5745 = CARTESIAN_POINT('',(13.038551670207,0.173170731707));
#5746 = CARTESIAN_POINT('',(12.635056696713,0.173170731707));
#5747 = CARTESIAN_POINT('',(12.454984616362,0.173170731707));
#5748 = CARTESIAN_POINT('',(12.274912559709,0.173170731707));
#5749 = CARTESIAN_POINT('',(12.094840516629,0.173170731707));
#5750 = CARTESIAN_POINT('',(11.914768474878,0.173170731707));
#5751 = CARTESIAN_POINT('',(11.734696420088,0.173170731707));
#5752 = CARTESIAN_POINT('',(11.404564315906,0.173170731707));
#5753 = CARTESIAN_POINT('',(11.254504281907,0.173170731707));
#5754 = CARTESIAN_POINT('',(11.10444422588,0.173170731707));
#5755 = CARTESIAN_POINT('',(10.954384149018,0.173170731707));
#5756 = CARTESIAN_POINT('',(10.804324061596,0.173170731707));
#5757 = CARTESIAN_POINT('',(10.654263982979,0.173170731707));
#5758 = CARTESIAN_POINT('',(10.060691258871,0.173170731707));
#5759 = CARTESIAN_POINT('',(9.617179082166,0.173170731707));
#5760 = CARTESIAN_POINT('',(9.173670492849,0.173170731707));
#5761 = CARTESIAN_POINT('',(8.73015772315,0.173170731707));
#5762 = CARTESIAN_POINT('',(8.28664317144,0.173170731707));
#5763 = CARTESIAN_POINT('',(7.843136542098,0.173170731707));
#5764 = CARTESIAN_POINT('',(7.136189336973,0.173170731707));
#5765 = CARTESIAN_POINT('',(6.87275076633,0.173170731707));
#5766 = CARTESIAN_POINT('',(6.609311200411,0.173170731707));
#5767 = CARTESIAN_POINT('',(6.345871246594,0.173170731707));
#5768 = CARTESIAN_POINT('',(6.082432105111,0.173170731707));
#5769 = CARTESIAN_POINT('',(5.818994356879,0.173170731707));
#5770 = CARTESIAN_POINT('',(5.358810707544,0.173170731707));
#5771 = CARTESIAN_POINT('',(5.162064819966,0.173170731707));
#5772 = CARTESIAN_POINT('',(4.965318923444,0.173170731707));
#5773 = CARTESIAN_POINT('',(4.768573051573,0.173170731707));
#5774 = CARTESIAN_POINT('',(4.571827436708,0.173170731707));
#5775 = CARTESIAN_POINT('',(4.375082509964,0.173170731707));
#5776 = CARTESIAN_POINT('',(3.881552324458,0.173170731707));
#5777 = CARTESIAN_POINT('',(3.584769708471,0.173170731707));
#5778 = CARTESIAN_POINT('',(3.28799034788,0.173170731707));
#5779 = CARTESIAN_POINT('',(2.991208899836,0.173170731707));
#5780 = CARTESIAN_POINT('',(2.694422880414,0.173170731707));
#5781 = CARTESIAN_POINT('',(2.39763363581,0.173170731707));
#5782 = CARTESIAN_POINT('',(1.800709730056,0.173170731707));
#5783 = CARTESIAN_POINT('',(1.500575027267,0.173170731707));
#5784 = CARTESIAN_POINT('',(1.200439341279,0.173170731707));
#5785 = CARTESIAN_POINT('',(0.900307047936,0.173170731707));
#5786 = CARTESIAN_POINT('',(0.6001842376,0.173170731707));
#5787 = CARTESIAN_POINT('',(0.300078715155,0.173170731707));
#5788 = CARTESIAN_POINT('',(0.,0.173170731707));
#5789 = ( GEOMETRIC_REPRESENTATION_CONTEXT(2) 
PARAMETRIC_REPRESENTATION_CONTEXT() REPRESENTATION_CONTEXT('2D SPACE',''
  ) );
#5790 = ORIENTED_EDGE('',*,*,#5791,.T.);
#5791 = EDGE_CURVE('',#5561,#5405,#5792,.T.);
#5792 = SURFACE_CURVE('',#5793,(#5797,#5804),.PCURVE_S1.);
#5793 = LINE('',#5794,#5795);
#5794 = CARTESIAN_POINT('',(132.8,-88.19629883308,1.6));
#5795 = VECTOR('',#5796,1.);
#5796 = DIRECTION('',(0.,-0.,-1.));
#5797 = PCURVE('',#1843,#5798);
#5798 = DEFINITIONAL_REPRESENTATION('',(#5799),#5803);
#5799 = LINE('',#5800,#5801);
#5800 = CARTESIAN_POINT('',(-1.003701166919,-2.6));
#5801 = VECTOR('',#5802,1.);
#5802 = DIRECTION('',(-0.,1.));
#5803 = ( GEOMETRIC_REPRESENTATION_CONTEXT(2) 
PARAMETRIC_REPRESENTATION_CONTEXT() REPRESENTATION_CONTEXT('2D SPACE',''
  ) );
#5804 = PCURVE('',#5805,#5810);
#5805 = CYLINDRICAL_SURFACE('',#5806,3.);
#5806 = AXIS2_PLACEMENT_3D('',#5807,#5808,#5809);
#5807 = CARTESIAN_POINT('',(134.1,-90.9,1.6));
#5808 = DIRECTION('',(0.,-0.,-1.));
#5809 = DIRECTION('',(-1.,-0.,-0.));
#5810 = DEFINITIONAL_REPRESENTATION('',(#5811),#5815);
#5811 = LINE('',#5812,#5813);
#5812 = CARTESIAN_POINT('',(7.405793497995,0.));
#5813 = VECTOR('',#5814,1.);
#5814 = DIRECTION('',(0.,1.));
#5815 = ( GEOMETRIC_REPRESENTATION_CONTEXT(2) 
PARAMETRIC_REPRESENTATION_CONTEXT() REPRESENTATION_CONTEXT('2D SPACE',''
  ) );
#5816 = ADVANCED_FACE('',(#5817),#1959,.F.);
#5817 = FACE_BOUND('',#5818,.F.);
#5818 = EDGE_LOOP('',(#5819,#5843,#5864,#5865));
#5819 = ORIENTED_EDGE('',*,*,#5820,.T.);
#5820 = EDGE_CURVE('',#5454,#5821,#5823,.T.);
#5821 = VERTEX_POINT('',#5822);
#5822 = CARTESIAN_POINT('',(131.8,-4.2,1.6));
#5823 = SURFACE_CURVE('',#5824,(#5829,#5836),.PCURVE_S1.);
#5824 = CIRCLE('',#5825,1.);
#5825 = AXIS2_PLACEMENT_3D('',#5826,#5827,#5828);
#5826 = CARTESIAN_POINT('',(131.8,-5.2,1.6));
#5827 = DIRECTION('',(0.,0.,1.));
#5828 = DIRECTION('',(-1.,-0.,-0.));
#5829 = PCURVE('',#1959,#5830);
#5830 = DEFINITIONAL_REPRESENTATION('',(#5831),#5835);
#5831 = LINE('',#5832,#5833);
#5832 = CARTESIAN_POINT('',(6.28318530718,-2.6));
#5833 = VECTOR('',#5834,1.);
#5834 = DIRECTION('',(-1.,0.));
#5835 = ( GEOMETRIC_REPRESENTATION_CONTEXT(2) 
PARAMETRIC_REPRESENTATION_CONTEXT() REPRESENTATION_CONTEXT('2D SPACE',''
  ) );
#5836 = PCURVE('',#5492,#5837);
#5837 = DEFINITIONAL_REPRESENTATION('',(#5838),#5842);
#5838 = CIRCLE('',#5839,1.);
#5839 = AXIS2_PLACEMENT_2D('',#5840,#5841);
#5840 = CARTESIAN_POINT('',(-2.3,-1.7));
#5841 = DIRECTION('',(-1.,0.));
#5842 = ( GEOMETRIC_REPRESENTATION_CONTEXT(2) 
PARAMETRIC_REPRESENTATION_CONTEXT() REPRESENTATION_CONTEXT('2D SPACE',''
  ) );
#5843 = ORIENTED_EDGE('',*,*,#5844,.T.);
#5844 = EDGE_CURVE('',#5821,#1943,#5845,.T.);
#5845 = SURFACE_CURVE('',#5846,(#5850,#5857),.PCURVE_S1.);
#5846 = LINE('',#5847,#5848);
#5847 = CARTESIAN_POINT('',(131.8,-4.2,-1.));
#5848 = VECTOR('',#5849,1.);
#5849 = DIRECTION('',(-0.,-0.,1.));
#5850 = PCURVE('',#1959,#5851);
#5851 = DEFINITIONAL_REPRESENTATION('',(#5852),#5856);
#5852 = LINE('',#5853,#5854);
#5853 = CARTESIAN_POINT('',(1.570796326795,0.));
#5854 = VECTOR('',#5855,1.);
#5855 = DIRECTION('',(0.,-1.));
#5856 = ( GEOMETRIC_REPRESENTATION_CONTEXT(2) 
PARAMETRIC_REPRESENTATION_CONTEXT() REPRESENTATION_CONTEXT('2D SPACE',''
  ) );
#5857 = PCURVE('',#1987,#5858);
#5858 = DEFINITIONAL_REPRESENTATION('',(#5859),#5863);
#5859 = LINE('',#5860,#5861);
#5860 = CARTESIAN_POINT('',(-0.,-0.));
#5861 = VECTOR('',#5862,1.);
#5862 = DIRECTION('',(-0.,-1.));
#5863 = ( GEOMETRIC_REPRESENTATION_CONTEXT(2) 
PARAMETRIC_REPRESENTATION_CONTEXT() REPRESENTATION_CONTEXT('2D SPACE',''
  ) );
#5864 = ORIENTED_EDGE('',*,*,#1942,.F.);
#5865 = ORIENTED_EDGE('',*,*,#5453,.F.);
#5866 = ADVANCED_FACE('',(#5867),#1987,.F.);
#5867 = FACE_BOUND('',#5868,.T.);
#5868 = EDGE_LOOP('',(#5869,#5892,#5893,#5894,#5917,#5945));
#5869 = ORIENTED_EDGE('',*,*,#5870,.T.);
#5870 = EDGE_CURVE('',#5871,#5821,#5873,.T.);
#5871 = VERTEX_POINT('',#5872);
#5872 = CARTESIAN_POINT('',(131.18280957083,-4.2,1.6));
#5873 = SURFACE_CURVE('',#5874,(#5878,#5885),.PCURVE_S1.);
#5874 = LINE('',#5875,#5876);
#5875 = CARTESIAN_POINT('',(132.95,-4.2,1.6));
#5876 = VECTOR('',#5877,1.);
#5877 = DIRECTION('',(1.,-0.,-0.));
#5878 = PCURVE('',#1987,#5879);
#5879 = DEFINITIONAL_REPRESENTATION('',(#5880),#5884);
#5880 = LINE('',#5881,#5882);
#5881 = CARTESIAN_POINT('',(1.15,-2.6));
#5882 = VECTOR('',#5883,1.);
#5883 = DIRECTION('',(1.,-0.));
#5884 = ( GEOMETRIC_REPRESENTATION_CONTEXT(2) 
PARAMETRIC_REPRESENTATION_CONTEXT() REPRESENTATION_CONTEXT('2D SPACE',''
  ) );
#5885 = PCURVE('',#5492,#5886);
#5886 = DEFINITIONAL_REPRESENTATION('',(#5887),#5891);
#5887 = LINE('',#5888,#5889);
#5888 = CARTESIAN_POINT('',(-1.15,-0.7));
#5889 = VECTOR('',#5890,1.);
#5890 = DIRECTION('',(1.,-0.));
#5891 = ( GEOMETRIC_REPRESENTATION_CONTEXT(2) 
PARAMETRIC_REPRESENTATION_CONTEXT() REPRESENTATION_CONTEXT('2D SPACE',''
  ) );
#5892 = ORIENTED_EDGE('',*,*,#5844,.T.);
#5893 = ORIENTED_EDGE('',*,*,#1971,.F.);
#5894 = ORIENTED_EDGE('',*,*,#5895,.F.);
#5895 = EDGE_CURVE('',#5896,#1972,#5898,.T.);
#5896 = VERTEX_POINT('',#5897);
#5897 = CARTESIAN_POINT('',(30.8,-4.2,5.4));
#5898 = SURFACE_CURVE('',#5899,(#5903,#5910),.PCURVE_S1.);
#5899 = LINE('',#5900,#5901);
#5900 = CARTESIAN_POINT('',(30.8,-4.2,-1.));
#5901 = VECTOR('',#5902,1.);
#5902 = DIRECTION('',(-0.,-0.,1.));
#5903 = PCURVE('',#1987,#5904);
#5904 = DEFINITIONAL_REPRESENTATION('',(#5905),#5909);
#5905 = LINE('',#5906,#5907);
#5906 = CARTESIAN_POINT('',(-101.,0.));
#5907 = VECTOR('',#5908,1.);
#5908 = DIRECTION('',(-0.,-1.));
#5909 = ( GEOMETRIC_REPRESENTATION_CONTEXT(2) 
PARAMETRIC_REPRESENTATION_CONTEXT() REPRESENTATION_CONTEXT('2D SPACE',''
  ) );
#5910 = PCURVE('',#2016,#5911);
#5911 = DEFINITIONAL_REPRESENTATION('',(#5912),#5916);
#5912 = LINE('',#5913,#5914);
#5913 = CARTESIAN_POINT('',(1.570796326795,0.));
#5914 = VECTOR('',#5915,1.);
#5915 = DIRECTION('',(0.,-1.));
#5916 = ( GEOMETRIC_REPRESENTATION_CONTEXT(2) 
PARAMETRIC_REPRESENTATION_CONTEXT() REPRESENTATION_CONTEXT('2D SPACE',''
  ) );
#5917 = ORIENTED_EDGE('',*,*,#5918,.T.);
#5918 = EDGE_CURVE('',#5896,#5919,#5921,.T.);
#5919 = VERTEX_POINT('',#5920);
#5920 = CARTESIAN_POINT('',(131.18280957083,-4.2,5.4));
#5921 = SURFACE_CURVE('',#5922,(#5926,#5933),.PCURVE_S1.);
#5922 = LINE('',#5923,#5924);
#5923 = CARTESIAN_POINT('',(98.4,-4.2,5.4));
#5924 = VECTOR('',#5925,1.);
#5925 = DIRECTION('',(1.,0.,-0.));
#5926 = PCURVE('',#1987,#5927);
#5927 = DEFINITIONAL_REPRESENTATION('',(#5928),#5932);
#5928 = LINE('',#5929,#5930);
#5929 = CARTESIAN_POINT('',(-33.4,-6.4));
#5930 = VECTOR('',#5931,1.);
#5931 = DIRECTION('',(1.,-0.));
#5932 = ( GEOMETRIC_REPRESENTATION_CONTEXT(2) 
PARAMETRIC_REPRESENTATION_CONTEXT() REPRESENTATION_CONTEXT('2D SPACE',''
  ) );
#5933 = PCURVE('',#5934,#5939);
#5934 = PLANE('',#5935);
#5935 = AXIS2_PLACEMENT_3D('',#5936,#5937,#5938);
#5936 = CARTESIAN_POINT('',(65.,10.,5.4));
#5937 = DIRECTION('',(-0.,-0.,1.));
#5938 = DIRECTION('',(0.,1.,0.));
#5939 = DEFINITIONAL_REPRESENTATION('',(#5940),#5944);
#5940 = LINE('',#5941,#5942);
#5941 = CARTESIAN_POINT('',(-14.2,-33.4));
#5942 = VECTOR('',#5943,1.);
#5943 = DIRECTION('',(-0.,-1.));
#5944 = ( GEOMETRIC_REPRESENTATION_CONTEXT(2) 
PARAMETRIC_REPRESENTATION_CONTEXT() REPRESENTATION_CONTEXT('2D SPACE',''
  ) );
#5945 = ORIENTED_EDGE('',*,*,#5946,.T.);
#5946 = EDGE_CURVE('',#5919,#5871,#5947,.T.);
#5947 = SURFACE_CURVE('',#5948,(#5952,#5959),.PCURVE_S1.);
#5948 = LINE('',#5949,#5950);
#5949 = CARTESIAN_POINT('',(131.18280957083,-4.2,1.6));
#5950 = VECTOR('',#5951,1.);
#5951 = DIRECTION('',(0.,-0.,-1.));
#5952 = PCURVE('',#1987,#5953);
#5953 = DEFINITIONAL_REPRESENTATION('',(#5954),#5958);
#5954 = LINE('',#5955,#5956);
#5955 = CARTESIAN_POINT('',(-0.617190429163,-2.6));
#5956 = VECTOR('',#5957,1.);
#5957 = DIRECTION('',(-0.,1.));
#5958 = ( GEOMETRIC_REPRESENTATION_CONTEXT(2) 
PARAMETRIC_REPRESENTATION_CONTEXT() REPRESENTATION_CONTEXT('2D SPACE',''
  ) );
#5959 = PCURVE('',#5960,#5965);
#5960 = CYLINDRICAL_SURFACE('',#5961,3.);
#5961 = AXIS2_PLACEMENT_3D('',#5962,#5963,#5964);
#5962 = CARTESIAN_POINT('',(134.1,-3.5,1.6));
#5963 = DIRECTION('',(0.,-0.,-1.));
#5964 = DIRECTION('',(-1.,-0.,-0.));
#5965 = DEFINITIONAL_REPRESENTATION('',(#5966),#5970);
#5966 = LINE('',#5967,#5968);
#5967 = CARTESIAN_POINT('',(6.047681070459,0.));
#5968 = VECTOR('',#5969,1.);
#5969 = DIRECTION('',(0.,1.));
#5970 = ( GEOMETRIC_REPRESENTATION_CONTEXT(2) 
PARAMETRIC_REPRESENTATION_CONTEXT() REPRESENTATION_CONTEXT('2D SPACE',''
  ) );
#5971 = ADVANCED_FACE('',(#5972),#2016,.F.);
#5972 = FACE_BOUND('',#5973,.F.);
#5973 = EDGE_LOOP('',(#5974,#5998,#6019,#6020));
#5974 = ORIENTED_EDGE('',*,*,#5975,.T.);
#5975 = EDGE_CURVE('',#5896,#5976,#5978,.T.);
#5976 = VERTEX_POINT('',#5977);
#5977 = CARTESIAN_POINT('',(29.8,-5.2,5.4));
#5978 = SURFACE_CURVE('',#5979,(#5984,#5991),.PCURVE_S1.);
#5979 = CIRCLE('',#5980,1.);
#5980 = AXIS2_PLACEMENT_3D('',#5981,#5982,#5983);
#5981 = CARTESIAN_POINT('',(30.8,-5.2,5.4));
#5982 = DIRECTION('',(0.,0.,1.));
#5983 = DIRECTION('',(-1.,-0.,-0.));
#5984 = PCURVE('',#2016,#5985);
#5985 = DEFINITIONAL_REPRESENTATION('',(#5986),#5990);
#5986 = LINE('',#5987,#5988);
#5987 = CARTESIAN_POINT('',(6.28318530718,-6.4));
#5988 = VECTOR('',#5989,1.);
#5989 = DIRECTION('',(-1.,0.));
#5990 = ( GEOMETRIC_REPRESENTATION_CONTEXT(2) 
PARAMETRIC_REPRESENTATION_CONTEXT() REPRESENTATION_CONTEXT('2D SPACE',''
  ) );
#5991 = PCURVE('',#5934,#5992);
#5992 = DEFINITIONAL_REPRESENTATION('',(#5993),#5997);
#5993 = CIRCLE('',#5994,1.);
#5994 = AXIS2_PLACEMENT_2D('',#5995,#5996);
#5995 = CARTESIAN_POINT('',(-15.2,34.2));
#5996 = DIRECTION('',(-0.,1.));
#5997 = ( GEOMETRIC_REPRESENTATION_CONTEXT(2) 
PARAMETRIC_REPRESENTATION_CONTEXT() REPRESENTATION_CONTEXT('2D SPACE',''
  ) );
#5998 = ORIENTED_EDGE('',*,*,#5999,.T.);
#5999 = EDGE_CURVE('',#5976,#2000,#6000,.T.);
#6000 = SURFACE_CURVE('',#6001,(#6005,#6012),.PCURVE_S1.);
#6001 = LINE('',#6002,#6003);
#6002 = CARTESIAN_POINT('',(29.8,-5.2,-1.));
#6003 = VECTOR('',#6004,1.);
#6004 = DIRECTION('',(-0.,-0.,1.));
#6005 = PCURVE('',#2016,#6006);
#6006 = DEFINITIONAL_REPRESENTATION('',(#6007),#6011);
#6007 = LINE('',#6008,#6009);
#6008 = CARTESIAN_POINT('',(0.,0.));
#6009 = VECTOR('',#6010,1.);
#6010 = DIRECTION('',(0.,-1.));
#6011 = ( GEOMETRIC_REPRESENTATION_CONTEXT(2) 
PARAMETRIC_REPRESENTATION_CONTEXT() REPRESENTATION_CONTEXT('2D SPACE',''
  ) );
#6012 = PCURVE('',#2044,#6013);
#6013 = DEFINITIONAL_REPRESENTATION('',(#6014),#6018);
#6014 = LINE('',#6015,#6016);
#6015 = CARTESIAN_POINT('',(-84.,-0.));
#6016 = VECTOR('',#6017,1.);
#6017 = DIRECTION('',(-0.,-1.));
#6018 = ( GEOMETRIC_REPRESENTATION_CONTEXT(2) 
PARAMETRIC_REPRESENTATION_CONTEXT() REPRESENTATION_CONTEXT('2D SPACE',''
  ) );
#6019 = ORIENTED_EDGE('',*,*,#1999,.F.);
#6020 = ORIENTED_EDGE('',*,*,#5895,.F.);
#6021 = ADVANCED_FACE('',(#6022,#6234,#6689),#2122,.F.);
#6022 = FACE_BOUND('',#6023,.F.);
#6023 = EDGE_LOOP('',(#6024,#6025,#6059,#6078,#6079,#6080,#6081,#6120,
    #6141,#6180));
#6024 = ORIENTED_EDGE('',*,*,#4446,.F.);
#6025 = ORIENTED_EDGE('',*,*,#6026,.T.);
#6026 = EDGE_CURVE('',#4367,#6027,#6029,.T.);
#6027 = VERTEX_POINT('',#6028);
#6028 = CARTESIAN_POINT('',(36.,-94.4,6.1952));
#6029 = SURFACE_CURVE('',#6030,(#6046,#6053),.PCURVE_S1.);
#6030 = B_SPLINE_CURVE_WITH_KNOTS('',3,(#6031,#6032,#6033,#6034,#6035,
    #6036,#6037,#6038,#6039,#6040,#6041,#6042,#6043,#6044,#6045),
  .UNSPECIFIED.,.F.,.F.,(4,1,1,1,1,1,1,1,1,1,1,1,4),(0.,2.00000000223,
    4.000000019275,6.000000058171,8.00000011929,10.000000198002,
    12.000000286343,14.000000374684,16.000000453395,18.000000514514,
    20.00000055341,22.000000570455,24.000000572685),.UNSPECIFIED.);
#6031 = CARTESIAN_POINT('',(36.,-70.4,6.2));
#6032 = CARTESIAN_POINT('',(36.,-71.06666666835,6.2));
#6033 = CARTESIAN_POINT('',(36.,-72.40000000733,6.199933333333));
#6034 = CARTESIAN_POINT('',(36.,-74.40000001119,6.199666666665));
#6035 = CARTESIAN_POINT('',(36.,-76.40000001122,6.199266666664));
#6036 = CARTESIAN_POINT('',(36.,-78.40000000889,6.198766666664));
#6037 = CARTESIAN_POINT('',(36.,-80.40000000486,6.198199999999));
#6038 = CARTESIAN_POINT('',(36.,-82.4,6.1976));
#6039 = CARTESIAN_POINT('',(36.,-84.39999999514,6.197000000001));
#6040 = CARTESIAN_POINT('',(36.,-86.3999999911,6.196433333336));
#6041 = CARTESIAN_POINT('',(36.,-88.39999998877,6.195933333336));
#6042 = CARTESIAN_POINT('',(36.,-90.3999999888,6.195533333335));
#6043 = CARTESIAN_POINT('',(36.,-92.39999999266,6.195266666667));
#6044 = CARTESIAN_POINT('',(36.,-93.73333333164,6.1952));
#6045 = CARTESIAN_POINT('',(36.,-94.4,6.1952));
#6046 = PCURVE('',#2122,#6047);
#6047 = DEFINITIONAL_REPRESENTATION('',(#6048),#6052);
#6048 = LINE('',#6049,#6050);
#6049 = CARTESIAN_POINT('',(0.,0.));
#6050 = VECTOR('',#6051,1.);
#6051 = DIRECTION('',(1.,0.));
#6052 = ( GEOMETRIC_REPRESENTATION_CONTEXT(2) 
PARAMETRIC_REPRESENTATION_CONTEXT() REPRESENTATION_CONTEXT('2D SPACE',''
  ) );
#6053 = PCURVE('',#4386,#6054);
#6054 = DEFINITIONAL_REPRESENTATION('',(#6055),#6058);
#6055 = B_SPLINE_CURVE_WITH_KNOTS('',1,(#6056,#6057),.UNSPECIFIED.,.F.,
  .F.,(2,2),(0.,24.000000572685),.PIECEWISE_BEZIER_KNOTS.);
#6056 = CARTESIAN_POINT('',(0.,1.));
#6057 = CARTESIAN_POINT('',(24.000264337012,1.));
#6058 = ( GEOMETRIC_REPRESENTATION_CONTEXT(2) 
PARAMETRIC_REPRESENTATION_CONTEXT() REPRESENTATION_CONTEXT('2D SPACE',''
  ) );
#6059 = ORIENTED_EDGE('',*,*,#6060,.T.);
#6060 = EDGE_CURVE('',#6027,#3215,#6061,.T.);
#6061 = SURFACE_CURVE('',#6062,(#6065,#6072),.PCURVE_S1.);
#6062 = B_SPLINE_CURVE_WITH_KNOTS('',1,(#6063,#6064),.UNSPECIFIED.,.F.,
  .F.,(2,2),(0.,1.),.PIECEWISE_BEZIER_KNOTS.);
#6063 = CARTESIAN_POINT('',(36.,-94.4,6.1952));
#6064 = CARTESIAN_POINT('',(-12.38,-94.4,6.1952));
#6065 = PCURVE('',#2122,#6066);
#6066 = DEFINITIONAL_REPRESENTATION('',(#6067),#6071);
#6067 = LINE('',#6068,#6069);
#6068 = CARTESIAN_POINT('',(24.000000572685,0.));
#6069 = VECTOR('',#6070,1.);
#6070 = DIRECTION('',(0.,1.));
#6071 = ( GEOMETRIC_REPRESENTATION_CONTEXT(2) 
PARAMETRIC_REPRESENTATION_CONTEXT() REPRESENTATION_CONTEXT('2D SPACE',''
  ) );
#6072 = PCURVE('',#3312,#6073);
#6073 = DEFINITIONAL_REPRESENTATION('',(#6074),#6077);
#6074 = B_SPLINE_CURVE_WITH_KNOTS('',1,(#6075,#6076),.UNSPECIFIED.,.F.,
  .F.,(2,2),(0.,1.),.PIECEWISE_BEZIER_KNOTS.);
#6075 = CARTESIAN_POINT('',(0.,-48.38));
#6076 = CARTESIAN_POINT('',(0.,0.));
#6077 = ( GEOMETRIC_REPRESENTATION_CONTEXT(2) 
PARAMETRIC_REPRESENTATION_CONTEXT() REPRESENTATION_CONTEXT('2D SPACE',''
  ) );
#6078 = ORIENTED_EDGE('',*,*,#3214,.F.);
#6079 = ORIENTED_EDGE('',*,*,#2458,.T.);
#6080 = ORIENTED_EDGE('',*,*,#2108,.F.);
#6081 = ORIENTED_EDGE('',*,*,#6082,.F.);
#6082 = EDGE_CURVE('',#6083,#2057,#6085,.T.);
#6083 = VERTEX_POINT('',#6084);
#6084 = CARTESIAN_POINT('',(27.8,-93.6,6.195215644444));
#6085 = SURFACE_CURVE('',#6086,(#6098,#6105),.PCURVE_S1.);
#6086 = B_SPLINE_CURVE_WITH_KNOTS('',4,(#6087,#6088,#6089,#6090,#6091,
    #6092,#6093,#6094,#6095,#6096,#6097),.UNSPECIFIED.,.F.,.F.,(5,3,3,5)
  ,(0.,0.334827586769,0.680344827843,1.),.UNSPECIFIED.);
#6087 = CARTESIAN_POINT('',(27.8,-93.6,6.195215644444));
#6088 = CARTESIAN_POINT('',(27.8,-91.65799994969,6.195290735113));
#6089 = CARTESIAN_POINT('',(27.8,-89.7159999101,6.195600488444));
#6090 = CARTESIAN_POINT('',(27.8,-87.77399991353,6.196063526759));
#6091 = CARTESIAN_POINT('',(27.8,-83.82799996372,6.197150496644));
#6092 = CARTESIAN_POINT('',(27.8,-81.82400001435,6.19777909291));
#6093 = CARTESIAN_POINT('',(27.8,-79.82000005989,6.198394837929));
#6094 = CARTESIAN_POINT('',(27.8,-75.96200009384,6.199383345488));
#6095 = CARTESIAN_POINT('',(27.8,-74.10800008789,6.199770845587));
#6096 = CARTESIAN_POINT('',(27.8,-72.25400004584,6.2));
#6097 = CARTESIAN_POINT('',(27.8,-70.4,6.2));
#6098 = PCURVE('',#2122,#6099);
#6099 = DEFINITIONAL_REPRESENTATION('',(#6100),#6104);
#6100 = B_SPLINE_CURVE_WITH_KNOTS('',2,(#6101,#6102,#6103),
  .UNSPECIFIED.,.F.,.F.,(3,3),(0.,1.),.PIECEWISE_BEZIER_KNOTS.);
#6101 = CARTESIAN_POINT('',(23.20000057311,0.169491525424));
#6102 = CARTESIAN_POINT('',(11.600000286144,0.169491525424));
#6103 = CARTESIAN_POINT('',(1.421085469508E-14,0.169491525424));
#6104 = ( GEOMETRIC_REPRESENTATION_CONTEXT(2) 
PARAMETRIC_REPRESENTATION_CONTEXT() REPRESENTATION_CONTEXT('2D SPACE',''
  ) );
#6105 = PCURVE('',#2070,#6106);
#6106 = DEFINITIONAL_REPRESENTATION('',(#6107),#6119);
#6107 = B_SPLINE_CURVE_WITH_KNOTS('',4,(#6108,#6109,#6110,#6111,#6112,
    #6113,#6114,#6115,#6116,#6117,#6118),.UNSPECIFIED.,.F.,.F.,(5,3,3,5)
  ,(0.,0.334827586769,0.680344827843,1.),.UNSPECIFIED.);
#6108 = CARTESIAN_POINT('',(23.200000573109,0.169491525424));
#6109 = CARTESIAN_POINT('',(21.258000521946,0.169491525424));
#6110 = CARTESIAN_POINT('',(19.316000470601,0.169491525424));
#6111 = CARTESIAN_POINT('',(17.374000419692,0.169491525424));
#6112 = CARTESIAN_POINT('',(13.428000320272,0.169491525424));
#6113 = CARTESIAN_POINT('',(11.4240002726,0.169491525424));
#6114 = CARTESIAN_POINT('',(9.420000224865,0.169491525424));
#6115 = CARTESIAN_POINT('',(5.562000132493,0.169491525424));
#6116 = CARTESIAN_POINT('',(3.708000089059,0.169491525424));
#6117 = CARTESIAN_POINT('',(1.854000043219,0.169491525424));
#6118 = CARTESIAN_POINT('',(0.,0.169491525424));
#6119 = ( GEOMETRIC_REPRESENTATION_CONTEXT(2) 
PARAMETRIC_REPRESENTATION_CONTEXT() REPRESENTATION_CONTEXT('2D SPACE',''
  ) );
#6120 = ORIENTED_EDGE('',*,*,#6121,.F.);
#6121 = EDGE_CURVE('',#6122,#6083,#6124,.T.);
#6122 = VERTEX_POINT('',#6123);
#6123 = CARTESIAN_POINT('',(29.8,-93.6,6.195215644444));
#6124 = SURFACE_CURVE('',#6125,(#6128,#6135),.PCURVE_S1.);
#6125 = B_SPLINE_CURVE_WITH_KNOTS('',1,(#6126,#6127),.UNSPECIFIED.,.F.,
  .F.,(2,2),(0.,1.),.PIECEWISE_BEZIER_KNOTS.);
#6126 = CARTESIAN_POINT('',(29.8,-93.6,6.195215644444));
#6127 = CARTESIAN_POINT('',(27.8,-93.6,6.195215644444));
#6128 = PCURVE('',#2122,#6129);
#6129 = DEFINITIONAL_REPRESENTATION('',(#6130),#6134);
#6130 = B_SPLINE_CURVE_WITH_KNOTS('',2,(#6131,#6132,#6133),
  .UNSPECIFIED.,.F.,.F.,(3,3),(0.,1.),.PIECEWISE_BEZIER_KNOTS.);
#6131 = CARTESIAN_POINT('',(23.20000057311,0.128152128979));
#6132 = CARTESIAN_POINT('',(23.20000057311,0.148821827201));
#6133 = CARTESIAN_POINT('',(23.20000057311,0.169491525424));
#6134 = ( GEOMETRIC_REPRESENTATION_CONTEXT(2) 
PARAMETRIC_REPRESENTATION_CONTEXT() REPRESENTATION_CONTEXT('2D SPACE',''
  ) );
#6135 = PCURVE('',#2070,#6136);
#6136 = DEFINITIONAL_REPRESENTATION('',(#6137),#6140);
#6137 = B_SPLINE_CURVE_WITH_KNOTS('',1,(#6138,#6139),.UNSPECIFIED.,.F.,
  .F.,(2,2),(0.,1.),.PIECEWISE_BEZIER_KNOTS.);
#6138 = CARTESIAN_POINT('',(23.20000057311,0.128152128979));
#6139 = CARTESIAN_POINT('',(23.20000057311,0.169491525424));
#6140 = ( GEOMETRIC_REPRESENTATION_CONTEXT(2) 
PARAMETRIC_REPRESENTATION_CONTEXT() REPRESENTATION_CONTEXT('2D SPACE',''
  ) );
#6141 = ORIENTED_EDGE('',*,*,#6142,.T.);
#6142 = EDGE_CURVE('',#6122,#6143,#6145,.T.);
#6143 = VERTEX_POINT('',#6144);
#6144 = CARTESIAN_POINT('',(29.8,-89.2,6.195778355555));
#6145 = SURFACE_CURVE('',#6146,(#6158,#6165),.PCURVE_S1.);
#6146 = B_SPLINE_CURVE_WITH_KNOTS('',4,(#6147,#6148,#6149,#6150,#6151,
    #6152,#6153,#6154,#6155,#6156,#6157),.UNSPECIFIED.,.F.,.F.,(5,3,3,5)
  ,(0.,0.334827586769,0.680344827843,1.),.UNSPECIFIED.);
#6147 = CARTESIAN_POINT('',(29.8,-93.6,6.195215644444));
#6148 = CARTESIAN_POINT('',(29.8,-91.65799994969,6.195290735113));
#6149 = CARTESIAN_POINT('',(29.8,-89.7159999101,6.195600488444));
#6150 = CARTESIAN_POINT('',(29.8,-87.77399991353,6.196063526759));
#6151 = CARTESIAN_POINT('',(29.8,-83.82799996372,6.197150496644));
#6152 = CARTESIAN_POINT('',(29.8,-81.82400001435,6.19777909291));
#6153 = CARTESIAN_POINT('',(29.8,-79.82000005989,6.198394837929));
#6154 = CARTESIAN_POINT('',(29.8,-75.96200009384,6.199383345488));
#6155 = CARTESIAN_POINT('',(29.8,-74.10800008789,6.199770845587));
#6156 = CARTESIAN_POINT('',(29.8,-72.25400004584,6.2));
#6157 = CARTESIAN_POINT('',(29.8,-70.4,6.2));
#6158 = PCURVE('',#2122,#6159);
#6159 = DEFINITIONAL_REPRESENTATION('',(#6160),#6164);
#6160 = B_SPLINE_CURVE_WITH_KNOTS('',2,(#6161,#6162,#6163),
  .UNSPECIFIED.,.F.,.F.,(3,3),(0.,1.),.PIECEWISE_BEZIER_KNOTS.);
#6161 = CARTESIAN_POINT('',(23.20000057311,0.128152128979));
#6162 = CARTESIAN_POINT('',(11.600000286144,0.128152128979));
#6163 = CARTESIAN_POINT('',(0.,0.128152128979));
#6164 = ( GEOMETRIC_REPRESENTATION_CONTEXT(2) 
PARAMETRIC_REPRESENTATION_CONTEXT() REPRESENTATION_CONTEXT('2D SPACE',''
  ) );
#6165 = PCURVE('',#2070,#6166);
#6166 = DEFINITIONAL_REPRESENTATION('',(#6167),#6179);
#6167 = B_SPLINE_CURVE_WITH_KNOTS('',4,(#6168,#6169,#6170,#6171,#6172,
    #6173,#6174,#6175,#6176,#6177,#6178),.UNSPECIFIED.,.F.,.F.,(5,3,3,5)
  ,(0.,0.334827586769,0.680344827843,1.),.UNSPECIFIED.);
#6168 = CARTESIAN_POINT('',(23.200000573109,0.128152128979));
#6169 = CARTESIAN_POINT('',(21.258000521946,0.128152128979));
#6170 = CARTESIAN_POINT('',(19.316000470601,0.128152128979));
#6171 = CARTESIAN_POINT('',(17.374000419692,0.128152128979));
#6172 = CARTESIAN_POINT('',(13.428000320272,0.128152128979));
#6173 = CARTESIAN_POINT('',(11.4240002726,0.128152128979));
#6174 = CARTESIAN_POINT('',(9.420000224865,0.128152128979));
#6175 = CARTESIAN_POINT('',(5.562000132493,0.128152128979));
#6176 = CARTESIAN_POINT('',(3.708000089059,0.128152128979));
#6177 = CARTESIAN_POINT('',(1.854000043219,0.128152128979));
#6178 = CARTESIAN_POINT('',(0.,0.128152128979));
#6179 = ( GEOMETRIC_REPRESENTATION_CONTEXT(2) 
PARAMETRIC_REPRESENTATION_CONTEXT() REPRESENTATION_CONTEXT('2D SPACE',''
  ) );
#6180 = ORIENTED_EDGE('',*,*,#6181,.T.);
#6181 = EDGE_CURVE('',#6143,#4447,#6182,.T.);
#6182 = SURFACE_CURVE('',#6183,(#6198,#6216),.PCURVE_S1.);
#6183 = B_SPLINE_CURVE_WITH_KNOTS('',7,(#6184,#6185,#6186,#6187,#6188,
    #6189,#6190,#6191,#6192,#6193,#6194,#6195,#6196,#6197),
  .UNSPECIFIED.,.F.,.F.,(8,6,8),(0.,0.600646685271,1.),.UNSPECIFIED.);
#6184 = CARTESIAN_POINT('',(29.8,-89.2,6.195778355556));
#6185 = CARTESIAN_POINT('',(29.8,-89.32268352768,6.19575336901));
#6186 = CARTESIAN_POINT('',(29.817559123261,-89.4451407028,
    6.195728926089));
#6187 = CARTESIAN_POINT('',(29.852565807503,-89.56578949879,
    6.195705358289));
#6188 = CARTESIAN_POINT('',(29.905468042432,-89.68255394939,
    6.195683058885));
#6189 = CARTESIAN_POINT('',(29.976610917494,-89.79270181198,
    6.195662492706));
#6190 = CARTESIAN_POINT('',(30.066005282384,-89.89292604475,
    6.195644145933));
#6191 = CARTESIAN_POINT('',(30.244302260089,-90.03639257663,
    6.195618274953));
#6192 = CARTESIAN_POINT('',(30.323325718379,-90.0874711567,
    6.195609185042));
#6193 = CARTESIAN_POINT('',(30.409643845481,-90.13083006754,
    6.195601562011));
#6194 = CARTESIAN_POINT('',(30.502287963583,-90.16491108611,
    6.195595629018));
#6195 = CARTESIAN_POINT('',(30.599755074622,-90.18831095669,
    6.195591575157));
#6196 = CARTESIAN_POINT('',(30.699904757411,-90.2,6.19558955));
#6197 = CARTESIAN_POINT('',(30.8,-90.2,6.19558955));
#6198 = PCURVE('',#2122,#6199);
#6199 = DEFINITIONAL_REPRESENTATION('',(#6200),#6215);
#6200 = B_SPLINE_CURVE_WITH_KNOTS('',7,(#6201,#6202,#6203,#6204,#6205,
    #6206,#6207,#6208,#6209,#6210,#6211,#6212,#6213,#6214),
  .UNSPECIFIED.,.F.,.F.,(8,6,8),(0.,0.600646685271,1.),.UNSPECIFIED.);
#6201 = CARTESIAN_POINT('',(18.800000532853,0.128152128979));
#6202 = CARTESIAN_POINT('',(18.922684063066,0.128152128979));
#6203 = CARTESIAN_POINT('',(19.045141240608,0.1277891872));
#6204 = CARTESIAN_POINT('',(19.165790038888,0.127065609601));
#6205 = CARTESIAN_POINT('',(19.282554491596,0.12597213637));
#6206 = CARTESIAN_POINT('',(19.392702356093,0.124501634612));
#6207 = CARTESIAN_POINT('',(19.492926590525,0.122653880066));
#6208 = CARTESIAN_POINT('',(19.636393124711,0.118968535343));
#6209 = CARTESIAN_POINT('',(19.687471705583,0.117335144308));
#6210 = CARTESIAN_POINT('',(19.73083061708,0.11555097467));
#6211 = CARTESIAN_POINT('',(19.764911636159,0.113636048706));
#6212 = CARTESIAN_POINT('',(19.788311507093,0.111621432935));
#6213 = CARTESIAN_POINT('',(19.800000550568,0.109551369214));
#6214 = CARTESIAN_POINT('',(19.800000550568,0.107482430757));
#6215 = ( GEOMETRIC_REPRESENTATION_CONTEXT(2) 
PARAMETRIC_REPRESENTATION_CONTEXT() REPRESENTATION_CONTEXT('2D SPACE',''
  ) );
#6216 = PCURVE('',#4494,#6217);
#6217 = DEFINITIONAL_REPRESENTATION('',(#6218),#6233);
#6218 = B_SPLINE_CURVE_WITH_KNOTS('',7,(#6219,#6220,#6221,#6222,#6223,
    #6224,#6225,#6226,#6227,#6228,#6229,#6230,#6231,#6232),
  .UNSPECIFIED.,.F.,.F.,(8,6,8),(0.,0.600646685271,1.),.UNSPECIFIED.);
#6219 = CARTESIAN_POINT('',(6.28318530718,-7.195778355556));
#6220 = CARTESIAN_POINT('',(6.160501779496,-7.19575336901));
#6221 = CARTESIAN_POINT('',(6.038044724842,-7.195728926089));
#6222 = CARTESIAN_POINT('',(5.91437977976,-7.195705358289));
#6223 = CARTESIAN_POINT('',(5.788614806078,-7.195683058885));
#6224 = CARTESIAN_POINT('',(5.659894367463,-7.195662492706));
#6225 = CARTESIAN_POINT('',(5.52741658904,-7.195644145933));
#6226 = CARTESIAN_POINT('',(5.298566292934,-7.195618274953));
#6227 = CARTESIAN_POINT('',(5.204977600396,-7.195609185042));
#6228 = CARTESIAN_POINT('',(5.109300752281,-7.195601562011));
#6229 = CARTESIAN_POINT('',(5.011740686838,-7.195595629018));
#6230 = CARTESIAN_POINT('',(4.91263354145,-7.195591575157));
#6231 = CARTESIAN_POINT('',(4.812484222973,-7.19558955));
#6232 = CARTESIAN_POINT('',(4.712388980385,-7.19558955));
#6233 = ( GEOMETRIC_REPRESENTATION_CONTEXT(2) 
PARAMETRIC_REPRESENTATION_CONTEXT() REPRESENTATION_CONTEXT('2D SPACE',''
  ) );
#6234 = FACE_BOUND('',#6235,.F.);
#6235 = EDGE_LOOP('',(#6236));
#6236 = ORIENTED_EDGE('',*,*,#6237,.T.);
#6237 = EDGE_CURVE('',#6238,#6238,#6240,.T.);
#6238 = VERTEX_POINT('',#6239);
#6239 = CARTESIAN_POINT('',(23.55,-90.9,6.195476475694));
#6240 = SURFACE_CURVE('',#6241,(#6328,#6541),.PCURVE_S1.);
#6241 = B_SPLINE_CURVE_WITH_KNOTS('',8,(#6242,#6243,#6244,#6245,#6246,
    #6247,#6248,#6249,#6250,#6251,#6252,#6253,#6254,#6255,#6256,#6257,
    #6258,#6259,#6260,#6261,#6262,#6263,#6264,#6265,#6266,#6267,#6268,
    #6269,#6270,#6271,#6272,#6273,#6274,#6275,#6276,#6277,#6278,#6279,
    #6280,#6281,#6282,#6283,#6284,#6285,#6286,#6287,#6288,#6289,#6290,
    #6291,#6292,#6293,#6294,#6295,#6296,#6297,#6298,#6299,#6300,#6301,
    #6302,#6303,#6304,#6305,#6306,#6307,#6308,#6309,#6310,#6311,#6312,
    #6313,#6314,#6315,#6316,#6317,#6318,#6319,#6320,#6321,#6322,#6323,
    #6324,#6325,#6326,#6327),.UNSPECIFIED.,.T.,.F.,(9,7,7,7,7,7,7,7,7,7,
    7,7,9),(0.,0.161608535583,0.286087102393,0.382539499999,
    0.504477289013,0.665960170579,0.753125548603,0.829353452684,
    0.92935674829,1.,1.071335968305,1.170536378893,1.333579677073),
  .UNSPECIFIED.);
#6242 = CARTESIAN_POINT('',(23.55,-90.9,6.195476475694));
#6243 = CARTESIAN_POINT('',(23.55,-91.06696309762,6.19545151819));
#6244 = CARTESIAN_POINT('',(23.565929659143,-91.23374141084,
    6.195427716642));
#6245 = CARTESIAN_POINT('',(23.597726323941,-91.39961150416,
    6.195405204417));
#6246 = CARTESIAN_POINT('',(23.645655484206,-91.56361852928,
    6.195384121598));
#6247 = CARTESIAN_POINT('',(23.710093103106,-91.72458591744,
    6.195364598205));
#6248 = CARTESIAN_POINT('',(23.7915442065,-91.88108521282,6.195346740051
    ));
#6249 = CARTESIAN_POINT('',(23.890534301772,-92.03145206073,
    6.195330613313));
#6250 = CARTESIAN_POINT('',(24.098434734454,-92.28316154989,
    6.195305192782));
#6251 = CARTESIAN_POINT('',(24.199730955629,-92.38769641156,
    6.195295193914));
#6252 = CARTESIAN_POINT('',(24.312189558877,-92.48628099798,
    6.195286273537));
#6253 = CARTESIAN_POINT('',(24.435991993362,-92.57751458188,
    6.195278467617));
#6254 = CARTESIAN_POINT('',(24.571007257185,-92.65969748404,
    6.195271802371));
#6255 = CARTESIAN_POINT('',(24.716686329423,-92.7308898964,
    6.195266289195));
#6256 = CARTESIAN_POINT('',(24.871897968226,-92.7890545747,
    6.195261934544));
#6257 = CARTESIAN_POINT('',(25.160641597873,-92.86606738366,
    6.195256292702));
#6258 = CARTESIAN_POINT('',(25.291297183399,-92.89084908691,
    6.195254533396));
#6259 = CARTESIAN_POINT('',(25.425019625633,-92.90579836935,
    6.195253499113));
#6260 = CARTESIAN_POINT('',(25.560232609175,-92.91037129509,
    6.195253187415));
#6261 = CARTESIAN_POINT('',(25.695342802268,-92.90440945459,
    6.195253594838));
#6262 = CARTESIAN_POINT('',(25.82876751539,-92.88811548275,
    6.195254724484));
#6263 = CARTESIAN_POINT('',(25.95896190144,-92.86206707744,
    6.195256578513));
#6264 = CARTESIAN_POINT('',(26.243085783595,-92.78327748161,
    6.195262368244));
#6265 = CARTESIAN_POINT('',(26.394378199578,-92.72525084206,
    6.195266728384));
#6266 = CARTESIAN_POINT('',(26.536446306192,-92.65485353648,
    6.195272200137));
#6267 = CARTESIAN_POINT('',(26.668254149824,-92.57399632999,
    6.195278777017));
#6268 = CARTESIAN_POINT('',(26.789299286638,-92.48449554597,
    6.195286447605));
#6269 = CARTESIAN_POINT('',(26.899463798266,-92.38794415775,
    6.195295187185));
#6270 = CARTESIAN_POINT('',(26.99891688063,-92.28565586793,
    6.195304962754));
#6271 = CARTESIAN_POINT('',(27.20588583959,-92.03669238081,
    6.195330056251));
#6272 = CARTESIAN_POINT('',(27.305367523643,-91.88660968221,
    6.195346120321));
#6273 = CARTESIAN_POINT('',(27.387311456752,-91.73035439403,
    6.195363915652));
#6274 = CARTESIAN_POINT('',(27.452245866105,-91.56959784422,
    6.195383376545));
#6275 = CARTESIAN_POINT('',(27.500677434435,-91.40577349367,
    6.195404397701));
#6276 = CARTESIAN_POINT('',(27.532986663757,-91.24005940391,
    6.195426849874));
#6277 = CARTESIAN_POINT('',(27.549443554216,-91.07340951879,
    6.195450594014));
#6278 = CARTESIAN_POINT('',(27.550283888822,-90.81646861638,
    6.19548894178));
#6279 = CARTESIAN_POINT('',(27.545942366381,-90.72639436474,
    6.195502713766));
#6280 = CARTESIAN_POINT('',(27.536966723419,-90.63646337418,
    6.195516788394));
#6281 = CARTESIAN_POINT('',(27.523340445644,-90.54682943478,
    6.195531135126));
#6282 = CARTESIAN_POINT('',(27.505032633345,-90.45765532786,
    6.195545719001));
#6283 = CARTESIAN_POINT('',(27.48199919612,-90.36911349926,
    6.195560500458));
#6284 = CARTESIAN_POINT('',(27.454181126374,-90.28138711385,
    6.195575435132));
#6285 = CARTESIAN_POINT('',(27.392919409058,-90.11883690721,
    6.195603625095));
#6286 = CARTESIAN_POINT('',(27.360624216322,-90.04378757422,
    6.195616853843));
#6287 = CARTESIAN_POINT('',(27.324562935583,-89.96965140721,
    6.19563012718));
#6288 = CARTESIAN_POINT('',(27.284677337343,-89.89657839036,
    6.195643406926));
#6289 = CARTESIAN_POINT('',(27.240905945048,-89.82473994957,
    6.195656649158));
#6290 = CARTESIAN_POINT('',(27.193186016098,-89.75432897253,
    6.195669803954));
#6291 = CARTESIAN_POINT('',(27.141453859213,-89.68556047648,
    6.195682815141));
#6292 = CARTESIAN_POINT('',(27.0124259296,-89.53092322303,6.195712418756
    ));
#6293 = CARTESIAN_POINT('',(26.932215957538,-89.44644277041,
    6.195728856301));
#6294 = CARTESIAN_POINT('',(26.844854129432,-89.36574233603,
    6.195744796088));
#6295 = CARTESIAN_POINT('',(26.750238141443,-89.28949889796,
    6.195760064206));
#6296 = CARTESIAN_POINT('',(26.648373454864,-89.21852331575,
    6.195774453035));
#6297 = CARTESIAN_POINT('',(26.539412400957,-89.15373758715,
    6.195787725772));
#6298 = CARTESIAN_POINT('',(26.423705583922,-89.09613741354,
    6.19579962704));
#6299 = CARTESIAN_POINT('',(26.21583732536,-89.01180391492,6.1958171651)
  );
#6300 = CARTESIAN_POINT('',(26.126738906883,-88.98097395489,
    6.195823615082));
#6301 = CARTESIAN_POINT('',(26.034916641741,-88.95461567223,
    6.195829157712));
#6302 = CARTESIAN_POINT('',(25.940763825448,-88.93308133177,
    6.19583370399));
#6303 = CARTESIAN_POINT('',(25.844748302312,-88.91667373466,
    6.195837177328));
#6304 = CARTESIAN_POINT('',(25.747416434271,-88.90562547569,
    6.195839519343));
#6305 = CARTESIAN_POINT('',(25.649397289805,-88.90006943369,
    6.195840697087));
#6306 = CARTESIAN_POINT('',(25.452455939174,-88.8999308802,
    6.195840726458));
#6307 = CARTESIAN_POINT('',(25.353461957298,-88.9054564394,
    6.195839555173));
#6308 = CARTESIAN_POINT('',(25.255161268342,-88.91658461941,
    6.195837196133));
#6309 = CARTESIAN_POINT('',(25.158201102824,-88.93317956691,
    6.195833683018));
#6310 = CARTESIAN_POINT('',(25.063143908806,-88.95500178276,
    6.195829075957));
#6311 = CARTESIAN_POINT('',(24.97047133405,-88.98173866987,6.19582345404
    ));
#6312 = CARTESIAN_POINT('',(24.880588042237,-89.01302597472,
    6.195816909289));
#6313 = CARTESIAN_POINT('',(24.673172436229,-89.09773515242,
    6.195799297196));
#6314 = CARTESIAN_POINT('',(24.558546715464,-89.15503282467,
    6.195787461167));
#6315 = CARTESIAN_POINT('',(24.450564625432,-89.21938352633,
    6.195774280153));
#6316 = CARTESIAN_POINT('',(24.349566489593,-89.28981613116,
    6.195760003205));
#6317 = CARTESIAN_POINT('',(24.255700438349,-89.36543123797,
    6.195744861293));
#6318 = CARTESIAN_POINT('',(24.168971989215,-89.44543735751,
    6.195729057081));
#6319 = CARTESIAN_POINT('',(24.089281911529,-89.52917307715,
    6.195712760528));
#6320 = CARTESIAN_POINT('',(23.896811360865,-89.75907197361,
    6.195668731369));
#6321 = CARTESIAN_POINT('',(23.795967482164,-89.91045877332,
    6.195640440511));
#6322 = CARTESIAN_POINT('',(23.7130068492,-90.0681686442,6.195611804549)
  );
#6323 = CARTESIAN_POINT('',(23.647388400262,-90.2304781207,
    6.195583280151));
#6324 = CARTESIAN_POINT('',(23.598589407341,-90.39590984484,
    6.195555238126));
#6325 = CARTESIAN_POINT('',(23.566219107609,-90.56325243143,
    6.195527961279));
#6326 = CARTESIAN_POINT('',(23.55,-90.73152682682,6.195501658924));
#6327 = CARTESIAN_POINT('',(23.55,-90.9,6.195476475694));
#6328 = PCURVE('',#2122,#6329);
#6329 = DEFINITIONAL_REPRESENTATION('',(#6330),#6540);
#6330 = B_SPLINE_CURVE_WITH_KNOTS('',8,(#6331,#6332,#6333,#6334,#6335,
    #6336,#6337,#6338,#6339,#6340,#6341,#6342,#6343,#6344,#6345,#6346,
    #6347,#6348,#6349,#6350,#6351,#6352,#6353,#6354,#6355,#6356,#6357,
    #6358,#6359,#6360,#6361,#6362,#6363,#6364,#6365,#6366,#6367,#6368,
    #6369,#6370,#6371,#6372,#6373,#6374,#6375,#6376,#6377,#6378,#6379,
    #6380,#6381,#6382,#6383,#6384,#6385,#6386,#6387,#6388,#6389,#6390,
    #6391,#6392,#6393,#6394,#6395,#6396,#6397,#6398,#6399,#6400,#6401,
    #6402,#6403,#6404,#6405,#6406,#6407,#6408,#6409,#6410,#6411,#6412,
    #6413,#6414,#6415,#6416,#6417,#6418,#6419,#6420,#6421,#6422,#6423,
    #6424,#6425,#6426,#6427,#6428,#6429,#6430,#6431,#6432,#6433,#6434,
    #6435,#6436,#6437,#6438,#6439,#6440,#6441,#6442,#6443,#6444,#6445,
    #6446,#6447,#6448,#6449,#6450,#6451,#6452,#6453,#6454,#6455,#6456,
    #6457,#6458,#6459,#6460,#6461,#6462,#6463,#6464,#6465,#6466,#6467,
    #6468,#6469,#6470,#6471,#6472,#6473,#6474,#6475,#6476,#6477,#6478,
    #6479,#6480,#6481,#6482,#6483,#6484,#6485,#6486,#6487,#6488,#6489,
    #6490,#6491,#6492,#6493,#6494,#6495,#6496,#6497,#6498,#6499,#6500,
    #6501,#6502,#6503,#6504,#6505,#6506,#6507,#6508,#6509,#6510,#6511,
    #6512,#6513,#6514,#6515,#6516,#6517,#6518,#6519,#6520,#6521,#6522,
    #6523,#6524,#6525,#6526,#6527,#6528,#6529,#6530,#6531,#6532,#6533,
    #6534,#6535,#6536,#6537,#6538,#6539),.UNSPECIFIED.,.F.,.F.,(9,8,8,8,
    8,8,8,8,8,8,8,8,8,8,8,8,8,8,8,8,8,8,8,8,8,8,9),(0.,
    8.334872981705E-02,0.161488164021,0.234743883586,0.269082502133,
    0.285715270491,0.351206795903,0.381905948439,0.500865164518,
    0.513876328777,0.616339247314,0.661166774174,0.682179677389,
    0.72289217737,0.761060146101,0.796842616787,0.830388683055,
    0.893287557307,0.920805814792,0.972402547577,1.017549688764,
    1.057053437303,1.091619217274,1.152109332224,1.163451228777,
    1.174084256795,1.333579677073),.UNSPECIFIED.);
#6331 = CARTESIAN_POINT('',(20.500000559515,0.257337742869));
#6332 = CARTESIAN_POINT('',(20.586111014374,0.257337702907));
#6333 = CARTESIAN_POINT('',(20.672171973782,0.257250200505));
#6334 = CARTESIAN_POINT('',(20.758084595293,0.25707522008));
#6335 = CARTESIAN_POINT('',(20.843733521607,0.256812479376));
#6336 = CARTESIAN_POINT('',(20.928986880573,0.256461429465));
#6337 = CARTESIAN_POINT('',(21.013696285188,0.256021254743));
#6338 = CARTESIAN_POINT('',(21.097696833596,0.255490872937));
#6339 = CARTESIAN_POINT('',(21.180807109091,0.254868935098));
#6340 = CARTESIAN_POINT('',(21.258722733159,0.254285893375));
#6341 = CARTESIAN_POINT('',(21.335855715186,0.253622478605));
#6342 = CARTESIAN_POINT('',(21.412055060782,0.252877626288));
#6343 = CARTESIAN_POINT('',(21.487157264366,0.252050201659));
#6344 = CARTESIAN_POINT('',(21.560984656689,0.251138934611));
#6345 = CARTESIAN_POINT('',(21.633343752357,0.250142354603));
#6346 = CARTESIAN_POINT('',(21.704023597348,0.249058725583));
#6347 = CARTESIAN_POINT('',(21.77279411654,0.247885980895));
#6348 = CARTESIAN_POINT('',(21.837266942459,0.246786518551));
#6349 = CARTESIAN_POINT('',(21.900014920325,0.245609490207));
#6350 = CARTESIAN_POINT('',(21.960841853517,0.244353520127));
#6351 = CARTESIAN_POINT('',(22.019499691483,0.243017599842));
#6352 = CARTESIAN_POINT('',(22.075696565813,0.241601303446));
#6353 = CARTESIAN_POINT('',(22.129104826303,0.240105002891));
#6354 = CARTESIAN_POINT('',(22.179369077023,0.238530083277));
#6355 = CARTESIAN_POINT('',(22.226114212389,0.236879158148));
#6356 = CARTESIAN_POINT('',(22.248025860432,0.236105283774));
#6357 = CARTESIAN_POINT('',(22.269164852231,0.235314720417));
#6358 = CARTESIAN_POINT('',(22.289491964383,0.234507723743));
#6359 = CARTESIAN_POINT('',(22.308967766606,0.23368462379));
#6360 = CARTESIAN_POINT('',(22.327552621735,0.232845824973));
#6361 = CARTESIAN_POINT('',(22.345206685731,0.231991806081));
#6362 = CARTESIAN_POINT('',(22.361889907671,0.231123120277));
#6363 = CARTESIAN_POINT('',(22.377562029756,0.230240395102));
#6364 = CARTESIAN_POINT('',(22.385153406238,0.229812836641));
#6365 = CARTESIAN_POINT('',(22.392507523624,0.229381970671));
#6366 = CARTESIAN_POINT('',(22.399620022739,0.228947883627));
#6367 = CARTESIAN_POINT('',(22.406486544405,0.228510661939));
#6368 = CARTESIAN_POINT('',(22.413102729447,0.228070392042));
#6369 = CARTESIAN_POINT('',(22.419464218687,0.227627160367));
#6370 = CARTESIAN_POINT('',(22.42556665295,0.227181053348));
#6371 = CARTESIAN_POINT('',(22.431405673058,0.226732157417));
#6372 = CARTESIAN_POINT('',(22.45439673936,0.224964708774));
#6373 = CARTESIAN_POINT('',(22.47332265577,0.223153115838));
#6374 = CARTESIAN_POINT('',(22.487870284042,0.22130726127));
#6375 = CARTESIAN_POINT('',(22.497821681334,0.219437254265));
#6376 = CARTESIAN_POINT('',(22.50304529446,0.217553320285));
#6377 = CARTESIAN_POINT('',(22.503490713678,0.215665707857));
#6378 = CARTESIAN_POINT('',(22.499186986007,0.213784612457));
#6379 = CARTESIAN_POINT('',(22.490244488057,0.211920117462));
#6380 = CARTESIAN_POINT('',(22.486052644404,0.211046136009));
#6381 = CARTESIAN_POINT('',(22.480841693141,0.210175798659));
#6382 = CARTESIAN_POINT('',(22.474622815582,0.209310146864));
#6383 = CARTESIAN_POINT('',(22.4674112956,0.208450212156));
#6384 = CARTESIAN_POINT('',(22.459226519622,0.207597016142));
#6385 = CARTESIAN_POINT('',(22.450091976632,0.20675157051));
#6386 = CARTESIAN_POINT('',(22.440035258172,0.205914877024));
#6387 = CARTESIAN_POINT('',(22.429088058337,0.205087927526));
#6388 = CARTESIAN_POINT('',(22.38666928434,0.201883598677));
#6389 = CARTESIAN_POINT('',(22.330844650029,0.198822712387));
#6390 = CARTESIAN_POINT('',(22.263151215126,0.195941567712));
#6391 = CARTESIAN_POINT('',(22.18535979127,0.193260878905));
#6392 = CARTESIAN_POINT('',(22.099164294137,0.190790976719));
#6393 = CARTESIAN_POINT('',(22.006063613489,0.188534777962));
#6394 = CARTESIAN_POINT('',(21.907311165033,0.186489812544));
#6395 = CARTESIAN_POINT('',(21.803807287954,0.184650597297));
#6396 = CARTESIAN_POINT('',(21.792486663647,0.18444943536));
#6397 = CARTESIAN_POINT('',(21.781108914483,0.184250729397));
#6398 = CARTESIAN_POINT('',(21.769674954541,0.184054469859));
#6399 = CARTESIAN_POINT('',(21.758188002575,0.1838606835));
#6400 = CARTESIAN_POINT('',(21.746650202014,0.183669378429));
#6401 = CARTESIAN_POINT('',(21.735061674959,0.183480529362));
#6402 = CARTESIAN_POINT('',(21.723422010205,0.183294103073));
#6403 = CARTESIAN_POINT('',(21.71173418525,0.183110124046));
#6404 = CARTESIAN_POINT('',(21.619691088935,0.181661289877));
#6405 = CARTESIAN_POINT('',(21.52461691776,0.180363354862));
#6406 = CARTESIAN_POINT('',(21.427006672096,0.179212282898));
#6407 = CARTESIAN_POINT('',(21.327303817192,0.178204668397));
#6408 = CARTESIAN_POINT('',(21.225904326003,0.177337653004));
#6409 = CARTESIAN_POINT('',(21.123160722013,0.176608842312));
#6410 = CARTESIAN_POINT('',(21.019386122062,0.176016222582));
#6411 = CARTESIAN_POINT('',(20.914858279172,0.175558077454));
#6412 = CARTESIAN_POINT('',(20.869127232572,0.175357644473));
#6413 = CARTESIAN_POINT('',(20.823251822907,0.175182970198));
#6414 = CARTESIAN_POINT('',(20.777255102872,0.175033916014));
#6415 = CARTESIAN_POINT('',(20.731158732794,0.174910369984));
#6416 = CARTESIAN_POINT('',(20.684982980626,0.174812246844));
#6417 = CARTESIAN_POINT('',(20.638746721954,0.174739488006));
#6418 = CARTESIAN_POINT('',(20.592467439992,0.17469206156));
#6419 = CARTESIAN_POINT('',(20.546161225585,0.17466996227));
#6420 = CARTESIAN_POINT('',(20.524454906794,0.174659604361));
#6421 = CARTESIAN_POINT('',(20.502745770675,0.17465481281));
#6422 = CARTESIAN_POINT('',(20.481018370483,0.174655587643));
#6423 = CARTESIAN_POINT('',(20.45931735402,0.174661938136));
#6424 = CARTESIAN_POINT('',(20.437598365941,0.174673848413));
#6425 = CARTESIAN_POINT('',(20.415896406688,0.174691334818));
#6426 = CARTESIAN_POINT('',(20.394197651112,0.174714391914));
#6427 = CARTESIAN_POINT('',(20.372509369825,0.174743026851));
#6428 = CARTESIAN_POINT('',(20.330488147419,0.174798507069));
#6429 = CARTESIAN_POINT('',(20.288502883303,0.174874923184));
#6430 = CARTESIAN_POINT('',(20.246569165437,0.174972305613));
#6431 = CARTESIAN_POINT('',(20.204703038948,0.175090699322));
#6432 = CARTESIAN_POINT('',(20.162921006128,0.175230163816));
#6433 = CARTESIAN_POINT('',(20.121240026438,0.175390773149));
#6434 = CARTESIAN_POINT('',(20.079677516503,0.175572615916));
#6435 = CARTESIAN_POINT('',(20.038251350115,0.175775795258));
#6436 = CARTESIAN_POINT('',(19.999414141456,0.175966277295));
#6437 = CARTESIAN_POINT('',(19.960698069342,0.176175502209));
#6438 = CARTESIAN_POINT('',(19.922113104143,0.176403591883));
#6439 = CARTESIAN_POINT('',(19.883682207001,0.176650583705));
#6440 = CARTESIAN_POINT('',(19.845416110915,0.176916621262));
#6441 = CARTESIAN_POINT('',(19.807326331928,0.17720186172));
#6442 = CARTESIAN_POINT('',(19.76943864672,0.177506374041));
#6443 = CARTESIAN_POINT('',(19.731769272906,0.17783030216));
#6444 = CARTESIAN_POINT('',(19.696454082038,0.178133986678));
#6445 = CARTESIAN_POINT('',(19.661330310449,0.178454739579));
#6446 = CARTESIAN_POINT('',(19.626412375133,0.17879267977));
#6447 = CARTESIAN_POINT('',(19.591715746149,0.179147929327));
#6448 = CARTESIAN_POINT('',(19.557256946623,0.179520613497));
#6449 = CARTESIAN_POINT('',(19.523053552746,0.179910860697));
#6450 = CARTESIAN_POINT('',(19.489124193773,0.180318802516));
#6451 = CARTESIAN_POINT('',(19.455488552028,0.180744573713));
#6452 = CARTESIAN_POINT('',(19.423955089307,0.181143734492));
#6453 = CARTESIAN_POINT('',(19.392679888377,0.181558563103));
#6454 = CARTESIAN_POINT('',(19.361679055841,0.181989170721));
#6455 = CARTESIAN_POINT('',(19.330969585485,0.182435669089));
#6456 = CARTESIAN_POINT('',(19.300569358272,0.18289817052));
#6457 = CARTESIAN_POINT('',(19.270497142345,0.183376787896));
#6458 = CARTESIAN_POINT('',(19.240772593028,0.183871634666));
#6459 = CARTESIAN_POINT('',(19.211416252822,0.184382824851));
#6460 = CARTESIAN_POINT('',(19.156374202275,0.185341287205));
#6461 = CARTESIAN_POINT('',(19.102638219432,0.186357007332));
#6462 = CARTESIAN_POINT('',(19.050337349445,0.187430788441));
#6463 = CARTESIAN_POINT('',(18.999626607651,0.188563241925));
#6464 = CARTESIAN_POINT('',(18.950683896122,0.189754690559));
#6465 = CARTESIAN_POINT('',(18.903706920218,0.191005071688));
#6466 = CARTESIAN_POINT('',(18.858910105146,0.192313840424));
#6467 = CARTESIAN_POINT('',(18.816521512507,0.19367987284));
#6468 = CARTESIAN_POINT('',(18.79797652844,0.194277512869));
#6469 = CARTESIAN_POINT('',(18.779892339984,0.194886109942));
#6470 = CARTESIAN_POINT('',(18.76228817958,0.195505573852));
#6471 = CARTESIAN_POINT('',(18.745183592544,0.196135788588));
#6472 = CARTESIAN_POINT('',(18.72859843707,0.196776612333));
#6473 = CARTESIAN_POINT('',(18.712552884224,0.197427877468));
#6474 = CARTESIAN_POINT('',(18.69706741795,0.198089390567));
#6475 = CARTESIAN_POINT('',(18.682162835065,0.198760932399));
#6476 = CARTESIAN_POINT('',(18.654216470147,0.200020085043));
#6477 = CARTESIAN_POINT('',(18.628314624067,0.201314315164));
#6478 = CARTESIAN_POINT('',(18.604575801322,0.202643079798));
#6479 = CARTESIAN_POINT('',(18.583177922541,0.204002631134));
#6480 = CARTESIAN_POINT('',(18.564257623146,0.205389995414));
#6481 = CARTESIAN_POINT('',(18.547927376185,0.206802173162));
#6482 = CARTESIAN_POINT('',(18.534308081614,0.208234639342));
#6483 = CARTESIAN_POINT('',(18.523474764323,0.209683222096));
#6484 = CARTESIAN_POINT('',(18.513995903957,0.210950751338));
#6485 = CARTESIAN_POINT('',(18.506651047596,0.21223039379));
#6486 = CARTESIAN_POINT('',(18.501496027034,0.213519738913));
#6487 = CARTESIAN_POINT('',(18.498571904747,0.214814917456));
#6488 = CARTESIAN_POINT('',(18.49790071188,0.216112135527));
#6489 = CARTESIAN_POINT('',(18.499483587233,0.217408225769));
#6490 = CARTESIAN_POINT('',(18.503301317265,0.218700215651));
#6491 = CARTESIAN_POINT('',(18.509317277101,0.21998391285));
#6492 = CARTESIAN_POINT('',(18.514581143684,0.221107193471));
#6493 = CARTESIAN_POINT('',(18.521527874062,0.222224361988));
#6494 = CARTESIAN_POINT('',(18.530132424544,0.223333209715));
#6495 = CARTESIAN_POINT('',(18.540359984469,0.224431692876));
#6496 = CARTESIAN_POINT('',(18.552167297364,0.225517928429));
#6497 = CARTESIAN_POINT('',(18.565503982093,0.226590189873));
#6498 = CARTESIAN_POINT('',(18.580313854013,0.227646903069));
#6499 = CARTESIAN_POINT('',(18.596536246129,0.228686642052));
#6500 = CARTESIAN_POINT('',(18.61073104424,0.229596423711));
#6501 = CARTESIAN_POINT('',(18.626005441567,0.230493127186));
#6502 = CARTESIAN_POINT('',(18.642326139945,0.231376152212));
#6503 = CARTESIAN_POINT('',(18.659636119424,0.232243961903));
#6504 = CARTESIAN_POINT('',(18.677895663814,0.233096157871));
#6505 = CARTESIAN_POINT('',(18.697070713896,0.233932684452));
#6506 = CARTESIAN_POINT('',(18.717114706628,0.234752778876));
#6507 = CARTESIAN_POINT('',(18.737990058638,0.23555628417));
#6508 = CARTESIAN_POINT('',(18.77452179015,0.236962413212));
#6509 = CARTESIAN_POINT('',(18.813598509578,0.238317629678));
#6510 = CARTESIAN_POINT('',(18.855005599788,0.239620228236));
#6511 = CARTESIAN_POINT('',(18.898536534869,0.240869097511));
#6512 = CARTESIAN_POINT('',(18.943995841634,0.242063633613));
#6513 = CARTESIAN_POINT('',(18.991202061129,0.243203653658));
#6514 = CARTESIAN_POINT('',(19.03999071014,0.244289309298));
#6515 = CARTESIAN_POINT('',(19.090217242702,0.245321000242));
#6516 = CARTESIAN_POINT('',(19.099634751472,0.245514442978));
#6517 = CARTESIAN_POINT('',(19.109102728933,0.245705987769));
#6518 = CARTESIAN_POINT('',(19.118620280269,0.245895638047));
#6519 = CARTESIAN_POINT('',(19.128186510666,0.246083397246));
#6520 = CARTESIAN_POINT('',(19.13780052531,0.246269268801));
#6521 = CARTESIAN_POINT('',(19.147461429386,0.246453256144));
#6522 = CARTESIAN_POINT('',(19.157168328079,0.246635362708));
#6523 = CARTESIAN_POINT('',(19.166920326575,0.246815591929));
#6524 = CARTESIAN_POINT('',(19.17606275294,0.246984555358));
#6525 = CARTESIAN_POINT('',(19.185245507383,0.247151880065));
#6526 = CARTESIAN_POINT('',(19.194466114131,0.247317538971));
#6527 = CARTESIAN_POINT('',(19.203725507819,0.247481563045));
#6528 = CARTESIAN_POINT('',(19.213023757936,0.247643968013));
#6529 = CARTESIAN_POINT('',(19.222358734109,0.247804731767));
#6530 = CARTESIAN_POINT('',(19.231727712242,0.247963822469));
#6531 = CARTESIAN_POINT('',(19.241131921489,0.248121277365));
#6532 = CARTESIAN_POINT('',(19.382194455941,0.250483082633));
#6533 = CARTESIAN_POINT('',(19.531082116175,0.252475040196));
#6534 = CARTESIAN_POINT('',(19.685844628038,0.254114288122));
#6535 = CARTESIAN_POINT('',(19.844881832192,0.255411686128));
#6536 = CARTESIAN_POINT('',(20.00683723701,0.256376542502));
#6537 = CARTESIAN_POINT('',(20.17057600417,0.257016960817));
#6538 = CARTESIAN_POINT('',(20.335193501734,0.257337737691));
#6539 = CARTESIAN_POINT('',(20.500000559515,0.257337742869));
#6540 = ( GEOMETRIC_REPRESENTATION_CONTEXT(2) 
PARAMETRIC_REPRESENTATION_CONTEXT() REPRESENTATION_CONTEXT('2D SPACE',''
  ) );
#6541 = PCURVE('',#6542,#6573);
#6542 = B_SPLINE_SURFACE_WITH_KNOTS('',3,1,(
    (#6543,#6544)
    ,(#6545,#6546)
    ,(#6547,#6548)
    ,(#6549,#6550)
    ,(#6551,#6552)
    ,(#6553,#6554)
    ,(#6555,#6556)
    ,(#6557,#6558)
    ,(#6559,#6560)
    ,(#6561,#6562)
    ,(#6563,#6564)
    ,(#6565,#6566)
    ,(#6567,#6568)
    ,(#6569,#6570)
    ,(#6571,#6572
    )),.UNSPECIFIED.,.F.,.F.,.F.,(4,1,1,1,1,1,1,1,1,1,1,1,4),(2,2),(0.,
    2.00000000223,4.000000019275,6.000000058171,8.00000011929,
    10.000000198002,12.000000286343,14.000000374684,16.000000453395,
    18.000000514514,20.00000055341,22.000000570455,24.000000572685),(0.,
    1.),.UNSPECIFIED.);
#6543 = CARTESIAN_POINT('',(36.,-70.4,6.2));
#6544 = CARTESIAN_POINT('',(-12.38,-70.4,6.2));
#6545 = CARTESIAN_POINT('',(36.,-71.06666666835,6.2));
#6546 = CARTESIAN_POINT('',(-12.38,-71.06666666835,6.2));
#6547 = CARTESIAN_POINT('',(36.,-72.40000000733,6.199933333333));
#6548 = CARTESIAN_POINT('',(-12.38,-72.40000000733,6.199933333333));
#6549 = CARTESIAN_POINT('',(36.,-74.40000001119,6.199666666665));
#6550 = CARTESIAN_POINT('',(-12.38,-74.40000001119,6.199666666665));
#6551 = CARTESIAN_POINT('',(36.,-76.40000001122,6.199266666664));
#6552 = CARTESIAN_POINT('',(-12.38,-76.40000001122,6.199266666664));
#6553 = CARTESIAN_POINT('',(36.,-78.40000000889,6.198766666664));
#6554 = CARTESIAN_POINT('',(-12.38,-78.40000000889,6.198766666664));
#6555 = CARTESIAN_POINT('',(36.,-80.40000000486,6.198199999999));
#6556 = CARTESIAN_POINT('',(-12.38,-80.40000000486,6.198199999999));
#6557 = CARTESIAN_POINT('',(36.,-82.4,6.1976));
#6558 = CARTESIAN_POINT('',(-12.38,-82.4,6.1976));
#6559 = CARTESIAN_POINT('',(36.,-84.39999999514,6.197000000001));
#6560 = CARTESIAN_POINT('',(-12.38,-84.39999999514,6.197000000001));
#6561 = CARTESIAN_POINT('',(36.,-86.3999999911,6.196433333336));
#6562 = CARTESIAN_POINT('',(-12.38,-86.3999999911,6.196433333336));
#6563 = CARTESIAN_POINT('',(36.,-88.39999998877,6.195933333336));
#6564 = CARTESIAN_POINT('',(-12.38,-88.39999998877,6.195933333336));
#6565 = CARTESIAN_POINT('',(36.,-90.3999999888,6.195533333335));
#6566 = CARTESIAN_POINT('',(-12.38,-90.3999999888,6.195533333335));
#6567 = CARTESIAN_POINT('',(36.,-92.39999999266,6.195266666667));
#6568 = CARTESIAN_POINT('',(-12.38,-92.39999999266,6.195266666667));
#6569 = CARTESIAN_POINT('',(36.,-93.73333333164,6.1952));
#6570 = CARTESIAN_POINT('',(-12.38,-93.73333333164,6.1952));
#6571 = CARTESIAN_POINT('',(36.,-94.4,6.1952));
#6572 = CARTESIAN_POINT('',(-12.38,-94.4,6.1952));
#6573 = DEFINITIONAL_REPRESENTATION('',(#6574),#6688);
#6574 = B_SPLINE_CURVE_WITH_KNOTS('',3,(#6575,#6576,#6577,#6578,#6579,
    #6580,#6581,#6582,#6583,#6584,#6585,#6586,#6587,#6588,#6589,#6590,
    #6591,#6592,#6593,#6594,#6595,#6596,#6597,#6598,#6599,#6600,#6601,
    #6602,#6603,#6604,#6605,#6606,#6607,#6608,#6609,#6610,#6611,#6612,
    #6613,#6614,#6615,#6616,#6617,#6618,#6619,#6620,#6621,#6622,#6623,
    #6624,#6625,#6626,#6627,#6628,#6629,#6630,#6631,#6632,#6633,#6634,
    #6635,#6636,#6637,#6638,#6639,#6640,#6641,#6642,#6643,#6644,#6645,
    #6646,#6647,#6648,#6649,#6650,#6651,#6652,#6653,#6654,#6655,#6656,
    #6657,#6658,#6659,#6660,#6661,#6662,#6663,#6664,#6665,#6666,#6667,
    #6668,#6669,#6670,#6671,#6672,#6673,#6674,#6675,#6676,#6677,#6678,
    #6679,#6680,#6681,#6682,#6683,#6684,#6685,#6686,#6687),
  .UNSPECIFIED.,.T.,.F.,(4,1,1,1,1,1,1,1,1,1,1,1,1,1,1,1,1,1,1,1,1,1,1,1
    ,1,1,1,1,1,1,1,1,1,1,1,1,1,1,1,1,1,1,1,1,1,1,1,1,1,1,1,1,1,1,1,1,1,1
    ,1,1,1,1,1,1,1,1,1,1,1,1,1,1,1,1,1,1,1,1,1,1,1,1,1,1,1,1,1,1,1,1,1,1
    ,1,1,1,1,1,1,1,1,1,1,1,1,1,1,1,1,1,1,4),(0.,1.212345160975E-02,
    2.42469032195E-02,3.637035482926E-02,4.849380643901E-02,
    6.061725804876E-02,7.274070965851E-02,8.486416126826E-02,
    9.698761287802E-02,0.109111064488,0.121234516098,0.133357967707,
    0.145481419317,0.157604870927,0.169728322537,0.181851774146,
    0.193975225756,0.206098677366,0.218222128976,0.230345580585,
    0.242469032195,0.254592483805,0.266715935415,0.278839387024,
    0.290962838634,0.303086290244,0.315209741854,0.327333193463,
    0.339456645073,0.351580096683,0.363703548293,0.375826999902,
    0.387950451512,0.400073903122,0.412197354732,0.424320806341,
    0.436444257951,0.448567709561,0.460691161171,0.47281461278,
    0.48493806439,0.497061516,0.50918496761,0.521308419219,
    0.533431870829,0.545555322439,0.557678774049,0.569802225658,
    0.581925677268,0.594049128878,0.606172580488,0.618296032097,
    0.630419483707,0.642542935317,0.654666386927,0.666789838536,
    0.678913290146,0.691036741756,0.703160193366,0.715283644975,
    0.727407096585,0.739530548195,0.751653999805,0.763777451414,
    0.775900903024,0.788024354634,0.800147806244,0.812271257853,
    0.824394709463,0.836518161073,0.848641612683,0.860765064292,
    0.872888515902,0.885011967512,0.897135419122,0.909258870731,
    0.921382322341,0.933505773951,0.945629225561,0.95775267717,
    0.96987612878,0.98199958039,0.994123032,1.006246483609,
    1.018369935219,1.030493386829,1.042616838439,1.054740290048,
    1.066863741658,1.078987193268,1.091110644878,1.103234096487,
    1.115357548097,1.127480999707,1.139604451317,1.151727902926,
    1.163851354536,1.175974806146,1.188098257756,1.200221709365,
    1.212345160975,1.224468612585,1.236592064195,1.248715515804,
    1.260838967414,1.272962419024,1.285085870634,1.297209322243,
    1.309332773853,1.321456225463,1.333579677073),
  .QUASI_UNIFORM_KNOTS.);
#6575 = CARTESIAN_POINT('',(20.500000559515,0.257337742869));
#6576 = CARTESIAN_POINT('',(20.533399905951,0.257337718893));
#6577 = CARTESIAN_POINT('',(20.600183058386,0.257303175075));
#6578 = CARTESIAN_POINT('',(20.700188979887,0.257147566799));
#6579 = CARTESIAN_POINT('',(20.799908707319,0.256887962224));
#6580 = CARTESIAN_POINT('',(20.899208057526,0.256523803413));
#6581 = CARTESIAN_POINT('',(20.997941745353,0.256054352195));
#6582 = CARTESIAN_POINT('',(21.095951686964,0.2554786834));
#6583 = CARTESIAN_POINT('',(21.193067214571,0.254795716216));
#6584 = CARTESIAN_POINT('',(21.289104702588,0.254004225756));
#6585 = CARTESIAN_POINT('',(21.38386726067,0.253102850121));
#6586 = CARTESIAN_POINT('',(21.477144258337,0.25209008739));
#6587 = CARTESIAN_POINT('',(21.568710782401,0.250964282382));
#6588 = CARTESIAN_POINT('',(21.658326601789,0.249723597291));
#6589 = CARTESIAN_POINT('',(21.745735913203,0.248365973152));
#6590 = CARTESIAN_POINT('',(21.830662801079,0.246889038458));
#6591 = CARTESIAN_POINT('',(21.912720202758,0.245291948703));
#6592 = CARTESIAN_POINT('',(21.991550768597,0.243573057172));
#6593 = CARTESIAN_POINT('',(22.066725179586,0.241731754734));
#6594 = CARTESIAN_POINT('',(22.13777151807,0.239768303701));
#6595 = CARTESIAN_POINT('',(22.20417567875,0.237684107299));
#6596 = CARTESIAN_POINT('',(22.265390260768,0.235481867921));
#6597 = CARTESIAN_POINT('',(22.32084237528,0.23316580562));
#6598 = CARTESIAN_POINT('',(22.369944453832,0.23074184848));
#6599 = CARTESIAN_POINT('',(22.412104545704,0.228218027511));
#6600 = CARTESIAN_POINT('',(22.446749330005,0.225604284428));
#6601 = CARTESIAN_POINT('',(22.473319686671,0.222914195107));
#6602 = CARTESIAN_POINT('',(22.491301875962,0.220170143218));
#6603 = CARTESIAN_POINT('',(22.500375691125,0.217393516443));
#6604 = CARTESIAN_POINT('',(22.500380389484,0.214606133722));
#6605 = CARTESIAN_POINT('',(22.491316955939,0.211829679909));
#6606 = CARTESIAN_POINT('',(22.473346743833,0.209085817841));
#6607 = CARTESIAN_POINT('',(22.44678663876,0.206395587865));
#6608 = CARTESIAN_POINT('',(22.412140118027,0.203780984643));
#6609 = CARTESIAN_POINT('',(22.369977481705,0.201256604856));
#6610 = CARTESIAN_POINT('',(22.320869679099,0.198832098093));
#6611 = CARTESIAN_POINT('',(22.265410437755,0.196515587402));
#6612 = CARTESIAN_POINT('',(22.204187757296,0.194312976199));
#6613 = CARTESIAN_POINT('',(22.137775020343,0.192228480958));
#6614 = CARTESIAN_POINT('',(22.066719750318,0.190264787896));
#6615 = CARTESIAN_POINT('',(21.991535816682,0.188423282332));
#6616 = CARTESIAN_POINT('',(21.912694617738,0.186704208981));
#6617 = CARTESIAN_POINT('',(21.830624081905,0.185106932652));
#6618 = CARTESIAN_POINT('',(21.745681355811,0.183629814397));
#6619 = CARTESIAN_POINT('',(21.658256145023,0.182272053525));
#6620 = CARTESIAN_POINT('',(21.568621027879,0.181031229615));
#6621 = CARTESIAN_POINT('',(21.47703404246,0.179905322271));
#6622 = CARTESIAN_POINT('',(21.383735876609,0.17889249769));
#6623 = CARTESIAN_POINT('',(21.288952116325,0.17799110626));
#6624 = CARTESIAN_POINT('',(21.192893762462,0.177199646073));
#6625 = CARTESIAN_POINT('',(21.095757913198,0.176516753468));
#6626 = CARTESIAN_POINT('',(20.997728223804,0.175941200663));
#6627 = CARTESIAN_POINT('',(20.898975135848,0.175471903226));
#6628 = CARTESIAN_POINT('',(20.799656555908,0.175107935098));
#6629 = CARTESIAN_POINT('',(20.699916455936,0.174848551133));
#6630 = CARTESIAN_POINT('',(20.599890935618,0.174693217749));
#6631 = CARTESIAN_POINT('',(20.499686146579,0.174641652345));
#6632 = CARTESIAN_POINT('',(20.399461847566,0.17469387588));
#6633 = CARTESIAN_POINT('',(20.299385372795,0.174849983711));
#6634 = CARTESIAN_POINT('',(20.199587758944,0.17511028576));
#6635 = CARTESIAN_POINT('',(20.100217108611,0.175475289165));
#6636 = CARTESIAN_POINT('',(20.001424410307,0.175945692803));
#6637 = CARTESIAN_POINT('',(19.903368365398,0.176522383796));
#6638 = CARTESIAN_POINT('',(19.806212064486,0.1772064671));
#6639 = CARTESIAN_POINT('',(19.710133592846,0.177999213653));
#6640 = CARTESIAN_POINT('',(19.615329415847,0.178902004538));
#6641 = CARTESIAN_POINT('',(19.522001124718,0.179916470462));
#6642 = CARTESIAN_POINT('',(19.430378291695,0.18104428279));
#6643 = CARTESIAN_POINT('',(19.340712607382,0.182287174528));
#6644 = CARTESIAN_POINT('',(19.253279690536,0.183646910547));
#6645 = CARTESIAN_POINT('',(19.168379420217,0.185125304045));
#6646 = CARTESIAN_POINT('',(19.086360997007,0.186723704923));
#6647 = CARTESIAN_POINT('',(19.007586739741,0.188443613524));
#6648 = CARTESIAN_POINT('',(18.932478620199,0.190285702615));
#6649 = CARTESIAN_POINT('',(18.861503010825,0.192249802174));
#6650 = CARTESIAN_POINT('',(18.795167911387,0.194334676428));
#6651 = CARTESIAN_POINT('',(18.734015271739,0.19653788023));
#6652 = CARTESIAN_POINT('',(18.678616015431,0.198855432671));
#6653 = CARTESIAN_POINT('',(18.629552468048,0.201282023407));
#6654 = CARTESIAN_POINT('',(18.58744244022,0.203808940298));
#6655 = CARTESIAN_POINT('',(18.552906576432,0.206422667711));
#6656 = CARTESIAN_POINT('',(18.526479628737,0.209107932185));
#6657 = CARTESIAN_POINT('',(18.508604110958,0.211846983362));
#6658 = CARTESIAN_POINT('',(18.499602425304,0.21461981079));
#6659 = CARTESIAN_POINT('',(18.499645824335,0.217403490757));
#6660 = CARTESIAN_POINT('',(18.508733390763,0.220176087002));
#6661 = CARTESIAN_POINT('',(18.526692394345,0.22291471854));
#6662 = CARTESIAN_POINT('',(18.553199616281,0.225599424555));
#6663 = CARTESIAN_POINT('',(18.587811767817,0.22821246368));
#6664 = CARTESIAN_POINT('',(18.629993116102,0.230738553811));
#6665 = CARTESIAN_POINT('',(18.679121211491,0.233164153613));
#6666 = CARTESIAN_POINT('',(18.734579973214,0.235480674114));
#6667 = CARTESIAN_POINT('',(18.795786686669,0.237682791816));
#6668 = CARTESIAN_POINT('',(18.862170512443,0.239766540888));
#6669 = CARTESIAN_POINT('',(18.933189669247,0.24172948685));
#6670 = CARTESIAN_POINT('',(19.008336389636,0.243570406192));
#6671 = CARTESIAN_POINT('',(19.087145257655,0.245289147851));
#6672 = CARTESIAN_POINT('',(19.169193550937,0.246886380119));
#6673 = CARTESIAN_POINT('',(19.254125756619,0.248363686682));
#6674 = CARTESIAN_POINT('',(19.341537346296,0.249721589574));
#6675 = CARTESIAN_POINT('',(19.431160958891,0.250962600008));
#6676 = CARTESIAN_POINT('',(19.522737001078,0.252088707493));
#6677 = CARTESIAN_POINT('',(19.616025046994,0.253101749141));
#6678 = CARTESIAN_POINT('',(19.7107992873,0.254003370034));
#6679 = CARTESIAN_POINT('',(19.806848630568,0.254795070769));
#6680 = CARTESIAN_POINT('',(19.903975849246,0.255478213737));
#6681 = CARTESIAN_POINT('',(20.001997186142,0.256054026402));
#6682 = CARTESIAN_POINT('',(20.100742028979,0.256523592842));
#6683 = CARTESIAN_POINT('',(20.200052546027,0.256887841419));
#6684 = CARTESIAN_POINT('',(20.299783918166,0.257147512347));
#6685 = CARTESIAN_POINT('',(20.399802623409,0.257303163984));
#6686 = CARTESIAN_POINT('',(20.46659572821,0.257337718547));
#6687 = CARTESIAN_POINT('',(20.500000559515,0.257337742869));
#6688 = ( GEOMETRIC_REPRESENTATION_CONTEXT(2) 
PARAMETRIC_REPRESENTATION_CONTEXT() REPRESENTATION_CONTEXT('2D SPACE',''
  ) );
#6689 = FACE_BOUND('',#6690,.F.);
#6690 = EDGE_LOOP('',(#6691));
#6691 = ORIENTED_EDGE('',*,*,#6692,.T.);
#6692 = EDGE_CURVE('',#6693,#6693,#6695,.T.);
#6693 = VERTEX_POINT('',#6694);
#6694 = CARTESIAN_POINT('',(1.05,-90.9,6.195476475694));
#6695 = SURFACE_CURVE('',#6696,(#6776,#6973),.PCURVE_S1.);
#6696 = B_SPLINE_CURVE_WITH_KNOTS('',8,(#6697,#6698,#6699,#6700,#6701,
    #6702,#6703,#6704,#6705,#6706,#6707,#6708,#6709,#6710,#6711,#6712,
    #6713,#6714,#6715,#6716,#6717,#6718,#6719,#6720,#6721,#6722,#6723,
    #6724,#6725,#6726,#6727,#6728,#6729,#6730,#6731,#6732,#6733,#6734,
    #6735,#6736,#6737,#6738,#6739,#6740,#6741,#6742,#6743,#6744,#6745,
    #6746,#6747,#6748,#6749,#6750,#6751,#6752,#6753,#6754,#6755,#6756,
    #6757,#6758,#6759,#6760,#6761,#6762,#6763,#6764,#6765,#6766,#6767,
    #6768,#6769,#6770,#6771,#6772,#6773,#6774,#6775),.UNSPECIFIED.,.T.,
  .F.,(9,7,7,7,7,7,7,7,7,7,7,9),(0.,0.226728021237,0.40073560565,
    0.528698257298,0.699177903838,0.928340810712,1.,1.234990285738,
    1.392250196025,1.486676069342,1.630247027697,1.854646874188),
  .UNSPECIFIED.);
#6697 = CARTESIAN_POINT('',(1.05,-90.9,6.195476475694));
#6698 = CARTESIAN_POINT('',(1.05,-91.06834788461,6.195451311193));
#6699 = CARTESIAN_POINT('',(1.06619499416,-91.23649831672,6.195427323336
    ));
#6700 = CARTESIAN_POINT('',(1.098517555865,-91.40371891493,
    6.195404647236));
#6701 = CARTESIAN_POINT('',(1.147244170233,-91.5690326354,6.195383426079
    ));
#6702 = CARTESIAN_POINT('',(1.212764307284,-91.73123096516,6.19536379298
    ));
#6703 = CARTESIAN_POINT('',(1.295599265767,-91.88884068206,
    6.195345856224));
#6704 = CARTESIAN_POINT('',(1.396288682605,-92.04014325053,
    6.195329682793));
#6705 = CARTESIAN_POINT('',(1.607463868996,-92.29266690169,
    6.195304276495));
#6706 = CARTESIAN_POINT('',(1.710119859392,-92.39722245776,
    6.195294317343));
#6707 = CARTESIAN_POINT('',(1.824060421701,-92.49568642848,
    6.195285448354));
#6708 = CARTESIAN_POINT('',(1.949456217808,-92.58661549447,
    6.195277706386));
#6709 = CARTESIAN_POINT('',(2.086148871481,-92.66826546318,
    6.195271117508));
#6710 = CARTESIAN_POINT('',(2.233542450862,-92.73865248404,
    6.195265692622));
#6711 = CARTESIAN_POINT('',(2.390432589658,-92.79570535566,
    6.195261438352));
#6712 = CARTESIAN_POINT('',(2.675404186201,-92.86855627912,
    6.195256117999));
#6713 = CARTESIAN_POINT('',(2.80019147533,-92.89129404185,6.195254504817
    ));
#6714 = CARTESIAN_POINT('',(2.927671992102,-92.90507169569,
    6.195253549873));
#6715 = CARTESIAN_POINT('',(3.056474851926,-92.90943084944,
    6.195253251699));
#6716 = CARTESIAN_POINT('',(3.185215153679,-92.90423378208,
    6.195253607735));
#6717 = CARTESIAN_POINT('',(3.312515905174,-92.88964483552,6.19525462016
    ));
#6718 = CARTESIAN_POINT('',(3.437029744961,-92.86614076486,
    6.195256290313));
#6719 = CARTESIAN_POINT('',(3.717905602458,-92.79246296455,
    6.195261681097));
#6720 = CARTESIAN_POINT('',(3.871214111926,-92.73599277365,
    6.195265900924));
#6721 = CARTESIAN_POINT('',(4.015370967639,-92.66679018733,
    6.195271244831));
#6722 = CARTESIAN_POINT('',(4.149250913599,-92.58680100107,
    6.195277706143));
#6723 = CARTESIAN_POINT('',(4.272292644528,-92.49789003402,
    6.195285274072));
#6724 = CARTESIAN_POINT('',(4.384342389451,-92.40170092381,
    6.195293924203));
#6725 = CARTESIAN_POINT('',(4.485553265804,-92.29959709678,
    6.195303622636));
#6726 = CARTESIAN_POINT('',(4.698112325337,-92.04860600185,
    6.195328777366));
#6727 = CARTESIAN_POINT('',(4.800758634733,-91.89594997826,
    6.195345042715));
#6728 = CARTESIAN_POINT('',(4.885137817224,-91.73677691918,
    6.195363113289));
#6729 = CARTESIAN_POINT('',(4.951805264824,-91.57287334206,
    6.195382920892));
#6730 = CARTESIAN_POINT('',(5.001303227038,-91.40576922932,
    6.195404353718));
#6731 = CARTESIAN_POINT('',(5.034036093021,-91.23671499445,
    6.195427274101));
#6732 = CARTESIAN_POINT('',(5.050292487146,-91.06671803314,
    6.195451534108));
#6733 = CARTESIAN_POINT('',(5.049904581902,-90.84330883597,6.1954849566)
  );
#6734 = CARTESIAN_POINT('',(5.04819379177,-90.79009227694,6.195493032501
    ));
#6735 = CARTESIAN_POINT('',(5.044864500159,-90.73690898707,
    6.195501217043));
#6736 = CARTESIAN_POINT('',(5.039914730889,-90.68379082974,
    6.195509504111));
#6737 = CARTESIAN_POINT('',(5.033340633626,-90.63077033109,
    6.195517887114));
#6738 = CARTESIAN_POINT('',(5.025136471187,-90.57788073713,
    6.195526358977));
#6739 = CARTESIAN_POINT('',(5.015294606844,-90.52515607073,6.19553491214
    ));
#6740 = CARTESIAN_POINT('',(4.966129507671,-90.30038758453,
    6.195571826911));
#6741 = CARTESIAN_POINT('',(4.910815423839,-90.13064179091,
    6.195600845503));
#6742 = CARTESIAN_POINT('',(4.837545037159,-89.96412327795,
    6.195630384283));
#6743 = CARTESIAN_POINT('',(4.745598307042,-89.80221787127,6.195660103)
  );
#6744 = CARTESIAN_POINT('',(4.634252546905,-89.64687582685,
    6.195689514716));
#6745 = CARTESIAN_POINT('',(4.502827413016,-89.50065900944,
    6.195717957507));
#6746 = CARTESIAN_POINT('',(4.350968148096,-89.36662862513,
    6.195744615629));
#6747 = CARTESIAN_POINT('',(4.062701381532,-89.16967411282,
    6.195784456317));
#6748 = CARTESIAN_POINT('',(3.937769864792,-89.09787568724,
    6.195799183346));
#6749 = CARTESIAN_POINT('',(3.80388399962,-89.0347655497,6.195812288346)
  );
#6750 = CARTESIAN_POINT('',(3.661818643075,-88.98195413987,
    6.195823366972));
#6751 = CARTESIAN_POINT('',(3.512788197088,-88.94097942563,
    6.195832024171));
#6752 = CARTESIAN_POINT('',(3.358510295562,-88.91320008745,
    6.195837913726));
#6753 = CARTESIAN_POINT('',(3.201300437831,-88.89955560782,
    6.195840806007));
#6754 = CARTESIAN_POINT('',(2.949926752696,-88.90028012825,
    6.195840652424));
#6755 = CARTESIAN_POINT('',(2.855614294579,-88.9056345062,6.195839517425
    ));
#6756 = CARTESIAN_POINT('',(2.761931500454,-88.91607251694,6.1958373049)
  );
#6757 = CARTESIAN_POINT('',(2.66943930444,-88.93147821422,6.195834043623
    ));
#6758 = CARTESIAN_POINT('',(2.578629318841,-88.95164941356,
    6.195829784346));
#6759 = CARTESIAN_POINT('',(2.489926799816,-88.97632160453,
    6.195824593942));
#6760 = CARTESIAN_POINT('',(2.403693494756,-89.0051849914,6.195818550639
    ));
#6761 = CARTESIAN_POINT('',(2.193327858357,-89.08762847579,
    6.195801385501));
#6762 = CARTESIAN_POINT('',(2.072850902856,-89.14624623201,
    6.195789259181));
#6763 = CARTESIAN_POINT('',(1.959541760262,-89.21265331103,
    6.195775638923));
#6764 = CARTESIAN_POINT('',(1.853806832407,-89.28574217386,6.19576080878
    ));
#6765 = CARTESIAN_POINT('',(1.755822592635,-89.36448693537,
    6.195745032271));
#6766 = CARTESIAN_POINT('',(1.665596261801,-89.44798814537,
    6.195728539582));
#6767 = CARTESIAN_POINT('',(1.583011326717,-89.53549914058,
    6.195711522328));
#6768 = CARTESIAN_POINT('',(1.390471038286,-89.76864449392,
    6.195666943868));
#6769 = CARTESIAN_POINT('',(1.291497715158,-89.91900278982,
    6.195638890307));
#6770 = CARTESIAN_POINT('',(1.210062381346,-90.07549073943,
    6.195610518648));
#6771 = CARTESIAN_POINT('',(1.145637176842,-90.23644423765,
    6.195582269412));
#6772 = CARTESIAN_POINT('',(1.097717780732,-90.40043505442,
    6.195554500771));
#6773 = CARTESIAN_POINT('',(1.065927258526,-90.56628793848,
    6.195527486863));
#6774 = CARTESIAN_POINT('',(1.05,-90.73304942871,6.195501431327));
#6775 = CARTESIAN_POINT('',(1.05,-90.9,6.195476475694));
#6776 = PCURVE('',#2122,#6777);
#6777 = DEFINITIONAL_REPRESENTATION('',(#6778),#6972);
#6778 = B_SPLINE_CURVE_WITH_KNOTS('',8,(#6779,#6780,#6781,#6782,#6783,
    #6784,#6785,#6786,#6787,#6788,#6789,#6790,#6791,#6792,#6793,#6794,
    #6795,#6796,#6797,#6798,#6799,#6800,#6801,#6802,#6803,#6804,#6805,
    #6806,#6807,#6808,#6809,#6810,#6811,#6812,#6813,#6814,#6815,#6816,
    #6817,#6818,#6819,#6820,#6821,#6822,#6823,#6824,#6825,#6826,#6827,
    #6828,#6829,#6830,#6831,#6832,#6833,#6834,#6835,#6836,#6837,#6838,
    #6839,#6840,#6841,#6842,#6843,#6844,#6845,#6846,#6847,#6848,#6849,
    #6850,#6851,#6852,#6853,#6854,#6855,#6856,#6857,#6858,#6859,#6860,
    #6861,#6862,#6863,#6864,#6865,#6866,#6867,#6868,#6869,#6870,#6871,
    #6872,#6873,#6874,#6875,#6876,#6877,#6878,#6879,#6880,#6881,#6882,
    #6883,#6884,#6885,#6886,#6887,#6888,#6889,#6890,#6891,#6892,#6893,
    #6894,#6895,#6896,#6897,#6898,#6899,#6900,#6901,#6902,#6903,#6904,
    #6905,#6906,#6907,#6908,#6909,#6910,#6911,#6912,#6913,#6914,#6915,
    #6916,#6917,#6918,#6919,#6920,#6921,#6922,#6923,#6924,#6925,#6926,
    #6927,#6928,#6929,#6930,#6931,#6932,#6933,#6934,#6935,#6936,#6937,
    #6938,#6939,#6940,#6941,#6942,#6943,#6944,#6945,#6946,#6947,#6948,
    #6949,#6950,#6951,#6952,#6953,#6954,#6955,#6956,#6957,#6958,#6959,
    #6960,#6961,#6962,#6963,#6964,#6965,#6966,#6967,#6968,#6969,#6970,
    #6971),.UNSPECIFIED.,.F.,.F.,(9,8,8,8,8,8,8,8,8,8,8,8,8,8,8,8,8,8,8,
    8,8,8,8,8,9),(0.,0.115915429637,0.224586144921,0.275525542711,
    0.374220625928,0.397352286057,0.442892741936,0.531127375202,
    0.696567312575,0.732757298876,0.87299349579,0.903670163865,
    0.933388186062,0.99096685407,1.004461854385,1.217008109336,
    1.256860532139,1.331583824895,1.396966706057,1.454176727073,
    1.504235495463,1.591838340144,1.6246894069,1.639061748605,
    1.854646874188),.UNSPECIFIED.);
#6779 = CARTESIAN_POINT('',(20.500000559515,0.722405952873));
#6780 = CARTESIAN_POINT('',(20.586069075018,0.722405911895));
#6781 = CARTESIAN_POINT('',(20.672085697421,0.722318496634));
#6782 = CARTESIAN_POINT('',(20.757952855933,0.722143695638));
#6783 = CARTESIAN_POINT('',(20.843556244059,0.721881229401));
#6784 = CARTESIAN_POINT('',(20.928764819592,0.721530550366));
#6785 = CARTESIAN_POINT('',(21.013430804619,0.721090842926));
#6786 = CARTESIAN_POINT('',(21.097389685521,0.72056102342));
#6787 = CARTESIAN_POINT('',(21.180460212967,0.719939740138));
#6788 = CARTESIAN_POINT('',(21.258338586088,0.719357313174));
#6789 = CARTESIAN_POINT('',(21.335436045913,0.718694595791));
#6790 = CARTESIAN_POINT('',(21.411601766725,0.717950526369));
#6791 = CARTESIAN_POINT('',(21.486672291964,0.717123972215));
#6792 = CARTESIAN_POINT('',(21.560469868544,0.71621366861));
#6793 = CARTESIAN_POINT('',(21.632800781157,0.715218157853));
#6794 = CARTESIAN_POINT('',(21.703453686593,0.714135728309));
#6795 = CARTESIAN_POINT('',(21.772197948048,0.712964353449));
#6796 = CARTESIAN_POINT('',(21.804422228444,0.712415261554));
#6797 = CARTESIAN_POINT('',(21.836226551968,0.71184662349));
#6798 = CARTESIAN_POINT('',(21.867554913042,0.711258798583));
#6799 = CARTESIAN_POINT('',(21.89843009389,0.71065078886));
#6800 = CARTESIAN_POINT('',(21.928764650133,0.71002342692));
#6801 = CARTESIAN_POINT('',(21.958570497169,0.709375867422));
#6802 = CARTESIAN_POINT('',(21.987786607773,0.708708491314));
#6803 = CARTESIAN_POINT('',(22.016384033621,0.70802115326));
#6804 = CARTESIAN_POINT('',(22.071791132672,0.706689441891));
#6805 = CARTESIAN_POINT('',(22.124869070627,0.705282912174));
#6806 = CARTESIAN_POINT('',(22.175339731457,0.703801624914));
#6807 = CARTESIAN_POINT('',(22.222894370918,0.702246366074));
#6808 = CARTESIAN_POINT('',(22.26719817221,0.70061879372));
#6809 = CARTESIAN_POINT('',(22.307898585281,0.698921639192));
#6810 = CARTESIAN_POINT('',(22.344637449787,0.697158962513));
#6811 = CARTESIAN_POINT('',(22.377066901699,0.695336462017));
#6812 = CARTESIAN_POINT('',(22.384667664337,0.69490932323));
#6813 = CARTESIAN_POINT('',(22.392031544947,0.694478882139));
#6814 = CARTESIAN_POINT('',(22.399154197127,0.694045225429));
#6815 = CARTESIAN_POINT('',(22.406031274479,0.693608439786));
#6816 = CARTESIAN_POINT('',(22.412658430602,0.693168611894));
#6817 = CARTESIAN_POINT('',(22.419031319096,0.692725828439));
#6818 = CARTESIAN_POINT('',(22.425145593561,0.692280176105));
#6819 = CARTESIAN_POINT('',(22.430996907597,0.691831741577));
#6820 = CARTESIAN_POINT('',(22.442516459399,0.690948937992));
#6821 = CARTESIAN_POINT('',(22.453019775759,0.690055274251));
#6822 = CARTESIAN_POINT('',(22.462472567145,0.689151601206));
#6823 = CARTESIAN_POINT('',(22.47083989365,0.688239279541));
#6824 = CARTESIAN_POINT('',(22.478092296665,0.687319697111));
#6825 = CARTESIAN_POINT('',(22.484208161678,0.686394072561));
#6826 = CARTESIAN_POINT('',(22.48917231219,0.685463545191));
#6827 = CARTESIAN_POINT('',(22.492970834767,0.684529551088));
#6828 = CARTESIAN_POINT('',(22.50033089327,0.682719924179));
#6829 = CARTESIAN_POINT('',(22.503317630888,0.680897019356));
#6830 = CARTESIAN_POINT('',(22.501846984025,0.679070241945));
#6831 = CARTESIAN_POINT('',(22.495905312896,0.677248814605));
#6832 = CARTESIAN_POINT('',(22.485550115999,0.675441978587));
#6833 = CARTESIAN_POINT('',(22.470911144217,0.673658994285));
#6834 = CARTESIAN_POINT('',(22.452191914564,0.671908941114));
#6835 = CARTESIAN_POINT('',(22.429671623572,0.670200316687));
#6836 = CARTESIAN_POINT('',(22.387443398204,0.666996450438));
#6837 = CARTESIAN_POINT('',(22.331803608075,0.663934804609));
#6838 = CARTESIAN_POINT('',(22.264279378824,0.661052258385));
#6839 = CARTESIAN_POINT('',(22.186640785221,0.658369716633));
#6840 = CARTESIAN_POINT('',(22.100585785058,0.655897778449));
#6841 = CARTESIAN_POINT('',(22.007618461224,0.653639537224));
#6842 = CARTESIAN_POINT('',(21.908995201338,0.651592415809));
#6843 = CARTESIAN_POINT('',(21.805613444292,0.649750940328));
#6844 = CARTESIAN_POINT('',(21.782998612508,0.649348115959));
#6845 = CARTESIAN_POINT('',(21.760154375234,0.648955105149));
#6846 = CARTESIAN_POINT('',(21.737106459575,0.64857212735));
#6847 = CARTESIAN_POINT('',(21.71384946008,0.648198858378));
#6848 = CARTESIAN_POINT('',(21.69039470922,0.647835281751));
#6849 = CARTESIAN_POINT('',(21.666757135768,0.64748145319));
#6850 = CARTESIAN_POINT('',(21.642935886665,0.647137154564));
#6851 = CARTESIAN_POINT('',(21.618943487937,0.646802413518));
#6852 = CARTESIAN_POINT('',(21.525972033383,0.64550529438));
#6853 = CARTESIAN_POINT('',(21.430412595526,0.64435128372));
#6854 = CARTESIAN_POINT('',(21.33270572017,0.643337042313));
#6855 = CARTESIAN_POINT('',(21.233247113635,0.642459652463));
#6856 = CARTESIAN_POINT('',(21.132390399235,0.641716609989));
#6857 = CARTESIAN_POINT('',(21.030449873773,0.641105816213));
#6858 = CARTESIAN_POINT('',(20.927703264025,0.640625569952));
#6859 = CARTESIAN_POINT('',(20.824394483231,0.640274559498));
#6860 = CARTESIAN_POINT('',(20.801795504318,0.640197781495));
#6861 = CARTESIAN_POINT('',(20.779169838426,0.640127185726));
#6862 = CARTESIAN_POINT('',(20.75651981772,0.640062763345));
#6863 = CARTESIAN_POINT('',(20.733847774365,0.640004505505));
#6864 = CARTESIAN_POINT('',(20.711156040527,0.639952403359));
#6865 = CARTESIAN_POINT('',(20.68844694837,0.639906448061));
#6866 = CARTESIAN_POINT('',(20.665722830059,0.639866630763));
#6867 = CARTESIAN_POINT('',(20.642986017761,0.639832942618));
#6868 = CARTESIAN_POINT('',(20.620959756365,0.639800309926));
#6869 = CARTESIAN_POINT('',(20.598919839598,0.639773434057));
#6870 = CARTESIAN_POINT('',(20.576875810977,0.639752309737));
#6871 = CARTESIAN_POINT('',(20.554809163557,0.639736936355));
#6872 = CARTESIAN_POINT('',(20.532756906701,0.63972731083));
#6873 = CARTESIAN_POINT('',(20.510680942622,0.639723433937));
#6874 = CARTESIAN_POINT('',(20.488609465217,0.639725313243));
#6875 = CARTESIAN_POINT('',(20.466540899123,0.639732945526));
#6876 = CARTESIAN_POINT('',(20.423782808692,0.639747733219));
#6877 = CARTESIAN_POINT('',(20.38103460245,0.639784120659));
#6878 = CARTESIAN_POINT('',(20.338312566833,0.639842115923));
#6879 = CARTESIAN_POINT('',(20.295633285678,0.639921743332));
#6880 = CARTESIAN_POINT('',(20.253013640228,0.640023043454));
#6881 = CARTESIAN_POINT('',(20.210470809129,0.6401460731));
#6882 = CARTESIAN_POINT('',(20.168022268432,0.640290905324));
#6883 = CARTESIAN_POINT('',(20.125685791592,0.640457629428));
#6884 = CARTESIAN_POINT('',(20.115763295463,0.640496704871));
#6885 = CARTESIAN_POINT('',(20.105846338749,0.640536985746));
#6886 = CARTESIAN_POINT('',(20.095936925323,0.640578465015));
#6887 = CARTESIAN_POINT('',(20.086033701922,0.640621151094));
#6888 = CARTESIAN_POINT('',(20.076136198273,0.640665048547));
#6889 = CARTESIAN_POINT('',(20.066246138197,0.640710151979));
#6890 = CARTESIAN_POINT('',(20.0563658217,0.64075645311));
#6891 = CARTESIAN_POINT('',(20.046493578032,0.640803961039));
#6892 = CARTESIAN_POINT('',(19.891006569872,0.641552212398));
#6893 = CARTESIAN_POINT('',(19.737632996837,0.642599338826));
#6894 = CARTESIAN_POINT('',(19.586962579968,0.643950914158));
#6895 = CARTESIAN_POINT('',(19.440006328208,0.645617179676));
#6896 = CARTESIAN_POINT('',(19.298182643141,0.647609618823));
#6897 = CARTESIAN_POINT('',(19.163284458252,0.649938114004));
#6898 = CARTESIAN_POINT('',(19.037480642557,0.652609793748));
#6899 = CARTESIAN_POINT('',(18.923404898403,0.65563067847));
#6900 = CARTESIAN_POINT('',(18.902015634907,0.656197098359));
#6901 = CARTESIAN_POINT('',(18.881039748318,0.656775758289));
#6902 = CARTESIAN_POINT('',(18.860487973434,0.657366932835));
#6903 = CARTESIAN_POINT('',(18.840401299531,0.657969885142));
#6904 = CARTESIAN_POINT('',(18.820749200298,0.658586248719));
#6905 = CARTESIAN_POINT('',(18.801610865979,0.659214216745));
#6906 = CARTESIAN_POINT('',(18.782981677097,0.659854486306));
#6907 = CARTESIAN_POINT('',(18.764897186008,0.660506530347));
#6908 = CARTESIAN_POINT('',(18.730988340127,0.66172912239));
#6909 = CARTESIAN_POINT('',(18.698988201665,0.662993300119));
#6910 = CARTESIAN_POINT('',(18.669062851181,0.664297560807));
#6911 = CARTESIAN_POINT('',(18.641379444695,0.665639977385));
#6912 = CARTESIAN_POINT('',(18.616101814314,0.667018158632));
#6913 = CARTESIAN_POINT('',(18.593386068873,0.668429209368));
#6914 = CARTESIAN_POINT('',(18.57337619456,0.669869690644));
#6915 = CARTESIAN_POINT('',(18.556199655553,0.671335579932));
#6916 = CARTESIAN_POINT('',(18.541170023549,0.672618262766));
#6917 = CARTESIAN_POINT('',(18.528309700011,0.67392029339));
#6918 = CARTESIAN_POINT('',(18.517702561003,0.67523915747));
#6919 = CARTESIAN_POINT('',(18.509423192519,0.67657179512));
#6920 = CARTESIAN_POINT('',(18.503531934696,0.677914686171));
#6921 = CARTESIAN_POINT('',(18.500069926039,0.679263935436));
#6922 = CARTESIAN_POINT('',(18.499054147635,0.680615357978));
#6923 = CARTESIAN_POINT('',(18.500472467376,0.681964564381));
#6924 = CARTESIAN_POINT('',(18.501713547264,0.683145216391));
#6925 = CARTESIAN_POINT('',(18.504818999779,0.684324476578));
#6926 = CARTESIAN_POINT('',(18.509782448904,0.685499516336));
#6927 = CARTESIAN_POINT('',(18.516583018559,0.686667706852));
#6928 = CARTESIAN_POINT('',(18.525187251905,0.687826614112));
#6929 = CARTESIAN_POINT('',(18.53555103064,0.68897399391));
#6930 = CARTESIAN_POINT('',(18.547621494302,0.690107786855));
#6931 = CARTESIAN_POINT('',(18.561338959568,0.691226113376));
#6932 = CARTESIAN_POINT('',(18.573341779855,0.692204651433));
#6933 = CARTESIAN_POINT('',(18.586604789831,0.693171320545));
#6934 = CARTESIAN_POINT('',(18.60109202459,0.694125033944));
#6935 = CARTESIAN_POINT('',(18.616745155538,0.695064044245));
#6936 = CARTESIAN_POINT('',(18.633546393365,0.69598864338));
#6937 = CARTESIAN_POINT('',(18.651401030016,0.696895854457));
#6938 = CARTESIAN_POINT('',(18.670292941817,0.697786676518));
#6939 = CARTESIAN_POINT('',(18.690165409966,0.698660061503));
#6940 = CARTESIAN_POINT('',(18.724942425138,0.700188504274));
#6941 = CARTESIAN_POINT('',(18.762728569204,0.701663850268));
#6942 = CARTESIAN_POINT('',(18.803275253411,0.703083528278));
#6943 = CARTESIAN_POINT('',(18.846339866081,0.704445756962));
#6944 = CARTESIAN_POINT('',(18.891689892601,0.705749430927));
#6945 = CARTESIAN_POINT('',(18.939107035416,0.706994006819));
#6946 = CARTESIAN_POINT('',(18.988391334023,0.708179389409));
#6947 = CARTESIAN_POINT('',(19.039365284958,0.709305817678));
#6948 = CARTESIAN_POINT('',(19.058480469972,0.709728229259));
#6949 = CARTESIAN_POINT('',(19.077833240595,0.710142350284));
#6950 = CARTESIAN_POINT('',(19.097414144124,0.710548195658));
#6951 = CARTESIAN_POINT('',(19.117214192234,0.710945785874));
#6952 = CARTESIAN_POINT('',(19.137224860974,0.71133514701));
#6953 = CARTESIAN_POINT('',(19.157438090764,0.711716310729));
#6954 = CARTESIAN_POINT('',(19.177846286401,0.712089314283));
#6955 = CARTESIAN_POINT('',(19.198442317057,0.712454200506));
#6956 = CARTESIAN_POINT('',(19.20745321038,0.712613840142));
#6957 = CARTESIAN_POINT('',(19.216499304489,0.71277191317));
#6958 = CARTESIAN_POINT('',(19.225582291762,0.712928461586));
#6959 = CARTESIAN_POINT('',(19.234699745552,0.713083457223));
#6960 = CARTESIAN_POINT('',(19.243849495986,0.713236876867));
#6961 = CARTESIAN_POINT('',(19.253031350706,0.713388731513));
#6962 = CARTESIAN_POINT('',(19.262246160572,0.713539049766));
#6963 = CARTESIAN_POINT('',(19.271492230305,0.713687815394));
#6964 = CARTESIAN_POINT('',(19.410184440747,0.715919298419));
#6965 = CARTESIAN_POINT('',(19.55598561662,0.717802931896));
#6966 = CARTESIAN_POINT('',(19.707152325431,0.719353680675));
#6967 = CARTESIAN_POINT('',(19.862227601918,0.720581786908));
#6968 = CARTESIAN_POINT('',(20.019983917944,0.721495552079));
#6969 = CARTESIAN_POINT('',(20.179390895711,0.72210207705));
#6970 = CARTESIAN_POINT('',(20.339607764297,0.722405960083));
#6971 = CARTESIAN_POINT('',(20.500000559515,0.722405952873));
#6972 = ( GEOMETRIC_REPRESENTATION_CONTEXT(2) 
PARAMETRIC_REPRESENTATION_CONTEXT() REPRESENTATION_CONTEXT('2D SPACE',''
  ) );
#6973 = PCURVE('',#6974,#7005);
#6974 = B_SPLINE_SURFACE_WITH_KNOTS('',3,1,(
    (#6975,#6976)
    ,(#6977,#6978)
    ,(#6979,#6980)
    ,(#6981,#6982)
    ,(#6983,#6984)
    ,(#6985,#6986)
    ,(#6987,#6988)
    ,(#6989,#6990)
    ,(#6991,#6992)
    ,(#6993,#6994)
    ,(#6995,#6996)
    ,(#6997,#6998)
    ,(#6999,#7000)
    ,(#7001,#7002)
    ,(#7003,#7004
    )),.UNSPECIFIED.,.F.,.F.,.F.,(4,1,1,1,1,1,1,1,1,1,1,1,4),(2,2),(0.,
    2.00000000223,4.000000019275,6.000000058171,8.00000011929,
    10.000000198002,12.000000286343,14.000000374684,16.000000453395,
    18.000000514514,20.00000055341,22.000000570455,24.000000572685),(0.,
    1.),.UNSPECIFIED.);
#6975 = CARTESIAN_POINT('',(36.,-70.4,6.2));
#6976 = CARTESIAN_POINT('',(-12.38,-70.4,6.2));
#6977 = CARTESIAN_POINT('',(36.,-71.06666666835,6.2));
#6978 = CARTESIAN_POINT('',(-12.38,-71.06666666835,6.2));
#6979 = CARTESIAN_POINT('',(36.,-72.40000000733,6.199933333333));
#6980 = CARTESIAN_POINT('',(-12.38,-72.40000000733,6.199933333333));
#6981 = CARTESIAN_POINT('',(36.,-74.40000001119,6.199666666665));
#6982 = CARTESIAN_POINT('',(-12.38,-74.40000001119,6.199666666665));
#6983 = CARTESIAN_POINT('',(36.,-76.40000001122,6.199266666664));
#6984 = CARTESIAN_POINT('',(-12.38,-76.40000001122,6.199266666664));
#6985 = CARTESIAN_POINT('',(36.,-78.40000000889,6.198766666664));
#6986 = CARTESIAN_POINT('',(-12.38,-78.40000000889,6.198766666664));
#6987 = CARTESIAN_POINT('',(36.,-80.40000000486,6.198199999999));
#6988 = CARTESIAN_POINT('',(-12.38,-80.40000000486,6.198199999999));
#6989 = CARTESIAN_POINT('',(36.,-82.4,6.1976));
#6990 = CARTESIAN_POINT('',(-12.38,-82.4,6.1976));
#6991 = CARTESIAN_POINT('',(36.,-84.39999999514,6.197000000001));
#6992 = CARTESIAN_POINT('',(-12.38,-84.39999999514,6.197000000001));
#6993 = CARTESIAN_POINT('',(36.,-86.3999999911,6.196433333336));
#6994 = CARTESIAN_POINT('',(-12.38,-86.3999999911,6.196433333336));
#6995 = CARTESIAN_POINT('',(36.,-88.39999998877,6.195933333336));
#6996 = CARTESIAN_POINT('',(-12.38,-88.39999998877,6.195933333336));
#6997 = CARTESIAN_POINT('',(36.,-90.3999999888,6.195533333335));
#6998 = CARTESIAN_POINT('',(-12.38,-90.3999999888,6.195533333335));
#6999 = CARTESIAN_POINT('',(36.,-92.39999999266,6.195266666667));
#7000 = CARTESIAN_POINT('',(-12.38,-92.39999999266,6.195266666667));
#7001 = CARTESIAN_POINT('',(36.,-93.73333333164,6.1952));
#7002 = CARTESIAN_POINT('',(-12.38,-93.73333333164,6.1952));
#7003 = CARTESIAN_POINT('',(36.,-94.4,6.1952));
#7004 = CARTESIAN_POINT('',(-12.38,-94.4,6.1952));
#7005 = DEFINITIONAL_REPRESENTATION('',(#7006),#7120);
#7006 = B_SPLINE_CURVE_WITH_KNOTS('',3,(#7007,#7008,#7009,#7010,#7011,
    #7012,#7013,#7014,#7015,#7016,#7017,#7018,#7019,#7020,#7021,#7022,
    #7023,#7024,#7025,#7026,#7027,#7028,#7029,#7030,#7031,#7032,#7033,
    #7034,#7035,#7036,#7037,#7038,#7039,#7040,#7041,#7042,#7043,#7044,
    #7045,#7046,#7047,#7048,#7049,#7050,#7051,#7052,#7053,#7054,#7055,
    #7056,#7057,#7058,#7059,#7060,#7061,#7062,#7063,#7064,#7065,#7066,
    #7067,#7068,#7069,#7070,#7071,#7072,#7073,#7074,#7075,#7076,#7077,
    #7078,#7079,#7080,#7081,#7082,#7083,#7084,#7085,#7086,#7087,#7088,
    #7089,#7090,#7091,#7092,#7093,#7094,#7095,#7096,#7097,#7098,#7099,
    #7100,#7101,#7102,#7103,#7104,#7105,#7106,#7107,#7108,#7109,#7110,
    #7111,#7112,#7113,#7114,#7115,#7116,#7117,#7118,#7119),
  .UNSPECIFIED.,.T.,.F.,(4,1,1,1,1,1,1,1,1,1,1,1,1,1,1,1,1,1,1,1,1,1,1,1
    ,1,1,1,1,1,1,1,1,1,1,1,1,1,1,1,1,1,1,1,1,1,1,1,1,1,1,1,1,1,1,1,1,1,1
    ,1,1,1,1,1,1,1,1,1,1,1,1,1,1,1,1,1,1,1,1,1,1,1,1,1,1,1,1,1,1,1,1,1,1
    ,1,1,1,1,1,1,1,1,1,1,1,1,1,1,1,1,1,1,4),(0.,1.686042612899E-02,
    3.372085225797E-02,5.058127838696E-02,6.744170451594E-02,
    8.430213064493E-02,0.101162556774,0.118022982903,0.134883409032,
    0.151743835161,0.16860426129,0.185464687419,0.202325113548,
    0.219185539677,0.236045965806,0.252906391935,0.269766818064,
    0.286627244193,0.303487670322,0.320348096451,0.33720852258,
    0.354068948709,0.370929374838,0.387789800967,0.404650227096,
    0.421510653225,0.438371079354,0.455231505483,0.472091931612,
    0.488952357741,0.50581278387,0.522673209999,0.539533636128,
    0.556394062257,0.573254488385,0.590114914514,0.606975340643,
    0.623835766772,0.640696192901,0.65755661903,0.674417045159,
    0.691277471288,0.708137897417,0.724998323546,0.741858749675,
    0.758719175804,0.775579601933,0.792440028062,0.809300454191,
    0.82616088032,0.843021306449,0.859881732578,0.876742158707,
    0.893602584836,0.910463010965,0.927323437094,0.944183863223,
    0.961044289352,0.977904715481,0.99476514161,1.011625567739,
    1.028485993868,1.045346419997,1.062206846126,1.079067272255,
    1.095927698384,1.112788124513,1.129648550642,1.146508976771,
    1.1633694029,1.180229829029,1.197090255158,1.213950681287,
    1.230811107416,1.247671533545,1.264531959674,1.281392385803,
    1.298252811932,1.315113238061,1.33197366419,1.348834090319,
    1.365694516448,1.382554942577,1.399415368706,1.416275794835,
    1.433136220964,1.449996647093,1.466857073222,1.483717499351,
    1.50057792548,1.517438351609,1.534298777738,1.551159203867,
    1.568019629996,1.584880056125,1.601740482254,1.618600908383,
    1.635461334512,1.652321760641,1.66918218677,1.686042612899,
    1.702903039027,1.719763465156,1.736623891285,1.753484317414,
    1.770344743543,1.787205169672,1.804065595801,1.82092602193,
    1.837786448059,1.854646874188),.QUASI_UNIFORM_KNOTS.);
#7007 = CARTESIAN_POINT('',(20.500000559515,0.722405952873));
#7008 = CARTESIAN_POINT('',(20.533383628722,0.722405928642));
#7009 = CARTESIAN_POINT('',(20.600133323709,0.722371418981));
#7010 = CARTESIAN_POINT('',(20.700087415028,0.722215969405));
#7011 = CARTESIAN_POINT('',(20.799754809738,0.721956635429));
#7012 = CARTESIAN_POINT('',(20.899002198366,0.721592860155));
#7013 = CARTESIAN_POINT('',(20.997685021261,0.72112390539));
#7014 = CARTESIAN_POINT('',(21.095645759228,0.720548845313));
#7015 = CARTESIAN_POINT('',(21.192714163471,0.719866598737));
#7016 = CARTESIAN_POINT('',(21.288706891454,0.719075941368));
#7017 = CARTESIAN_POINT('',(21.383427185206,0.718175514113));
#7018 = CARTESIAN_POINT('',(21.476664470193,0.717163819999));
#7019 = CARTESIAN_POINT('',(21.568193541931,0.716039216933));
#7020 = CARTESIAN_POINT('',(21.65777453503,0.714799873572));
#7021 = CARTESIAN_POINT('',(21.745148895676,0.713443796103));
#7022 = CARTESIAN_POINT('',(21.830048871059,0.711968506872));
#7023 = CARTESIAN_POINT('',(21.91208917527,0.710373115856));
#7024 = CARTESIAN_POINT('',(21.990909475927,0.708656037716));
#7025 = CARTESIAN_POINT('',(22.066082526648,0.706816626416));
#7026 = CARTESIAN_POINT('',(22.13713657152,0.7048551422));
#7027 = CARTESIAN_POINT('',(22.203557873832,0.702772986396));
#7028 = CARTESIAN_POINT('',(22.264799204377,0.700572871168));
#7029 = CARTESIAN_POINT('',(22.320287993762,0.69825902791));
#7030 = CARTESIAN_POINT('',(22.369436911953,0.695837423891));
#7031 = CARTESIAN_POINT('',(22.411655533995,0.69331605646));
#7032 = CARTESIAN_POINT('',(22.446369109215,0.690705129511));
#7033 = CARTESIAN_POINT('',(22.473026748005,0.688017745351));
#7034 = CARTESIAN_POINT('',(22.491115084802,0.685275888336));
#7035 = CARTESIAN_POINT('',(22.500308806952,0.682501097264));
#7036 = CARTESIAN_POINT('',(22.500444419417,0.679715203217));
#7037 = CARTESIAN_POINT('',(22.491520548044,0.676939955769));
#7038 = CARTESIAN_POINT('',(22.473696876248,0.6741970552));
#7039 = CARTESIAN_POINT('',(22.447290337414,0.671507674969));
#7040 = CARTESIAN_POINT('',(22.412801978998,0.668893619826));
#7041 = CARTESIAN_POINT('',(22.370789517878,0.66636892984));
#7042 = CARTESIAN_POINT('',(22.321825673324,0.663943717639));
#7043 = CARTESIAN_POINT('',(22.266502301464,0.661626136047));
#7044 = CARTESIAN_POINT('',(22.205407806254,0.659422209184));
#7045 = CARTESIAN_POINT('',(22.139116187565,0.657336224403));
#7046 = CARTESIAN_POINT('',(22.068176045485,0.655370927764));
#7047 = CARTESIAN_POINT('',(21.99310220439,0.653527739759));
#7048 = CARTESIAN_POINT('',(21.914367520357,0.651806934278));
#7049 = CARTESIAN_POINT('',(21.83239849085,0.650207844757));
#7050 = CARTESIAN_POINT('',(21.747559164328,0.648728951322));
#7051 = CARTESIAN_POINT('',(21.660238172527,0.647369396018));
#7052 = CARTESIAN_POINT('',(21.570699641955,0.646126628409));
#7053 = CARTESIAN_POINT('',(21.479204605318,0.644998684121));
#7054 = CARTESIAN_POINT('',(21.385993612205,0.643983729289));
#7055 = CARTESIAN_POINT('',(21.291292881724,0.643080124143));
#7056 = CARTESIAN_POINT('',(21.19531376936,0.642286369742));
#7057 = CARTESIAN_POINT('',(21.098253731026,0.641601103744));
#7058 = CARTESIAN_POINT('',(21.000296693844,0.641023097218));
#7059 = CARTESIAN_POINT('',(20.901613350047,0.640551262752));
#7060 = CARTESIAN_POINT('',(20.802361660195,0.640184669723));
#7061 = CARTESIAN_POINT('',(20.702686089745,0.63992256662));
#7062 = CARTESIAN_POINT('',(20.602721305487,0.639764413224));
#7063 = CARTESIAN_POINT('',(20.502578934602,0.639709914521));
#7064 = CARTESIAN_POINT('',(20.402397205376,0.639759093675));
#7065 = CARTESIAN_POINT('',(20.302360937503,0.63991206137));
#7066 = CARTESIAN_POINT('',(20.202600347576,0.640169108285));
#7067 = CARTESIAN_POINT('',(20.103260115301,0.640530743304));
#7068 = CARTESIAN_POINT('',(20.004502899354,0.640997625911));
#7069 = CARTESIAN_POINT('',(19.906553301867,0.641570154219));
#7070 = CARTESIAN_POINT('',(19.809509801383,0.642249615499));
#7071 = CARTESIAN_POINT('',(19.71353168671,0.643037390955));
#7072 = CARTESIAN_POINT('',(19.618796492767,0.64393504001));
#7073 = CARTESIAN_POINT('',(19.525510827156,0.644944197381));
#7074 = CARTESIAN_POINT('',(19.433907047654,0.646066531416));
#7075 = CARTESIAN_POINT('',(19.344243865425,0.647303695258));
#7076 = CARTESIAN_POINT('',(19.256806020945,0.648657289022));
#7077 = CARTESIAN_POINT('',(19.171904422585,0.650128826715));
#7078 = CARTESIAN_POINT('',(19.089876240259,0.651719718184));
#7079 = CARTESIAN_POINT('',(19.011085940093,0.653431239716));
#7080 = CARTESIAN_POINT('',(18.935924315877,0.655264602297));
#7081 = CARTESIAN_POINT('',(18.864816946623,0.657220726902));
#7082 = CARTESIAN_POINT('',(18.79820009195,0.659301204464));
#7083 = CARTESIAN_POINT('',(18.73666459885,0.66150353936));
#7084 = CARTESIAN_POINT('',(18.680865639101,0.663821695499));
#7085 = CARTESIAN_POINT('',(18.631438572387,0.666248133271));
#7086 = CARTESIAN_POINT('',(18.589001824215,0.668773122258));
#7087 = CARTESIAN_POINT('',(18.554135764819,0.671384731306));
#7088 = CARTESIAN_POINT('',(18.527364619286,0.674068637521));
#7089 = CARTESIAN_POINT('',(18.509132441279,0.676807892882));
#7090 = CARTESIAN_POINT('',(18.499774704403,0.679582921201));
#7091 = CARTESIAN_POINT('',(18.499480976508,0.682370484895));
#7092 = CARTESIAN_POINT('',(18.508259579203,0.685147627441));
#7093 = CARTESIAN_POINT('',(18.52594287247,0.687891558524));
#7094 = CARTESIAN_POINT('',(18.552211129181,0.690582047842));
#7095 = CARTESIAN_POINT('',(18.586622154268,0.693201174065));
#7096 = CARTESIAN_POINT('',(18.628639272548,0.695733453286));
#7097 = CARTESIAN_POINT('',(18.677636249978,0.698165137802));
#7098 = CARTESIAN_POINT('',(18.732999116542,0.700487759478));
#7099 = CARTESIAN_POINT('',(18.794142108443,0.702695858791));
#7100 = CARTESIAN_POINT('',(18.860491699999,0.704785402414));
#7101 = CARTESIAN_POINT('',(18.931502882613,0.706753888384));
#7102 = CARTESIAN_POINT('',(19.006664369122,0.708600040211));
#7103 = CARTESIAN_POINT('',(19.085507550416,0.710323674211));
#7104 = CARTESIAN_POINT('',(19.167604657918,0.71192540453));
#7105 = CARTESIAN_POINT('',(19.252601827933,0.713406897281));
#7106 = CARTESIAN_POINT('',(19.34009762284,0.71476873063));
#7107 = CARTESIAN_POINT('',(19.429811063973,0.716013236152));
#7108 = CARTESIAN_POINT('',(19.521485382072,0.717142492279));
#7109 = CARTESIAN_POINT('',(19.61487859718,0.718158342178));
#7110 = CARTESIAN_POINT('',(19.70976451489,0.719062450881));
#7111 = CARTESIAN_POINT('',(19.805931316005,0.719856328983));
#7112 = CARTESIAN_POINT('',(19.903181087497,0.720541346954));
#7113 = CARTESIAN_POINT('',(20.001329310286,0.72111873757));
#7114 = CARTESIAN_POINT('',(20.100204553331,0.721589588723));
#7115 = CARTESIAN_POINT('',(20.199648095308,0.721954831598));
#7116 = CARTESIAN_POINT('',(20.29951414935,0.722215208875));
#7117 = CARTESIAN_POINT('',(20.399668153106,0.722371281404));
#7118 = CARTESIAN_POINT('',(20.466551091224,0.722405928646));
#7119 = CARTESIAN_POINT('',(20.500000559515,0.722405952873));
#7120 = ( GEOMETRIC_REPRESENTATION_CONTEXT(2) 
PARAMETRIC_REPRESENTATION_CONTEXT() REPRESENTATION_CONTEXT('2D SPACE',''
  ) );
#7121 = ADVANCED_FACE('',(#7122),#2044,.T.);
#7122 = FACE_BOUND('',#7123,.F.);
#7123 = EDGE_LOOP('',(#7124,#7154,#7182,#7210,#7248,#7269,#7314,#7315,
    #7316,#7339,#7367,#7395,#7418));
#7124 = ORIENTED_EDGE('',*,*,#7125,.F.);
#7125 = EDGE_CURVE('',#7126,#7128,#7130,.T.);
#7126 = VERTEX_POINT('',#7127);
#7127 = CARTESIAN_POINT('',(29.8,-49.12613602842,2.8));
#7128 = VERTEX_POINT('',#7129);
#7129 = CARTESIAN_POINT('',(29.8,-49.12613602842,1.6));
#7130 = SURFACE_CURVE('',#7131,(#7135,#7142),.PCURVE_S1.);
#7131 = LINE('',#7132,#7133);
#7132 = CARTESIAN_POINT('',(29.8,-49.12613602842,1.6));
#7133 = VECTOR('',#7134,1.);
#7134 = DIRECTION('',(0.,-0.,-1.));
#7135 = PCURVE('',#2044,#7136);
#7136 = DEFINITIONAL_REPRESENTATION('',(#7137),#7141);
#7137 = LINE('',#7138,#7139);
#7138 = CARTESIAN_POINT('',(-40.07386397157,-2.6));
#7139 = VECTOR('',#7140,1.);
#7140 = DIRECTION('',(-0.,1.));
#7141 = ( GEOMETRIC_REPRESENTATION_CONTEXT(2) 
PARAMETRIC_REPRESENTATION_CONTEXT() REPRESENTATION_CONTEXT('2D SPACE',''
  ) );
#7142 = PCURVE('',#7143,#7148);
#7143 = CYLINDRICAL_SURFACE('',#7144,3.);
#7144 = AXIS2_PLACEMENT_3D('',#7145,#7146,#7147);
#7145 = CARTESIAN_POINT('',(27.5,-47.2,1.6));
#7146 = DIRECTION('',(0.,-0.,-1.));
#7147 = DIRECTION('',(-1.,-0.,-0.));
#7148 = DEFINITIONAL_REPRESENTATION('',(#7149),#7153);
#7149 = LINE('',#7150,#7151);
#7150 = CARTESIAN_POINT('',(3.838755787232,0.));
#7151 = VECTOR('',#7152,1.);
#7152 = DIRECTION('',(0.,1.));
#7153 = ( GEOMETRIC_REPRESENTATION_CONTEXT(2) 
PARAMETRIC_REPRESENTATION_CONTEXT() REPRESENTATION_CONTEXT('2D SPACE',''
  ) );
#7154 = ORIENTED_EDGE('',*,*,#7155,.T.);
#7155 = EDGE_CURVE('',#7126,#7156,#7158,.T.);
#7156 = VERTEX_POINT('',#7157);
#7157 = CARTESIAN_POINT('',(29.8,-93.6,2.8));
#7158 = SURFACE_CURVE('',#7159,(#7163,#7170),.PCURVE_S1.);
#7159 = LINE('',#7160,#7161);
#7160 = CARTESIAN_POINT('',(29.8,-49.12613602842,2.8));
#7161 = VECTOR('',#7162,1.);
#7162 = DIRECTION('',(-0.,-1.,-0.));
#7163 = PCURVE('',#2044,#7164);
#7164 = DEFINITIONAL_REPRESENTATION('',(#7165),#7169);
#7165 = LINE('',#7166,#7167);
#7166 = CARTESIAN_POINT('',(-40.07386397157,-3.8));
#7167 = VECTOR('',#7168,1.);
#7168 = DIRECTION('',(1.,-0.));
#7169 = ( GEOMETRIC_REPRESENTATION_CONTEXT(2) 
PARAMETRIC_REPRESENTATION_CONTEXT() REPRESENTATION_CONTEXT('2D SPACE',''
  ) );
#7170 = PCURVE('',#7171,#7176);
#7171 = PLANE('',#7172);
#7172 = AXIS2_PLACEMENT_3D('',#7173,#7174,#7175);
#7173 = CARTESIAN_POINT('',(28.8,-47.2,2.8));
#7174 = DIRECTION('',(-0.,-0.,1.));
#7175 = DIRECTION('',(1.,0.,0.));
#7176 = DEFINITIONAL_REPRESENTATION('',(#7177),#7181);
#7177 = LINE('',#7178,#7179);
#7178 = CARTESIAN_POINT('',(1.,-1.926136028426));
#7179 = VECTOR('',#7180,1.);
#7180 = DIRECTION('',(-0.,-1.));
#7181 = ( GEOMETRIC_REPRESENTATION_CONTEXT(2) 
PARAMETRIC_REPRESENTATION_CONTEXT() REPRESENTATION_CONTEXT('2D SPACE',''
  ) );
#7182 = ORIENTED_EDGE('',*,*,#7183,.T.);
#7183 = EDGE_CURVE('',#7156,#7184,#7186,.T.);
#7184 = VERTEX_POINT('',#7185);
#7185 = CARTESIAN_POINT('',(29.800000000001,-93.6,5.395215644444));
#7186 = SURFACE_CURVE('',#7187,(#7191,#7198),.PCURVE_S1.);
#7187 = LINE('',#7188,#7189);
#7188 = CARTESIAN_POINT('',(29.8,-93.6,2.8));
#7189 = VECTOR('',#7190,1.);
#7190 = DIRECTION('',(-0.,-0.,1.));
#7191 = PCURVE('',#2044,#7192);
#7192 = DEFINITIONAL_REPRESENTATION('',(#7193),#7197);
#7193 = LINE('',#7194,#7195);
#7194 = CARTESIAN_POINT('',(4.4,-3.8));
#7195 = VECTOR('',#7196,1.);
#7196 = DIRECTION('',(-0.,-1.));
#7197 = ( GEOMETRIC_REPRESENTATION_CONTEXT(2) 
PARAMETRIC_REPRESENTATION_CONTEXT() REPRESENTATION_CONTEXT('2D SPACE',''
  ) );
#7198 = PCURVE('',#7199,#7204);
#7199 = PLANE('',#7200);
#7200 = AXIS2_PLACEMENT_3D('',#7201,#7202,#7203);
#7201 = CARTESIAN_POINT('',(134.,-93.6,-1.));
#7202 = DIRECTION('',(-0.,1.,-0.));
#7203 = DIRECTION('',(1.,0.,0.));
#7204 = DEFINITIONAL_REPRESENTATION('',(#7205),#7209);
#7205 = LINE('',#7206,#7207);
#7206 = CARTESIAN_POINT('',(-104.2,-3.8));
#7207 = VECTOR('',#7208,1.);
#7208 = DIRECTION('',(-0.,-1.));
#7209 = ( GEOMETRIC_REPRESENTATION_CONTEXT(2) 
PARAMETRIC_REPRESENTATION_CONTEXT() REPRESENTATION_CONTEXT('2D SPACE',''
  ) );
#7210 = ORIENTED_EDGE('',*,*,#7211,.T.);
#7211 = EDGE_CURVE('',#7184,#7212,#7214,.T.);
#7212 = VERTEX_POINT('',#7213);
#7213 = CARTESIAN_POINT('',(29.8,-89.2,5.395778355555));
#7214 = SURFACE_CURVE('',#7215,(#7224,#7236),.PCURVE_S1.);
#7215 = B_SPLINE_CURVE_WITH_KNOTS('',4,(#7216,#7217,#7218,#7219,#7220,
    #7221,#7222,#7223),.UNSPECIFIED.,.F.,.F.,(5,3,5),(0.,0.333999982515,
    1.),.UNSPECIFIED.);
#7216 = CARTESIAN_POINT('',(29.8,-93.6,5.395215644444));
#7217 = CARTESIAN_POINT('',(29.8,-91.66280005324,5.395290549509));
#7218 = CARTESIAN_POINT('',(29.8,-89.72560011443,5.395598958623));
#7219 = CARTESIAN_POINT('',(29.8,-87.78840022263,5.39606009605));
#7220 = CARTESIAN_POINT('',(29.8,-81.98840029445,5.397656174059));
#7221 = CARTESIAN_POINT('',(29.8,-78.12560035943,5.399005251632));
#7222 = CARTESIAN_POINT('',(29.8,-74.2628002019,5.4));
#7223 = CARTESIAN_POINT('',(29.8,-70.4,5.4));
#7224 = PCURVE('',#2044,#7225);
#7225 = DEFINITIONAL_REPRESENTATION('',(#7226),#7235);
#7226 = B_SPLINE_CURVE_WITH_KNOTS('',4,(#7227,#7228,#7229,#7230,#7231,
    #7232,#7233,#7234),.UNSPECIFIED.,.F.,.F.,(5,3,5),(0.,0.333999982515,
    1.),.UNSPECIFIED.);
#7227 = CARTESIAN_POINT('',(4.4,-6.395215644444));
#7228 = CARTESIAN_POINT('',(2.462800053243,-6.395290549509));
#7229 = CARTESIAN_POINT('',(0.525600114438,-6.395598958623));
#7230 = CARTESIAN_POINT('',(-1.411599777367,-6.39606009605));
#7231 = CARTESIAN_POINT('',(-7.211599705542,-6.397656174059));
#7232 = CARTESIAN_POINT('',(-11.07439964056,-6.399005251632));
#7233 = CARTESIAN_POINT('',(-14.93719979809,-6.4));
#7234 = CARTESIAN_POINT('',(-18.8,-6.4));
#7235 = ( GEOMETRIC_REPRESENTATION_CONTEXT(2) 
PARAMETRIC_REPRESENTATION_CONTEXT() REPRESENTATION_CONTEXT('2D SPACE',''
  ) );
#7236 = PCURVE('',#4526,#7237);
#7237 = DEFINITIONAL_REPRESENTATION('',(#7238),#7247);
#7238 = B_SPLINE_CURVE_WITH_KNOTS('',4,(#7239,#7240,#7241,#7242,#7243,
    #7244,#7245,#7246),.UNSPECIFIED.,.F.,.F.,(5,3,5),(0.,0.333999982515,
    1.),.UNSPECIFIED.);
#7239 = CARTESIAN_POINT('',(23.20000057079,0.128152128979));
#7240 = CARTESIAN_POINT('',(21.262800623181,0.128152128979));
#7241 = CARTESIAN_POINT('',(19.325600678095,0.128152128979));
#7242 = CARTESIAN_POINT('',(17.388400729192,0.128152128979));
#7243 = CARTESIAN_POINT('',(11.58840058155,0.128152128979));
#7244 = CARTESIAN_POINT('',(7.725600392016,0.128152128979));
#7245 = CARTESIAN_POINT('',(3.862800196437,0.128152128979));
#7246 = CARTESIAN_POINT('',(0.,0.128152128979));
#7247 = ( GEOMETRIC_REPRESENTATION_CONTEXT(2) 
PARAMETRIC_REPRESENTATION_CONTEXT() REPRESENTATION_CONTEXT('2D SPACE',''
  ) );
#7248 = ORIENTED_EDGE('',*,*,#7249,.T.);
#7249 = EDGE_CURVE('',#7212,#6143,#7250,.T.);
#7250 = SURFACE_CURVE('',#7251,(#7255,#7262),.PCURVE_S1.);
#7251 = LINE('',#7252,#7253);
#7252 = CARTESIAN_POINT('',(29.8,-89.2,-1.));
#7253 = VECTOR('',#7254,1.);
#7254 = DIRECTION('',(-0.,-0.,1.));
#7255 = PCURVE('',#2044,#7256);
#7256 = DEFINITIONAL_REPRESENTATION('',(#7257),#7261);
#7257 = LINE('',#7258,#7259);
#7258 = CARTESIAN_POINT('',(-0.,-0.));
#7259 = VECTOR('',#7260,1.);
#7260 = DIRECTION('',(-0.,-1.));
#7261 = ( GEOMETRIC_REPRESENTATION_CONTEXT(2) 
PARAMETRIC_REPRESENTATION_CONTEXT() REPRESENTATION_CONTEXT('2D SPACE',''
  ) );
#7262 = PCURVE('',#4494,#7263);
#7263 = DEFINITIONAL_REPRESENTATION('',(#7264),#7268);
#7264 = LINE('',#7265,#7266);
#7265 = CARTESIAN_POINT('',(6.28318530718,0.));
#7266 = VECTOR('',#7267,1.);
#7267 = DIRECTION('',(0.,-1.));
#7268 = ( GEOMETRIC_REPRESENTATION_CONTEXT(2) 
PARAMETRIC_REPRESENTATION_CONTEXT() REPRESENTATION_CONTEXT('2D SPACE',''
  ) );
#7269 = ORIENTED_EDGE('',*,*,#7270,.T.);
#7270 = EDGE_CURVE('',#6143,#2029,#7271,.T.);
#7271 = SURFACE_CURVE('',#7272,(#7284,#7299),.PCURVE_S1.);
#7272 = B_SPLINE_CURVE_WITH_KNOTS('',4,(#7273,#7274,#7275,#7276,#7277,
    #7278,#7279,#7280,#7281,#7282,#7283),.UNSPECIFIED.,.F.,.F.,(5,3,3,5)
  ,(0.,0.334827586769,0.680344827843,1.),.UNSPECIFIED.);
#7273 = CARTESIAN_POINT('',(29.8,-93.6,6.195215644444));
#7274 = CARTESIAN_POINT('',(29.8,-91.65799994969,6.195290735113));
#7275 = CARTESIAN_POINT('',(29.8,-89.7159999101,6.195600488444));
#7276 = CARTESIAN_POINT('',(29.8,-87.77399991353,6.196063526759));
#7277 = CARTESIAN_POINT('',(29.8,-83.82799996372,6.197150496644));
#7278 = CARTESIAN_POINT('',(29.8,-81.82400001435,6.19777909291));
#7279 = CARTESIAN_POINT('',(29.8,-79.82000005989,6.198394837929));
#7280 = CARTESIAN_POINT('',(29.8,-75.96200009384,6.199383345488));
#7281 = CARTESIAN_POINT('',(29.8,-74.10800008789,6.199770845587));
#7282 = CARTESIAN_POINT('',(29.8,-72.25400004584,6.2));
#7283 = CARTESIAN_POINT('',(29.8,-70.4,6.2));
#7284 = PCURVE('',#2044,#7285);
#7285 = DEFINITIONAL_REPRESENTATION('',(#7286),#7298);
#7286 = B_SPLINE_CURVE_WITH_KNOTS('',4,(#7287,#7288,#7289,#7290,#7291,
    #7292,#7293,#7294,#7295,#7296,#7297),.UNSPECIFIED.,.F.,.F.,(5,3,3,5)
  ,(0.,0.334827586769,0.680344827843,1.),.UNSPECIFIED.);
#7287 = CARTESIAN_POINT('',(4.4,-7.195215644444));
#7288 = CARTESIAN_POINT('',(2.45799994969,-7.195290735113));
#7289 = CARTESIAN_POINT('',(0.515999910104,-7.195600488444));
#7290 = CARTESIAN_POINT('',(-1.426000086468,-7.196063526759));
#7291 = CARTESIAN_POINT('',(-5.372000036275,-7.197150496644));
#7292 = CARTESIAN_POINT('',(-7.375999985645,-7.19777909291));
#7293 = CARTESIAN_POINT('',(-9.379999940107,-7.198394837929));
#7294 = CARTESIAN_POINT('',(-13.23799990615,-7.199383345488));
#7295 = CARTESIAN_POINT('',(-15.0919999121,-7.199770845587));
#7296 = CARTESIAN_POINT('',(-16.94599995415,-7.2));
#7297 = CARTESIAN_POINT('',(-18.8,-7.2));
#7298 = ( GEOMETRIC_REPRESENTATION_CONTEXT(2) 
PARAMETRIC_REPRESENTATION_CONTEXT() REPRESENTATION_CONTEXT('2D SPACE',''
  ) );
#7299 = PCURVE('',#2070,#7300);
#7300 = DEFINITIONAL_REPRESENTATION('',(#7301),#7313);
#7301 = B_SPLINE_CURVE_WITH_KNOTS('',4,(#7302,#7303,#7304,#7305,#7306,
    #7307,#7308,#7309,#7310,#7311,#7312),.UNSPECIFIED.,.F.,.F.,(5,3,3,5)
  ,(0.,0.334827586769,0.680344827843,1.),.UNSPECIFIED.);
#7302 = CARTESIAN_POINT('',(23.200000573109,0.128152128979));
#7303 = CARTESIAN_POINT('',(21.258000521946,0.128152128979));
#7304 = CARTESIAN_POINT('',(19.316000470601,0.128152128979));
#7305 = CARTESIAN_POINT('',(17.374000419692,0.128152128979));
#7306 = CARTESIAN_POINT('',(13.428000320272,0.128152128979));
#7307 = CARTESIAN_POINT('',(11.4240002726,0.128152128979));
#7308 = CARTESIAN_POINT('',(9.420000224865,0.128152128979));
#7309 = CARTESIAN_POINT('',(5.562000132493,0.128152128979));
#7310 = CARTESIAN_POINT('',(3.708000089059,0.128152128979));
#7311 = CARTESIAN_POINT('',(1.854000043219,0.128152128979));
#7312 = CARTESIAN_POINT('',(0.,0.128152128979));
#7313 = ( GEOMETRIC_REPRESENTATION_CONTEXT(2) 
PARAMETRIC_REPRESENTATION_CONTEXT() REPRESENTATION_CONTEXT('2D SPACE',''
  ) );
#7314 = ORIENTED_EDGE('',*,*,#2028,.F.);
#7315 = ORIENTED_EDGE('',*,*,#5999,.F.);
#7316 = ORIENTED_EDGE('',*,*,#7317,.T.);
#7317 = EDGE_CURVE('',#5976,#7318,#7320,.T.);
#7318 = VERTEX_POINT('',#7319);
#7319 = CARTESIAN_POINT('',(29.8,-0.8,5.4));
#7320 = SURFACE_CURVE('',#7321,(#7325,#7332),.PCURVE_S1.);
#7321 = LINE('',#7322,#7323);
#7322 = CARTESIAN_POINT('',(29.8,4.6,5.4));
#7323 = VECTOR('',#7324,1.);
#7324 = DIRECTION('',(-0.,1.,-0.));
#7325 = PCURVE('',#2044,#7326);
#7326 = DEFINITIONAL_REPRESENTATION('',(#7327),#7331);
#7327 = LINE('',#7328,#7329);
#7328 = CARTESIAN_POINT('',(-93.8,-6.4));
#7329 = VECTOR('',#7330,1.);
#7330 = DIRECTION('',(-1.,0.));
#7331 = ( GEOMETRIC_REPRESENTATION_CONTEXT(2) 
PARAMETRIC_REPRESENTATION_CONTEXT() REPRESENTATION_CONTEXT('2D SPACE',''
  ) );
#7332 = PCURVE('',#5934,#7333);
#7333 = DEFINITIONAL_REPRESENTATION('',(#7334),#7338);
#7334 = LINE('',#7335,#7336);
#7335 = CARTESIAN_POINT('',(-5.4,35.2));
#7336 = VECTOR('',#7337,1.);
#7337 = DIRECTION('',(1.,-0.));
#7338 = ( GEOMETRIC_REPRESENTATION_CONTEXT(2) 
PARAMETRIC_REPRESENTATION_CONTEXT() REPRESENTATION_CONTEXT('2D SPACE',''
  ) );
#7339 = ORIENTED_EDGE('',*,*,#7340,.F.);
#7340 = EDGE_CURVE('',#7341,#7318,#7343,.T.);
#7341 = VERTEX_POINT('',#7342);
#7342 = CARTESIAN_POINT('',(29.8,-0.8,2.8));
#7343 = SURFACE_CURVE('',#7344,(#7348,#7355),.PCURVE_S1.);
#7344 = LINE('',#7345,#7346);
#7345 = CARTESIAN_POINT('',(29.8,-0.8,2.8));
#7346 = VECTOR('',#7347,1.);
#7347 = DIRECTION('',(-0.,-0.,1.));
#7348 = PCURVE('',#2044,#7349);
#7349 = DEFINITIONAL_REPRESENTATION('',(#7350),#7354);
#7350 = LINE('',#7351,#7352);
#7351 = CARTESIAN_POINT('',(-88.4,-3.8));
#7352 = VECTOR('',#7353,1.);
#7353 = DIRECTION('',(-0.,-1.));
#7354 = ( GEOMETRIC_REPRESENTATION_CONTEXT(2) 
PARAMETRIC_REPRESENTATION_CONTEXT() REPRESENTATION_CONTEXT('2D SPACE',''
  ) );
#7355 = PCURVE('',#7356,#7361);
#7356 = PLANE('',#7357);
#7357 = AXIS2_PLACEMENT_3D('',#7358,#7359,#7360);
#7358 = CARTESIAN_POINT('',(134.,-0.8,-1.));
#7359 = DIRECTION('',(-0.,1.,-0.));
#7360 = DIRECTION('',(1.,0.,0.));
#7361 = DEFINITIONAL_REPRESENTATION('',(#7362),#7366);
#7362 = LINE('',#7363,#7364);
#7363 = CARTESIAN_POINT('',(-104.2,-3.8));
#7364 = VECTOR('',#7365,1.);
#7365 = DIRECTION('',(-0.,-1.));
#7366 = ( GEOMETRIC_REPRESENTATION_CONTEXT(2) 
PARAMETRIC_REPRESENTATION_CONTEXT() REPRESENTATION_CONTEXT('2D SPACE',''
  ) );
#7367 = ORIENTED_EDGE('',*,*,#7368,.T.);
#7368 = EDGE_CURVE('',#7341,#7369,#7371,.T.);
#7369 = VERTEX_POINT('',#7370);
#7370 = CARTESIAN_POINT('',(29.8,-45.27386397157,2.8));
#7371 = SURFACE_CURVE('',#7372,(#7376,#7383),.PCURVE_S1.);
#7372 = LINE('',#7373,#7374);
#7373 = CARTESIAN_POINT('',(29.8,-0.8,2.8));
#7374 = VECTOR('',#7375,1.);
#7375 = DIRECTION('',(-0.,-1.,-0.));
#7376 = PCURVE('',#2044,#7377);
#7377 = DEFINITIONAL_REPRESENTATION('',(#7378),#7382);
#7378 = LINE('',#7379,#7380);
#7379 = CARTESIAN_POINT('',(-88.4,-3.8));
#7380 = VECTOR('',#7381,1.);
#7381 = DIRECTION('',(1.,-0.));
#7382 = ( GEOMETRIC_REPRESENTATION_CONTEXT(2) 
PARAMETRIC_REPRESENTATION_CONTEXT() REPRESENTATION_CONTEXT('2D SPACE',''
  ) );
#7383 = PCURVE('',#7384,#7389);
#7384 = PLANE('',#7385);
#7385 = AXIS2_PLACEMENT_3D('',#7386,#7387,#7388);
#7386 = CARTESIAN_POINT('',(28.8,-47.2,2.8));
#7387 = DIRECTION('',(-0.,-0.,1.));
#7388 = DIRECTION('',(1.,0.,0.));
#7389 = DEFINITIONAL_REPRESENTATION('',(#7390),#7394);
#7390 = LINE('',#7391,#7392);
#7391 = CARTESIAN_POINT('',(1.,46.4));
#7392 = VECTOR('',#7393,1.);
#7393 = DIRECTION('',(-0.,-1.));
#7394 = ( GEOMETRIC_REPRESENTATION_CONTEXT(2) 
PARAMETRIC_REPRESENTATION_CONTEXT() REPRESENTATION_CONTEXT('2D SPACE',''
  ) );
#7395 = ORIENTED_EDGE('',*,*,#7396,.T.);
#7396 = EDGE_CURVE('',#7369,#7397,#7399,.T.);
#7397 = VERTEX_POINT('',#7398);
#7398 = CARTESIAN_POINT('',(29.8,-45.27386397157,1.6));
#7399 = SURFACE_CURVE('',#7400,(#7404,#7411),.PCURVE_S1.);
#7400 = LINE('',#7401,#7402);
#7401 = CARTESIAN_POINT('',(29.8,-45.27386397157,1.6));
#7402 = VECTOR('',#7403,1.);
#7403 = DIRECTION('',(0.,-0.,-1.));
#7404 = PCURVE('',#2044,#7405);
#7405 = DEFINITIONAL_REPRESENTATION('',(#7406),#7410);
#7406 = LINE('',#7407,#7408);
#7407 = CARTESIAN_POINT('',(-43.92613602842,-2.6));
#7408 = VECTOR('',#7409,1.);
#7409 = DIRECTION('',(-0.,1.));
#7410 = ( GEOMETRIC_REPRESENTATION_CONTEXT(2) 
PARAMETRIC_REPRESENTATION_CONTEXT() REPRESENTATION_CONTEXT('2D SPACE',''
  ) );
#7411 = PCURVE('',#7143,#7412);
#7412 = DEFINITIONAL_REPRESENTATION('',(#7413),#7417);
#7413 = LINE('',#7414,#7415);
#7414 = CARTESIAN_POINT('',(8.727614827127,0.));
#7415 = VECTOR('',#7416,1.);
#7416 = DIRECTION('',(0.,1.));
#7417 = ( GEOMETRIC_REPRESENTATION_CONTEXT(2) 
PARAMETRIC_REPRESENTATION_CONTEXT() REPRESENTATION_CONTEXT('2D SPACE',''
  ) );
#7418 = ORIENTED_EDGE('',*,*,#7419,.T.);
#7419 = EDGE_CURVE('',#7397,#7128,#7420,.T.);
#7420 = SURFACE_CURVE('',#7421,(#7425,#7432),.PCURVE_S1.);
#7421 = LINE('',#7422,#7423);
#7422 = CARTESIAN_POINT('',(29.8,-68.2,1.6));
#7423 = VECTOR('',#7424,1.);
#7424 = DIRECTION('',(-0.,-1.,-0.));
#7425 = PCURVE('',#2044,#7426);
#7426 = DEFINITIONAL_REPRESENTATION('',(#7427),#7431);
#7427 = LINE('',#7428,#7429);
#7428 = CARTESIAN_POINT('',(-21.,-2.6));
#7429 = VECTOR('',#7430,1.);
#7430 = DIRECTION('',(1.,-0.));
#7431 = ( GEOMETRIC_REPRESENTATION_CONTEXT(2) 
PARAMETRIC_REPRESENTATION_CONTEXT() REPRESENTATION_CONTEXT('2D SPACE',''
  ) );
#7432 = PCURVE('',#7433,#7438);
#7433 = PLANE('',#7434);
#7434 = AXIS2_PLACEMENT_3D('',#7435,#7436,#7437);
#7435 = CARTESIAN_POINT('',(27.5,-47.2,1.6));
#7436 = DIRECTION('',(-0.,-0.,1.));
#7437 = DIRECTION('',(1.,0.,0.));
#7438 = DEFINITIONAL_REPRESENTATION('',(#7439),#7443);
#7439 = LINE('',#7440,#7441);
#7440 = CARTESIAN_POINT('',(2.3,-21.));
#7441 = VECTOR('',#7442,1.);
#7442 = DIRECTION('',(-0.,-1.));
#7443 = ( GEOMETRIC_REPRESENTATION_CONTEXT(2) 
PARAMETRIC_REPRESENTATION_CONTEXT() REPRESENTATION_CONTEXT('2D SPACE',''
  ) );
#7444 = ADVANCED_FACE('',(#7445),#2070,.F.);
#7445 = FACE_BOUND('',#7446,.F.);
#7446 = EDGE_LOOP('',(#7447,#7448,#7449,#7450,#7451));
#7447 = ORIENTED_EDGE('',*,*,#2056,.F.);
#7448 = ORIENTED_EDGE('',*,*,#7270,.F.);
#7449 = ORIENTED_EDGE('',*,*,#6142,.F.);
#7450 = ORIENTED_EDGE('',*,*,#6121,.T.);
#7451 = ORIENTED_EDGE('',*,*,#6082,.T.);
#7452 = ADVANCED_FACE('',(#7453),#2275,.F.);
#7453 = FACE_BOUND('',#7454,.F.);
#7454 = EDGE_LOOP('',(#7455,#7484,#7505,#7506));
#7455 = ORIENTED_EDGE('',*,*,#7456,.T.);
#7456 = EDGE_CURVE('',#7457,#7457,#7459,.T.);
#7457 = VERTEX_POINT('',#7458);
#7458 = CARTESIAN_POINT('',(18.65,-54.05,5.4));
#7459 = SURFACE_CURVE('',#7460,(#7465,#7472),.PCURVE_S1.);
#7460 = CIRCLE('',#7461,0.8);
#7461 = AXIS2_PLACEMENT_3D('',#7462,#7463,#7464);
#7462 = CARTESIAN_POINT('',(19.45,-54.05,5.4));
#7463 = DIRECTION('',(0.,0.,1.));
#7464 = DIRECTION('',(-1.,-0.,-0.));
#7465 = PCURVE('',#2275,#7466);
#7466 = DEFINITIONAL_REPRESENTATION('',(#7467),#7471);
#7467 = LINE('',#7468,#7469);
#7468 = CARTESIAN_POINT('',(6.28318530718,-5.4));
#7469 = VECTOR('',#7470,1.);
#7470 = DIRECTION('',(-1.,0.));
#7471 = ( GEOMETRIC_REPRESENTATION_CONTEXT(2) 
PARAMETRIC_REPRESENTATION_CONTEXT() REPRESENTATION_CONTEXT('2D SPACE',''
  ) );
#7472 = PCURVE('',#7473,#7478);
#7473 = PLANE('',#7474);
#7474 = AXIS2_PLACEMENT_3D('',#7475,#7476,#7477);
#7475 = CARTESIAN_POINT('',(65.,10.,5.4));
#7476 = DIRECTION('',(-0.,-0.,1.));
#7477 = DIRECTION('',(0.,1.,0.));
#7478 = DEFINITIONAL_REPRESENTATION('',(#7479),#7483);
#7479 = CIRCLE('',#7480,0.8);
#7480 = AXIS2_PLACEMENT_2D('',#7481,#7482);
#7481 = CARTESIAN_POINT('',(-64.05,45.55));
#7482 = DIRECTION('',(-0.,1.));
#7483 = ( GEOMETRIC_REPRESENTATION_CONTEXT(2) 
PARAMETRIC_REPRESENTATION_CONTEXT() REPRESENTATION_CONTEXT('2D SPACE',''
  ) );
#7484 = ORIENTED_EDGE('',*,*,#7485,.T.);
#7485 = EDGE_CURVE('',#7457,#2259,#7486,.T.);
#7486 = SEAM_CURVE('',#7487,(#7491,#7498),.PCURVE_S1.);
#7487 = LINE('',#7488,#7489);
#7488 = CARTESIAN_POINT('',(18.65,-54.05,0.));
#7489 = VECTOR('',#7490,1.);
#7490 = DIRECTION('',(-0.,-0.,1.));
#7491 = PCURVE('',#2275,#7492);
#7492 = DEFINITIONAL_REPRESENTATION('',(#7493),#7497);
#7493 = LINE('',#7494,#7495);
#7494 = CARTESIAN_POINT('',(6.28318530718,0.));
#7495 = VECTOR('',#7496,1.);
#7496 = DIRECTION('',(0.,-1.));
#7497 = ( GEOMETRIC_REPRESENTATION_CONTEXT(2) 
PARAMETRIC_REPRESENTATION_CONTEXT() REPRESENTATION_CONTEXT('2D SPACE',''
  ) );
#7498 = PCURVE('',#2275,#7499);
#7499 = DEFINITIONAL_REPRESENTATION('',(#7500),#7504);
#7500 = LINE('',#7501,#7502);
#7501 = CARTESIAN_POINT('',(0.,0.));
#7502 = VECTOR('',#7503,1.);
#7503 = DIRECTION('',(0.,-1.));
#7504 = ( GEOMETRIC_REPRESENTATION_CONTEXT(2) 
PARAMETRIC_REPRESENTATION_CONTEXT() REPRESENTATION_CONTEXT('2D SPACE',''
  ) );
#7505 = ORIENTED_EDGE('',*,*,#2258,.F.);
#7506 = ORIENTED_EDGE('',*,*,#7485,.F.);
#7507 = ADVANCED_FACE('',(#7508),#2422,.F.);
#7508 = FACE_BOUND('',#7509,.T.);
#7509 = EDGE_LOOP('',(#7510,#7531,#7532,#7533));
#7510 = ORIENTED_EDGE('',*,*,#7511,.F.);
#7511 = EDGE_CURVE('',#3120,#2499,#7512,.T.);
#7512 = SURFACE_CURVE('',#7513,(#7517,#7524),.PCURVE_S1.);
#7513 = LINE('',#7514,#7515);
#7514 = CARTESIAN_POINT('',(0.8,-73.175,3.4));
#7515 = VECTOR('',#7516,1.);
#7516 = DIRECTION('',(-0.,1.,-0.));
#7517 = PCURVE('',#2422,#7518);
#7518 = DEFINITIONAL_REPRESENTATION('',(#7519),#7523);
#7519 = LINE('',#7520,#7521);
#7520 = CARTESIAN_POINT('',(0.8,-18.225));
#7521 = VECTOR('',#7522,1.);
#7522 = DIRECTION('',(-0.,1.));
#7523 = ( GEOMETRIC_REPRESENTATION_CONTEXT(2) 
PARAMETRIC_REPRESENTATION_CONTEXT() REPRESENTATION_CONTEXT('2D SPACE',''
  ) );
#7524 = PCURVE('',#2537,#7525);
#7525 = DEFINITIONAL_REPRESENTATION('',(#7526),#7530);
#7526 = LINE('',#7527,#7528);
#7527 = CARTESIAN_POINT('',(-18.225,-4.4));
#7528 = VECTOR('',#7529,1.);
#7529 = DIRECTION('',(-1.,0.));
#7530 = ( GEOMETRIC_REPRESENTATION_CONTEXT(2) 
PARAMETRIC_REPRESENTATION_CONTEXT() REPRESENTATION_CONTEXT('2D SPACE',''
  ) );
#7531 = ORIENTED_EDGE('',*,*,#3144,.T.);
#7532 = ORIENTED_EDGE('',*,*,#2406,.F.);
#7533 = ORIENTED_EDGE('',*,*,#2498,.T.);
#7534 = ADVANCED_FACE('',(#7535),#2565,.F.);
#7535 = FACE_BOUND('',#7536,.T.);
#7536 = EDGE_LOOP('',(#7537,#7538,#7539,#7540,#7563,#7586,#7615,#7643,
    #7672,#7695,#7724,#7745,#7746,#7747,#7748,#7749));
#7537 = ORIENTED_EDGE('',*,*,#2832,.F.);
#7538 = ORIENTED_EDGE('',*,*,#2859,.T.);
#7539 = ORIENTED_EDGE('',*,*,#2913,.T.);
#7540 = ORIENTED_EDGE('',*,*,#7541,.T.);
#7541 = EDGE_CURVE('',#2914,#7542,#7544,.T.);
#7542 = VERTEX_POINT('',#7543);
#7543 = CARTESIAN_POINT('',(19.3,-93.6,0.8));
#7544 = SURFACE_CURVE('',#7545,(#7549,#7556),.PCURVE_S1.);
#7545 = LINE('',#7546,#7547);
#7546 = CARTESIAN_POINT('',(19.3,-94.4,0.8));
#7547 = VECTOR('',#7548,1.);
#7548 = DIRECTION('',(-0.,1.,-0.));
#7549 = PCURVE('',#2565,#7550);
#7550 = DEFINITIONAL_REPRESENTATION('',(#7551),#7555);
#7551 = LINE('',#7552,#7553);
#7552 = CARTESIAN_POINT('',(-49.2,-47.2));
#7553 = VECTOR('',#7554,1.);
#7554 = DIRECTION('',(-0.,1.));
#7555 = ( GEOMETRIC_REPRESENTATION_CONTEXT(2) 
PARAMETRIC_REPRESENTATION_CONTEXT() REPRESENTATION_CONTEXT('2D SPACE',''
  ) );
#7556 = PCURVE('',#3594,#7557);
#7557 = DEFINITIONAL_REPRESENTATION('',(#7558),#7562);
#7558 = LINE('',#7559,#7560);
#7559 = CARTESIAN_POINT('',(-1.8,-0.));
#7560 = VECTOR('',#7561,1.);
#7561 = DIRECTION('',(-1.,0.));
#7562 = ( GEOMETRIC_REPRESENTATION_CONTEXT(2) 
PARAMETRIC_REPRESENTATION_CONTEXT() REPRESENTATION_CONTEXT('2D SPACE',''
  ) );
#7563 = ORIENTED_EDGE('',*,*,#7564,.F.);
#7564 = EDGE_CURVE('',#7565,#7542,#7567,.T.);
#7565 = VERTEX_POINT('',#7566);
#7566 = CARTESIAN_POINT('',(134.,-93.6,0.8));
#7567 = SURFACE_CURVE('',#7568,(#7572,#7579),.PCURVE_S1.);
#7568 = LINE('',#7569,#7570);
#7569 = CARTESIAN_POINT('',(101.25,-93.6,0.8));
#7570 = VECTOR('',#7571,1.);
#7571 = DIRECTION('',(-1.,-0.,-0.));
#7572 = PCURVE('',#2565,#7573);
#7573 = DEFINITIONAL_REPRESENTATION('',(#7574),#7578);
#7574 = LINE('',#7575,#7576);
#7575 = CARTESIAN_POINT('',(32.75,-46.4));
#7576 = VECTOR('',#7577,1.);
#7577 = DIRECTION('',(-1.,0.));
#7578 = ( GEOMETRIC_REPRESENTATION_CONTEXT(2) 
PARAMETRIC_REPRESENTATION_CONTEXT() REPRESENTATION_CONTEXT('2D SPACE',''
  ) );
#7579 = PCURVE('',#7199,#7580);
#7580 = DEFINITIONAL_REPRESENTATION('',(#7581),#7585);
#7581 = LINE('',#7582,#7583);
#7582 = CARTESIAN_POINT('',(-32.75,-1.8));
#7583 = VECTOR('',#7584,1.);
#7584 = DIRECTION('',(-1.,0.));
#7585 = ( GEOMETRIC_REPRESENTATION_CONTEXT(2) 
PARAMETRIC_REPRESENTATION_CONTEXT() REPRESENTATION_CONTEXT('2D SPACE',''
  ) );
#7586 = ORIENTED_EDGE('',*,*,#7587,.T.);
#7587 = EDGE_CURVE('',#7565,#7588,#7590,.T.);
#7588 = VERTEX_POINT('',#7589);
#7589 = CARTESIAN_POINT('',(136.2,-91.4,0.8));
#7590 = SURFACE_CURVE('',#7591,(#7596,#7603),.PCURVE_S1.);
#7591 = CIRCLE('',#7592,2.2);
#7592 = AXIS2_PLACEMENT_3D('',#7593,#7594,#7595);
#7593 = CARTESIAN_POINT('',(134.,-91.4,0.8));
#7594 = DIRECTION('',(0.,0.,1.));
#7595 = DIRECTION('',(-1.,-0.,-0.));
#7596 = PCURVE('',#2565,#7597);
#7597 = DEFINITIONAL_REPRESENTATION('',(#7598),#7602);
#7598 = CIRCLE('',#7599,2.2);
#7599 = AXIS2_PLACEMENT_2D('',#7600,#7601);
#7600 = CARTESIAN_POINT('',(65.5,-44.2));
#7601 = DIRECTION('',(-1.,0.));
#7602 = ( GEOMETRIC_REPRESENTATION_CONTEXT(2) 
PARAMETRIC_REPRESENTATION_CONTEXT() REPRESENTATION_CONTEXT('2D SPACE',''
  ) );
#7603 = PCURVE('',#7604,#7609);
#7604 = CYLINDRICAL_SURFACE('',#7605,2.2);
#7605 = AXIS2_PLACEMENT_3D('',#7606,#7607,#7608);
#7606 = CARTESIAN_POINT('',(134.,-91.4,-1.));
#7607 = DIRECTION('',(0.,-0.,-1.));
#7608 = DIRECTION('',(-1.,-0.,-0.));
#7609 = DEFINITIONAL_REPRESENTATION('',(#7610),#7614);
#7610 = LINE('',#7611,#7612);
#7611 = CARTESIAN_POINT('',(6.28318530718,-1.8));
#7612 = VECTOR('',#7613,1.);
#7613 = DIRECTION('',(-1.,0.));
#7614 = ( GEOMETRIC_REPRESENTATION_CONTEXT(2) 
PARAMETRIC_REPRESENTATION_CONTEXT() REPRESENTATION_CONTEXT('2D SPACE',''
  ) );
#7615 = ORIENTED_EDGE('',*,*,#7616,.T.);
#7616 = EDGE_CURVE('',#7588,#7617,#7619,.T.);
#7617 = VERTEX_POINT('',#7618);
#7618 = CARTESIAN_POINT('',(136.2,-3.,0.8));
#7619 = SURFACE_CURVE('',#7620,(#7624,#7631),.PCURVE_S1.);
#7620 = LINE('',#7621,#7622);
#7621 = CARTESIAN_POINT('',(136.2,-69.3,0.8));
#7622 = VECTOR('',#7623,1.);
#7623 = DIRECTION('',(-0.,1.,-0.));
#7624 = PCURVE('',#2565,#7625);
#7625 = DEFINITIONAL_REPRESENTATION('',(#7626),#7630);
#7626 = LINE('',#7627,#7628);
#7627 = CARTESIAN_POINT('',(67.7,-22.1));
#7628 = VECTOR('',#7629,1.);
#7629 = DIRECTION('',(-0.,1.));
#7630 = ( GEOMETRIC_REPRESENTATION_CONTEXT(2) 
PARAMETRIC_REPRESENTATION_CONTEXT() REPRESENTATION_CONTEXT('2D SPACE',''
  ) );
#7631 = PCURVE('',#7632,#7637);
#7632 = PLANE('',#7633);
#7633 = AXIS2_PLACEMENT_3D('',#7634,#7635,#7636);
#7634 = CARTESIAN_POINT('',(136.2,-91.4,-1.));
#7635 = DIRECTION('',(1.,-0.,-0.));
#7636 = DIRECTION('',(0.,-1.,0.));
#7637 = DEFINITIONAL_REPRESENTATION('',(#7638),#7642);
#7638 = LINE('',#7639,#7640);
#7639 = CARTESIAN_POINT('',(-22.1,-1.8));
#7640 = VECTOR('',#7641,1.);
#7641 = DIRECTION('',(-1.,0.));
#7642 = ( GEOMETRIC_REPRESENTATION_CONTEXT(2) 
PARAMETRIC_REPRESENTATION_CONTEXT() REPRESENTATION_CONTEXT('2D SPACE',''
  ) );
#7643 = ORIENTED_EDGE('',*,*,#7644,.T.);
#7644 = EDGE_CURVE('',#7617,#7645,#7647,.T.);
#7645 = VERTEX_POINT('',#7646);
#7646 = CARTESIAN_POINT('',(134.,-0.8,0.8));
#7647 = SURFACE_CURVE('',#7648,(#7653,#7660),.PCURVE_S1.);
#7648 = CIRCLE('',#7649,2.2);
#7649 = AXIS2_PLACEMENT_3D('',#7650,#7651,#7652);
#7650 = CARTESIAN_POINT('',(134.,-3.,0.8));
#7651 = DIRECTION('',(0.,0.,1.));
#7652 = DIRECTION('',(-1.,-0.,-0.));
#7653 = PCURVE('',#2565,#7654);
#7654 = DEFINITIONAL_REPRESENTATION('',(#7655),#7659);
#7655 = CIRCLE('',#7656,2.2);
#7656 = AXIS2_PLACEMENT_2D('',#7657,#7658);
#7657 = CARTESIAN_POINT('',(65.5,44.2));
#7658 = DIRECTION('',(-1.,0.));
#7659 = ( GEOMETRIC_REPRESENTATION_CONTEXT(2) 
PARAMETRIC_REPRESENTATION_CONTEXT() REPRESENTATION_CONTEXT('2D SPACE',''
  ) );
#7660 = PCURVE('',#7661,#7666);
#7661 = CYLINDRICAL_SURFACE('',#7662,2.2);
#7662 = AXIS2_PLACEMENT_3D('',#7663,#7664,#7665);
#7663 = CARTESIAN_POINT('',(134.,-3.,-1.));
#7664 = DIRECTION('',(0.,-0.,-1.));
#7665 = DIRECTION('',(-1.,-0.,-0.));
#7666 = DEFINITIONAL_REPRESENTATION('',(#7667),#7671);
#7667 = LINE('',#7668,#7669);
#7668 = CARTESIAN_POINT('',(6.28318530718,-1.8));
#7669 = VECTOR('',#7670,1.);
#7670 = DIRECTION('',(-1.,0.));
#7671 = ( GEOMETRIC_REPRESENTATION_CONTEXT(2) 
PARAMETRIC_REPRESENTATION_CONTEXT() REPRESENTATION_CONTEXT('2D SPACE',''
  ) );
#7672 = ORIENTED_EDGE('',*,*,#7673,.T.);
#7673 = EDGE_CURVE('',#7645,#7674,#7676,.T.);
#7674 = VERTEX_POINT('',#7675);
#7675 = CARTESIAN_POINT('',(3.,-0.8,0.8));
#7676 = SURFACE_CURVE('',#7677,(#7681,#7688),.PCURVE_S1.);
#7677 = LINE('',#7678,#7679);
#7678 = CARTESIAN_POINT('',(101.25,-0.8,0.8));
#7679 = VECTOR('',#7680,1.);
#7680 = DIRECTION('',(-1.,-0.,-0.));
#7681 = PCURVE('',#2565,#7682);
#7682 = DEFINITIONAL_REPRESENTATION('',(#7683),#7687);
#7683 = LINE('',#7684,#7685);
#7684 = CARTESIAN_POINT('',(32.75,46.4));
#7685 = VECTOR('',#7686,1.);
#7686 = DIRECTION('',(-1.,0.));
#7687 = ( GEOMETRIC_REPRESENTATION_CONTEXT(2) 
PARAMETRIC_REPRESENTATION_CONTEXT() REPRESENTATION_CONTEXT('2D SPACE',''
  ) );
#7688 = PCURVE('',#7356,#7689);
#7689 = DEFINITIONAL_REPRESENTATION('',(#7690),#7694);
#7690 = LINE('',#7691,#7692);
#7691 = CARTESIAN_POINT('',(-32.75,-1.8));
#7692 = VECTOR('',#7693,1.);
#7693 = DIRECTION('',(-1.,0.));
#7694 = ( GEOMETRIC_REPRESENTATION_CONTEXT(2) 
PARAMETRIC_REPRESENTATION_CONTEXT() REPRESENTATION_CONTEXT('2D SPACE',''
  ) );
#7695 = ORIENTED_EDGE('',*,*,#7696,.T.);
#7696 = EDGE_CURVE('',#7674,#7697,#7699,.T.);
#7697 = VERTEX_POINT('',#7698);
#7698 = CARTESIAN_POINT('',(0.8,-3.,0.8));
#7699 = SURFACE_CURVE('',#7700,(#7705,#7712),.PCURVE_S1.);
#7700 = CIRCLE('',#7701,2.2);
#7701 = AXIS2_PLACEMENT_3D('',#7702,#7703,#7704);
#7702 = CARTESIAN_POINT('',(3.,-3.,0.8));
#7703 = DIRECTION('',(0.,0.,1.));
#7704 = DIRECTION('',(-1.,-0.,-0.));
#7705 = PCURVE('',#2565,#7706);
#7706 = DEFINITIONAL_REPRESENTATION('',(#7707),#7711);
#7707 = CIRCLE('',#7708,2.2);
#7708 = AXIS2_PLACEMENT_2D('',#7709,#7710);
#7709 = CARTESIAN_POINT('',(-65.5,44.2));
#7710 = DIRECTION('',(-1.,0.));
#7711 = ( GEOMETRIC_REPRESENTATION_CONTEXT(2) 
PARAMETRIC_REPRESENTATION_CONTEXT() REPRESENTATION_CONTEXT('2D SPACE',''
  ) );
#7712 = PCURVE('',#7713,#7718);
#7713 = CYLINDRICAL_SURFACE('',#7714,2.2);
#7714 = AXIS2_PLACEMENT_3D('',#7715,#7716,#7717);
#7715 = CARTESIAN_POINT('',(3.,-3.,-1.));
#7716 = DIRECTION('',(0.,-0.,-1.));
#7717 = DIRECTION('',(-1.,-0.,-0.));
#7718 = DEFINITIONAL_REPRESENTATION('',(#7719),#7723);
#7719 = LINE('',#7720,#7721);
#7720 = CARTESIAN_POINT('',(6.28318530718,-1.8));
#7721 = VECTOR('',#7722,1.);
#7722 = DIRECTION('',(-1.,0.));
#7723 = ( GEOMETRIC_REPRESENTATION_CONTEXT(2) 
PARAMETRIC_REPRESENTATION_CONTEXT() REPRESENTATION_CONTEXT('2D SPACE',''
  ) );
#7724 = ORIENTED_EDGE('',*,*,#7725,.F.);
#7725 = EDGE_CURVE('',#2522,#7697,#7726,.T.);
#7726 = SURFACE_CURVE('',#7727,(#7731,#7738),.PCURVE_S1.);
#7727 = LINE('',#7728,#7729);
#7728 = CARTESIAN_POINT('',(0.8,-69.3,0.8));
#7729 = VECTOR('',#7730,1.);
#7730 = DIRECTION('',(-0.,1.,-0.));
#7731 = PCURVE('',#2565,#7732);
#7732 = DEFINITIONAL_REPRESENTATION('',(#7733),#7737);
#7733 = LINE('',#7734,#7735);
#7734 = CARTESIAN_POINT('',(-67.7,-22.1));
#7735 = VECTOR('',#7736,1.);
#7736 = DIRECTION('',(-0.,1.));
#7737 = ( GEOMETRIC_REPRESENTATION_CONTEXT(2) 
PARAMETRIC_REPRESENTATION_CONTEXT() REPRESENTATION_CONTEXT('2D SPACE',''
  ) );
#7738 = PCURVE('',#2537,#7739);
#7739 = DEFINITIONAL_REPRESENTATION('',(#7740),#7744);
#7740 = LINE('',#7741,#7742);
#7741 = CARTESIAN_POINT('',(-22.1,-1.8));
#7742 = VECTOR('',#7743,1.);
#7743 = DIRECTION('',(-1.,0.));
#7744 = ( GEOMETRIC_REPRESENTATION_CONTEXT(2) 
PARAMETRIC_REPRESENTATION_CONTEXT() REPRESENTATION_CONTEXT('2D SPACE',''
  ) );
#7745 = ORIENTED_EDGE('',*,*,#2549,.T.);
#7746 = ORIENTED_EDGE('',*,*,#2627,.T.);
#7747 = ORIENTED_EDGE('',*,*,#2653,.T.);
#7748 = ORIENTED_EDGE('',*,*,#2729,.F.);
#7749 = ORIENTED_EDGE('',*,*,#2756,.T.);
#7750 = ADVANCED_FACE('',(#7751),#2537,.T.);
#7751 = FACE_BOUND('',#7752,.F.);
#7752 = EDGE_LOOP('',(#7753,#7776,#7777,#7778,#7779,#7780,#7803,#7831,
    #7909));
#7753 = ORIENTED_EDGE('',*,*,#7754,.F.);
#7754 = EDGE_CURVE('',#7697,#7755,#7757,.T.);
#7755 = VERTEX_POINT('',#7756);
#7756 = CARTESIAN_POINT('',(0.8,-3.,5.4));
#7757 = SURFACE_CURVE('',#7758,(#7762,#7769),.PCURVE_S1.);
#7758 = LINE('',#7759,#7760);
#7759 = CARTESIAN_POINT('',(0.8,-3.,-1.));
#7760 = VECTOR('',#7761,1.);
#7761 = DIRECTION('',(-0.,-0.,1.));
#7762 = PCURVE('',#2537,#7763);
#7763 = DEFINITIONAL_REPRESENTATION('',(#7764),#7768);
#7764 = LINE('',#7765,#7766);
#7765 = CARTESIAN_POINT('',(-88.4,-0.));
#7766 = VECTOR('',#7767,1.);
#7767 = DIRECTION('',(-0.,-1.));
#7768 = ( GEOMETRIC_REPRESENTATION_CONTEXT(2) 
PARAMETRIC_REPRESENTATION_CONTEXT() REPRESENTATION_CONTEXT('2D SPACE',''
  ) );
#7769 = PCURVE('',#7713,#7770);
#7770 = DEFINITIONAL_REPRESENTATION('',(#7771),#7775);
#7771 = LINE('',#7772,#7773);
#7772 = CARTESIAN_POINT('',(0.,0.));
#7773 = VECTOR('',#7774,1.);
#7774 = DIRECTION('',(0.,-1.));
#7775 = ( GEOMETRIC_REPRESENTATION_CONTEXT(2) 
PARAMETRIC_REPRESENTATION_CONTEXT() REPRESENTATION_CONTEXT('2D SPACE',''
  ) );
#7776 = ORIENTED_EDGE('',*,*,#7725,.F.);
#7777 = ORIENTED_EDGE('',*,*,#2521,.T.);
#7778 = ORIENTED_EDGE('',*,*,#7511,.F.);
#7779 = ORIENTED_EDGE('',*,*,#3119,.T.);
#7780 = ORIENTED_EDGE('',*,*,#7781,.F.);
#7781 = EDGE_CURVE('',#7782,#3122,#7784,.T.);
#7782 = VERTEX_POINT('',#7783);
#7783 = CARTESIAN_POINT('',(0.8,-91.4,0.8));
#7784 = SURFACE_CURVE('',#7785,(#7789,#7796),.PCURVE_S1.);
#7785 = LINE('',#7786,#7787);
#7786 = CARTESIAN_POINT('',(0.8,-69.3,0.8));
#7787 = VECTOR('',#7788,1.);
#7788 = DIRECTION('',(-0.,1.,-0.));
#7789 = PCURVE('',#2537,#7790);
#7790 = DEFINITIONAL_REPRESENTATION('',(#7791),#7795);
#7791 = LINE('',#7792,#7793);
#7792 = CARTESIAN_POINT('',(-22.1,-1.8));
#7793 = VECTOR('',#7794,1.);
#7794 = DIRECTION('',(-1.,0.));
#7795 = ( GEOMETRIC_REPRESENTATION_CONTEXT(2) 
PARAMETRIC_REPRESENTATION_CONTEXT() REPRESENTATION_CONTEXT('2D SPACE',''
  ) );
#7796 = PCURVE('',#2980,#7797);
#7797 = DEFINITIONAL_REPRESENTATION('',(#7798),#7802);
#7798 = LINE('',#7799,#7800);
#7799 = CARTESIAN_POINT('',(-67.7,-22.1));
#7800 = VECTOR('',#7801,1.);
#7801 = DIRECTION('',(-0.,1.));
#7802 = ( GEOMETRIC_REPRESENTATION_CONTEXT(2) 
PARAMETRIC_REPRESENTATION_CONTEXT() REPRESENTATION_CONTEXT('2D SPACE',''
  ) );
#7803 = ORIENTED_EDGE('',*,*,#7804,.T.);
#7804 = EDGE_CURVE('',#7782,#7805,#7807,.T.);
#7805 = VERTEX_POINT('',#7806);
#7806 = CARTESIAN_POINT('',(0.8,-91.4,5.39540625));
#7807 = SURFACE_CURVE('',#7808,(#7812,#7819),.PCURVE_S1.);
#7808 = LINE('',#7809,#7810);
#7809 = CARTESIAN_POINT('',(0.8,-91.4,-1.));
#7810 = VECTOR('',#7811,1.);
#7811 = DIRECTION('',(-0.,-0.,1.));
#7812 = PCURVE('',#2537,#7813);
#7813 = DEFINITIONAL_REPRESENTATION('',(#7814),#7818);
#7814 = LINE('',#7815,#7816);
#7815 = CARTESIAN_POINT('',(-0.,-0.));
#7816 = VECTOR('',#7817,1.);
#7817 = DIRECTION('',(-0.,-1.));
#7818 = ( GEOMETRIC_REPRESENTATION_CONTEXT(2) 
PARAMETRIC_REPRESENTATION_CONTEXT() REPRESENTATION_CONTEXT('2D SPACE',''
  ) );
#7819 = PCURVE('',#7820,#7825);
#7820 = CYLINDRICAL_SURFACE('',#7821,2.2);
#7821 = AXIS2_PLACEMENT_3D('',#7822,#7823,#7824);
#7822 = CARTESIAN_POINT('',(3.,-91.4,-1.));
#7823 = DIRECTION('',(0.,-0.,-1.));
#7824 = DIRECTION('',(-1.,-0.,-0.));
#7825 = DEFINITIONAL_REPRESENTATION('',(#7826),#7830);
#7826 = LINE('',#7827,#7828);
#7827 = CARTESIAN_POINT('',(6.28318530718,0.));
#7828 = VECTOR('',#7829,1.);
#7829 = DIRECTION('',(0.,-1.));
#7830 = ( GEOMETRIC_REPRESENTATION_CONTEXT(2) 
PARAMETRIC_REPRESENTATION_CONTEXT() REPRESENTATION_CONTEXT('2D SPACE',''
  ) );
#7831 = ORIENTED_EDGE('',*,*,#7832,.T.);
#7832 = EDGE_CURVE('',#7805,#7833,#7835,.T.);
#7833 = VERTEX_POINT('',#7834);
#7834 = CARTESIAN_POINT('',(0.8,-70.4,5.4));
#7835 = SURFACE_CURVE('',#7836,(#7848,#7863),.PCURVE_S1.);
#7836 = B_SPLINE_CURVE_WITH_KNOTS('',4,(#7837,#7838,#7839,#7840,#7841,
    #7842,#7843,#7844,#7845,#7846,#7847),.UNSPECIFIED.,.F.,.F.,(5,3,3,5)
  ,(0.,0.401142858954,0.646857143905,1.),.UNSPECIFIED.);
#7837 = CARTESIAN_POINT('',(0.8,-91.4,5.39540625));
#7838 = CARTESIAN_POINT('',(0.8,-89.29399995151,5.395682662506));
#7839 = CARTESIAN_POINT('',(0.8,-87.18799993415,5.396180836819));
#7840 = CARTESIAN_POINT('',(0.8,-85.08199995989,5.39679698839));
#7841 = CARTESIAN_POINT('',(0.8,-81.68600001483,5.397813441058));
#7842 = CARTESIAN_POINT('',(0.8,-80.39600004356,5.398204874521));
#7843 = CARTESIAN_POINT('',(0.8,-79.10600006612,5.398577781008));
#7844 = CARTESIAN_POINT('',(0.8,-75.96200009384,5.399383345488));
#7845 = CARTESIAN_POINT('',(0.8,-74.10800008789,5.399770845587));
#7846 = CARTESIAN_POINT('',(0.8,-72.25400004584,5.4));
#7847 = CARTESIAN_POINT('',(0.8,-70.4,5.4));
#7848 = PCURVE('',#2537,#7849);
#7849 = DEFINITIONAL_REPRESENTATION('',(#7850),#7862);
#7850 = B_SPLINE_CURVE_WITH_KNOTS('',4,(#7851,#7852,#7853,#7854,#7855,
    #7856,#7857,#7858,#7859,#7860,#7861),.UNSPECIFIED.,.F.,.F.,(5,3,3,5)
  ,(0.,0.401142858954,0.646857143905,1.),.UNSPECIFIED.);
#7851 = CARTESIAN_POINT('',(0.,-6.39540625));
#7852 = CARTESIAN_POINT('',(-2.106000048487,-6.395682662506));
#7853 = CARTESIAN_POINT('',(-4.212000065848,-6.396180836819));
#7854 = CARTESIAN_POINT('',(-6.31800004011,-6.39679698839));
#7855 = CARTESIAN_POINT('',(-9.713999985163,-6.397813441058));
#7856 = CARTESIAN_POINT('',(-11.00399995643,-6.398204874521));
#7857 = CARTESIAN_POINT('',(-12.29399993387,-6.398577781008));
#7858 = CARTESIAN_POINT('',(-15.43799990615,-6.399383345488));
#7859 = CARTESIAN_POINT('',(-17.2919999121,-6.399770845587));
#7860 = CARTESIAN_POINT('',(-19.14599995415,-6.4));
#7861 = CARTESIAN_POINT('',(-21.,-6.4));
#7862 = ( GEOMETRIC_REPRESENTATION_CONTEXT(2) 
PARAMETRIC_REPRESENTATION_CONTEXT() REPRESENTATION_CONTEXT('2D SPACE',''
  ) );
#7863 = PCURVE('',#7864,#7895);
#7864 = B_SPLINE_SURFACE_WITH_KNOTS('',3,1,(
    (#7865,#7866)
    ,(#7867,#7868)
    ,(#7869,#7870)
    ,(#7871,#7872)
    ,(#7873,#7874)
    ,(#7875,#7876)
    ,(#7877,#7878)
    ,(#7879,#7880)
    ,(#7881,#7882)
    ,(#7883,#7884)
    ,(#7885,#7886)
    ,(#7887,#7888)
    ,(#7889,#7890)
    ,(#7891,#7892)
    ,(#7893,#7894
    )),.UNSPECIFIED.,.F.,.F.,.F.,(4,1,1,1,1,1,1,1,1,1,1,1,4),(2,2),(0.,
    2.00000000223,4.000000019275,6.000000058171,8.00000011929,
    10.000000198002,12.000000286343,14.000000374684,16.000000453395,
    18.000000514514,20.00000055341,22.000000570455,24.000000572685),(0.,
    1.),.UNSPECIFIED.);
#7865 = CARTESIAN_POINT('',(36.,-70.4,5.4));
#7866 = CARTESIAN_POINT('',(-12.38,-70.4,5.4));
#7867 = CARTESIAN_POINT('',(36.,-71.06666666835,5.4));
#7868 = CARTESIAN_POINT('',(-12.38,-71.06666666835,5.4));
#7869 = CARTESIAN_POINT('',(36.,-72.40000000733,5.399933333333));
#7870 = CARTESIAN_POINT('',(-12.38,-72.40000000733,5.399933333333));
#7871 = CARTESIAN_POINT('',(36.,-74.40000001119,5.399666666665));
#7872 = CARTESIAN_POINT('',(-12.38,-74.40000001119,5.399666666665));
#7873 = CARTESIAN_POINT('',(36.,-76.40000001122,5.399266666664));
#7874 = CARTESIAN_POINT('',(-12.38,-76.40000001122,5.399266666664));
#7875 = CARTESIAN_POINT('',(36.,-78.40000000889,5.398766666664));
#7876 = CARTESIAN_POINT('',(-12.38,-78.40000000889,5.398766666664));
#7877 = CARTESIAN_POINT('',(36.,-80.40000000486,5.398199999999));
#7878 = CARTESIAN_POINT('',(-12.38,-80.40000000486,5.398199999999));
#7879 = CARTESIAN_POINT('',(36.,-82.4,5.3976));
#7880 = CARTESIAN_POINT('',(-12.38,-82.4,5.3976));
#7881 = CARTESIAN_POINT('',(36.,-84.39999999514,5.397000000001));
#7882 = CARTESIAN_POINT('',(-12.38,-84.39999999514,5.397000000001));
#7883 = CARTESIAN_POINT('',(36.,-86.3999999911,5.396433333336));
#7884 = CARTESIAN_POINT('',(-12.38,-86.3999999911,5.396433333336));
#7885 = CARTESIAN_POINT('',(36.,-88.39999998877,5.395933333336));
#7886 = CARTESIAN_POINT('',(-12.38,-88.39999998877,5.395933333336));
#7887 = CARTESIAN_POINT('',(36.,-90.3999999888,5.395533333335));
#7888 = CARTESIAN_POINT('',(-12.38,-90.3999999888,5.395533333335));
#7889 = CARTESIAN_POINT('',(36.,-92.39999999266,5.395266666667));
#7890 = CARTESIAN_POINT('',(-12.38,-92.39999999266,5.395266666667));
#7891 = CARTESIAN_POINT('',(36.,-93.73333333164,5.3952));
#7892 = CARTESIAN_POINT('',(-12.38,-93.73333333164,5.3952));
#7893 = CARTESIAN_POINT('',(36.,-94.4,5.3952));
#7894 = CARTESIAN_POINT('',(-12.38,-94.4,5.3952));
#7895 = DEFINITIONAL_REPRESENTATION('',(#7896),#7908);
#7896 = B_SPLINE_CURVE_WITH_KNOTS('',4,(#7897,#7898,#7899,#7900,#7901,
    #7902,#7903,#7904,#7905,#7906,#7907),.UNSPECIFIED.,.F.,.F.,(5,3,3,5)
  ,(0.,0.401142858954,0.646857143905,1.),.UNSPECIFIED.);
#7897 = CARTESIAN_POINT('',(21.000000564296,0.727573377429));
#7898 = CARTESIAN_POINT('',(18.89400049826,0.727573377429));
#7899 = CARTESIAN_POINT('',(16.788000432402,0.727573377429));
#7900 = CARTESIAN_POINT('',(14.682000366439,0.727573377429));
#7901 = CARTESIAN_POINT('',(11.286000269278,0.727573377429));
#7902 = CARTESIAN_POINT('',(9.996000238504,0.727573377429));
#7903 = CARTESIAN_POINT('',(8.70600020772,0.727573377429));
#7904 = CARTESIAN_POINT('',(5.562000132493,0.727573377429));
#7905 = CARTESIAN_POINT('',(3.708000089059,0.727573377429));
#7906 = CARTESIAN_POINT('',(1.854000043219,0.727573377429));
#7907 = CARTESIAN_POINT('',(0.,0.727573377429));
#7908 = ( GEOMETRIC_REPRESENTATION_CONTEXT(2) 
PARAMETRIC_REPRESENTATION_CONTEXT() REPRESENTATION_CONTEXT('2D SPACE',''
  ) );
#7909 = ORIENTED_EDGE('',*,*,#7910,.T.);
#7910 = EDGE_CURVE('',#7833,#7755,#7911,.T.);
#7911 = SURFACE_CURVE('',#7912,(#7916,#7923),.PCURVE_S1.);
#7912 = LINE('',#7913,#7914);
#7913 = CARTESIAN_POINT('',(0.8,-40.7,5.4));
#7914 = VECTOR('',#7915,1.);
#7915 = DIRECTION('',(-0.,1.,-0.));
#7916 = PCURVE('',#2537,#7917);
#7917 = DEFINITIONAL_REPRESENTATION('',(#7918),#7922);
#7918 = LINE('',#7919,#7920);
#7919 = CARTESIAN_POINT('',(-50.7,-6.4));
#7920 = VECTOR('',#7921,1.);
#7921 = DIRECTION('',(-1.,0.));
#7922 = ( GEOMETRIC_REPRESENTATION_CONTEXT(2) 
PARAMETRIC_REPRESENTATION_CONTEXT() REPRESENTATION_CONTEXT('2D SPACE',''
  ) );
#7923 = PCURVE('',#7473,#7924);
#7924 = DEFINITIONAL_REPRESENTATION('',(#7925),#7929);
#7925 = LINE('',#7926,#7927);
#7926 = CARTESIAN_POINT('',(-50.7,64.2));
#7927 = VECTOR('',#7928,1.);
#7928 = DIRECTION('',(1.,-0.));
#7929 = ( GEOMETRIC_REPRESENTATION_CONTEXT(2) 
PARAMETRIC_REPRESENTATION_CONTEXT() REPRESENTATION_CONTEXT('2D SPACE',''
  ) );
#7930 = ADVANCED_FACE('',(#7931),#2952,.T.);
#7931 = FACE_BOUND('',#7932,.F.);
#7932 = EDGE_LOOP('',(#7933,#7934,#7955,#7956));
#7933 = ORIENTED_EDGE('',*,*,#2936,.F.);
#7934 = ORIENTED_EDGE('',*,*,#7935,.F.);
#7935 = EDGE_CURVE('',#3579,#2914,#7936,.T.);
#7936 = SURFACE_CURVE('',#7937,(#7941,#7948),.PCURVE_S1.);
#7937 = LINE('',#7938,#7939);
#7938 = CARTESIAN_POINT('',(19.3,-94.4,0.8));
#7939 = VECTOR('',#7940,1.);
#7940 = DIRECTION('',(-0.,1.,-0.));
#7941 = PCURVE('',#2952,#7942);
#7942 = DEFINITIONAL_REPRESENTATION('',(#7943),#7947);
#7943 = LINE('',#7944,#7945);
#7944 = CARTESIAN_POINT('',(5.,-0.));
#7945 = VECTOR('',#7946,1.);
#7946 = DIRECTION('',(-0.,1.));
#7947 = ( GEOMETRIC_REPRESENTATION_CONTEXT(2) 
PARAMETRIC_REPRESENTATION_CONTEXT() REPRESENTATION_CONTEXT('2D SPACE',''
  ) );
#7948 = PCURVE('',#3594,#7949);
#7949 = DEFINITIONAL_REPRESENTATION('',(#7950),#7954);
#7950 = LINE('',#7951,#7952);
#7951 = CARTESIAN_POINT('',(-1.8,-0.));
#7952 = VECTOR('',#7953,1.);
#7953 = DIRECTION('',(-1.,0.));
#7954 = ( GEOMETRIC_REPRESENTATION_CONTEXT(2) 
PARAMETRIC_REPRESENTATION_CONTEXT() REPRESENTATION_CONTEXT('2D SPACE',''
  ) );
#7955 = ORIENTED_EDGE('',*,*,#3662,.F.);
#7956 = ORIENTED_EDGE('',*,*,#7957,.T.);
#7957 = EDGE_CURVE('',#3635,#2937,#7958,.T.);
#7958 = SURFACE_CURVE('',#7959,(#7963,#7970),.PCURVE_S1.);
#7959 = LINE('',#7960,#7961);
#7960 = CARTESIAN_POINT('',(9.3,-94.4,0.8));
#7961 = VECTOR('',#7962,1.);
#7962 = DIRECTION('',(-0.,1.,-0.));
#7963 = PCURVE('',#2952,#7964);
#7964 = DEFINITIONAL_REPRESENTATION('',(#7965),#7969);
#7965 = LINE('',#7966,#7967);
#7966 = CARTESIAN_POINT('',(-5.,0.));
#7967 = VECTOR('',#7968,1.);
#7968 = DIRECTION('',(-0.,1.));
#7969 = ( GEOMETRIC_REPRESENTATION_CONTEXT(2) 
PARAMETRIC_REPRESENTATION_CONTEXT() REPRESENTATION_CONTEXT('2D SPACE',''
  ) );
#7970 = PCURVE('',#3650,#7971);
#7971 = DEFINITIONAL_REPRESENTATION('',(#7972),#7976);
#7972 = LINE('',#7973,#7974);
#7973 = CARTESIAN_POINT('',(-1.8,-0.));
#7974 = VECTOR('',#7975,1.);
#7975 = DIRECTION('',(-1.,0.));
#7976 = ( GEOMETRIC_REPRESENTATION_CONTEXT(2) 
PARAMETRIC_REPRESENTATION_CONTEXT() REPRESENTATION_CONTEXT('2D SPACE',''
  ) );
#7977 = ADVANCED_FACE('',(#7978),#2980,.F.);
#7978 = FACE_BOUND('',#7979,.T.);
#7979 = EDGE_LOOP('',(#7980,#7981,#7982,#7983,#8007,#8030,#8051,#8052));
#7980 = ORIENTED_EDGE('',*,*,#3095,.T.);
#7981 = ORIENTED_EDGE('',*,*,#3168,.T.);
#7982 = ORIENTED_EDGE('',*,*,#7781,.F.);
#7983 = ORIENTED_EDGE('',*,*,#7984,.T.);
#7984 = EDGE_CURVE('',#7782,#7985,#7987,.T.);
#7985 = VERTEX_POINT('',#7986);
#7986 = CARTESIAN_POINT('',(3.,-93.6,0.8));
#7987 = SURFACE_CURVE('',#7988,(#7993,#8000),.PCURVE_S1.);
#7988 = CIRCLE('',#7989,2.2);
#7989 = AXIS2_PLACEMENT_3D('',#7990,#7991,#7992);
#7990 = CARTESIAN_POINT('',(3.,-91.4,0.8));
#7991 = DIRECTION('',(0.,0.,1.));
#7992 = DIRECTION('',(-1.,-0.,-0.));
#7993 = PCURVE('',#2980,#7994);
#7994 = DEFINITIONAL_REPRESENTATION('',(#7995),#7999);
#7995 = CIRCLE('',#7996,2.2);
#7996 = AXIS2_PLACEMENT_2D('',#7997,#7998);
#7997 = CARTESIAN_POINT('',(-65.5,-44.2));
#7998 = DIRECTION('',(-1.,0.));
#7999 = ( GEOMETRIC_REPRESENTATION_CONTEXT(2) 
PARAMETRIC_REPRESENTATION_CONTEXT() REPRESENTATION_CONTEXT('2D SPACE',''
  ) );
#8000 = PCURVE('',#7820,#8001);
#8001 = DEFINITIONAL_REPRESENTATION('',(#8002),#8006);
#8002 = LINE('',#8003,#8004);
#8003 = CARTESIAN_POINT('',(6.28318530718,-1.8));
#8004 = VECTOR('',#8005,1.);
#8005 = DIRECTION('',(-1.,0.));
#8006 = ( GEOMETRIC_REPRESENTATION_CONTEXT(2) 
PARAMETRIC_REPRESENTATION_CONTEXT() REPRESENTATION_CONTEXT('2D SPACE',''
  ) );
#8007 = ORIENTED_EDGE('',*,*,#8008,.F.);
#8008 = EDGE_CURVE('',#8009,#7985,#8011,.T.);
#8009 = VERTEX_POINT('',#8010);
#8010 = CARTESIAN_POINT('',(9.3,-93.6,0.8));
#8011 = SURFACE_CURVE('',#8012,(#8016,#8023),.PCURVE_S1.);
#8012 = LINE('',#8013,#8014);
#8013 = CARTESIAN_POINT('',(101.25,-93.6,0.8));
#8014 = VECTOR('',#8015,1.);
#8015 = DIRECTION('',(-1.,-0.,-0.));
#8016 = PCURVE('',#2980,#8017);
#8017 = DEFINITIONAL_REPRESENTATION('',(#8018),#8022);
#8018 = LINE('',#8019,#8020);
#8019 = CARTESIAN_POINT('',(32.75,-46.4));
#8020 = VECTOR('',#8021,1.);
#8021 = DIRECTION('',(-1.,0.));
#8022 = ( GEOMETRIC_REPRESENTATION_CONTEXT(2) 
PARAMETRIC_REPRESENTATION_CONTEXT() REPRESENTATION_CONTEXT('2D SPACE',''
  ) );
#8023 = PCURVE('',#7199,#8024);
#8024 = DEFINITIONAL_REPRESENTATION('',(#8025),#8029);
#8025 = LINE('',#8026,#8027);
#8026 = CARTESIAN_POINT('',(-32.75,-1.8));
#8027 = VECTOR('',#8028,1.);
#8028 = DIRECTION('',(-1.,0.));
#8029 = ( GEOMETRIC_REPRESENTATION_CONTEXT(2) 
PARAMETRIC_REPRESENTATION_CONTEXT() REPRESENTATION_CONTEXT('2D SPACE',''
  ) );
#8030 = ORIENTED_EDGE('',*,*,#8031,.F.);
#8031 = EDGE_CURVE('',#2937,#8009,#8032,.T.);
#8032 = SURFACE_CURVE('',#8033,(#8037,#8044),.PCURVE_S1.);
#8033 = LINE('',#8034,#8035);
#8034 = CARTESIAN_POINT('',(9.3,-94.4,0.8));
#8035 = VECTOR('',#8036,1.);
#8036 = DIRECTION('',(-0.,1.,-0.));
#8037 = PCURVE('',#2980,#8038);
#8038 = DEFINITIONAL_REPRESENTATION('',(#8039),#8043);
#8039 = LINE('',#8040,#8041);
#8040 = CARTESIAN_POINT('',(-59.2,-47.2));
#8041 = VECTOR('',#8042,1.);
#8042 = DIRECTION('',(-0.,1.));
#8043 = ( GEOMETRIC_REPRESENTATION_CONTEXT(2) 
PARAMETRIC_REPRESENTATION_CONTEXT() REPRESENTATION_CONTEXT('2D SPACE',''
  ) );
#8044 = PCURVE('',#3650,#8045);
#8045 = DEFINITIONAL_REPRESENTATION('',(#8046),#8050);
#8046 = LINE('',#8047,#8048);
#8047 = CARTESIAN_POINT('',(-1.8,-0.));
#8048 = VECTOR('',#8049,1.);
#8049 = DIRECTION('',(-1.,0.));
#8050 = ( GEOMETRIC_REPRESENTATION_CONTEXT(2) 
PARAMETRIC_REPRESENTATION_CONTEXT() REPRESENTATION_CONTEXT('2D SPACE',''
  ) );
#8051 = ORIENTED_EDGE('',*,*,#2964,.T.);
#8052 = ORIENTED_EDGE('',*,*,#3018,.T.);
#8053 = ADVANCED_FACE('',(#8054),#3312,.T.);
#8054 = FACE_BOUND('',#8055,.F.);
#8055 = EDGE_LOOP('',(#8056,#8057,#8078,#8079));
#8056 = ORIENTED_EDGE('',*,*,#6060,.F.);
#8057 = ORIENTED_EDGE('',*,*,#8058,.T.);
#8058 = EDGE_CURVE('',#6027,#3335,#8059,.T.);
#8059 = SURFACE_CURVE('',#8060,(#8064,#8071),.PCURVE_S1.);
#8060 = LINE('',#8061,#8062);
#8061 = CARTESIAN_POINT('',(36.,-94.4,6.1952));
#8062 = VECTOR('',#8063,1.);
#8063 = DIRECTION('',(-0.,-1.,-0.));
#8064 = PCURVE('',#3312,#8065);
#8065 = DEFINITIONAL_REPRESENTATION('',(#8066),#8070);
#8066 = LINE('',#8067,#8068);
#8067 = CARTESIAN_POINT('',(-0.,-48.38));
#8068 = VECTOR('',#8069,1.);
#8069 = DIRECTION('',(-1.,0.));
#8070 = ( GEOMETRIC_REPRESENTATION_CONTEXT(2) 
PARAMETRIC_REPRESENTATION_CONTEXT() REPRESENTATION_CONTEXT('2D SPACE',''
  ) );
#8071 = PCURVE('',#3373,#8072);
#8072 = DEFINITIONAL_REPRESENTATION('',(#8073),#8077);
#8073 = LINE('',#8074,#8075);
#8074 = CARTESIAN_POINT('',(0.,-0.));
#8075 = VECTOR('',#8076,1.);
#8076 = DIRECTION('',(-1.,0.));
#8077 = ( GEOMETRIC_REPRESENTATION_CONTEXT(2) 
PARAMETRIC_REPRESENTATION_CONTEXT() REPRESENTATION_CONTEXT('2D SPACE',''
  ) );
#8078 = ORIENTED_EDGE('',*,*,#3334,.F.);
#8079 = ORIENTED_EDGE('',*,*,#3297,.T.);
#8080 = ADVANCED_FACE('',(#8081),#3541,.T.);
#8081 = FACE_BOUND('',#8082,.F.);
#8082 = EDGE_LOOP('',(#8083,#8084,#8085,#8086));
#8083 = ORIENTED_EDGE('',*,*,#3743,.F.);
#8084 = ORIENTED_EDGE('',*,*,#3689,.T.);
#8085 = ORIENTED_EDGE('',*,*,#3525,.F.);
#8086 = ORIENTED_EDGE('',*,*,#8087,.F.);
#8087 = EDGE_CURVE('',#3744,#3498,#8088,.T.);
#8088 = SURFACE_CURVE('',#8089,(#8093,#8100),.PCURVE_S1.);
#8089 = LINE('',#8090,#8091);
#8090 = CARTESIAN_POINT('',(61.375,-94.4,3.903125));
#8091 = VECTOR('',#8092,1.);
#8092 = DIRECTION('',(-0.,-1.,-0.));
#8093 = PCURVE('',#3541,#8094);
#8094 = DEFINITIONAL_REPRESENTATION('',(#8095),#8099);
#8095 = LINE('',#8096,#8097);
#8096 = CARTESIAN_POINT('',(0.,-0.));
#8097 = VECTOR('',#8098,1.);
#8098 = DIRECTION('',(-1.,0.));
#8099 = ( GEOMETRIC_REPRESENTATION_CONTEXT(2) 
PARAMETRIC_REPRESENTATION_CONTEXT() REPRESENTATION_CONTEXT('2D SPACE',''
  ) );
#8100 = PCURVE('',#3513,#8101);
#8101 = DEFINITIONAL_REPRESENTATION('',(#8102),#8106);
#8102 = LINE('',#8103,#8104);
#8103 = CARTESIAN_POINT('',(-0.,-3.635181015524));
#8104 = VECTOR('',#8105,1.);
#8105 = DIRECTION('',(-1.,0.));
#8106 = ( GEOMETRIC_REPRESENTATION_CONTEXT(2) 
PARAMETRIC_REPRESENTATION_CONTEXT() REPRESENTATION_CONTEXT('2D SPACE',''
  ) );
#8107 = ADVANCED_FACE('',(#8108),#3513,.T.);
#8108 = FACE_BOUND('',#8109,.F.);
#8109 = EDGE_LOOP('',(#8110,#8131,#8132,#8133));
#8110 = ORIENTED_EDGE('',*,*,#8111,.F.);
#8111 = EDGE_CURVE('',#3744,#8112,#8114,.T.);
#8112 = VERTEX_POINT('',#8113);
#8113 = CARTESIAN_POINT('',(57.75,-94.4,4.175));
#8114 = SURFACE_CURVE('',#8115,(#8118,#8124),.PCURVE_S1.);
#8115 = B_SPLINE_CURVE_WITH_KNOTS('',1,(#8116,#8117),.UNSPECIFIED.,.F.,
  .F.,(2,2),(0.,1.),.PIECEWISE_BEZIER_KNOTS.);
#8116 = CARTESIAN_POINT('',(61.375,-94.4,3.903125));
#8117 = CARTESIAN_POINT('',(57.75,-94.4,4.175));
#8118 = PCURVE('',#3513,#8119);
#8119 = DEFINITIONAL_REPRESENTATION('',(#8120),#8123);
#8120 = B_SPLINE_CURVE_WITH_KNOTS('',1,(#8121,#8122),.UNSPECIFIED.,.F.,
  .F.,(2,2),(0.,1.),.PIECEWISE_BEZIER_KNOTS.);
#8121 = CARTESIAN_POINT('',(0.,-3.635181015524));
#8122 = CARTESIAN_POINT('',(0.,0.));
#8123 = ( GEOMETRIC_REPRESENTATION_CONTEXT(2) 
PARAMETRIC_REPRESENTATION_CONTEXT() REPRESENTATION_CONTEXT('2D SPACE',''
  ) );
#8124 = PCURVE('',#3789,#8125);
#8125 = DEFINITIONAL_REPRESENTATION('',(#8126),#8130);
#8126 = LINE('',#8127,#8128);
#8127 = CARTESIAN_POINT('',(24.130623872218,0.));
#8128 = VECTOR('',#8129,1.);
#8129 = DIRECTION('',(0.,1.));
#8130 = ( GEOMETRIC_REPRESENTATION_CONTEXT(2) 
PARAMETRIC_REPRESENTATION_CONTEXT() REPRESENTATION_CONTEXT('2D SPACE',''
  ) );
#8131 = ORIENTED_EDGE('',*,*,#8087,.T.);
#8132 = ORIENTED_EDGE('',*,*,#3497,.F.);
#8133 = ORIENTED_EDGE('',*,*,#8134,.F.);
#8134 = EDGE_CURVE('',#8112,#3470,#8135,.T.);
#8135 = SURFACE_CURVE('',#8136,(#8140,#8147),.PCURVE_S1.);
#8136 = LINE('',#8137,#8138);
#8137 = CARTESIAN_POINT('',(57.75,-94.4,4.175));
#8138 = VECTOR('',#8139,1.);
#8139 = DIRECTION('',(-0.,-1.,-0.));
#8140 = PCURVE('',#3513,#8141);
#8141 = DEFINITIONAL_REPRESENTATION('',(#8142),#8146);
#8142 = LINE('',#8143,#8144);
#8143 = CARTESIAN_POINT('',(0.,-0.));
#8144 = VECTOR('',#8145,1.);
#8145 = DIRECTION('',(-1.,0.));
#8146 = ( GEOMETRIC_REPRESENTATION_CONTEXT(2) 
PARAMETRIC_REPRESENTATION_CONTEXT() REPRESENTATION_CONTEXT('2D SPACE',''
  ) );
#8147 = PCURVE('',#3485,#8148);
#8148 = DEFINITIONAL_REPRESENTATION('',(#8149),#8153);
#8149 = LINE('',#8150,#8151);
#8150 = CARTESIAN_POINT('',(-0.,-3.645321541459));
#8151 = VECTOR('',#8152,1.);
#8152 = DIRECTION('',(-1.,0.));
#8153 = ( GEOMETRIC_REPRESENTATION_CONTEXT(2) 
PARAMETRIC_REPRESENTATION_CONTEXT() REPRESENTATION_CONTEXT('2D SPACE',''
  ) );
#8154 = ADVANCED_FACE('',(#8155),#3373,.T.);
#8155 = FACE_BOUND('',#8156,.F.);
#8156 = EDGE_LOOP('',(#8157,#8178,#8199,#8200));
#8157 = ORIENTED_EDGE('',*,*,#8158,.F.);
#8158 = EDGE_CURVE('',#8159,#6027,#8161,.T.);
#8159 = VERTEX_POINT('',#8160);
#8160 = CARTESIAN_POINT('',(39.625,-94.4,6.096875));
#8161 = SURFACE_CURVE('',#8162,(#8165,#8171),.PCURVE_S1.);
#8162 = B_SPLINE_CURVE_WITH_KNOTS('',1,(#8163,#8164),.UNSPECIFIED.,.F.,
  .F.,(2,2),(0.,1.),.PIECEWISE_BEZIER_KNOTS.);
#8163 = CARTESIAN_POINT('',(39.625,-94.4,6.096875));
#8164 = CARTESIAN_POINT('',(36.,-94.4,6.1952));
#8165 = PCURVE('',#3373,#8166);
#8166 = DEFINITIONAL_REPRESENTATION('',(#8167),#8170);
#8167 = B_SPLINE_CURVE_WITH_KNOTS('',1,(#8168,#8169),.UNSPECIFIED.,.F.,
  .F.,(2,2),(0.,1.),.PIECEWISE_BEZIER_KNOTS.);
#8168 = CARTESIAN_POINT('',(0.,-3.626333245253));
#8169 = CARTESIAN_POINT('',(0.,0.));
#8170 = ( GEOMETRIC_REPRESENTATION_CONTEXT(2) 
PARAMETRIC_REPRESENTATION_CONTEXT() REPRESENTATION_CONTEXT('2D SPACE',''
  ) );
#8171 = PCURVE('',#4386,#8172);
#8172 = DEFINITIONAL_REPRESENTATION('',(#8173),#8177);
#8173 = LINE('',#8174,#8175);
#8174 = CARTESIAN_POINT('',(24.000264337012,0.));
#8175 = VECTOR('',#8176,1.);
#8176 = DIRECTION('',(0.,1.));
#8177 = ( GEOMETRIC_REPRESENTATION_CONTEXT(2) 
PARAMETRIC_REPRESENTATION_CONTEXT() REPRESENTATION_CONTEXT('2D SPACE',''
  ) );
#8178 = ORIENTED_EDGE('',*,*,#8179,.T.);
#8179 = EDGE_CURVE('',#8159,#3358,#8180,.T.);
#8180 = SURFACE_CURVE('',#8181,(#8185,#8192),.PCURVE_S1.);
#8181 = LINE('',#8182,#8183);
#8182 = CARTESIAN_POINT('',(39.625,-94.4,6.096875));
#8183 = VECTOR('',#8184,1.);
#8184 = DIRECTION('',(-0.,-1.,-0.));
#8185 = PCURVE('',#3373,#8186);
#8186 = DEFINITIONAL_REPRESENTATION('',(#8187),#8191);
#8187 = LINE('',#8188,#8189);
#8188 = CARTESIAN_POINT('',(-0.,-3.626333245253));
#8189 = VECTOR('',#8190,1.);
#8190 = DIRECTION('',(-1.,0.));
#8191 = ( GEOMETRIC_REPRESENTATION_CONTEXT(2) 
PARAMETRIC_REPRESENTATION_CONTEXT() REPRESENTATION_CONTEXT('2D SPACE',''
  ) );
#8192 = PCURVE('',#3401,#8193);
#8193 = DEFINITIONAL_REPRESENTATION('',(#8194),#8198);
#8194 = LINE('',#8195,#8196);
#8195 = CARTESIAN_POINT('',(0.,-0.));
#8196 = VECTOR('',#8197,1.);
#8197 = DIRECTION('',(-1.,0.));
#8198 = ( GEOMETRIC_REPRESENTATION_CONTEXT(2) 
PARAMETRIC_REPRESENTATION_CONTEXT() REPRESENTATION_CONTEXT('2D SPACE',''
  ) );
#8199 = ORIENTED_EDGE('',*,*,#3357,.F.);
#8200 = ORIENTED_EDGE('',*,*,#8058,.F.);
#8201 = ADVANCED_FACE('',(#8202),#3485,.T.);
#8202 = FACE_BOUND('',#8203,.F.);
#8203 = EDGE_LOOP('',(#8204,#8225,#8226,#8227));
#8204 = ORIENTED_EDGE('',*,*,#8205,.F.);
#8205 = EDGE_CURVE('',#8112,#8206,#8208,.T.);
#8206 = VERTEX_POINT('',#8207);
#8207 = CARTESIAN_POINT('',(54.125,-94.4,4.559375));
#8208 = SURFACE_CURVE('',#8209,(#8212,#8218),.PCURVE_S1.);
#8209 = B_SPLINE_CURVE_WITH_KNOTS('',1,(#8210,#8211),.UNSPECIFIED.,.F.,
  .F.,(2,2),(0.,1.),.PIECEWISE_BEZIER_KNOTS.);
#8210 = CARTESIAN_POINT('',(57.75,-94.4,4.175));
#8211 = CARTESIAN_POINT('',(54.125,-94.4,4.559375));
#8212 = PCURVE('',#3485,#8213);
#8213 = DEFINITIONAL_REPRESENTATION('',(#8214),#8217);
#8214 = B_SPLINE_CURVE_WITH_KNOTS('',1,(#8215,#8216),.UNSPECIFIED.,.F.,
  .F.,(2,2),(0.,1.),.PIECEWISE_BEZIER_KNOTS.);
#8215 = CARTESIAN_POINT('',(0.,-3.645321541459));
#8216 = CARTESIAN_POINT('',(0.,0.));
#8217 = ( GEOMETRIC_REPRESENTATION_CONTEXT(2) 
PARAMETRIC_REPRESENTATION_CONTEXT() REPRESENTATION_CONTEXT('2D SPACE',''
  ) );
#8218 = PCURVE('',#3986,#8219);
#8219 = DEFINITIONAL_REPRESENTATION('',(#8220),#8224);
#8220 = LINE('',#8221,#8222);
#8221 = CARTESIAN_POINT('',(24.101618177282,0.));
#8222 = VECTOR('',#8223,1.);
#8223 = DIRECTION('',(0.,1.));
#8224 = ( GEOMETRIC_REPRESENTATION_CONTEXT(2) 
PARAMETRIC_REPRESENTATION_CONTEXT() REPRESENTATION_CONTEXT('2D SPACE',''
  ) );
#8225 = ORIENTED_EDGE('',*,*,#8134,.T.);
#8226 = ORIENTED_EDGE('',*,*,#3469,.F.);
#8227 = ORIENTED_EDGE('',*,*,#8228,.F.);
#8228 = EDGE_CURVE('',#8206,#3442,#8229,.T.);
#8229 = SURFACE_CURVE('',#8230,(#8234,#8241),.PCURVE_S1.);
#8230 = LINE('',#8231,#8232);
#8231 = CARTESIAN_POINT('',(54.125,-94.4,4.559375));
#8232 = VECTOR('',#8233,1.);
#8233 = DIRECTION('',(-0.,-1.,-0.));
#8234 = PCURVE('',#3485,#8235);
#8235 = DEFINITIONAL_REPRESENTATION('',(#8236),#8240);
#8236 = LINE('',#8237,#8238);
#8237 = CARTESIAN_POINT('',(0.,-0.));
#8238 = VECTOR('',#8239,1.);
#8239 = DIRECTION('',(-1.,0.));
#8240 = ( GEOMETRIC_REPRESENTATION_CONTEXT(2) 
PARAMETRIC_REPRESENTATION_CONTEXT() REPRESENTATION_CONTEXT('2D SPACE',''
  ) );
#8241 = PCURVE('',#3457,#8242);
#8242 = DEFINITIONAL_REPRESENTATION('',(#8243),#8247);
#8243 = LINE('',#8244,#8245);
#8244 = CARTESIAN_POINT('',(-0.,-3.651681173189));
#8245 = VECTOR('',#8246,1.);
#8246 = DIRECTION('',(-1.,0.));
#8247 = ( GEOMETRIC_REPRESENTATION_CONTEXT(2) 
PARAMETRIC_REPRESENTATION_CONTEXT() REPRESENTATION_CONTEXT('2D SPACE',''
  ) );
#8248 = ADVANCED_FACE('',(#8249),#3401,.T.);
#8249 = FACE_BOUND('',#8250,.F.);
#8250 = EDGE_LOOP('',(#8251,#8272,#8293,#8294));
#8251 = ORIENTED_EDGE('',*,*,#8252,.F.);
#8252 = EDGE_CURVE('',#8253,#8159,#8255,.T.);
#8253 = VERTEX_POINT('',#8254);
#8254 = CARTESIAN_POINT('',(43.25,-94.4,5.825));
#8255 = SURFACE_CURVE('',#8256,(#8259,#8265),.PCURVE_S1.);
#8256 = B_SPLINE_CURVE_WITH_KNOTS('',1,(#8257,#8258),.UNSPECIFIED.,.F.,
  .F.,(2,2),(0.,1.),.PIECEWISE_BEZIER_KNOTS.);
#8257 = CARTESIAN_POINT('',(43.25,-94.4,5.825));
#8258 = CARTESIAN_POINT('',(39.625,-94.4,6.096875));
#8259 = PCURVE('',#3401,#8260);
#8260 = DEFINITIONAL_REPRESENTATION('',(#8261),#8264);
#8261 = B_SPLINE_CURVE_WITH_KNOTS('',1,(#8262,#8263),.UNSPECIFIED.,.F.,
  .F.,(2,2),(0.,1.),.PIECEWISE_BEZIER_KNOTS.);
#8262 = CARTESIAN_POINT('',(0.,-3.635181015524));
#8263 = CARTESIAN_POINT('',(0.,0.));
#8264 = ( GEOMETRIC_REPRESENTATION_CONTEXT(2) 
PARAMETRIC_REPRESENTATION_CONTEXT() REPRESENTATION_CONTEXT('2D SPACE',''
  ) );
#8265 = PCURVE('',#4306,#8266);
#8266 = DEFINITIONAL_REPRESENTATION('',(#8267),#8271);
#8267 = LINE('',#8268,#8269);
#8268 = CARTESIAN_POINT('',(24.003495029032,0.));
#8269 = VECTOR('',#8270,1.);
#8270 = DIRECTION('',(0.,1.));
#8271 = ( GEOMETRIC_REPRESENTATION_CONTEXT(2) 
PARAMETRIC_REPRESENTATION_CONTEXT() REPRESENTATION_CONTEXT('2D SPACE',''
  ) );
#8272 = ORIENTED_EDGE('',*,*,#8273,.T.);
#8273 = EDGE_CURVE('',#8253,#3386,#8274,.T.);
#8274 = SURFACE_CURVE('',#8275,(#8279,#8286),.PCURVE_S1.);
#8275 = LINE('',#8276,#8277);
#8276 = CARTESIAN_POINT('',(43.25,-94.4,5.825));
#8277 = VECTOR('',#8278,1.);
#8278 = DIRECTION('',(-0.,-1.,-0.));
#8279 = PCURVE('',#3401,#8280);
#8280 = DEFINITIONAL_REPRESENTATION('',(#8281),#8285);
#8281 = LINE('',#8282,#8283);
#8282 = CARTESIAN_POINT('',(-0.,-3.635181015524));
#8283 = VECTOR('',#8284,1.);
#8284 = DIRECTION('',(-1.,0.));
#8285 = ( GEOMETRIC_REPRESENTATION_CONTEXT(2) 
PARAMETRIC_REPRESENTATION_CONTEXT() REPRESENTATION_CONTEXT('2D SPACE',''
  ) );
#8286 = PCURVE('',#3429,#8287);
#8287 = DEFINITIONAL_REPRESENTATION('',(#8288),#8292);
#8288 = LINE('',#8289,#8290);
#8289 = CARTESIAN_POINT('',(0.,-0.));
#8290 = VECTOR('',#8291,1.);
#8291 = DIRECTION('',(-1.,0.));
#8292 = ( GEOMETRIC_REPRESENTATION_CONTEXT(2) 
PARAMETRIC_REPRESENTATION_CONTEXT() REPRESENTATION_CONTEXT('2D SPACE',''
  ) );
#8293 = ORIENTED_EDGE('',*,*,#3385,.F.);
#8294 = ORIENTED_EDGE('',*,*,#8179,.F.);
#8295 = ADVANCED_FACE('',(#8296),#3457,.T.);
#8296 = FACE_BOUND('',#8297,.F.);
#8297 = EDGE_LOOP('',(#8298,#8319,#8320,#8321,#8344));
#8298 = ORIENTED_EDGE('',*,*,#8299,.F.);
#8299 = EDGE_CURVE('',#8206,#8300,#8302,.T.);
#8300 = VERTEX_POINT('',#8301);
#8301 = CARTESIAN_POINT('',(50.5,-94.4,5.));
#8302 = SURFACE_CURVE('',#8303,(#8306,#8312),.PCURVE_S1.);
#8303 = B_SPLINE_CURVE_WITH_KNOTS('',1,(#8304,#8305),.UNSPECIFIED.,.F.,
  .F.,(2,2),(0.,1.),.PIECEWISE_BEZIER_KNOTS.);
#8304 = CARTESIAN_POINT('',(54.125,-94.4,4.559375));
#8305 = CARTESIAN_POINT('',(50.5,-94.4,5.));
#8306 = PCURVE('',#3457,#8307);
#8307 = DEFINITIONAL_REPRESENTATION('',(#8308),#8311);
#8308 = B_SPLINE_CURVE_WITH_KNOTS('',1,(#8309,#8310),.UNSPECIFIED.,.F.,
  .F.,(2,2),(0.,1.),.PIECEWISE_BEZIER_KNOTS.);
#8309 = CARTESIAN_POINT('',(0.,-3.651681173189));
#8310 = CARTESIAN_POINT('',(0.,0.));
#8311 = ( GEOMETRIC_REPRESENTATION_CONTEXT(2) 
PARAMETRIC_REPRESENTATION_CONTEXT() REPRESENTATION_CONTEXT('2D SPACE',''
  ) );
#8312 = PCURVE('',#4066,#8313);
#8313 = DEFINITIONAL_REPRESENTATION('',(#8314),#8318);
#8314 = LINE('',#8315,#8316);
#8315 = CARTESIAN_POINT('',(24.066771222051,0.));
#8316 = VECTOR('',#8317,1.);
#8317 = DIRECTION('',(0.,1.));
#8318 = ( GEOMETRIC_REPRESENTATION_CONTEXT(2) 
PARAMETRIC_REPRESENTATION_CONTEXT() REPRESENTATION_CONTEXT('2D SPACE',''
  ) );
#8319 = ORIENTED_EDGE('',*,*,#8228,.T.);
#8320 = ORIENTED_EDGE('',*,*,#3441,.F.);
#8321 = ORIENTED_EDGE('',*,*,#8322,.F.);
#8322 = EDGE_CURVE('',#8323,#3414,#8325,.T.);
#8323 = VERTEX_POINT('',#8324);
#8324 = CARTESIAN_POINT('',(46.875,-94.4,5.440625));
#8325 = SURFACE_CURVE('',#8326,(#8330,#8337),.PCURVE_S1.);
#8326 = LINE('',#8327,#8328);
#8327 = CARTESIAN_POINT('',(46.875,-94.4,5.440625));
#8328 = VECTOR('',#8329,1.);
#8329 = DIRECTION('',(-0.,-1.,-0.));
#8330 = PCURVE('',#3457,#8331);
#8331 = DEFINITIONAL_REPRESENTATION('',(#8332),#8336);
#8332 = LINE('',#8333,#8334);
#8333 = CARTESIAN_POINT('',(-0.,3.651681173189));
#8334 = VECTOR('',#8335,1.);
#8335 = DIRECTION('',(-1.,0.));
#8336 = ( GEOMETRIC_REPRESENTATION_CONTEXT(2) 
PARAMETRIC_REPRESENTATION_CONTEXT() REPRESENTATION_CONTEXT('2D SPACE',''
  ) );
#8337 = PCURVE('',#3429,#8338);
#8338 = DEFINITIONAL_REPRESENTATION('',(#8339),#8343);
#8339 = LINE('',#8340,#8341);
#8340 = CARTESIAN_POINT('',(-0.,-3.645321541459));
#8341 = VECTOR('',#8342,1.);
#8342 = DIRECTION('',(-1.,0.));
#8343 = ( GEOMETRIC_REPRESENTATION_CONTEXT(2) 
PARAMETRIC_REPRESENTATION_CONTEXT() REPRESENTATION_CONTEXT('2D SPACE',''
  ) );
#8344 = ORIENTED_EDGE('',*,*,#8345,.F.);
#8345 = EDGE_CURVE('',#8300,#8323,#8346,.T.);
#8346 = SURFACE_CURVE('',#8347,(#8350,#8356),.PCURVE_S1.);
#8347 = B_SPLINE_CURVE_WITH_KNOTS('',1,(#8348,#8349),.UNSPECIFIED.,.F.,
  .F.,(2,2),(0.,1.),.PIECEWISE_BEZIER_KNOTS.);
#8348 = CARTESIAN_POINT('',(50.5,-94.4,5.));
#8349 = CARTESIAN_POINT('',(46.875,-94.4,5.440625));
#8350 = PCURVE('',#3457,#8351);
#8351 = DEFINITIONAL_REPRESENTATION('',(#8352),#8355);
#8352 = B_SPLINE_CURVE_WITH_KNOTS('',1,(#8353,#8354),.UNSPECIFIED.,.F.,
  .F.,(2,2),(0.,1.),.PIECEWISE_BEZIER_KNOTS.);
#8353 = CARTESIAN_POINT('',(0.,0.));
#8354 = CARTESIAN_POINT('',(0.,3.651681173189));
#8355 = ( GEOMETRIC_REPRESENTATION_CONTEXT(2) 
PARAMETRIC_REPRESENTATION_CONTEXT() REPRESENTATION_CONTEXT('2D SPACE',''
  ) );
#8356 = PCURVE('',#4146,#8357);
#8357 = DEFINITIONAL_REPRESENTATION('',(#8358),#8362);
#8358 = LINE('',#8359,#8360);
#8359 = CARTESIAN_POINT('',(24.035754742414,0.));
#8360 = VECTOR('',#8361,1.);
#8361 = DIRECTION('',(0.,1.));
#8362 = ( GEOMETRIC_REPRESENTATION_CONTEXT(2) 
PARAMETRIC_REPRESENTATION_CONTEXT() REPRESENTATION_CONTEXT('2D SPACE',''
  ) );
#8363 = ADVANCED_FACE('',(#8364),#3429,.T.);
#8364 = FACE_BOUND('',#8365,.F.);
#8365 = EDGE_LOOP('',(#8366,#8385,#8386,#8387));
#8366 = ORIENTED_EDGE('',*,*,#8367,.F.);
#8367 = EDGE_CURVE('',#8323,#8253,#8368,.T.);
#8368 = SURFACE_CURVE('',#8369,(#8372,#8378),.PCURVE_S1.);
#8369 = B_SPLINE_CURVE_WITH_KNOTS('',1,(#8370,#8371),.UNSPECIFIED.,.F.,
  .F.,(2,2),(0.,1.),.PIECEWISE_BEZIER_KNOTS.);
#8370 = CARTESIAN_POINT('',(46.875,-94.4,5.440625));
#8371 = CARTESIAN_POINT('',(43.25,-94.4,5.825));
#8372 = PCURVE('',#3429,#8373);
#8373 = DEFINITIONAL_REPRESENTATION('',(#8374),#8377);
#8374 = B_SPLINE_CURVE_WITH_KNOTS('',1,(#8375,#8376),.UNSPECIFIED.,.F.,
  .F.,(2,2),(0.,1.),.PIECEWISE_BEZIER_KNOTS.);
#8375 = CARTESIAN_POINT('',(0.,-3.645321541459));
#8376 = CARTESIAN_POINT('',(0.,0.));
#8377 = ( GEOMETRIC_REPRESENTATION_CONTEXT(2) 
PARAMETRIC_REPRESENTATION_CONTEXT() REPRESENTATION_CONTEXT('2D SPACE',''
  ) );
#8378 = PCURVE('',#4226,#8379);
#8379 = DEFINITIONAL_REPRESENTATION('',(#8380),#8384);
#8380 = LINE('',#8381,#8382);
#8381 = CARTESIAN_POINT('',(24.014327180404,0.));
#8382 = VECTOR('',#8383,1.);
#8383 = DIRECTION('',(0.,1.));
#8384 = ( GEOMETRIC_REPRESENTATION_CONTEXT(2) 
PARAMETRIC_REPRESENTATION_CONTEXT() REPRESENTATION_CONTEXT('2D SPACE',''
  ) );
#8385 = ORIENTED_EDGE('',*,*,#8322,.T.);
#8386 = ORIENTED_EDGE('',*,*,#3413,.F.);
#8387 = ORIENTED_EDGE('',*,*,#8273,.F.);
#8388 = ADVANCED_FACE('',(#8389),#3594,.F.);
#8389 = FACE_BOUND('',#8390,.T.);
#8390 = EDGE_LOOP('',(#8391,#8392,#8393,#8416,#8437));
#8391 = ORIENTED_EDGE('',*,*,#7935,.F.);
#8392 = ORIENTED_EDGE('',*,*,#3576,.F.);
#8393 = ORIENTED_EDGE('',*,*,#8394,.T.);
#8394 = EDGE_CURVE('',#3577,#8395,#8397,.T.);
#8395 = VERTEX_POINT('',#8396);
#8396 = CARTESIAN_POINT('',(19.3,-93.6,4.3));
#8397 = SURFACE_CURVE('',#8398,(#8402,#8409),.PCURVE_S1.);
#8398 = LINE('',#8399,#8400);
#8399 = CARTESIAN_POINT('',(19.3,-94.4,4.3));
#8400 = VECTOR('',#8401,1.);
#8401 = DIRECTION('',(-0.,1.,-0.));
#8402 = PCURVE('',#3594,#8403);
#8403 = DEFINITIONAL_REPRESENTATION('',(#8404),#8408);
#8404 = LINE('',#8405,#8406);
#8405 = CARTESIAN_POINT('',(-1.8,-3.5));
#8406 = VECTOR('',#8407,1.);
#8407 = DIRECTION('',(-1.,0.));
#8408 = ( GEOMETRIC_REPRESENTATION_CONTEXT(2) 
PARAMETRIC_REPRESENTATION_CONTEXT() REPRESENTATION_CONTEXT('2D SPACE',''
  ) );
#8409 = PCURVE('',#3622,#8410);
#8410 = DEFINITIONAL_REPRESENTATION('',(#8411),#8415);
#8411 = LINE('',#8412,#8413);
#8412 = CARTESIAN_POINT('',(5.,-0.));
#8413 = VECTOR('',#8414,1.);
#8414 = DIRECTION('',(-0.,1.));
#8415 = ( GEOMETRIC_REPRESENTATION_CONTEXT(2) 
PARAMETRIC_REPRESENTATION_CONTEXT() REPRESENTATION_CONTEXT('2D SPACE',''
  ) );
#8416 = ORIENTED_EDGE('',*,*,#8417,.F.);
#8417 = EDGE_CURVE('',#7542,#8395,#8418,.T.);
#8418 = SURFACE_CURVE('',#8419,(#8423,#8430),.PCURVE_S1.);
#8419 = LINE('',#8420,#8421);
#8420 = CARTESIAN_POINT('',(19.3,-93.6,-1.E-01));
#8421 = VECTOR('',#8422,1.);
#8422 = DIRECTION('',(-0.,-0.,1.));
#8423 = PCURVE('',#3594,#8424);
#8424 = DEFINITIONAL_REPRESENTATION('',(#8425),#8429);
#8425 = LINE('',#8426,#8427);
#8426 = CARTESIAN_POINT('',(-2.6,0.9));
#8427 = VECTOR('',#8428,1.);
#8428 = DIRECTION('',(-0.,-1.));
#8429 = ( GEOMETRIC_REPRESENTATION_CONTEXT(2) 
PARAMETRIC_REPRESENTATION_CONTEXT() REPRESENTATION_CONTEXT('2D SPACE',''
  ) );
#8430 = PCURVE('',#7199,#8431);
#8431 = DEFINITIONAL_REPRESENTATION('',(#8432),#8436);
#8432 = LINE('',#8433,#8434);
#8433 = CARTESIAN_POINT('',(-114.7,-0.9));
#8434 = VECTOR('',#8435,1.);
#8435 = DIRECTION('',(-0.,-1.));
#8436 = ( GEOMETRIC_REPRESENTATION_CONTEXT(2) 
PARAMETRIC_REPRESENTATION_CONTEXT() REPRESENTATION_CONTEXT('2D SPACE',''
  ) );
#8437 = ORIENTED_EDGE('',*,*,#7541,.F.);
#8438 = ADVANCED_FACE('',(#8439),#3650,.T.);
#8439 = FACE_BOUND('',#8440,.F.);
#8440 = EDGE_LOOP('',(#8441,#8442,#8443,#8466,#8487));
#8441 = ORIENTED_EDGE('',*,*,#7957,.F.);
#8442 = ORIENTED_EDGE('',*,*,#3634,.F.);
#8443 = ORIENTED_EDGE('',*,*,#8444,.T.);
#8444 = EDGE_CURVE('',#3607,#8445,#8447,.T.);
#8445 = VERTEX_POINT('',#8446);
#8446 = CARTESIAN_POINT('',(9.3,-93.6,4.3));
#8447 = SURFACE_CURVE('',#8448,(#8452,#8459),.PCURVE_S1.);
#8448 = LINE('',#8449,#8450);
#8449 = CARTESIAN_POINT('',(9.3,-94.4,4.3));
#8450 = VECTOR('',#8451,1.);
#8451 = DIRECTION('',(-0.,1.,-0.));
#8452 = PCURVE('',#3650,#8453);
#8453 = DEFINITIONAL_REPRESENTATION('',(#8454),#8458);
#8454 = LINE('',#8455,#8456);
#8455 = CARTESIAN_POINT('',(-1.8,-3.5));
#8456 = VECTOR('',#8457,1.);
#8457 = DIRECTION('',(-1.,0.));
#8458 = ( GEOMETRIC_REPRESENTATION_CONTEXT(2) 
PARAMETRIC_REPRESENTATION_CONTEXT() REPRESENTATION_CONTEXT('2D SPACE',''
  ) );
#8459 = PCURVE('',#3622,#8460);
#8460 = DEFINITIONAL_REPRESENTATION('',(#8461),#8465);
#8461 = LINE('',#8462,#8463);
#8462 = CARTESIAN_POINT('',(-5.,0.));
#8463 = VECTOR('',#8464,1.);
#8464 = DIRECTION('',(-0.,1.));
#8465 = ( GEOMETRIC_REPRESENTATION_CONTEXT(2) 
PARAMETRIC_REPRESENTATION_CONTEXT() REPRESENTATION_CONTEXT('2D SPACE',''
  ) );
#8466 = ORIENTED_EDGE('',*,*,#8467,.F.);
#8467 = EDGE_CURVE('',#8009,#8445,#8468,.T.);
#8468 = SURFACE_CURVE('',#8469,(#8473,#8480),.PCURVE_S1.);
#8469 = LINE('',#8470,#8471);
#8470 = CARTESIAN_POINT('',(9.3,-93.6,-1.E-01));
#8471 = VECTOR('',#8472,1.);
#8472 = DIRECTION('',(-0.,-0.,1.));
#8473 = PCURVE('',#3650,#8474);
#8474 = DEFINITIONAL_REPRESENTATION('',(#8475),#8479);
#8475 = LINE('',#8476,#8477);
#8476 = CARTESIAN_POINT('',(-2.6,0.9));
#8477 = VECTOR('',#8478,1.);
#8478 = DIRECTION('',(-0.,-1.));
#8479 = ( GEOMETRIC_REPRESENTATION_CONTEXT(2) 
PARAMETRIC_REPRESENTATION_CONTEXT() REPRESENTATION_CONTEXT('2D SPACE',''
  ) );
#8480 = PCURVE('',#7199,#8481);
#8481 = DEFINITIONAL_REPRESENTATION('',(#8482),#8486);
#8482 = LINE('',#8483,#8484);
#8483 = CARTESIAN_POINT('',(-124.7,-0.9));
#8484 = VECTOR('',#8485,1.);
#8485 = DIRECTION('',(-0.,-1.));
#8486 = ( GEOMETRIC_REPRESENTATION_CONTEXT(2) 
PARAMETRIC_REPRESENTATION_CONTEXT() REPRESENTATION_CONTEXT('2D SPACE',''
  ) );
#8487 = ORIENTED_EDGE('',*,*,#8031,.F.);
#8488 = ADVANCED_FACE('',(#8489),#3622,.F.);
#8489 = FACE_BOUND('',#8490,.T.);
#8490 = EDGE_LOOP('',(#8491,#8492,#8493,#8494));
#8491 = ORIENTED_EDGE('',*,*,#8394,.F.);
#8492 = ORIENTED_EDGE('',*,*,#3606,.F.);
#8493 = ORIENTED_EDGE('',*,*,#8444,.T.);
#8494 = ORIENTED_EDGE('',*,*,#8495,.F.);
#8495 = EDGE_CURVE('',#8395,#8445,#8496,.T.);
#8496 = SURFACE_CURVE('',#8497,(#8501,#8508),.PCURVE_S1.);
#8497 = LINE('',#8498,#8499);
#8498 = CARTESIAN_POINT('',(74.15,-93.6,4.3));
#8499 = VECTOR('',#8500,1.);
#8500 = DIRECTION('',(-1.,-0.,-0.));
#8501 = PCURVE('',#3622,#8502);
#8502 = DEFINITIONAL_REPRESENTATION('',(#8503),#8507);
#8503 = LINE('',#8504,#8505);
#8504 = CARTESIAN_POINT('',(59.85,0.8));
#8505 = VECTOR('',#8506,1.);
#8506 = DIRECTION('',(-1.,0.));
#8507 = ( GEOMETRIC_REPRESENTATION_CONTEXT(2) 
PARAMETRIC_REPRESENTATION_CONTEXT() REPRESENTATION_CONTEXT('2D SPACE',''
  ) );
#8508 = PCURVE('',#7199,#8509);
#8509 = DEFINITIONAL_REPRESENTATION('',(#8510),#8514);
#8510 = LINE('',#8511,#8512);
#8511 = CARTESIAN_POINT('',(-59.85,-5.3));
#8512 = VECTOR('',#8513,1.);
#8513 = DIRECTION('',(-1.,0.));
#8514 = ( GEOMETRIC_REPRESENTATION_CONTEXT(2) 
PARAMETRIC_REPRESENTATION_CONTEXT() REPRESENTATION_CONTEXT('2D SPACE',''
  ) );
#8515 = ADVANCED_FACE('',(#8516),#3789,.F.);
#8516 = FACE_BOUND('',#8517,.F.);
#8517 = EDGE_LOOP('',(#8518,#8519,#8520,#8521));
#8518 = ORIENTED_EDGE('',*,*,#3937,.F.);
#8519 = ORIENTED_EDGE('',*,*,#3764,.T.);
#8520 = ORIENTED_EDGE('',*,*,#8111,.T.);
#8521 = ORIENTED_EDGE('',*,*,#8522,.F.);
#8522 = EDGE_CURVE('',#3938,#8112,#8523,.T.);
#8523 = SURFACE_CURVE('',#8524,(#8540,#8546),.PCURVE_S1.);
#8524 = B_SPLINE_CURVE_WITH_KNOTS('',3,(#8525,#8526,#8527,#8528,#8529,
    #8530,#8531,#8532,#8533,#8534,#8535,#8536,#8537,#8538,#8539),
  .UNSPECIFIED.,.F.,.F.,(4,1,1,1,1,1,1,1,1,1,1,1,4),(0.,2.000396841733,
    4.003428144387,6.010338964538,8.02118738064,10.035147600357,
    12.050809088641,14.066470576925,16.080430796642,18.091279212743,
    20.098190032894,22.101221335549,24.101618177282),.UNSPECIFIED.);
#8525 = CARTESIAN_POINT('',(57.75,-70.4,6.2));
#8526 = CARTESIAN_POINT('',(57.75,-71.06696896121,6.200003620044));
#8527 = CARTESIAN_POINT('',(57.75,-72.40130235704,6.171827085354));
#8528 = CARTESIAN_POINT('',(57.75,-74.40198317146,6.059236273937));
#8529 = CARTESIAN_POINT('',(57.75,-76.40198022409,5.89043307122));
#8530 = CARTESIAN_POINT('',(57.75,-78.40156298156,5.679508071967));
#8531 = CARTESIAN_POINT('',(57.75,-80.40085172295,5.440517877584));
#8532 = CARTESIAN_POINT('',(57.75,-82.4,5.1875));
#8533 = CARTESIAN_POINT('',(57.75,-84.39914827704,4.934482122416));
#8534 = CARTESIAN_POINT('',(57.75,-86.39843701844,4.695491928033));
#8535 = CARTESIAN_POINT('',(57.75,-88.3980197759,4.48456692878));
#8536 = CARTESIAN_POINT('',(57.75,-90.39801682853,4.315763726063));
#8537 = CARTESIAN_POINT('',(57.75,-92.39869764295,4.203172914646));
#8538 = CARTESIAN_POINT('',(57.75,-93.73303103878,4.174996379956));
#8539 = CARTESIAN_POINT('',(57.75,-94.4,4.175));
#8540 = PCURVE('',#3789,#8541);
#8541 = DEFINITIONAL_REPRESENTATION('',(#8542),#8545);
#8542 = B_SPLINE_CURVE_WITH_KNOTS('',1,(#8543,#8544),.UNSPECIFIED.,.F.,
  .F.,(2,2),(0.,24.101618177282),.PIECEWISE_BEZIER_KNOTS.);
#8543 = CARTESIAN_POINT('',(0.,1.));
#8544 = CARTESIAN_POINT('',(24.130623872218,1.));
#8545 = ( GEOMETRIC_REPRESENTATION_CONTEXT(2) 
PARAMETRIC_REPRESENTATION_CONTEXT() REPRESENTATION_CONTEXT('2D SPACE',''
  ) );
#8546 = PCURVE('',#3986,#8547);
#8547 = DEFINITIONAL_REPRESENTATION('',(#8548),#8552);
#8548 = LINE('',#8549,#8550);
#8549 = CARTESIAN_POINT('',(0.,0.));
#8550 = VECTOR('',#8551,1.);
#8551 = DIRECTION('',(1.,0.));
#8552 = ( GEOMETRIC_REPRESENTATION_CONTEXT(2) 
PARAMETRIC_REPRESENTATION_CONTEXT() REPRESENTATION_CONTEXT('2D SPACE',''
  ) );
#8553 = ADVANCED_FACE('',(#8554,#8696),#3868,.F.);
#8554 = FACE_BOUND('',#8555,.T.);
#8555 = EDGE_LOOP('',(#8556,#8582,#8605,#8627,#8628,#8650,#8651,#8675));
#8556 = ORIENTED_EDGE('',*,*,#8557,.F.);
#8557 = EDGE_CURVE('',#8558,#8560,#8562,.T.);
#8558 = VERTEX_POINT('',#8559);
#8559 = CARTESIAN_POINT('',(134.,-93.6,1.6));
#8560 = VERTEX_POINT('',#8561);
#8561 = CARTESIAN_POINT('',(136.2,-91.4,1.6));
#8562 = SURFACE_CURVE('',#8563,(#8568,#8575),.PCURVE_S1.);
#8563 = CIRCLE('',#8564,2.2);
#8564 = AXIS2_PLACEMENT_3D('',#8565,#8566,#8567);
#8565 = CARTESIAN_POINT('',(134.,-91.4,1.6));
#8566 = DIRECTION('',(0.,0.,1.));
#8567 = DIRECTION('',(-1.,-0.,-0.));
#8568 = PCURVE('',#3868,#8569);
#8569 = DEFINITIONAL_REPRESENTATION('',(#8570),#8574);
#8570 = CIRCLE('',#8571,2.2);
#8571 = AXIS2_PLACEMENT_2D('',#8572,#8573);
#8572 = CARTESIAN_POINT('',(-9.999999999999E-02,-0.5));
#8573 = DIRECTION('',(-1.,0.));
#8574 = ( GEOMETRIC_REPRESENTATION_CONTEXT(2) 
PARAMETRIC_REPRESENTATION_CONTEXT() REPRESENTATION_CONTEXT('2D SPACE',''
  ) );
#8575 = PCURVE('',#7604,#8576);
#8576 = DEFINITIONAL_REPRESENTATION('',(#8577),#8581);
#8577 = LINE('',#8578,#8579);
#8578 = CARTESIAN_POINT('',(6.28318530718,-2.6));
#8579 = VECTOR('',#8580,1.);
#8580 = DIRECTION('',(-1.,0.));
#8581 = ( GEOMETRIC_REPRESENTATION_CONTEXT(2) 
PARAMETRIC_REPRESENTATION_CONTEXT() REPRESENTATION_CONTEXT('2D SPACE',''
  ) );
#8582 = ORIENTED_EDGE('',*,*,#8583,.T.);
#8583 = EDGE_CURVE('',#8558,#8584,#8586,.T.);
#8584 = VERTEX_POINT('',#8585);
#8585 = CARTESIAN_POINT('',(132.79233031693,-93.6,1.6));
#8586 = SURFACE_CURVE('',#8587,(#8591,#8598),.PCURVE_S1.);
#8587 = LINE('',#8588,#8589);
#8588 = CARTESIAN_POINT('',(134.05,-93.6,1.6));
#8589 = VECTOR('',#8590,1.);
#8590 = DIRECTION('',(-1.,-0.,-0.));
#8591 = PCURVE('',#3868,#8592);
#8592 = DEFINITIONAL_REPRESENTATION('',(#8593),#8597);
#8593 = LINE('',#8594,#8595);
#8594 = CARTESIAN_POINT('',(-4.999999999998E-02,-2.7));
#8595 = VECTOR('',#8596,1.);
#8596 = DIRECTION('',(-1.,0.));
#8597 = ( GEOMETRIC_REPRESENTATION_CONTEXT(2) 
PARAMETRIC_REPRESENTATION_CONTEXT() REPRESENTATION_CONTEXT('2D SPACE',''
  ) );
#8598 = PCURVE('',#7199,#8599);
#8599 = DEFINITIONAL_REPRESENTATION('',(#8600),#8604);
#8600 = LINE('',#8601,#8602);
#8601 = CARTESIAN_POINT('',(5.000000000001E-02,-2.6));
#8602 = VECTOR('',#8603,1.);
#8603 = DIRECTION('',(-1.,0.));
#8604 = ( GEOMETRIC_REPRESENTATION_CONTEXT(2) 
PARAMETRIC_REPRESENTATION_CONTEXT() REPRESENTATION_CONTEXT('2D SPACE',''
  ) );
#8605 = ORIENTED_EDGE('',*,*,#8606,.F.);
#8606 = EDGE_CURVE('',#3851,#8584,#8607,.T.);
#8607 = SURFACE_CURVE('',#8608,(#8613,#8620),.PCURVE_S1.);
#8608 = CIRCLE('',#8609,3.);
#8609 = AXIS2_PLACEMENT_3D('',#8610,#8611,#8612);
#8610 = CARTESIAN_POINT('',(134.1,-90.9,1.6));
#8611 = DIRECTION('',(0.,0.,1.));
#8612 = DIRECTION('',(0.7,0.714142842854,-0.));
#8613 = PCURVE('',#3868,#8614);
#8614 = DEFINITIONAL_REPRESENTATION('',(#8615),#8619);
#8615 = CIRCLE('',#8616,3.);
#8616 = AXIS2_PLACEMENT_2D('',#8617,#8618);
#8617 = CARTESIAN_POINT('',(0.,1.42108547152E-14));
#8618 = DIRECTION('',(0.7,0.714142842854));
#8619 = ( GEOMETRIC_REPRESENTATION_CONTEXT(2) 
PARAMETRIC_REPRESENTATION_CONTEXT() REPRESENTATION_CONTEXT('2D SPACE',''
  ) );
#8620 = PCURVE('',#5280,#8621);
#8621 = DEFINITIONAL_REPRESENTATION('',(#8622),#8626);
#8622 = LINE('',#8623,#8624);
#8623 = CARTESIAN_POINT('',(8.629379130585,0.));
#8624 = VECTOR('',#8625,1.);
#8625 = DIRECTION('',(-1.,-0.));
#8626 = ( GEOMETRIC_REPRESENTATION_CONTEXT(2) 
PARAMETRIC_REPRESENTATION_CONTEXT() REPRESENTATION_CONTEXT('2D SPACE',''
  ) );
#8627 = ORIENTED_EDGE('',*,*,#3850,.T.);
#8628 = ORIENTED_EDGE('',*,*,#8629,.T.);
#8629 = EDGE_CURVE('',#3853,#5407,#8630,.T.);
#8630 = SURFACE_CURVE('',#8631,(#8636,#8643),.PCURVE_S1.);
#8631 = CIRCLE('',#8632,1.);
#8632 = AXIS2_PLACEMENT_3D('',#8633,#8634,#8635);
#8633 = CARTESIAN_POINT('',(131.8,-89.2,1.6));
#8634 = DIRECTION('',(0.,0.,1.));
#8635 = DIRECTION('',(-1.,-0.,-0.));
#8636 = PCURVE('',#3868,#8637);
#8637 = DEFINITIONAL_REPRESENTATION('',(#8638),#8642);
#8638 = CIRCLE('',#8639,1.);
#8639 = AXIS2_PLACEMENT_2D('',#8640,#8641);
#8640 = CARTESIAN_POINT('',(-2.3,1.7));
#8641 = DIRECTION('',(-1.,0.));
#8642 = ( GEOMETRIC_REPRESENTATION_CONTEXT(2) 
PARAMETRIC_REPRESENTATION_CONTEXT() REPRESENTATION_CONTEXT('2D SPACE',''
  ) );
#8643 = PCURVE('',#3896,#8644);
#8644 = DEFINITIONAL_REPRESENTATION('',(#8645),#8649);
#8645 = LINE('',#8646,#8647);
#8646 = CARTESIAN_POINT('',(6.28318530718,-2.6));
#8647 = VECTOR('',#8648,1.);
#8648 = DIRECTION('',(-1.,0.));
#8649 = ( GEOMETRIC_REPRESENTATION_CONTEXT(2) 
PARAMETRIC_REPRESENTATION_CONTEXT() REPRESENTATION_CONTEXT('2D SPACE',''
  ) );
#8650 = ORIENTED_EDGE('',*,*,#5404,.F.);
#8651 = ORIENTED_EDGE('',*,*,#8652,.F.);
#8652 = EDGE_CURVE('',#8653,#5405,#8655,.T.);
#8653 = VERTEX_POINT('',#8654);
#8654 = CARTESIAN_POINT('',(136.2,-88.75757147143,1.6));
#8655 = SURFACE_CURVE('',#8656,(#8661,#8668),.PCURVE_S1.);
#8656 = CIRCLE('',#8657,3.);
#8657 = AXIS2_PLACEMENT_3D('',#8658,#8659,#8660);
#8658 = CARTESIAN_POINT('',(134.1,-90.9,1.6));
#8659 = DIRECTION('',(0.,0.,1.));
#8660 = DIRECTION('',(0.7,0.714142842854,-0.));
#8661 = PCURVE('',#3868,#8662);
#8662 = DEFINITIONAL_REPRESENTATION('',(#8663),#8667);
#8663 = CIRCLE('',#8664,3.);
#8664 = AXIS2_PLACEMENT_2D('',#8665,#8666);
#8665 = CARTESIAN_POINT('',(0.,1.42108547152E-14));
#8666 = DIRECTION('',(0.7,0.714142842854));
#8667 = ( GEOMETRIC_REPRESENTATION_CONTEXT(2) 
PARAMETRIC_REPRESENTATION_CONTEXT() REPRESENTATION_CONTEXT('2D SPACE',''
  ) );
#8668 = PCURVE('',#5805,#8669);
#8669 = DEFINITIONAL_REPRESENTATION('',(#8670),#8674);
#8670 = LINE('',#8671,#8672);
#8671 = CARTESIAN_POINT('',(8.629379130585,0.));
#8672 = VECTOR('',#8673,1.);
#8673 = DIRECTION('',(-1.,-0.));
#8674 = ( GEOMETRIC_REPRESENTATION_CONTEXT(2) 
PARAMETRIC_REPRESENTATION_CONTEXT() REPRESENTATION_CONTEXT('2D SPACE',''
  ) );
#8675 = ORIENTED_EDGE('',*,*,#8676,.F.);
#8676 = EDGE_CURVE('',#8560,#8653,#8677,.T.);
#8677 = SURFACE_CURVE('',#8678,(#8682,#8689),.PCURVE_S1.);
#8678 = LINE('',#8679,#8680);
#8679 = CARTESIAN_POINT('',(136.2,-91.15,1.6));
#8680 = VECTOR('',#8681,1.);
#8681 = DIRECTION('',(-0.,1.,-0.));
#8682 = PCURVE('',#3868,#8683);
#8683 = DEFINITIONAL_REPRESENTATION('',(#8684),#8688);
#8684 = LINE('',#8685,#8686);
#8685 = CARTESIAN_POINT('',(2.1,-0.25));
#8686 = VECTOR('',#8687,1.);
#8687 = DIRECTION('',(-0.,1.));
#8688 = ( GEOMETRIC_REPRESENTATION_CONTEXT(2) 
PARAMETRIC_REPRESENTATION_CONTEXT() REPRESENTATION_CONTEXT('2D SPACE',''
  ) );
#8689 = PCURVE('',#7632,#8690);
#8690 = DEFINITIONAL_REPRESENTATION('',(#8691),#8695);
#8691 = LINE('',#8692,#8693);
#8692 = CARTESIAN_POINT('',(-0.25,-2.6));
#8693 = VECTOR('',#8694,1.);
#8694 = DIRECTION('',(-1.,0.));
#8695 = ( GEOMETRIC_REPRESENTATION_CONTEXT(2) 
PARAMETRIC_REPRESENTATION_CONTEXT() REPRESENTATION_CONTEXT('2D SPACE',''
  ) );
#8696 = FACE_BOUND('',#8697,.T.);
#8697 = EDGE_LOOP('',(#8698));
#8698 = ORIENTED_EDGE('',*,*,#8699,.F.);
#8699 = EDGE_CURVE('',#8700,#8700,#8702,.T.);
#8700 = VERTEX_POINT('',#8701);
#8701 = CARTESIAN_POINT('',(132.9,-90.9,1.6));
#8702 = SURFACE_CURVE('',#8703,(#8708,#8719),.PCURVE_S1.);
#8703 = CIRCLE('',#8704,1.2);
#8704 = AXIS2_PLACEMENT_3D('',#8705,#8706,#8707);
#8705 = CARTESIAN_POINT('',(134.1,-90.9,1.6));
#8706 = DIRECTION('',(-0.,0.,-1.));
#8707 = DIRECTION('',(-1.,-0.,0.));
#8708 = PCURVE('',#3868,#8709);
#8709 = DEFINITIONAL_REPRESENTATION('',(#8710),#8718);
#8710 = ( BOUNDED_CURVE() B_SPLINE_CURVE(2,(#8711,#8712,#8713,#8714,
#8715,#8716,#8717),.UNSPECIFIED.,.T.,.F.) B_SPLINE_CURVE_WITH_KNOTS((1,2
    ,2,2,2,1),(-2.094395102393,0.,2.094395102393,4.188790204786,
6.28318530718,8.377580409573),.UNSPECIFIED.) CURVE() 
GEOMETRIC_REPRESENTATION_ITEM() RATIONAL_B_SPLINE_CURVE((1.,0.5,1.,0.5,
1.,0.5,1.)) REPRESENTATION_ITEM('') );
#8711 = CARTESIAN_POINT('',(-1.2,1.42108547152E-14));
#8712 = CARTESIAN_POINT('',(-1.2,2.078460969083));
#8713 = CARTESIAN_POINT('',(0.6,1.039230484541));
#8714 = CARTESIAN_POINT('',(2.4,1.4504769947E-14));
#8715 = CARTESIAN_POINT('',(0.6,-1.039230484541));
#8716 = CARTESIAN_POINT('',(-1.2,-2.078460969083));
#8717 = CARTESIAN_POINT('',(-1.2,1.42108547152E-14));
#8718 = ( GEOMETRIC_REPRESENTATION_CONTEXT(2) 
PARAMETRIC_REPRESENTATION_CONTEXT() REPRESENTATION_CONTEXT('2D SPACE',''
  ) );
#8719 = PCURVE('',#8720,#8725);
#8720 = CONICAL_SURFACE('',#8721,1.2,0.785398163397);
#8721 = AXIS2_PLACEMENT_3D('',#8722,#8723,#8724);
#8722 = CARTESIAN_POINT('',(134.1,-90.9,1.6));
#8723 = DIRECTION('',(0.,0.,-1.));
#8724 = DIRECTION('',(-1.,-0.,-0.));
#8725 = DEFINITIONAL_REPRESENTATION('',(#8726),#8730);
#8726 = LINE('',#8727,#8728);
#8727 = CARTESIAN_POINT('',(0.,-0.));
#8728 = VECTOR('',#8729,1.);
#8729 = DIRECTION('',(1.,-0.));
#8730 = ( GEOMETRIC_REPRESENTATION_CONTEXT(2) 
PARAMETRIC_REPRESENTATION_CONTEXT() REPRESENTATION_CONTEXT('2D SPACE',''
  ) );
#8731 = ADVANCED_FACE('',(#8732),#5280,.T.);
#8732 = FACE_BOUND('',#8733,.T.);
#8733 = EDGE_LOOP('',(#8734,#8757,#9007,#9008));
#8734 = ORIENTED_EDGE('',*,*,#8735,.F.);
#8735 = EDGE_CURVE('',#8736,#8584,#8738,.T.);
#8736 = VERTEX_POINT('',#8737);
#8737 = CARTESIAN_POINT('',(132.79233031693,-93.6,3.007819501191));
#8738 = SURFACE_CURVE('',#8739,(#8743,#8750),.PCURVE_S1.);
#8739 = LINE('',#8740,#8741);
#8740 = CARTESIAN_POINT('',(132.79233031693,-93.6,1.6));
#8741 = VECTOR('',#8742,1.);
#8742 = DIRECTION('',(0.,-0.,-1.));
#8743 = PCURVE('',#5280,#8744);
#8744 = DEFINITIONAL_REPRESENTATION('',(#8745),#8749);
#8745 = LINE('',#8746,#8747);
#8746 = CARTESIAN_POINT('',(5.163415792181,0.));
#8747 = VECTOR('',#8748,1.);
#8748 = DIRECTION('',(0.,1.));
#8749 = ( GEOMETRIC_REPRESENTATION_CONTEXT(2) 
PARAMETRIC_REPRESENTATION_CONTEXT() REPRESENTATION_CONTEXT('2D SPACE',''
  ) );
#8750 = PCURVE('',#7199,#8751);
#8751 = DEFINITIONAL_REPRESENTATION('',(#8752),#8756);
#8752 = LINE('',#8753,#8754);
#8753 = CARTESIAN_POINT('',(-1.207669683062,-2.6));
#8754 = VECTOR('',#8755,1.);
#8755 = DIRECTION('',(-0.,1.));
#8756 = ( GEOMETRIC_REPRESENTATION_CONTEXT(2) 
PARAMETRIC_REPRESENTATION_CONTEXT() REPRESENTATION_CONTEXT('2D SPACE',''
  ) );
#8757 = ORIENTED_EDGE('',*,*,#8758,.T.);
#8758 = EDGE_CURVE('',#8736,#5207,#8759,.T.);
#8759 = SURFACE_CURVE('',#8760,(#8817,#8912),.PCURVE_S1.);
#8760 = B_SPLINE_CURVE_WITH_KNOTS('',7,(#8761,#8762,#8763,#8764,#8765,
    #8766,#8767,#8768,#8769,#8770,#8771,#8772,#8773,#8774,#8775,#8776,
    #8777,#8778,#8779,#8780,#8781,#8782,#8783,#8784,#8785,#8786,#8787,
    #8788,#8789,#8790,#8791,#8792,#8793,#8794,#8795,#8796,#8797,#8798,
    #8799,#8800,#8801,#8802,#8803,#8804,#8805,#8806,#8807,#8808,#8809,
    #8810,#8811,#8812,#8813,#8814,#8815,#8816),.UNSPECIFIED.,.F.,.F.,(8,
    6,6,6,6,6,6,6,6,8),(0.,0.25861430142,0.662112235138,1.,1.22496100392
    ,1.681006196979,2.067680684365,2.330105504449,2.658545073761,
    2.919910416116),.UNSPECIFIED.);
#8761 = CARTESIAN_POINT('',(132.79233155564,-93.60000059993,
    3.007819489592));
#8762 = CARTESIAN_POINT('',(132.66160272525,-93.53668581168,
    3.009043598864));
#8763 = CARTESIAN_POINT('',(132.53670949264,-93.46708041616,
    3.01049847982));
#8764 = CARTESIAN_POINT('',(132.41794422531,-93.39189401623,
    3.012208616689));
#8765 = CARTESIAN_POINT('',(132.30545015836,-93.31180480655,
    3.014196714738));
#8766 = CARTESIAN_POINT('',(132.19925998043,-93.2274292509,
    3.016481237552));
#8767 = CARTESIAN_POINT('',(132.09932660244,-93.13929981614,
    3.019076261275));
#8768 = CARTESIAN_POINT('',(131.85922691852,-92.90516915591,
    3.026545438339));
#8769 = CARTESIAN_POINT('',(131.72798347496,-92.75450239142,
    3.031878866001));
#8770 = CARTESIAN_POINT('',(131.61132644388,-92.59745287671,
    3.038039182292));
#8771 = CARTESIAN_POINT('',(131.50881630676,-92.43535172019,
    3.045048240982));
#8772 = CARTESIAN_POINT('',(131.42000509994,-92.26929361154,
    3.052906349924));
#8773 = CARTESIAN_POINT('',(131.34445170384,-92.10014111928,
    3.061599684583));
#8774 = CARTESIAN_POINT('',(131.22935530929,-91.78476539505,
    3.079079897404));
#8775 = CARTESIAN_POINT('',(131.18597629569,-91.63934698262,
    3.087618329552));
#8776 = CARTESIAN_POINT('',(131.1514722453,-91.49264512979,3.09671635474
    ));
#8777 = CARTESIAN_POINT('',(131.12570185999,-91.34503016514,
    3.106354781869));
#8778 = CARTESIAN_POINT('',(131.10856486863,-91.19684447656,
    3.116508490646));
#8779 = CARTESIAN_POINT('',(131.1,-91.04840435642,3.127147644227));
#8780 = CARTESIAN_POINT('',(131.1,-90.80119443058,3.145623564065));
#8781 = CARTESIAN_POINT('',(131.10379643136,-90.70241162436,
    3.153208025975));
#8782 = CARTESIAN_POINT('',(131.11138657311,-90.60374079755,
    3.160982338674));
#8783 = CARTESIAN_POINT('',(131.12277646486,-90.50527379311,
    3.168935098073));
#8784 = CARTESIAN_POINT('',(131.13798122623,-90.40710516085,
    3.177053639471));
#8785 = CARTESIAN_POINT('',(131.15702537631,-90.30933223754,
    3.185324078344));
#8786 = CARTESIAN_POINT('',(131.22640250265,-90.01485343523,
    3.210774733195));
#8787 = CARTESIAN_POINT('',(131.28875557269,-89.81979827881,
    3.228371059526));
#8788 = CARTESIAN_POINT('',(131.36729587761,-89.62757653258,
    3.24640607196));
#8789 = CARTESIAN_POINT('',(131.46250188794,-89.43916601209,
    3.264727967151));
#8790 = CARTESIAN_POINT('',(131.57495075174,-89.25583086381,
    3.283139433963));
#8791 = CARTESIAN_POINT('',(131.70524801119,-89.0791029854,
    3.301397202043));
#8792 = CARTESIAN_POINT('',(131.9805914825,-88.76823670905,
    3.334300654616));
#8793 = CARTESIAN_POINT('',(132.12026510607,-88.6318387183,
    3.349059599838));
#8794 = CARTESIAN_POINT('',(132.27376627426,-88.50280004733,
    3.363300973946));
#8795 = CARTESIAN_POINT('',(132.44141984988,-88.38278335392,
    3.376780116993));
#8796 = CARTESIAN_POINT('',(132.62317611857,-88.273852686,3.389194335596
    ));
#8797 = CARTESIAN_POINT('',(132.81848831859,-88.17840290078,
    3.400195006598));
#8798 = CARTESIAN_POINT('',(133.1667293839,-88.04487438688,3.41570683484
    ));
#8799 = CARTESIAN_POINT('',(133.31309756508,-87.99822064662,
    3.421166878168));
#8800 = CARTESIAN_POINT('',(133.46434506849,-87.95975120015,
    3.425696338452));
#8801 = CARTESIAN_POINT('',(133.61957806459,-87.93021872208,
    3.429188153411));
#8802 = CARTESIAN_POINT('',(133.77769275483,-87.91023209225,
    3.431556325991));
#8803 = CARTESIAN_POINT('',(133.93735389494,-87.90016294401,
    3.432749383836));
#8804 = CARTESIAN_POINT('',(134.29673009434,-87.89979952014,
    3.432792445294));
#8805 = CARTESIAN_POINT('',(134.49666076076,-87.91511636609,
    3.430977588505));
#8806 = CARTESIAN_POINT('',(134.69352720611,-87.94599642506,
    3.42731846418));
#8807 = CARTESIAN_POINT('',(134.88485757891,-87.9914885066,
    3.421945277409));
#8808 = CARTESIAN_POINT('',(135.06877295799,-88.05021775349,
    3.415055078857));
#8809 = CARTESIAN_POINT('',(135.24391802342,-88.12056166613,
    3.406878398476));
#8810 = CARTESIAN_POINT('',(135.54107482874,-88.26471556136,
    3.390308278925));
#8811 = CARTESIAN_POINT('',(135.66675690519,-88.33494415647,
    3.382293197715));
#8812 = CARTESIAN_POINT('',(135.78616321204,-88.41078803057,
    3.373711629254));
#8813 = CARTESIAN_POINT('',(135.89916815119,-88.49155243075,
    3.36466475319));
#8814 = CARTESIAN_POINT('',(136.00575703865,-88.57661090155,
    3.355244356702));
#8815 = CARTESIAN_POINT('',(136.10599436641,-88.66542751989,
    3.345529924084));
#8816 = CARTESIAN_POINT('',(136.19999999912,-88.75757147057,
    3.335587654168));
#8817 = PCURVE('',#5280,#8818);
#8818 = DEFINITIONAL_REPRESENTATION('',(#8819),#8911);
#8819 = B_SPLINE_CURVE_WITH_KNOTS('',3,(#8820,#8821,#8822,#8823,#8824,
    #8825,#8826,#8827,#8828,#8829,#8830,#8831,#8832,#8833,#8834,#8835,
    #8836,#8837,#8838,#8839,#8840,#8841,#8842,#8843,#8844,#8845,#8846,
    #8847,#8848,#8849,#8850,#8851,#8852,#8853,#8854,#8855,#8856,#8857,
    #8858,#8859,#8860,#8861,#8862,#8863,#8864,#8865,#8866,#8867,#8868,
    #8869,#8870,#8871,#8872,#8873,#8874,#8875,#8876,#8877,#8878,#8879,
    #8880,#8881,#8882,#8883,#8884,#8885,#8886,#8887,#8888,#8889,#8890,
    #8891,#8892,#8893,#8894,#8895,#8896,#8897,#8898,#8899,#8900,#8901,
    #8902,#8903,#8904,#8905,#8906,#8907,#8908,#8909,#8910),
  .UNSPECIFIED.,.F.,.F.,(4,1,1,1,1,1,1,1,1,1,1,1,1,1,1,1,1,1,1,1,1,1,1,1
    ,1,1,1,1,1,1,1,1,1,1,1,1,1,1,1,1,1,1,1,1,1,1,1,1,1,1,1,1,1,1,1,1,1,1
    ,1,1,1,1,1,1,1,1,1,1,1,1,1,1,1,1,1,1,1,1,1,1,1,1,1,1,1,1,1,1,4),(0.,
    3.318080018314E-02,6.636160036628E-02,9.954240054941E-02,
    0.132723200733,0.165904000916,0.199084801099,0.232265601282,
    0.265446401465,0.298627201648,0.331808001831,0.364988802015,
    0.398169602198,0.431350402381,0.464531202564,0.497712002747,
    0.53089280293,0.564073603113,0.597254403296,0.63043520348,
    0.663616003663,0.696796803846,0.729977604029,0.763158404212,
    0.796339204395,0.829520004578,0.862700804762,0.895881604945,
    0.929062405128,0.962243205311,0.995424005494,1.028604805677,
    1.06178560586,1.094966406044,1.128147206227,1.16132800641,
    1.194508806593,1.227689606776,1.260870406959,1.294051207142,
    1.327232007326,1.360412807509,1.393593607692,1.426774407875,
    1.459955208058,1.493136008241,1.526316808424,1.559497608607,
    1.592678408791,1.625859208974,1.659040009157,1.69222080934,
    1.725401609523,1.758582409706,1.791763209889,1.824944010073,
    1.858124810256,1.891305610439,1.924486410622,1.957667210805,
    1.990848010988,2.024028811171,2.057209611355,2.090390411538,
    2.123571211721,2.156752011904,2.189932812087,2.22311361227,
    2.256294412453,2.289475212637,2.32265601282,2.355836813003,
    2.389017613186,2.422198413369,2.455379213552,2.488560013735,
    2.521740813918,2.554921614102,2.588102414285,2.621283214468,
    2.654464014651,2.687644814834,2.720825615017,2.7540064152,
    2.787187215384,2.820368015567,2.85354881575,2.886729615933,
    2.919910416116),.QUASI_UNIFORM_KNOTS.);
#8820 = CARTESIAN_POINT('',(5.1634153334,-1.407819489592));
#8821 = CARTESIAN_POINT('',(5.177910685989,-1.408185901865));
#8822 = CARTESIAN_POINT('',(5.206707269548,-1.408972101967));
#8823 = CARTESIAN_POINT('',(5.249324112021,-1.410321481344));
#8824 = CARTESIAN_POINT('',(5.291365737191,-1.411851167996));
#8825 = CARTESIAN_POINT('',(5.332840268131,-1.413570425733));
#8826 = CARTESIAN_POINT('',(5.373758894133,-1.415487758202));
#8827 = CARTESIAN_POINT('',(5.414136591202,-1.417610819035));
#8828 = CARTESIAN_POINT('',(5.453990783069,-1.419946366476));
#8829 = CARTESIAN_POINT('',(5.493345924995,-1.422500646549));
#8830 = CARTESIAN_POINT('',(5.532215392495,-1.425278218394));
#8831 = CARTESIAN_POINT('',(5.570625363685,-1.428283542703));
#8832 = CARTESIAN_POINT('',(5.608603228233,-1.431520453894));
#8833 = CARTESIAN_POINT('',(5.646173998754,-1.434991881742));
#8834 = CARTESIAN_POINT('',(5.683361775353,-1.43869997561));
#8835 = CARTESIAN_POINT('',(5.720189799095,-1.442646131976));
#8836 = CARTESIAN_POINT('',(5.756680829478,-1.446831058163));
#8837 = CARTESIAN_POINT('',(5.792857411308,-1.451254839937));
#8838 = CARTESIAN_POINT('',(5.828742080189,-1.455917009442));
#8839 = CARTESIAN_POINT('',(5.864357793171,-1.460816659873));
#8840 = CARTESIAN_POINT('',(5.899727439507,-1.465952424895));
#8841 = CARTESIAN_POINT('',(5.934876776087,-1.471323004285));
#8842 = CARTESIAN_POINT('',(5.969824550686,-1.476925683445));
#8843 = CARTESIAN_POINT('',(6.004588096491,-1.482757011193));
#8844 = CARTESIAN_POINT('',(6.03918960304,-1.488813941079));
#8845 = CARTESIAN_POINT('',(6.07364889225,-1.495092684299));
#8846 = CARTESIAN_POINT('',(6.107985618964,-1.501589049934));
#8847 = CARTESIAN_POINT('',(6.142218925554,-1.508298387913));
#8848 = CARTESIAN_POINT('',(6.176367755343,-1.515215637906));
#8849 = CARTESIAN_POINT('',(6.210451001624,-1.522335355937));
#8850 = CARTESIAN_POINT('',(6.244487606977,-1.52965172839));
#8851 = CARTESIAN_POINT('',(6.278497004481,-1.537158662856));
#8852 = CARTESIAN_POINT('',(6.312498247137,-1.544849588425));
#8853 = CARTESIAN_POINT('',(6.34650872341,-1.552717118329));
#8854 = CARTESIAN_POINT('',(6.380547772733,-1.560753846496));
#8855 = CARTESIAN_POINT('',(6.414634054722,-1.568951728734));
#8856 = CARTESIAN_POINT('',(6.448786612998,-1.577302295088));
#8857 = CARTESIAN_POINT('',(6.483024156415,-1.585796435722));
#8858 = CARTESIAN_POINT('',(6.517367925611,-1.594425088089));
#8859 = CARTESIAN_POINT('',(6.551831855694,-1.603176703547));
#8860 = CARTESIAN_POINT('',(6.586436279508,-1.612040616246));
#8861 = CARTESIAN_POINT('',(6.621205199412,-1.621006382332));
#8862 = CARTESIAN_POINT('',(6.656160781718,-1.63006229252));
#8863 = CARTESIAN_POINT('',(6.69132509572,-1.639195732426));
#8864 = CARTESIAN_POINT('',(6.726719912412,-1.648393051811));
#8865 = CARTESIAN_POINT('',(6.762367026859,-1.657639568119));
#8866 = CARTESIAN_POINT('',(6.798288452941,-1.666919536416));
#8867 = CARTESIAN_POINT('',(6.834506660237,-1.676216126756));
#8868 = CARTESIAN_POINT('',(6.871044862543,-1.685511407546));
#8869 = CARTESIAN_POINT('',(6.907927195658,-1.694786294415));
#8870 = CARTESIAN_POINT('',(6.945179477289,-1.704020622818));
#8871 = CARTESIAN_POINT('',(6.982827999214,-1.713192746734));
#8872 = CARTESIAN_POINT('',(7.020905922678,-1.722280890586));
#8873 = CARTESIAN_POINT('',(7.059425494125,-1.731256491411));
#8874 = CARTESIAN_POINT('',(7.09841564634,-1.740093185227));
#8875 = CARTESIAN_POINT('',(7.137902499153,-1.748761912566));
#8876 = CARTESIAN_POINT('',(7.177908552681,-1.757230826265));
#8877 = CARTESIAN_POINT('',(7.218453171431,-1.76546548355));
#8878 = CARTESIAN_POINT('',(7.259552641155,-1.773428995233));
#8879 = CARTESIAN_POINT('',(7.301220239633,-1.781082225277));
#8880 = CARTESIAN_POINT('',(7.343466234849,-1.788384027332));
#8881 = CARTESIAN_POINT('',(7.386297638548,-1.795291511029));
#8882 = CARTESIAN_POINT('',(7.429718377909,-1.801760412768));
#8883 = CARTESIAN_POINT('',(7.473727263338,-1.807745311705));
#8884 = CARTESIAN_POINT('',(7.518323409337,-1.813200685846));
#8885 = CARTESIAN_POINT('',(7.563466259001,-1.818077256386));
#8886 = CARTESIAN_POINT('',(7.609101542072,-1.822327749353));
#8887 = CARTESIAN_POINT('',(7.655172190842,-1.825909162326));
#8888 = CARTESIAN_POINT('',(7.70161404376,-1.828783318379));
#8889 = CARTESIAN_POINT('',(7.748355005595,-1.830917983675));
#8890 = CARTESIAN_POINT('',(7.795313732809,-1.832287975203));
#8891 = CARTESIAN_POINT('',(7.842394721121,-1.83287632135));
#8892 = CARTESIAN_POINT('',(7.889495813429,-1.832675798059));
#8893 = CARTESIAN_POINT('',(7.936529775286,-1.831688742706));
#8894 = CARTESIAN_POINT('',(7.98338516615,-1.829927697823));
#8895 = CARTESIAN_POINT('',(8.029976395785,-1.82741419745));
#8896 = CARTESIAN_POINT('',(8.076227955933,-1.824177233756));
#8897 = CARTESIAN_POINT('',(8.122075563481,-1.820251994659));
#8898 = CARTESIAN_POINT('',(8.167463484512,-1.815678682401));
#8899 = CARTESIAN_POINT('',(8.212343019107,-1.81050150715));
#8900 = CARTESIAN_POINT('',(8.256672462038,-1.804767571288));
#8901 = CARTESIAN_POINT('',(8.300411900058,-1.798526589506));
#8902 = CARTESIAN_POINT('',(8.343538799592,-1.791827850525));
#8903 = CARTESIAN_POINT('',(8.38607913929,-1.784712917059));
#8904 = CARTESIAN_POINT('',(8.428032451525,-1.777226382128));
#8905 = CARTESIAN_POINT('',(8.469409698421,-1.769410042845));
#8906 = CARTESIAN_POINT('',(8.510223154085,-1.761304032583));
#8907 = CARTESIAN_POINT('',(8.550489075135,-1.752946083937));
#8908 = CARTESIAN_POINT('',(8.590226547716,-1.744371756578));
#8909 = CARTESIAN_POINT('',(8.616381828205,-1.738532531363));
#8910 = CARTESIAN_POINT('',(8.629379130176,-1.735587654168));
#8911 = ( GEOMETRIC_REPRESENTATION_CONTEXT(2) 
PARAMETRIC_REPRESENTATION_CONTEXT() REPRESENTATION_CONTEXT('2D SPACE',''
  ) );
#8912 = PCURVE('',#5226,#8913);
#8913 = DEFINITIONAL_REPRESENTATION('',(#8914),#9006);
#8914 = B_SPLINE_CURVE_WITH_KNOTS('',3,(#8915,#8916,#8917,#8918,#8919,
    #8920,#8921,#8922,#8923,#8924,#8925,#8926,#8927,#8928,#8929,#8930,
    #8931,#8932,#8933,#8934,#8935,#8936,#8937,#8938,#8939,#8940,#8941,
    #8942,#8943,#8944,#8945,#8946,#8947,#8948,#8949,#8950,#8951,#8952,
    #8953,#8954,#8955,#8956,#8957,#8958,#8959,#8960,#8961,#8962,#8963,
    #8964,#8965,#8966,#8967,#8968,#8969,#8970,#8971,#8972,#8973,#8974,
    #8975,#8976,#8977,#8978,#8979,#8980,#8981,#8982,#8983,#8984,#8985,
    #8986,#8987,#8988,#8989,#8990,#8991,#8992,#8993,#8994,#8995,#8996,
    #8997,#8998,#8999,#9000,#9001,#9002,#9003,#9004,#9005),
  .UNSPECIFIED.,.F.,.F.,(4,1,1,1,1,1,1,1,1,1,1,1,1,1,1,1,1,1,1,1,1,1,1,1
    ,1,1,1,1,1,1,1,1,1,1,1,1,1,1,1,1,1,1,1,1,1,1,1,1,1,1,1,1,1,1,1,1,1,1
    ,1,1,1,1,1,1,1,1,1,1,1,1,1,1,1,1,1,1,1,1,1,1,1,1,1,1,1,1,1,1,4),(0.,
    3.318080018314E-02,6.636160036628E-02,9.954240054941E-02,
    0.132723200733,0.165904000916,0.199084801099,0.232265601282,
    0.265446401465,0.298627201648,0.331808001831,0.364988802015,
    0.398169602198,0.431350402381,0.464531202564,0.497712002747,
    0.53089280293,0.564073603113,0.597254403296,0.63043520348,
    0.663616003663,0.696796803846,0.729977604029,0.763158404212,
    0.796339204395,0.829520004578,0.862700804762,0.895881604945,
    0.929062405128,0.962243205311,0.995424005494,1.028604805677,
    1.06178560586,1.094966406044,1.128147206227,1.16132800641,
    1.194508806593,1.227689606776,1.260870406959,1.294051207142,
    1.327232007326,1.360412807509,1.393593607692,1.426774407875,
    1.459955208058,1.493136008241,1.526316808424,1.559497608607,
    1.592678408791,1.625859208974,1.659040009157,1.69222080934,
    1.725401609523,1.758582409706,1.791763209889,1.824944010073,
    1.858124810256,1.891305610439,1.924486410622,1.957667210805,
    1.990848010988,2.024028811171,2.057209611355,2.090390411538,
    2.123571211721,2.156752011904,2.189932812087,2.22311361227,
    2.256294412453,2.289475212637,2.32265601282,2.355836813003,
    2.389017613186,2.422198413369,2.455379213552,2.488560013735,
    2.521740813918,2.554921614102,2.588102414285,2.621283214468,
    2.654464014651,2.687644814834,2.720825615017,2.7540064152,
    2.787187215384,2.820368015567,2.85354881575,2.886729615933,
    2.919910416116),.QUASI_UNIFORM_KNOTS.);
#8915 = CARTESIAN_POINT('',(23.342674825805,0.173264249321));
#8916 = CARTESIAN_POINT('',(23.323717218728,0.173741554779));
#8917 = CARTESIAN_POINT('',(23.284354549348,0.174679647801));
#8918 = CARTESIAN_POINT('',(23.22126736378,0.176036257062));
#8919 = CARTESIAN_POINT('',(23.154440740416,0.177341224434));
#8920 = CARTESIAN_POINT('',(23.084162464636,0.178593910885));
#8921 = CARTESIAN_POINT('',(23.01070719409,0.17979393906));
#8922 = CARTESIAN_POINT('',(22.93433245253,0.180941214071));
#8923 = CARTESIAN_POINT('',(22.855279702409,0.182035848906));
#8924 = CARTESIAN_POINT('',(22.773763018661,0.183078252493));
#8925 = CARTESIAN_POINT('',(22.690006779335,0.184068633476));
#8926 = CARTESIAN_POINT('',(22.604195958575,0.185007611756));
#8927 = CARTESIAN_POINT('',(22.516498421437,0.185895869418));
#8928 = CARTESIAN_POINT('',(22.427074133051,0.186734055653));
#8929 = CARTESIAN_POINT('',(22.336072960622,0.187522816344));
#8930 = CARTESIAN_POINT('',(22.243635468396,0.188262788492));
#8931 = CARTESIAN_POINT('',(22.149892860488,0.18895460224));
#8932 = CARTESIAN_POINT('',(22.054967051582,0.189598879285));
#8933 = CARTESIAN_POINT('',(21.958970732353,0.190196229736));
#8934 = CARTESIAN_POINT('',(21.862006850501,0.19074725043));
#8935 = CARTESIAN_POINT('',(21.764170578128,0.191252510568));
#8936 = CARTESIAN_POINT('',(21.665541538749,0.191712578234));
#8937 = CARTESIAN_POINT('',(21.566212281525,0.192127887005));
#8938 = CARTESIAN_POINT('',(21.466274172408,0.192498837575));
#8939 = CARTESIAN_POINT('',(21.365799573485,0.192825850845));
#8940 = CARTESIAN_POINT('',(21.264863007618,0.193109280053));
#8941 = CARTESIAN_POINT('',(21.163535573066,0.193349438328));
#8942 = CARTESIAN_POINT('',(21.061886509976,0.193546594118));
#8943 = CARTESIAN_POINT('',(20.959982858861,0.193700974038));
#8944 = CARTESIAN_POINT('',(20.857889548604,0.19381276255));
#8945 = CARTESIAN_POINT('',(20.755669623649,0.193882101257));
#8946 = CARTESIAN_POINT('',(20.65338343413,0.193909087251));
#8947 = CARTESIAN_POINT('',(20.551091784195,0.193893770024));
#8948 = CARTESIAN_POINT('',(20.448860325079,0.193836156989));
#8949 = CARTESIAN_POINT('',(20.346749186384,0.193736211877));
#8950 = CARTESIAN_POINT('',(20.244821393458,0.19359385514));
#8951 = CARTESIAN_POINT('',(20.143140217814,0.193408961459));
#8952 = CARTESIAN_POINT('',(20.041771811592,0.193181365266));
#8953 = CARTESIAN_POINT('',(19.940777686981,0.192910837043));
#8954 = CARTESIAN_POINT('',(19.840243730675,0.192597169883));
#8955 = CARTESIAN_POINT('',(19.740240329003,0.192240075903));
#8956 = CARTESIAN_POINT('',(19.640831581462,0.19183917946));
#8957 = CARTESIAN_POINT('',(19.542091969161,0.191394073302));
#8958 = CARTESIAN_POINT('',(19.444101857228,0.190904309248));
#8959 = CARTESIAN_POINT('',(19.346948679655,0.19036940555));
#8960 = CARTESIAN_POINT('',(19.250726623161,0.189788848709));
#8961 = CARTESIAN_POINT('',(19.155536736372,0.189162095377));
#8962 = CARTESIAN_POINT('',(19.061486983681,0.188488572926));
#8963 = CARTESIAN_POINT('',(18.968692281139,0.187767677654));
#8964 = CARTESIAN_POINT('',(18.877274886724,0.186998774995));
#8965 = CARTESIAN_POINT('',(18.787363659363,0.186181184246));
#8966 = CARTESIAN_POINT('',(18.699097797958,0.185314212234));
#8967 = CARTESIAN_POINT('',(18.612614142081,0.18439699463));
#8968 = CARTESIAN_POINT('',(18.528109827169,0.1834291946));
#8969 = CARTESIAN_POINT('',(18.4457563768,0.182410124023));
#8970 = CARTESIAN_POINT('',(18.365746770729,0.181339197901));
#8971 = CARTESIAN_POINT('',(18.288295690797,0.180215997));
#8972 = CARTESIAN_POINT('',(18.213637579408,0.179040284869));
#8973 = CARTESIAN_POINT('',(18.142025255857,0.177812037172));
#8974 = CARTESIAN_POINT('',(18.073728291435,0.176531469146));
#8975 = CARTESIAN_POINT('',(18.009031298963,0.175199064256));
#8976 = CARTESIAN_POINT('',(17.948232071962,0.173815610178));
#8977 = CARTESIAN_POINT('',(17.891639024827,0.17238221874));
#8978 = CARTESIAN_POINT('',(17.839570170259,0.170900421442));
#8979 = CARTESIAN_POINT('',(17.792344955562,0.169372001663));
#8980 = CARTESIAN_POINT('',(17.750317217863,0.167800408826));
#8981 = CARTESIAN_POINT('',(17.713826348129,0.166189940776));
#8982 = CARTESIAN_POINT('',(17.683179858749,0.164545349437));
#8983 = CARTESIAN_POINT('',(17.658650817689,0.162871964831));
#8984 = CARTESIAN_POINT('',(17.640470125574,0.161175693362));
#8985 = CARTESIAN_POINT('',(17.62881868959,0.159463020391));
#8986 = CARTESIAN_POINT('',(17.623818881329,0.157741132083));
#8987 = CARTESIAN_POINT('',(17.625522676923,0.156017566598));
#8988 = CARTESIAN_POINT('',(17.633913418412,0.154299338168));
#8989 = CARTESIAN_POINT('',(17.648900353563,0.152594279139));
#8990 = CARTESIAN_POINT('',(17.670328160271,0.150909124895));
#8991 = CARTESIAN_POINT('',(17.697988773926,0.149250027598));
#8992 = CARTESIAN_POINT('',(17.731630634832,0.147622466644));
#8993 = CARTESIAN_POINT('',(17.770967038091,0.146031312273));
#8994 = CARTESIAN_POINT('',(17.815682859073,0.144480856152));
#8995 = CARTESIAN_POINT('',(17.865442197031,0.142974800955));
#8996 = CARTESIAN_POINT('',(17.919888810954,0.141516430841));
#8997 = CARTESIAN_POINT('',(17.978670626419,0.140108086973));
#8998 = CARTESIAN_POINT('',(18.041503136392,0.138750257809));
#8999 = CARTESIAN_POINT('',(18.108074386205,0.13744407926));
#9000 = CARTESIAN_POINT('',(18.17809504434,0.136190098471));
#9001 = CARTESIAN_POINT('',(18.251288055933,0.134988639956));
#9002 = CARTESIAN_POINT('',(18.327394616085,0.133839744649));
#9003 = CARTESIAN_POINT('',(18.406172331684,0.13274324743));
#9004 = CARTESIAN_POINT('',(18.460328952802,0.132046892856));
#9005 = CARTESIAN_POINT('',(18.487779787873,0.131707317084));
#9006 = ( GEOMETRIC_REPRESENTATION_CONTEXT(2) 
PARAMETRIC_REPRESENTATION_CONTEXT() REPRESENTATION_CONTEXT('2D SPACE',''
  ) );
#9007 = ORIENTED_EDGE('',*,*,#5266,.T.);
#9008 = ORIENTED_EDGE('',*,*,#8606,.T.);
#9009 = ADVANCED_FACE('',(#9010),#5226,.T.);
#9010 = FACE_BOUND('',#9011,.T.);
#9011 = EDGE_LOOP('',(#9012,#9047,#9048,#9049));
#9012 = ORIENTED_EDGE('',*,*,#9013,.F.);
#9013 = EDGE_CURVE('',#5127,#9014,#9016,.T.);
#9014 = VERTEX_POINT('',#9015);
#9015 = CARTESIAN_POINT('',(65.,-93.6,3.007819501191));
#9016 = SURFACE_CURVE('',#9017,(#9033,#9040),.PCURVE_S1.);
#9017 = B_SPLINE_CURVE_WITH_KNOTS('',3,(#9018,#9019,#9020,#9021,#9022,
    #9023,#9024,#9025,#9026,#9027,#9028,#9029,#9030,#9031,#9032),
  .UNSPECIFIED.,.F.,.F.,(4,1,1,1,1,1,1,1,1,1,1,1,4),(0.,2.000557406892,
    4.004814065379,6.014514691078,8.029736472213,10.049318463555,
    12.071283114429,14.093247765303,16.112829756645,18.12805153778,
    20.137752163479,22.142008821966,24.142566228858),.UNSPECIFIED.);
#9018 = CARTESIAN_POINT('',(65.,-70.4,5.4));
#9019 = CARTESIAN_POINT('',(65.,-71.06709240435,5.400005814187));
#9020 = CARTESIAN_POINT('',(65.,-72.40182802419,5.366586997704));
#9021 = CARTESIAN_POINT('',(65.,-74.40278057006,5.2331027456));
#9022 = CARTESIAN_POINT('',(65.,-76.40277138353,5.033014937547));
#9023 = CARTESIAN_POINT('',(65.,-78.40218423979,4.783036136602));
#9024 = CARTESIAN_POINT('',(65.,-80.40118904718,4.499822755256));
#9025 = CARTESIAN_POINT('',(65.,-82.4,4.2));
#9026 = CARTESIAN_POINT('',(65.,-84.39881095281,3.900177244744));
#9027 = CARTESIAN_POINT('',(65.,-86.3978157602,3.616963863398));
#9028 = CARTESIAN_POINT('',(65.,-88.39722861647,3.366985062453));
#9029 = CARTESIAN_POINT('',(65.,-90.39721942993,3.1668972544));
#9030 = CARTESIAN_POINT('',(65.,-92.3981719758,3.033413002296));
#9031 = CARTESIAN_POINT('',(65.,-93.73290759565,2.999994185813));
#9032 = CARTESIAN_POINT('',(65.,-94.4,3.));
#9033 = PCURVE('',#5226,#9034);
#9034 = DEFINITIONAL_REPRESENTATION('',(#9035),#9039);
#9035 = LINE('',#9036,#9037);
#9036 = CARTESIAN_POINT('',(0.,1.));
#9037 = VECTOR('',#9038,1.);
#9038 = DIRECTION('',(1.,0.));
#9039 = ( GEOMETRIC_REPRESENTATION_CONTEXT(2) 
PARAMETRIC_REPRESENTATION_CONTEXT() REPRESENTATION_CONTEXT('2D SPACE',''
  ) );
#9040 = PCURVE('',#5146,#9041);
#9041 = DEFINITIONAL_REPRESENTATION('',(#9042),#9046);
#9042 = LINE('',#9043,#9044);
#9043 = CARTESIAN_POINT('',(0.,0.));
#9044 = VECTOR('',#9045,1.);
#9045 = DIRECTION('',(1.,0.));
#9046 = ( GEOMETRIC_REPRESENTATION_CONTEXT(2) 
PARAMETRIC_REPRESENTATION_CONTEXT() REPRESENTATION_CONTEXT('2D SPACE',''
  ) );
#9047 = ORIENTED_EDGE('',*,*,#5206,.F.);
#9048 = ORIENTED_EDGE('',*,*,#8758,.F.);
#9049 = ORIENTED_EDGE('',*,*,#9050,.T.);
#9050 = EDGE_CURVE('',#8736,#9014,#9051,.T.);
#9051 = SURFACE_CURVE('',#9052,(#9058,#9067),.PCURVE_S1.);
#9052 = B_SPLINE_CURVE_WITH_KNOTS('',4,(#9053,#9054,#9055,#9056,#9057),
  .UNSPECIFIED.,.F.,.F.,(5,5),(0.,1.),.PIECEWISE_BEZIER_KNOTS.);
#9053 = CARTESIAN_POINT('',(134.,-93.6,3.007819501191));
#9054 = CARTESIAN_POINT('',(116.75,-93.6,3.007819501191));
#9055 = CARTESIAN_POINT('',(99.5,-93.6,3.007819501191));
#9056 = CARTESIAN_POINT('',(82.25,-93.6,3.007819501191));
#9057 = CARTESIAN_POINT('',(65.,-93.6,3.007819501191));
#9058 = PCURVE('',#5226,#9059);
#9059 = DEFINITIONAL_REPRESENTATION('',(#9060),#9066);
#9060 = B_SPLINE_CURVE_WITH_KNOTS('',4,(#9061,#9062,#9063,#9064,#9065),
  .UNSPECIFIED.,.F.,.F.,(5,5),(0.,1.),.PIECEWISE_BEZIER_KNOTS.);
#9061 = CARTESIAN_POINT('',(23.342674225805,0.158536585366));
#9062 = CARTESIAN_POINT('',(23.342674225805,0.368902439024));
#9063 = CARTESIAN_POINT('',(23.342674225805,0.579268292683));
#9064 = CARTESIAN_POINT('',(23.342674225805,0.789634146341));
#9065 = CARTESIAN_POINT('',(23.342674225805,1.));
#9066 = ( GEOMETRIC_REPRESENTATION_CONTEXT(2) 
PARAMETRIC_REPRESENTATION_CONTEXT() REPRESENTATION_CONTEXT('2D SPACE',''
  ) );
#9067 = PCURVE('',#7199,#9068);
#9068 = DEFINITIONAL_REPRESENTATION('',(#9069),#9075);
#9069 = B_SPLINE_CURVE_WITH_KNOTS('',4,(#9070,#9071,#9072,#9073,#9074),
  .UNSPECIFIED.,.F.,.F.,(5,5),(0.,1.),.PIECEWISE_BEZIER_KNOTS.);
#9070 = CARTESIAN_POINT('',(0.,-4.007819501191));
#9071 = CARTESIAN_POINT('',(-17.25,-4.007819501191));
#9072 = CARTESIAN_POINT('',(-34.5,-4.007819501191));
#9073 = CARTESIAN_POINT('',(-51.75,-4.007819501191));
#9074 = CARTESIAN_POINT('',(-69.,-4.007819501191));
#9075 = ( GEOMETRIC_REPRESENTATION_CONTEXT(2) 
PARAMETRIC_REPRESENTATION_CONTEXT() REPRESENTATION_CONTEXT('2D SPACE',''
  ) );
#9076 = ADVANCED_FACE('',(#9077),#5146,.T.);
#9077 = FACE_BOUND('',#9078,.T.);
#9078 = EDGE_LOOP('',(#9079,#9080,#9081,#9110));
#9079 = ORIENTED_EDGE('',*,*,#5126,.F.);
#9080 = ORIENTED_EDGE('',*,*,#9013,.T.);
#9081 = ORIENTED_EDGE('',*,*,#9082,.T.);
#9082 = EDGE_CURVE('',#9014,#9083,#9085,.T.);
#9083 = VERTEX_POINT('',#9084);
#9084 = CARTESIAN_POINT('',(61.375,-93.6,3.110608701086));
#9085 = SURFACE_CURVE('',#9086,(#9092,#9101),.PCURVE_S1.);
#9086 = B_SPLINE_CURVE_WITH_KNOTS('',4,(#9087,#9088,#9089,#9090,#9091),
  .UNSPECIFIED.,.F.,.F.,(5,5),(0.,1.),.PIECEWISE_BEZIER_KNOTS.);
#9087 = CARTESIAN_POINT('',(65.,-93.6,3.007819501191));
#9088 = CARTESIAN_POINT('',(64.093750002221,-93.6,3.033516885645));
#9089 = CARTESIAN_POINT('',(63.187500002962,-93.6,3.05921421382));
#9090 = CARTESIAN_POINT('',(62.281250002223,-93.6,3.084911485654));
#9091 = CARTESIAN_POINT('',(61.375,-93.6,3.110608701086));
#9092 = PCURVE('',#5146,#9093);
#9093 = DEFINITIONAL_REPRESENTATION('',(#9094),#9100);
#9094 = B_SPLINE_CURVE_WITH_KNOTS('',4,(#9095,#9096,#9097,#9098,#9099),
  .UNSPECIFIED.,.F.,.F.,(5,5),(0.,1.),.PIECEWISE_BEZIER_KNOTS.);
#9095 = CARTESIAN_POINT('',(23.342674225805,0.));
#9096 = CARTESIAN_POINT('',(23.342573000113,0.249999999387));
#9097 = CARTESIAN_POINT('',(23.342471741673,0.499999999183));
#9098 = CARTESIAN_POINT('',(23.342370450462,0.749999999387));
#9099 = CARTESIAN_POINT('',(23.342269126456,1.));
#9100 = ( GEOMETRIC_REPRESENTATION_CONTEXT(2) 
PARAMETRIC_REPRESENTATION_CONTEXT() REPRESENTATION_CONTEXT('2D SPACE',''
  ) );
#9101 = PCURVE('',#7199,#9102);
#9102 = DEFINITIONAL_REPRESENTATION('',(#9103),#9109);
#9103 = B_SPLINE_CURVE_WITH_KNOTS('',4,(#9104,#9105,#9106,#9107,#9108),
  .UNSPECIFIED.,.F.,.F.,(5,5),(0.,1.),.PIECEWISE_BEZIER_KNOTS.);
#9104 = CARTESIAN_POINT('',(-69.,-4.007819501191));
#9105 = CARTESIAN_POINT('',(-69.90624999777,-4.033516885645));
#9106 = CARTESIAN_POINT('',(-70.81249999703,-4.05921421382));
#9107 = CARTESIAN_POINT('',(-71.71874999777,-4.084911485654));
#9108 = CARTESIAN_POINT('',(-72.625,-4.110608701086));
#9109 = ( GEOMETRIC_REPRESENTATION_CONTEXT(2) 
PARAMETRIC_REPRESENTATION_CONTEXT() REPRESENTATION_CONTEXT('2D SPACE',''
  ) );
#9110 = ORIENTED_EDGE('',*,*,#9111,.F.);
#9111 = EDGE_CURVE('',#5047,#9083,#9112,.T.);
#9112 = SURFACE_CURVE('',#9113,(#9129,#9135),.PCURVE_S1.);
#9113 = B_SPLINE_CURVE_WITH_KNOTS('',3,(#9114,#9115,#9116,#9117,#9118,
    #9119,#9120,#9121,#9122,#9123,#9124,#9125,#9126,#9127,#9128),
  .UNSPECIFIED.,.F.,.F.,(4,1,1,1,1,1,1,1,1,1,1,1,4),(0.,2.000510539866,
    4.004409599095,6.013296291588,8.027242485622,10.045185121842,
    12.065311936109,14.085438750376,16.103381386596,18.11732758063,
    20.126214273124,22.130113332352,24.130623872218),.UNSPECIFIED.);
#9114 = CARTESIAN_POINT('',(61.375,-70.4,5.4));
#9115 = CARTESIAN_POINT('',(61.375,-71.06705630655,5.400005150645));
#9116 = CARTESIAN_POINT('',(61.375,-72.40167466388,5.36802909903));
#9117 = CARTESIAN_POINT('',(61.375,-74.40254811581,5.240292576775));
#9118 = CARTESIAN_POINT('',(61.375,-76.4025410458,5.048809163667));
#9119 = CARTESIAN_POINT('',(61.375,-78.40200355446,4.809569834702));
#9120 = CARTESIAN_POINT('',(61.375,-80.40109101192,4.538516232523));
#9121 = CARTESIAN_POINT('',(61.375,-82.4,4.2515625));
#9122 = CARTESIAN_POINT('',(61.375,-84.39890898807,3.964608767477));
#9123 = CARTESIAN_POINT('',(61.375,-86.39799644553,3.693555165298));
#9124 = CARTESIAN_POINT('',(61.375,-88.39745895419,3.454315836333));
#9125 = CARTESIAN_POINT('',(61.375,-90.39745188418,3.262832423225));
#9126 = CARTESIAN_POINT('',(61.375,-92.39832533611,3.13509590097));
#9127 = CARTESIAN_POINT('',(61.375,-93.73294369344,3.103119849355));
#9128 = CARTESIAN_POINT('',(61.375,-94.4,3.103125));
#9129 = PCURVE('',#5146,#9130);
#9130 = DEFINITIONAL_REPRESENTATION('',(#9131),#9134);
#9131 = B_SPLINE_CURVE_WITH_KNOTS('',1,(#9132,#9133),.UNSPECIFIED.,.F.,
  .F.,(2,2),(0.,24.130623872218),.PIECEWISE_BEZIER_KNOTS.);
#9132 = CARTESIAN_POINT('',(0.,1.));
#9133 = CARTESIAN_POINT('',(24.142566228858,1.));
#9134 = ( GEOMETRIC_REPRESENTATION_CONTEXT(2) 
PARAMETRIC_REPRESENTATION_CONTEXT() REPRESENTATION_CONTEXT('2D SPACE',''
  ) );
#9135 = PCURVE('',#5066,#9136);
#9136 = DEFINITIONAL_REPRESENTATION('',(#9137),#9141);
#9137 = LINE('',#9138,#9139);
#9138 = CARTESIAN_POINT('',(0.,0.));
#9139 = VECTOR('',#9140,1.);
#9140 = DIRECTION('',(1.,0.));
#9141 = ( GEOMETRIC_REPRESENTATION_CONTEXT(2) 
PARAMETRIC_REPRESENTATION_CONTEXT() REPRESENTATION_CONTEXT('2D SPACE',''
  ) );
#9142 = ADVANCED_FACE('',(#9143),#5066,.T.);
#9143 = FACE_BOUND('',#9144,.T.);
#9144 = EDGE_LOOP('',(#9145,#9146,#9147,#9176));
#9145 = ORIENTED_EDGE('',*,*,#5046,.F.);
#9146 = ORIENTED_EDGE('',*,*,#9111,.T.);
#9147 = ORIENTED_EDGE('',*,*,#9148,.T.);
#9148 = EDGE_CURVE('',#9083,#9149,#9151,.T.);
#9149 = VERTEX_POINT('',#9150);
#9150 = CARTESIAN_POINT('',(57.75,-93.6,3.381598306937));
#9151 = SURFACE_CURVE('',#9152,(#9158,#9167),.PCURVE_S1.);
#9152 = B_SPLINE_CURVE_WITH_KNOTS('',4,(#9153,#9154,#9155,#9156,#9157),
  .UNSPECIFIED.,.F.,.F.,(5,5),(0.,1.),.PIECEWISE_BEZIER_KNOTS.);
#9153 = CARTESIAN_POINT('',(61.375,-93.6,3.110608701086));
#9154 = CARTESIAN_POINT('',(60.468750037316,-93.6,3.178356640765));
#9155 = CARTESIAN_POINT('',(59.562500049799,-93.6,3.24610422227));
#9156 = CARTESIAN_POINT('',(58.656250037382,-93.6,3.313851444648));
#9157 = CARTESIAN_POINT('',(57.75,-93.6,3.381598306937));
#9158 = PCURVE('',#5066,#9159);
#9159 = DEFINITIONAL_REPRESENTATION('',(#9160),#9166);
#9160 = B_SPLINE_CURVE_WITH_KNOTS('',4,(#9161,#9162,#9163,#9164,#9165),
  .UNSPECIFIED.,.F.,.F.,(5,5),(0.,1.),.PIECEWISE_BEZIER_KNOTS.);
#9161 = CARTESIAN_POINT('',(23.33072264461,0.));
#9162 = CARTESIAN_POINT('',(23.330476695493,0.249999989706));
#9163 = CARTESIAN_POINT('',(23.330230552986,0.499999986262));
#9164 = CARTESIAN_POINT('',(23.329984216764,0.749999989688));
#9165 = CARTESIAN_POINT('',(23.329737686499,1.));
#9166 = ( GEOMETRIC_REPRESENTATION_CONTEXT(2) 
PARAMETRIC_REPRESENTATION_CONTEXT() REPRESENTATION_CONTEXT('2D SPACE',''
  ) );
#9167 = PCURVE('',#7199,#9168);
#9168 = DEFINITIONAL_REPRESENTATION('',(#9169),#9175);
#9169 = B_SPLINE_CURVE_WITH_KNOTS('',4,(#9170,#9171,#9172,#9173,#9174),
  .UNSPECIFIED.,.F.,.F.,(5,5),(0.,1.),.PIECEWISE_BEZIER_KNOTS.);
#9170 = CARTESIAN_POINT('',(-72.625,-4.110608701086));
#9171 = CARTESIAN_POINT('',(-73.53124996268,-4.178356640765));
#9172 = CARTESIAN_POINT('',(-74.4374999502,-4.24610422227));
#9173 = CARTESIAN_POINT('',(-75.34374996261,-4.313851444648));
#9174 = CARTESIAN_POINT('',(-76.25,-4.381598306937));
#9175 = ( GEOMETRIC_REPRESENTATION_CONTEXT(2) 
PARAMETRIC_REPRESENTATION_CONTEXT() REPRESENTATION_CONTEXT('2D SPACE',''
  ) );
#9176 = ORIENTED_EDGE('',*,*,#9177,.F.);
#9177 = EDGE_CURVE('',#4967,#9149,#9178,.T.);
#9178 = SURFACE_CURVE('',#9179,(#9195,#9201),.PCURVE_S1.);
#9179 = B_SPLINE_CURVE_WITH_KNOTS('',3,(#9180,#9181,#9182,#9183,#9184,
    #9185,#9186,#9187,#9188,#9189,#9190,#9191,#9192,#9193,#9194),
  .UNSPECIFIED.,.F.,.F.,(4,1,1,1,1,1,1,1,1,1,1,1,4),(0.,2.000396841733,
    4.003428144387,6.010338964538,8.02118738064,10.035147600357,
    12.050809088641,14.066470576925,16.080430796642,18.091279212743,
    20.098190032894,22.101221335549,24.101618177282),.UNSPECIFIED.);
#9180 = CARTESIAN_POINT('',(57.75,-70.4,5.4));
#9181 = CARTESIAN_POINT('',(57.75,-71.06696896121,5.400003620044));
#9182 = CARTESIAN_POINT('',(57.75,-72.40130235704,5.371827085354));
#9183 = CARTESIAN_POINT('',(57.75,-74.40198317146,5.259236273937));
#9184 = CARTESIAN_POINT('',(57.75,-76.40198022409,5.09043307122));
#9185 = CARTESIAN_POINT('',(57.75,-78.40156298156,4.879508071967));
#9186 = CARTESIAN_POINT('',(57.75,-80.40085172295,4.640517877584));
#9187 = CARTESIAN_POINT('',(57.75,-82.4,4.3875));
#9188 = CARTESIAN_POINT('',(57.75,-84.39914827704,4.134482122416));
#9189 = CARTESIAN_POINT('',(57.75,-86.39843701844,3.895491928033));
#9190 = CARTESIAN_POINT('',(57.75,-88.3980197759,3.68456692878));
#9191 = CARTESIAN_POINT('',(57.75,-90.39801682853,3.515763726063));
#9192 = CARTESIAN_POINT('',(57.75,-92.39869764295,3.403172914646));
#9193 = CARTESIAN_POINT('',(57.75,-93.73303103878,3.374996379956));
#9194 = CARTESIAN_POINT('',(57.75,-94.4,3.375));
#9195 = PCURVE('',#5066,#9196);
#9196 = DEFINITIONAL_REPRESENTATION('',(#9197),#9200);
#9197 = B_SPLINE_CURVE_WITH_KNOTS('',1,(#9198,#9199),.UNSPECIFIED.,.F.,
  .F.,(2,2),(0.,24.101618177282),.PIECEWISE_BEZIER_KNOTS.);
#9198 = CARTESIAN_POINT('',(0.,1.));
#9199 = CARTESIAN_POINT('',(24.130623872218,1.));
#9200 = ( GEOMETRIC_REPRESENTATION_CONTEXT(2) 
PARAMETRIC_REPRESENTATION_CONTEXT() REPRESENTATION_CONTEXT('2D SPACE',''
  ) );
#9201 = PCURVE('',#4986,#9202);
#9202 = DEFINITIONAL_REPRESENTATION('',(#9203),#9207);
#9203 = LINE('',#9204,#9205);
#9204 = CARTESIAN_POINT('',(0.,0.));
#9205 = VECTOR('',#9206,1.);
#9206 = DIRECTION('',(1.,0.));
#9207 = ( GEOMETRIC_REPRESENTATION_CONTEXT(2) 
PARAMETRIC_REPRESENTATION_CONTEXT() REPRESENTATION_CONTEXT('2D SPACE',''
  ) );
#9208 = ADVANCED_FACE('',(#9209),#4986,.T.);
#9209 = FACE_BOUND('',#9210,.T.);
#9210 = EDGE_LOOP('',(#9211,#9212,#9213,#9242));
#9211 = ORIENTED_EDGE('',*,*,#4966,.F.);
#9212 = ORIENTED_EDGE('',*,*,#9177,.T.);
#9213 = ORIENTED_EDGE('',*,*,#9214,.T.);
#9214 = EDGE_CURVE('',#9149,#9215,#9217,.T.);
#9215 = VERTEX_POINT('',#9216);
#9216 = CARTESIAN_POINT('',(54.125,-93.6,3.7647212952));
#9217 = SURFACE_CURVE('',#9218,(#9224,#9233),.PCURVE_S1.);
#9218 = B_SPLINE_CURVE_WITH_KNOTS('',4,(#9219,#9220,#9221,#9222,#9223),
  .UNSPECIFIED.,.F.,.F.,(5,5),(0.,1.),.PIECEWISE_BEZIER_KNOTS.);
#9219 = CARTESIAN_POINT('',(57.75,-93.6,3.381598306937));
#9220 = CARTESIAN_POINT('',(56.843750089164,-93.6,3.477379963147));
#9221 = CARTESIAN_POINT('',(55.937500119012,-93.6,3.573161014555));
#9222 = CARTESIAN_POINT('',(55.031250089354,-93.6,3.668941459223));
#9223 = CARTESIAN_POINT('',(54.125,-93.6,3.7647212952));
#9224 = PCURVE('',#4986,#9225);
#9225 = DEFINITIONAL_REPRESENTATION('',(#9226),#9232);
#9226 = B_SPLINE_CURVE_WITH_KNOTS('',4,(#9227,#9228,#9229,#9230,#9231),
  .UNSPECIFIED.,.F.,.F.,(5,5),(0.,1.),.PIECEWISE_BEZIER_KNOTS.);
#9227 = CARTESIAN_POINT('',(23.301694679494,0.));
#9228 = CARTESIAN_POINT('',(23.301398906806,0.249999975403));
#9229 = CARTESIAN_POINT('',(23.301102854328,0.499999967169));
#9230 = CARTESIAN_POINT('',(23.300806521492,0.749999975351));
#9231 = CARTESIAN_POINT('',(23.300509907729,1.));
#9232 = ( GEOMETRIC_REPRESENTATION_CONTEXT(2) 
PARAMETRIC_REPRESENTATION_CONTEXT() REPRESENTATION_CONTEXT('2D SPACE',''
  ) );
#9233 = PCURVE('',#7199,#9234);
#9234 = DEFINITIONAL_REPRESENTATION('',(#9235),#9241);
#9235 = B_SPLINE_CURVE_WITH_KNOTS('',4,(#9236,#9237,#9238,#9239,#9240),
  .UNSPECIFIED.,.F.,.F.,(5,5),(0.,1.),.PIECEWISE_BEZIER_KNOTS.);
#9236 = CARTESIAN_POINT('',(-76.25,-4.381598306937));
#9237 = CARTESIAN_POINT('',(-77.15624991083,-4.477379963147));
#9238 = CARTESIAN_POINT('',(-78.06249988098,-4.573161014555));
#9239 = CARTESIAN_POINT('',(-78.96874991064,-4.668941459223));
#9240 = CARTESIAN_POINT('',(-79.875,-4.7647212952));
#9241 = ( GEOMETRIC_REPRESENTATION_CONTEXT(2) 
PARAMETRIC_REPRESENTATION_CONTEXT() REPRESENTATION_CONTEXT('2D SPACE',''
  ) );
#9242 = ORIENTED_EDGE('',*,*,#9243,.F.);
#9243 = EDGE_CURVE('',#4887,#9215,#9244,.T.);
#9244 = SURFACE_CURVE('',#9245,(#9261,#9267),.PCURVE_S1.);
#9245 = B_SPLINE_CURVE_WITH_KNOTS('',3,(#9246,#9247,#9248,#9249,#9250,
    #9251,#9252,#9253,#9254,#9255,#9256,#9257,#9258,#9259,#9260),
  .UNSPECIFIED.,.F.,.F.,(4,1,1,1,1,1,1,1,1,1,1,1,4),(0.,2.000260495805,
    4.002250760565,6.006789709957,8.013917222922,10.023091650173,
    12.033385611025,14.043679571878,16.052853999129,18.059981512094,
    20.064520461486,22.066510726246,24.066771222051),.UNSPECIFIED.);
#9246 = CARTESIAN_POINT('',(54.125,-70.4,5.4));
#9247 = CARTESIAN_POINT('',(54.125,-71.06686464554,5.400001983189));
#9248 = CARTESIAN_POINT('',(54.125,-72.40085540454,5.377188033478));
#9249 = CARTESIAN_POINT('',(54.125,-74.40130379081,5.285993834742));
#9250 = CARTESIAN_POINT('',(54.125,-76.4013038786,5.1492465826));
#9251 = CARTESIAN_POINT('',(54.125,-78.40103043668,4.978354685872));
#9252 = CARTESIAN_POINT('',(54.125,-80.40056201558,4.784708357335));
#9253 = CARTESIAN_POINT('',(54.125,-82.4,4.5796875));
#9254 = CARTESIAN_POINT('',(54.125,-84.39943798441,4.374666642665));
#9255 = CARTESIAN_POINT('',(54.125,-86.39896956331,4.181020314128));
#9256 = CARTESIAN_POINT('',(54.125,-88.39869612139,4.0101284174));
#9257 = CARTESIAN_POINT('',(54.125,-90.39869620918,3.873381165258));
#9258 = CARTESIAN_POINT('',(54.125,-92.39914459546,3.782186966522));
#9259 = CARTESIAN_POINT('',(54.125,-93.73313535445,3.759373016811));
#9260 = CARTESIAN_POINT('',(54.125,-94.4,3.759375));
#9261 = PCURVE('',#4986,#9262);
#9262 = DEFINITIONAL_REPRESENTATION('',(#9263),#9266);
#9263 = B_SPLINE_CURVE_WITH_KNOTS('',1,(#9264,#9265),.UNSPECIFIED.,.F.,
  .F.,(2,2),(0.,24.066771222051),.PIECEWISE_BEZIER_KNOTS.);
#9264 = CARTESIAN_POINT('',(0.,1.));
#9265 = CARTESIAN_POINT('',(24.101618177282,1.));
#9266 = ( GEOMETRIC_REPRESENTATION_CONTEXT(2) 
PARAMETRIC_REPRESENTATION_CONTEXT() REPRESENTATION_CONTEXT('2D SPACE',''
  ) );
#9267 = PCURVE('',#4906,#9268);
#9268 = DEFINITIONAL_REPRESENTATION('',(#9269),#9273);
#9269 = LINE('',#9270,#9271);
#9270 = CARTESIAN_POINT('',(0.,0.));
#9271 = VECTOR('',#9272,1.);
#9272 = DIRECTION('',(1.,0.));
#9273 = ( GEOMETRIC_REPRESENTATION_CONTEXT(2) 
PARAMETRIC_REPRESENTATION_CONTEXT() REPRESENTATION_CONTEXT('2D SPACE',''
  ) );
#9274 = ADVANCED_FACE('',(#9275),#4906,.T.);
#9275 = FACE_BOUND('',#9276,.T.);
#9276 = EDGE_LOOP('',(#9277,#9278,#9279,#9308));
#9277 = ORIENTED_EDGE('',*,*,#4886,.F.);
#9278 = ORIENTED_EDGE('',*,*,#9243,.T.);
#9279 = ORIENTED_EDGE('',*,*,#9280,.T.);
#9280 = EDGE_CURVE('',#9215,#9281,#9283,.T.);
#9281 = VERTEX_POINT('',#9282);
#9282 = CARTESIAN_POINT('',(50.5,-93.6,4.203910739046));
#9283 = SURFACE_CURVE('',#9284,(#9290,#9299),.PCURVE_S1.);
#9284 = B_SPLINE_CURVE_WITH_KNOTS('',4,(#9285,#9286,#9287,#9288,#9289),
  .UNSPECIFIED.,.F.,.F.,(5,5),(0.,1.),.PIECEWISE_BEZIER_KNOTS.);
#9285 = CARTESIAN_POINT('',(54.125,-93.6,3.7647212952));
#9286 = CARTESIAN_POINT('',(53.218750104006,-93.6,3.874519580735));
#9287 = CARTESIAN_POINT('',(52.312500138806,-93.6,3.98431725106));
#9288 = CARTESIAN_POINT('',(51.406250104203,-93.6,4.09411430442));
#9289 = CARTESIAN_POINT('',(50.5,-93.6,4.203910739046));
#9290 = PCURVE('',#4906,#9291);
#9291 = DEFINITIONAL_REPRESENTATION('',(#9292),#9298);
#9292 = B_SPLINE_CURVE_WITH_KNOTS('',4,(#9293,#9294,#9295,#9296,#9297),
  .UNSPECIFIED.,.F.,.F.,(5,5),(0.,1.),.PIECEWISE_BEZIER_KNOTS.);
#9293 = CARTESIAN_POINT('',(23.266821222611,0.));
#9294 = CARTESIAN_POINT('',(23.266557640296,0.249999971309));
#9295 = CARTESIAN_POINT('',(23.266293835694,0.499999961709));
#9296 = CARTESIAN_POINT('',(23.266029808405,0.749999971254));
#9297 = CARTESIAN_POINT('',(23.265765558023,1.));
#9298 = ( GEOMETRIC_REPRESENTATION_CONTEXT(2) 
PARAMETRIC_REPRESENTATION_CONTEXT() REPRESENTATION_CONTEXT('2D SPACE',''
  ) );
#9299 = PCURVE('',#7199,#9300);
#9300 = DEFINITIONAL_REPRESENTATION('',(#9301),#9307);
#9301 = B_SPLINE_CURVE_WITH_KNOTS('',4,(#9302,#9303,#9304,#9305,#9306),
  .UNSPECIFIED.,.F.,.F.,(5,5),(0.,1.),.PIECEWISE_BEZIER_KNOTS.);
#9302 = CARTESIAN_POINT('',(-79.875,-4.7647212952));
#9303 = CARTESIAN_POINT('',(-80.78124989599,-4.874519580735));
#9304 = CARTESIAN_POINT('',(-81.68749986119,-4.98431725106));
#9305 = CARTESIAN_POINT('',(-82.59374989579,-5.09411430442));
#9306 = CARTESIAN_POINT('',(-83.5,-5.203910739046));
#9307 = ( GEOMETRIC_REPRESENTATION_CONTEXT(2) 
PARAMETRIC_REPRESENTATION_CONTEXT() REPRESENTATION_CONTEXT('2D SPACE',''
  ) );
#9308 = ORIENTED_EDGE('',*,*,#9309,.F.);
#9309 = EDGE_CURVE('',#4807,#9281,#9310,.T.);
#9310 = SURFACE_CURVE('',#9311,(#9327,#9333),.PCURVE_S1.);
#9311 = B_SPLINE_CURVE_WITH_KNOTS('',3,(#9312,#9313,#9314,#9315,#9316,
    #9317,#9318,#9319,#9320,#9321,#9322,#9323,#9324,#9325,#9326),
  .UNSPECIFIED.,.F.,.F.,(4,1,1,1,1,1,1,1,1,1,1,1,4),(0.,2.000139366286,
    4.001204379791,6.003633941906,8.007450227595,10.012363655885,
    12.017877371207,14.023391086529,16.02830451482,18.032120800508,
    20.034550362624,22.035615376128,24.035754742414),.UNSPECIFIED.);
#9312 = CARTESIAN_POINT('',(50.5,-70.4,5.4));
#9313 = CARTESIAN_POINT('',(50.5,-71.06677236842,5.40000079633));
#9314 = CARTESIAN_POINT('',(50.5,-72.40045788705,5.383323342446));
#9315 = CARTESIAN_POINT('',(50.5,-74.40069848256,5.316637725301));
#9316 = CARTESIAN_POINT('',(50.5,-76.40069949906,5.216626499234));
#9317 = CARTESIAN_POINT('',(50.5,-78.40055342506,5.09162902081));
#9318 = CARTESIAN_POINT('',(50.5,-80.40030208482,4.94997748576));
#9319 = CARTESIAN_POINT('',(50.5,-82.4,4.8));
#9320 = CARTESIAN_POINT('',(50.5,-84.39969791517,4.65002251424));
#9321 = CARTESIAN_POINT('',(50.5,-86.39944657493,4.50837097919));
#9322 = CARTESIAN_POINT('',(50.5,-88.39930050093,4.383373500766));
#9323 = CARTESIAN_POINT('',(50.5,-90.39930151743,4.283362274699));
#9324 = CARTESIAN_POINT('',(50.5,-92.39954211294,4.216676657554));
#9325 = CARTESIAN_POINT('',(50.5,-93.73322763157,4.19999920367));
#9326 = CARTESIAN_POINT('',(50.5,-94.4,4.2));
#9327 = PCURVE('',#4906,#9328);
#9328 = DEFINITIONAL_REPRESENTATION('',(#9329),#9332);
#9329 = B_SPLINE_CURVE_WITH_KNOTS('',1,(#9330,#9331),.UNSPECIFIED.,.F.,
  .F.,(2,2),(0.,24.035754742414),.PIECEWISE_BEZIER_KNOTS.);
#9330 = CARTESIAN_POINT('',(0.,1.));
#9331 = CARTESIAN_POINT('',(24.066771222051,1.));
#9332 = ( GEOMETRIC_REPRESENTATION_CONTEXT(2) 
PARAMETRIC_REPRESENTATION_CONTEXT() REPRESENTATION_CONTEXT('2D SPACE',''
  ) );
#9333 = PCURVE('',#4826,#9334);
#9334 = DEFINITIONAL_REPRESENTATION('',(#9335),#9339);
#9335 = LINE('',#9336,#9337);
#9336 = CARTESIAN_POINT('',(0.,0.));
#9337 = VECTOR('',#9338,1.);
#9338 = DIRECTION('',(1.,0.));
#9339 = ( GEOMETRIC_REPRESENTATION_CONTEXT(2) 
PARAMETRIC_REPRESENTATION_CONTEXT() REPRESENTATION_CONTEXT('2D SPACE',''
  ) );
#9340 = ADVANCED_FACE('',(#9341),#4826,.T.);
#9341 = FACE_BOUND('',#9342,.T.);
#9342 = EDGE_LOOP('',(#9343,#9344,#9345,#9374));
#9343 = ORIENTED_EDGE('',*,*,#4806,.F.);
#9344 = ORIENTED_EDGE('',*,*,#9309,.T.);
#9345 = ORIENTED_EDGE('',*,*,#9346,.T.);
#9346 = EDGE_CURVE('',#9281,#9347,#9349,.T.);
#9347 = VERTEX_POINT('',#9348);
#9348 = CARTESIAN_POINT('',(46.875,-93.6,4.643099904079));
#9349 = SURFACE_CURVE('',#9350,(#9356,#9365),.PCURVE_S1.);
#9350 = B_SPLINE_CURVE_WITH_KNOTS('',4,(#9351,#9352,#9353,#9354,#9355),
  .UNSPECIFIED.,.F.,.F.,(5,5),(0.,1.),.PIECEWISE_BEZIER_KNOTS.);
#9351 = CARTESIAN_POINT('',(50.5,-93.6,4.203910739046));
#9352 = CARTESIAN_POINT('',(49.593750071894,-93.6,4.313708669129));
#9353 = CARTESIAN_POINT('',(48.687500095922,-93.6,4.423506173888));
#9354 = CARTESIAN_POINT('',(47.781250071988,-93.6,4.533303252486));
#9355 = CARTESIAN_POINT('',(46.875,-93.6,4.643099904079));
#9356 = PCURVE('',#4826,#9357);
#9357 = DEFINITIONAL_REPRESENTATION('',(#9358),#9364);
#9358 = B_SPLINE_CURVE_WITH_KNOTS('',4,(#9359,#9360,#9361,#9362,#9363),
  .UNSPECIFIED.,.F.,.F.,(5,5),(0.,1.),.PIECEWISE_BEZIER_KNOTS.);
#9359 = CARTESIAN_POINT('',(23.235781388688,0.));
#9360 = CARTESIAN_POINT('',(23.235599093112,0.249999980167));
#9361 = CARTESIAN_POINT('',(23.235416691182,0.499999973539));
#9362 = CARTESIAN_POINT('',(23.235234182766,0.749999980141));
#9363 = CARTESIAN_POINT('',(23.235051567732,1.));
#9364 = ( GEOMETRIC_REPRESENTATION_CONTEXT(2) 
PARAMETRIC_REPRESENTATION_CONTEXT() REPRESENTATION_CONTEXT('2D SPACE',''
  ) );
#9365 = PCURVE('',#7199,#9366);
#9366 = DEFINITIONAL_REPRESENTATION('',(#9367),#9373);
#9367 = B_SPLINE_CURVE_WITH_KNOTS('',4,(#9368,#9369,#9370,#9371,#9372),
  .UNSPECIFIED.,.F.,.F.,(5,5),(0.,1.),.PIECEWISE_BEZIER_KNOTS.);
#9368 = CARTESIAN_POINT('',(-83.5,-5.203910739046));
#9369 = CARTESIAN_POINT('',(-84.4062499281,-5.313708669129));
#9370 = CARTESIAN_POINT('',(-85.31249990407,-5.423506173888));
#9371 = CARTESIAN_POINT('',(-86.21874992801,-5.533303252486));
#9372 = CARTESIAN_POINT('',(-87.125,-5.643099904079));
#9373 = ( GEOMETRIC_REPRESENTATION_CONTEXT(2) 
PARAMETRIC_REPRESENTATION_CONTEXT() REPRESENTATION_CONTEXT('2D SPACE',''
  ) );
#9374 = ORIENTED_EDGE('',*,*,#9375,.F.);
#9375 = EDGE_CURVE('',#4727,#9347,#9376,.T.);
#9376 = SURFACE_CURVE('',#9377,(#9393,#9399),.PCURVE_S1.);
#9377 = B_SPLINE_CURVE_WITH_KNOTS('',3,(#9378,#9379,#9380,#9381,#9382,
    #9383,#9384,#9385,#9386,#9387,#9388,#9389,#9390,#9391,#9392),
  .UNSPECIFIED.,.F.,.F.,(4,1,1,1,1,1,1,1,1,1,1,1,4),(0.,2.000055810626,
    4.000482365119,6.001455641428,8.002984752871,10.004953791012,
    12.007163590202,14.009373389392,16.011342427534,18.012871538976,
    20.013844815286,22.014271369778,24.014327180404),.UNSPECIFIED.);
#9378 = CARTESIAN_POINT('',(46.875,-70.4,5.4));
#9379 = CARTESIAN_POINT('',(46.875,-71.06670893542,5.400000205364));
#9380 = CARTESIAN_POINT('',(46.875,-72.40018343253,5.389450591553));
#9381 = CARTESIAN_POINT('',(46.875,-74.40027997707,5.347258284952));
#9382 = CARTESIAN_POINT('',(46.875,-76.40028065379,5.28397417731));
#9383 = CARTESIAN_POINT('',(46.875,-78.40022221887,5.204873247101));
#9384 = CARTESIAN_POINT('',(46.875,-80.40012136387,5.115228651132));
#9385 = CARTESIAN_POINT('',(46.875,-82.4,5.0203125));
#9386 = CARTESIAN_POINT('',(46.875,-84.39987863613,4.925396348868));
#9387 = CARTESIAN_POINT('',(46.875,-86.39977778112,4.835751752899));
#9388 = CARTESIAN_POINT('',(46.875,-88.3997193462,4.75665082269));
#9389 = CARTESIAN_POINT('',(46.875,-90.39972002292,4.693366715048));
#9390 = CARTESIAN_POINT('',(46.875,-92.39981656746,4.651174408447));
#9391 = CARTESIAN_POINT('',(46.875,-93.73329106457,4.640624794636));
#9392 = CARTESIAN_POINT('',(46.875,-94.4,4.640625));
#9393 = PCURVE('',#4826,#9394);
#9394 = DEFINITIONAL_REPRESENTATION('',(#9395),#9398);
#9395 = B_SPLINE_CURVE_WITH_KNOTS('',1,(#9396,#9397),.UNSPECIFIED.,.F.,
  .F.,(2,2),(0.,24.014327180404),.PIECEWISE_BEZIER_KNOTS.);
#9396 = CARTESIAN_POINT('',(0.,1.));
#9397 = CARTESIAN_POINT('',(24.035754742414,1.));
#9398 = ( GEOMETRIC_REPRESENTATION_CONTEXT(2) 
PARAMETRIC_REPRESENTATION_CONTEXT() REPRESENTATION_CONTEXT('2D SPACE',''
  ) );
#9399 = PCURVE('',#4746,#9400);
#9400 = DEFINITIONAL_REPRESENTATION('',(#9401),#9405);
#9401 = LINE('',#9402,#9403);
#9402 = CARTESIAN_POINT('',(0.,0.));
#9403 = VECTOR('',#9404,1.);
#9404 = DIRECTION('',(1.,0.));
#9405 = ( GEOMETRIC_REPRESENTATION_CONTEXT(2) 
PARAMETRIC_REPRESENTATION_CONTEXT() REPRESENTATION_CONTEXT('2D SPACE',''
  ) );
#9406 = ADVANCED_FACE('',(#9407),#4746,.T.);
#9407 = FACE_BOUND('',#9408,.T.);
#9408 = EDGE_LOOP('',(#9409,#9410,#9411,#9440));
#9409 = ORIENTED_EDGE('',*,*,#4726,.F.);
#9410 = ORIENTED_EDGE('',*,*,#9375,.T.);
#9411 = ORIENTED_EDGE('',*,*,#9412,.T.);
#9412 = EDGE_CURVE('',#9347,#9413,#9415,.T.);
#9413 = VERTEX_POINT('',#9414);
#9414 = CARTESIAN_POINT('',(43.25,-93.6,5.026222210571));
#9415 = SURFACE_CURVE('',#9416,(#9422,#9431),.PCURVE_S1.);
#9416 = B_SPLINE_CURVE_WITH_KNOTS('',4,(#9417,#9418,#9419,#9420,#9421),
  .UNSPECIFIED.,.F.,.F.,(5,5),(0.,1.),.PIECEWISE_BEZIER_KNOTS.);
#9417 = CARTESIAN_POINT('',(46.875,-93.6,4.643099904079));
#9418 = CARTESIAN_POINT('',(45.968750027761,-93.6,4.738880763393));
#9419 = CARTESIAN_POINT('',(45.062500037026,-93.6,4.834661434371));
#9420 = CARTESIAN_POINT('',(44.156250027779,-93.6,4.930441916827));
#9421 = CARTESIAN_POINT('',(43.25,-93.6,5.026222210571));
#9422 = PCURVE('',#4746,#9423);
#9423 = DEFINITIONAL_REPRESENTATION('',(#9424),#9430);
#9424 = B_SPLINE_CURVE_WITH_KNOTS('',4,(#9425,#9426,#9427,#9428,#9429),
  .UNSPECIFIED.,.F.,.F.,(5,5),(0.,1.),.PIECEWISE_BEZIER_KNOTS.);
#9425 = CARTESIAN_POINT('',(23.214337822163,0.));
#9426 = CARTESIAN_POINT('',(23.214245595984,0.249999992342));
#9427 = CARTESIAN_POINT('',(23.21415334258,0.499999989786));
#9428 = CARTESIAN_POINT('',(23.214061061934,0.749999992337));
#9429 = CARTESIAN_POINT('',(23.213968754029,1.));
#9430 = ( GEOMETRIC_REPRESENTATION_CONTEXT(2) 
PARAMETRIC_REPRESENTATION_CONTEXT() REPRESENTATION_CONTEXT('2D SPACE',''
  ) );
#9431 = PCURVE('',#7199,#9432);
#9432 = DEFINITIONAL_REPRESENTATION('',(#9433),#9439);
#9433 = B_SPLINE_CURVE_WITH_KNOTS('',4,(#9434,#9435,#9436,#9437,#9438),
  .UNSPECIFIED.,.F.,.F.,(5,5),(0.,1.),.PIECEWISE_BEZIER_KNOTS.);
#9434 = CARTESIAN_POINT('',(-87.125,-5.643099904079));
#9435 = CARTESIAN_POINT('',(-88.03124997223,-5.738880763393));
#9436 = CARTESIAN_POINT('',(-88.93749996297,-5.834661434371));
#9437 = CARTESIAN_POINT('',(-89.84374997222,-5.930441916827));
#9438 = CARTESIAN_POINT('',(-90.75,-6.026222210571));
#9439 = ( GEOMETRIC_REPRESENTATION_CONTEXT(2) 
PARAMETRIC_REPRESENTATION_CONTEXT() REPRESENTATION_CONTEXT('2D SPACE',''
  ) );
#9440 = ORIENTED_EDGE('',*,*,#9441,.F.);
#9441 = EDGE_CURVE('',#4647,#9413,#9442,.T.);
#9442 = SURFACE_CURVE('',#9443,(#9459,#9465),.PCURVE_S1.);
#9443 = B_SPLINE_CURVE_WITH_KNOTS('',3,(#9444,#9445,#9446,#9447,#9448,
    #9449,#9450,#9451,#9452,#9453,#9454,#9455,#9456,#9457,#9458),
  .UNSPECIFIED.,.F.,.F.,(4,1,1,1,1,1,1,1,1,1,1,1,4),(0.,2.000013610417,
    4.000117640628,6.000355032575,8.000728037509,10.001208396203,
    12.001747514516,14.002286632829,16.002766991523,18.003139996457,
    20.003377388404,22.003481418615,24.003495029032),.UNSPECIFIED.);
#9444 = CARTESIAN_POINT('',(43.25,-70.4,5.4));
#9445 = CARTESIAN_POINT('',(43.25,-71.06667696716,5.400000024949));
#9446 = CARTESIAN_POINT('',(43.25,-72.40004474156,5.39479136147));
#9447 = CARTESIAN_POINT('',(43.25,-74.4000683098,5.373957449026));
#9448 = CARTESIAN_POINT('',(43.25,-76.40006850818,5.342707104105));
#9449 = CARTESIAN_POINT('',(43.25,-78.40005426552,5.303644679839));
#9450 = CARTESIAN_POINT('',(43.25,-80.40002964513,5.259374309558));
#9451 = CARTESIAN_POINT('',(43.25,-82.4,5.2125));
#9452 = CARTESIAN_POINT('',(43.25,-84.39997035486,5.165625690442));
#9453 = CARTESIAN_POINT('',(43.25,-86.39994573448,5.121355320161));
#9454 = CARTESIAN_POINT('',(43.25,-88.39993149181,5.082292895895));
#9455 = CARTESIAN_POINT('',(43.25,-90.39993169019,5.051042550974));
#9456 = CARTESIAN_POINT('',(43.25,-92.39995525843,5.03020863853));
#9457 = CARTESIAN_POINT('',(43.25,-93.73332303283,5.024999975051));
#9458 = CARTESIAN_POINT('',(43.25,-94.4,5.025));
#9459 = PCURVE('',#4746,#9460);
#9460 = DEFINITIONAL_REPRESENTATION('',(#9461),#9464);
#9461 = B_SPLINE_CURVE_WITH_KNOTS('',1,(#9462,#9463),.UNSPECIFIED.,.F.,
  .F.,(2,2),(0.,24.003495029032),.PIECEWISE_BEZIER_KNOTS.);
#9462 = CARTESIAN_POINT('',(0.,1.));
#9463 = CARTESIAN_POINT('',(24.014327180404,1.));
#9464 = ( GEOMETRIC_REPRESENTATION_CONTEXT(2) 
PARAMETRIC_REPRESENTATION_CONTEXT() REPRESENTATION_CONTEXT('2D SPACE',''
  ) );
#9465 = PCURVE('',#4666,#9466);
#9466 = DEFINITIONAL_REPRESENTATION('',(#9467),#9471);
#9467 = LINE('',#9468,#9469);
#9468 = CARTESIAN_POINT('',(0.,0.));
#9469 = VECTOR('',#9470,1.);
#9470 = DIRECTION('',(1.,0.));
#9471 = ( GEOMETRIC_REPRESENTATION_CONTEXT(2) 
PARAMETRIC_REPRESENTATION_CONTEXT() REPRESENTATION_CONTEXT('2D SPACE',''
  ) );
#9472 = ADVANCED_FACE('',(#9473),#4666,.T.);
#9473 = FACE_BOUND('',#9474,.T.);
#9474 = EDGE_LOOP('',(#9475,#9476,#9477,#9506));
#9475 = ORIENTED_EDGE('',*,*,#4646,.F.);
#9476 = ORIENTED_EDGE('',*,*,#9441,.T.);
#9477 = ORIENTED_EDGE('',*,*,#9478,.T.);
#9478 = EDGE_CURVE('',#9413,#9479,#9481,.T.);
#9479 = VERTEX_POINT('',#9480);
#9480 = CARTESIAN_POINT('',(39.625,-93.6,5.297211110868));
#9481 = SURFACE_CURVE('',#9482,(#9488,#9497),.PCURVE_S1.);
#9482 = B_SPLINE_CURVE_WITH_KNOTS('',4,(#9483,#9484,#9485,#9486,#9487),
  .UNSPECIFIED.,.F.,.F.,(5,5),(0.,1.),.PIECEWISE_BEZIER_KNOTS.);
#9483 = CARTESIAN_POINT('',(43.25,-93.6,5.026222210571));
#9484 = CARTESIAN_POINT('',(42.343750004165,-93.6,5.093969495601));
#9485 = CARTESIAN_POINT('',(41.437500005554,-93.6,5.161716740669));
#9486 = CARTESIAN_POINT('',(40.531250004166,-93.6,5.229463945762));
#9487 = CARTESIAN_POINT('',(39.625,-93.6,5.297211110868));
#9488 = PCURVE('',#4666,#9489);
#9489 = DEFINITIONAL_REPRESENTATION('',(#9490),#9496);
#9490 = B_SPLINE_CURVE_WITH_KNOTS('',4,(#9491,#9492,#9493,#9494,#9495),
  .UNSPECIFIED.,.F.,.F.,(5,5),(0.,1.),.PIECEWISE_BEZIER_KNOTS.);
#9491 = CARTESIAN_POINT('',(23.203497620625,0.));
#9492 = CARTESIAN_POINT('',(23.20347010321,0.249999998851));
#9493 = CARTESIAN_POINT('',(23.20344258337,0.499999998468));
#9494 = CARTESIAN_POINT('',(23.203415061107,0.749999998851));
#9495 = CARTESIAN_POINT('',(23.203387536419,1.));
#9496 = ( GEOMETRIC_REPRESENTATION_CONTEXT(2) 
PARAMETRIC_REPRESENTATION_CONTEXT() REPRESENTATION_CONTEXT('2D SPACE',''
  ) );
#9497 = PCURVE('',#7199,#9498);
#9498 = DEFINITIONAL_REPRESENTATION('',(#9499),#9505);
#9499 = B_SPLINE_CURVE_WITH_KNOTS('',4,(#9500,#9501,#9502,#9503,#9504),
  .UNSPECIFIED.,.F.,.F.,(5,5),(0.,1.),.PIECEWISE_BEZIER_KNOTS.);
#9500 = CARTESIAN_POINT('',(-90.75,-6.026222210571));
#9501 = CARTESIAN_POINT('',(-91.65624999583,-6.093969495601));
#9502 = CARTESIAN_POINT('',(-92.56249999444,-6.161716740669));
#9503 = CARTESIAN_POINT('',(-93.46874999583,-6.229463945762));
#9504 = CARTESIAN_POINT('',(-94.375,-6.297211110868));
#9505 = ( GEOMETRIC_REPRESENTATION_CONTEXT(2) 
PARAMETRIC_REPRESENTATION_CONTEXT() REPRESENTATION_CONTEXT('2D SPACE',''
  ) );
#9506 = ORIENTED_EDGE('',*,*,#9507,.F.);
#9507 = EDGE_CURVE('',#4567,#9479,#9508,.T.);
#9508 = SURFACE_CURVE('',#9509,(#9525,#9531),.PCURVE_S1.);
#9509 = B_SPLINE_CURVE_WITH_KNOTS('',3,(#9510,#9511,#9512,#9513,#9514,
    #9515,#9516,#9517,#9518,#9519,#9520,#9521,#9522,#9523,#9524),
  .UNSPECIFIED.,.F.,.F.,(4,1,1,1,1,1,1,1,1,1,1,1,4),(0.,2.000001029291,
    4.000008896765,6.000026850516,8.000055061445,10.000091392604,
    12.000132168506,14.000172944408,16.000209275567,18.000237486496,
    20.000255440247,22.000263307721,24.000264337012),.UNSPECIFIED.);
#9510 = CARTESIAN_POINT('',(39.625,-70.4,5.4));
#9511 = CARTESIAN_POINT('',(39.625,-71.06666744547,5.40000000052));
#9512 = CARTESIAN_POINT('',(39.625,-72.40000338377,5.398567701986));
#9513 = CARTESIAN_POINT('',(39.625,-74.40000516667,5.392838523274));
#9514 = CARTESIAN_POINT('',(39.625,-76.40000518243,5.384244766095));
#9515 = CARTESIAN_POINT('',(39.625,-78.4000041055,5.373502580168));
#9516 = CARTESIAN_POINT('',(39.625,-80.40000224301,5.361328110634));
#9517 = CARTESIAN_POINT('',(39.625,-82.4,5.3484375));
#9518 = CARTESIAN_POINT('',(39.625,-84.39999775698,5.335546889366));
#9519 = CARTESIAN_POINT('',(39.625,-86.39999589449,5.323372419832));
#9520 = CARTESIAN_POINT('',(39.625,-88.39999481756,5.312630233905));
#9521 = CARTESIAN_POINT('',(39.625,-90.39999483332,5.304036476726));
#9522 = CARTESIAN_POINT('',(39.625,-92.39999661622,5.298307298014));
#9523 = CARTESIAN_POINT('',(39.625,-93.73333255452,5.29687499948));
#9524 = CARTESIAN_POINT('',(39.625,-94.4,5.296875));
#9525 = PCURVE('',#4666,#9526);
#9526 = DEFINITIONAL_REPRESENTATION('',(#9527),#9530);
#9527 = B_SPLINE_CURVE_WITH_KNOTS('',1,(#9528,#9529),.UNSPECIFIED.,.F.,
  .F.,(2,2),(0.,24.000264337012),.PIECEWISE_BEZIER_KNOTS.);
#9528 = CARTESIAN_POINT('',(0.,1.));
#9529 = CARTESIAN_POINT('',(24.003495029032,1.));
#9530 = ( GEOMETRIC_REPRESENTATION_CONTEXT(2) 
PARAMETRIC_REPRESENTATION_CONTEXT() REPRESENTATION_CONTEXT('2D SPACE',''
  ) );
#9531 = PCURVE('',#4586,#9532);
#9532 = DEFINITIONAL_REPRESENTATION('',(#9533),#9537);
#9533 = LINE('',#9534,#9535);
#9534 = CARTESIAN_POINT('',(0.,0.));
#9535 = VECTOR('',#9536,1.);
#9536 = DIRECTION('',(1.,0.));
#9537 = ( GEOMETRIC_REPRESENTATION_CONTEXT(2) 
PARAMETRIC_REPRESENTATION_CONTEXT() REPRESENTATION_CONTEXT('2D SPACE',''
  ) );
#9538 = ADVANCED_FACE('',(#9539),#4586,.T.);
#9539 = FACE_BOUND('',#9540,.T.);
#9540 = EDGE_LOOP('',(#9541,#9542,#9543,#9572));
#9541 = ORIENTED_EDGE('',*,*,#4566,.F.);
#9542 = ORIENTED_EDGE('',*,*,#9507,.T.);
#9543 = ORIENTED_EDGE('',*,*,#9544,.T.);
#9544 = EDGE_CURVE('',#9479,#9545,#9547,.T.);
#9545 = VERTEX_POINT('',#9546);
#9546 = CARTESIAN_POINT('',(36.,-93.6,5.395215644444));
#9547 = SURFACE_CURVE('',#9548,(#9554,#9563),.PCURVE_S1.);
#9548 = B_SPLINE_CURVE_WITH_KNOTS('',4,(#9549,#9550,#9551,#9552,#9553),
  .UNSPECIFIED.,.F.,.F.,(5,5),(0.,1.),.PIECEWISE_BEZIER_KNOTS.);
#9549 = CARTESIAN_POINT('',(39.625,-93.6,5.297211110868));
#9550 = CARTESIAN_POINT('',(38.718750000045,-93.6,5.321712246041));
#9551 = CARTESIAN_POINT('',(37.81250000006,-93.6,5.346213380028));
#9552 = CARTESIAN_POINT('',(36.906250000045,-93.6,5.370714512829));
#9553 = CARTESIAN_POINT('',(36.,-93.6,5.395215644444));
#9554 = PCURVE('',#4586,#9555);
#9555 = DEFINITIONAL_REPRESENTATION('',(#9556),#9562);
#9556 = B_SPLINE_CURVE_WITH_KNOTS('',4,(#9557,#9558,#9559,#9560,#9561),
  .UNSPECIFIED.,.F.,.F.,(5,5),(0.,1.),.PIECEWISE_BEZIER_KNOTS.);
#9557 = CARTESIAN_POINT('',(23.200264532921,0.));
#9558 = CARTESIAN_POINT('',(23.200262286038,0.249999999988));
#9559 = CARTESIAN_POINT('',(23.200260039139,0.499999999984));
#9560 = CARTESIAN_POINT('',(23.200257792224,0.749999999988));
#9561 = CARTESIAN_POINT('',(23.200255545292,1.));
#9562 = ( GEOMETRIC_REPRESENTATION_CONTEXT(2) 
PARAMETRIC_REPRESENTATION_CONTEXT() REPRESENTATION_CONTEXT('2D SPACE',''
  ) );
#9563 = PCURVE('',#7199,#9564);
#9564 = DEFINITIONAL_REPRESENTATION('',(#9565),#9571);
#9565 = B_SPLINE_CURVE_WITH_KNOTS('',4,(#9566,#9567,#9568,#9569,#9570),
  .UNSPECIFIED.,.F.,.F.,(5,5),(0.,1.),.PIECEWISE_BEZIER_KNOTS.);
#9566 = CARTESIAN_POINT('',(-94.375,-6.297211110868));
#9567 = CARTESIAN_POINT('',(-95.28124999995,-6.321712246041));
#9568 = CARTESIAN_POINT('',(-96.18749999994,-6.346213380028));
#9569 = CARTESIAN_POINT('',(-97.09374999995,-6.370714512829));
#9570 = CARTESIAN_POINT('',(-98.,-6.395215644444));
#9571 = ( GEOMETRIC_REPRESENTATION_CONTEXT(2) 
PARAMETRIC_REPRESENTATION_CONTEXT() REPRESENTATION_CONTEXT('2D SPACE',''
  ) );
#9572 = ORIENTED_EDGE('',*,*,#9573,.F.);
#9573 = EDGE_CURVE('',#4507,#9545,#9574,.T.);
#9574 = SURFACE_CURVE('',#9575,(#9591,#9597),.PCURVE_S1.);
#9575 = B_SPLINE_CURVE_WITH_KNOTS('',3,(#9576,#9577,#9578,#9579,#9580,
    #9581,#9582,#9583,#9584,#9585,#9586,#9587,#9588,#9589,#9590),
  .UNSPECIFIED.,.F.,.F.,(4,1,1,1,1,1,1,1,1,1,1,1,4),(0.,2.00000000223,
    4.000000019275,6.000000058171,8.00000011929,10.000000198002,
    12.000000286343,14.000000374684,16.000000453395,18.000000514514,
    20.00000055341,22.000000570455,24.000000572685),.UNSPECIFIED.);
#9576 = CARTESIAN_POINT('',(36.,-70.4,5.4));
#9577 = CARTESIAN_POINT('',(36.,-71.06666666835,5.4));
#9578 = CARTESIAN_POINT('',(36.,-72.40000000733,5.399933333333));
#9579 = CARTESIAN_POINT('',(36.,-74.40000001119,5.399666666665));
#9580 = CARTESIAN_POINT('',(36.,-76.40000001122,5.399266666664));
#9581 = CARTESIAN_POINT('',(36.,-78.40000000889,5.398766666664));
#9582 = CARTESIAN_POINT('',(36.,-80.40000000486,5.398199999999));
#9583 = CARTESIAN_POINT('',(36.,-82.4,5.3976));
#9584 = CARTESIAN_POINT('',(36.,-84.39999999514,5.397000000001));
#9585 = CARTESIAN_POINT('',(36.,-86.3999999911,5.396433333336));
#9586 = CARTESIAN_POINT('',(36.,-88.39999998877,5.395933333336));
#9587 = CARTESIAN_POINT('',(36.,-90.3999999888,5.395533333335));
#9588 = CARTESIAN_POINT('',(36.,-92.39999999266,5.395266666667));
#9589 = CARTESIAN_POINT('',(36.,-93.73333333164,5.3952));
#9590 = CARTESIAN_POINT('',(36.,-94.4,5.3952));
#9591 = PCURVE('',#4586,#9592);
#9592 = DEFINITIONAL_REPRESENTATION('',(#9593),#9596);
#9593 = B_SPLINE_CURVE_WITH_KNOTS('',1,(#9594,#9595),.UNSPECIFIED.,.F.,
  .F.,(2,2),(0.,24.000000572685),.PIECEWISE_BEZIER_KNOTS.);
#9594 = CARTESIAN_POINT('',(0.,1.));
#9595 = CARTESIAN_POINT('',(24.000264337012,1.));
#9596 = ( GEOMETRIC_REPRESENTATION_CONTEXT(2) 
PARAMETRIC_REPRESENTATION_CONTEXT() REPRESENTATION_CONTEXT('2D SPACE',''
  ) );
#9597 = PCURVE('',#4526,#9598);
#9598 = DEFINITIONAL_REPRESENTATION('',(#9599),#9603);
#9599 = LINE('',#9600,#9601);
#9600 = CARTESIAN_POINT('',(0.,0.));
#9601 = VECTOR('',#9602,1.);
#9602 = DIRECTION('',(1.,0.));
#9603 = ( GEOMETRIC_REPRESENTATION_CONTEXT(2) 
PARAMETRIC_REPRESENTATION_CONTEXT() REPRESENTATION_CONTEXT('2D SPACE',''
  ) );
#9604 = ADVANCED_FACE('',(#9605),#4526,.T.);
#9605 = FACE_BOUND('',#9606,.T.);
#9606 = EDGE_LOOP('',(#9607,#9608,#9609,#9636,#9637));
#9607 = ORIENTED_EDGE('',*,*,#4506,.F.);
#9608 = ORIENTED_EDGE('',*,*,#9573,.T.);
#9609 = ORIENTED_EDGE('',*,*,#9610,.T.);
#9610 = EDGE_CURVE('',#9545,#7184,#9611,.T.);
#9611 = SURFACE_CURVE('',#9612,(#9618,#9627),.PCURVE_S1.);
#9612 = B_SPLINE_CURVE_WITH_KNOTS('',4,(#9613,#9614,#9615,#9616,#9617),
  .UNSPECIFIED.,.F.,.F.,(5,5),(0.,1.),.PIECEWISE_BEZIER_KNOTS.);
#9613 = CARTESIAN_POINT('',(36.,-93.6,5.395215644444));
#9614 = CARTESIAN_POINT('',(27.75,-93.6,5.395215644444));
#9615 = CARTESIAN_POINT('',(19.5,-93.6,5.395215644444));
#9616 = CARTESIAN_POINT('',(11.25,-93.6,5.395215644444));
#9617 = CARTESIAN_POINT('',(3.,-93.6,5.395215644444));
#9618 = PCURVE('',#4526,#9619);
#9619 = DEFINITIONAL_REPRESENTATION('',(#9620),#9626);
#9620 = B_SPLINE_CURVE_WITH_KNOTS('',4,(#9621,#9622,#9623,#9624,#9625),
  .UNSPECIFIED.,.F.,.F.,(5,5),(0.,1.),.PIECEWISE_BEZIER_KNOTS.);
#9621 = CARTESIAN_POINT('',(23.20000057311,0.));
#9622 = CARTESIAN_POINT('',(23.20000057311,0.170525010335));
#9623 = CARTESIAN_POINT('',(23.20000057311,0.34105002067));
#9624 = CARTESIAN_POINT('',(23.20000057311,0.511575031005));
#9625 = CARTESIAN_POINT('',(23.20000057311,0.682100041339));
#9626 = ( GEOMETRIC_REPRESENTATION_CONTEXT(2) 
PARAMETRIC_REPRESENTATION_CONTEXT() REPRESENTATION_CONTEXT('2D SPACE',''
  ) );
#9627 = PCURVE('',#7199,#9628);
#9628 = DEFINITIONAL_REPRESENTATION('',(#9629),#9635);
#9629 = B_SPLINE_CURVE_WITH_KNOTS('',4,(#9630,#9631,#9632,#9633,#9634),
  .UNSPECIFIED.,.F.,.F.,(5,5),(0.,1.),.PIECEWISE_BEZIER_KNOTS.);
#9630 = CARTESIAN_POINT('',(-98.,-6.395215644444));
#9631 = CARTESIAN_POINT('',(-106.25,-6.395215644444));
#9632 = CARTESIAN_POINT('',(-114.5,-6.395215644444));
#9633 = CARTESIAN_POINT('',(-122.75,-6.395215644444));
#9634 = CARTESIAN_POINT('',(-131.,-6.395215644444));
#9635 = ( GEOMETRIC_REPRESENTATION_CONTEXT(2) 
PARAMETRIC_REPRESENTATION_CONTEXT() REPRESENTATION_CONTEXT('2D SPACE',''
  ) );
#9636 = ORIENTED_EDGE('',*,*,#7211,.T.);
#9637 = ORIENTED_EDGE('',*,*,#9638,.T.);
#9638 = EDGE_CURVE('',#7212,#4479,#9639,.T.);
#9639 = SURFACE_CURVE('',#9640,(#9661,#9685),.PCURVE_S1.);
#9640 = B_SPLINE_CURVE_WITH_KNOTS('',7,(#9641,#9642,#9643,#9644,#9645,
    #9646,#9647,#9648,#9649,#9650,#9651,#9652,#9653,#9654,#9655,#9656,
    #9657,#9658,#9659,#9660),.UNSPECIFIED.,.F.,.F.,(8,6,6,8),(0.,
    0.613417796122,0.755364904602,1.),.UNSPECIFIED.);
#9641 = CARTESIAN_POINT('',(29.8,-89.2,5.395778355556));
#9642 = CARTESIAN_POINT('',(29.8,-89.32537159273,5.395752821541));
#9643 = CARTESIAN_POINT('',(29.818336818681,-89.45045067337,
    5.39572786666));
#9644 = CARTESIAN_POINT('',(29.854863049479,-89.57362291876,
    5.395703828816));
#9645 = CARTESIAN_POINT('',(29.91010168664,-89.69268402889,
    5.395681125338));
#9646 = CARTESIAN_POINT('',(29.984435343841,-89.80467146704,
    5.395660260148));
#9647 = CARTESIAN_POINT('',(30.07784180935,-89.9059578588,5.395641763347
    ));
#9648 = CARTESIAN_POINT('',(30.215391204709,-90.01197140522,
    5.395622689569));
#9649 = CARTESIAN_POINT('',(30.242198295121,-90.03106368979,
    5.395619269163));
#9650 = CARTESIAN_POINT('',(30.269943326311,-90.04926645054,
    5.39561602131));
#9651 = CARTESIAN_POINT('',(30.298598326652,-90.06651674561,
    5.395612955035));
#9652 = CARTESIAN_POINT('',(30.328127158503,-90.08275020102,
    5.395610079515));
#9653 = CARTESIAN_POINT('',(30.358484262738,-90.09790262812,
    5.395607403867));
#9654 = CARTESIAN_POINT('',(30.443262120378,-90.1360551145,5.39560068534
    ));
#9655 = CARTESIAN_POINT('',(30.499228688,-90.15681372303,5.395597051659)
  );
#9656 = CARTESIAN_POINT('',(30.55719203871,-90.17384649004,
    5.395594085053));
#9657 = CARTESIAN_POINT('',(30.616757054295,-90.18685871258,
    5.395591826699));
#9658 = CARTESIAN_POINT('',(30.67745257717,-90.19562103867,
    5.395590308666));
#9659 = CARTESIAN_POINT('',(30.738735366642,-90.2,5.39558955));
#9660 = CARTESIAN_POINT('',(30.8,-90.2,5.39558955));
#9661 = PCURVE('',#4526,#9662);
#9662 = DEFINITIONAL_REPRESENTATION('',(#9663),#9684);
#9663 = B_SPLINE_CURVE_WITH_KNOTS('',7,(#9664,#9665,#9666,#9667,#9668,
    #9669,#9670,#9671,#9672,#9673,#9674,#9675,#9676,#9677,#9678,#9679,
    #9680,#9681,#9682,#9683),.UNSPECIFIED.,.F.,.F.,(8,6,6,8),(0.,
    0.613417796122,0.755364904602,1.),.UNSPECIFIED.);
#9664 = CARTESIAN_POINT('',(18.800000532853,0.128152128979));
#9665 = CARTESIAN_POINT('',(18.925372128172,0.128152128979));
#9666 = CARTESIAN_POINT('',(19.050451211282,0.12777311247));
#9667 = CARTESIAN_POINT('',(19.173623459002,0.127018126303));
#9668 = CARTESIAN_POINT('',(19.292684571283,0.125876360342));
#9669 = CARTESIAN_POINT('',(19.404672011356,0.12433990608));
#9670 = CARTESIAN_POINT('',(19.505958404786,0.122409222626));
#9671 = CARTESIAN_POINT('',(19.611971952904,0.119566118133));
#9672 = CARTESIAN_POINT('',(19.631064237783,0.119012023664));
#9673 = CARTESIAN_POINT('',(19.649266998814,0.118438542242));
#9674 = CARTESIAN_POINT('',(19.66651729416,0.117846252033));
#9675 = CARTESIAN_POINT('',(19.68275074982,0.11723589999));
#9676 = CARTESIAN_POINT('',(19.697903177147,0.116608427806));
#9677 = CARTESIAN_POINT('',(19.736055664119,0.114856095073));
#9678 = CARTESIAN_POINT('',(19.75681427296,0.11369928301));
#9679 = CARTESIAN_POINT('',(19.773847040226,0.112501198042));
#9680 = CARTESIAN_POINT('',(19.786859262954,0.111270007146));
#9681 = CARTESIAN_POINT('',(19.795621589172,0.110015449004));
#9682 = CARTESIAN_POINT('',(19.800000550568,0.10874875224));
#9683 = CARTESIAN_POINT('',(19.800000550568,0.107482430757));
#9684 = ( GEOMETRIC_REPRESENTATION_CONTEXT(2) 
PARAMETRIC_REPRESENTATION_CONTEXT() REPRESENTATION_CONTEXT('2D SPACE',''
  ) );
#9685 = PCURVE('',#4494,#9686);
#9686 = DEFINITIONAL_REPRESENTATION('',(#9687),#9708);
#9687 = B_SPLINE_CURVE_WITH_KNOTS('',7,(#9688,#9689,#9690,#9691,#9692,
    #9693,#9694,#9695,#9696,#9697,#9698,#9699,#9700,#9701,#9702,#9703,
    #9704,#9705,#9706,#9707),.UNSPECIFIED.,.F.,.F.,(8,6,6,8),(0.,
    0.613417796122,0.755364904602,1.),.UNSPECIFIED.);
#9688 = CARTESIAN_POINT('',(6.28318530718,-6.395778355556));
#9689 = CARTESIAN_POINT('',(6.157813714445,-6.395752821541));
#9690 = CARTESIAN_POINT('',(6.032734571734,-6.39572786666));
#9691 = CARTESIAN_POINT('',(5.906344709911,-6.395703828816));
#9692 = CARTESIAN_POINT('',(5.777688700335,-6.395681125338));
#9693 = CARTESIAN_POINT('',(5.645867889182,-6.395660260148));
#9694 = CARTESIAN_POINT('',(5.510054471914,-6.395641763347));
#9695 = CARTESIAN_POINT('',(5.336391844419,-6.395622689569));
#9696 = CARTESIAN_POINT('',(5.303504235712,-6.395619269163));
#9697 = CARTESIAN_POINT('',(5.270360116609,-6.39561602131));
#9698 = CARTESIAN_POINT('',(5.236959120759,-6.395612955035));
#9699 = CARTESIAN_POINT('',(5.20330438483,-6.395610079515));
#9700 = CARTESIAN_POINT('',(5.169403079949,-6.395607403867));
#9701 = CARTESIAN_POINT('',(5.076435895612,-6.39560068534));
#9702 = CARTESIAN_POINT('',(5.016880379491,-6.395597051659));
#9703 = CARTESIAN_POINT('',(4.95669997669,-6.395594085053));
#9704 = CARTESIAN_POINT('',(4.896007761903,-6.395591826699));
#9705 = CARTESIAN_POINT('',(4.834936306736,-6.395590308666));
#9706 = CARTESIAN_POINT('',(4.773653613742,-6.39558955));
#9707 = CARTESIAN_POINT('',(4.712388980385,-6.39558955));
#9708 = ( GEOMETRIC_REPRESENTATION_CONTEXT(2) 
PARAMETRIC_REPRESENTATION_CONTEXT() REPRESENTATION_CONTEXT('2D SPACE',''
  ) );
#9709 = ADVANCED_FACE('',(#9710),#4494,.F.);
#9710 = FACE_BOUND('',#9711,.F.);
#9711 = EDGE_LOOP('',(#9712,#9713,#9714,#9715));
#9712 = ORIENTED_EDGE('',*,*,#9638,.T.);
#9713 = ORIENTED_EDGE('',*,*,#4478,.T.);
#9714 = ORIENTED_EDGE('',*,*,#6181,.F.);
#9715 = ORIENTED_EDGE('',*,*,#7249,.F.);
#9716 = ADVANCED_FACE('',(#9717),#4386,.F.);
#9717 = FACE_BOUND('',#9718,.F.);
#9718 = EDGE_LOOP('',(#9719,#9720,#9752,#9753));
#9719 = ORIENTED_EDGE('',*,*,#4366,.F.);
#9720 = ORIENTED_EDGE('',*,*,#9721,.T.);
#9721 = EDGE_CURVE('',#4287,#8159,#9722,.T.);
#9722 = SURFACE_CURVE('',#9723,(#9739,#9746),.PCURVE_S1.);
#9723 = B_SPLINE_CURVE_WITH_KNOTS('',3,(#9724,#9725,#9726,#9727,#9728,
    #9729,#9730,#9731,#9732,#9733,#9734,#9735,#9736,#9737,#9738),
  .UNSPECIFIED.,.F.,.F.,(4,1,1,1,1,1,1,1,1,1,1,1,4),(0.,2.000001029291,
    4.000008896765,6.000026850516,8.000055061445,10.000091392604,
    12.000132168506,14.000172944408,16.000209275567,18.000237486496,
    20.000255440247,22.000263307721,24.000264337012),.UNSPECIFIED.);
#9724 = CARTESIAN_POINT('',(39.625,-70.4,6.2));
#9725 = CARTESIAN_POINT('',(39.625,-71.06666744547,6.20000000052));
#9726 = CARTESIAN_POINT('',(39.625,-72.40000338377,6.198567701986));
#9727 = CARTESIAN_POINT('',(39.625,-74.40000516667,6.192838523274));
#9728 = CARTESIAN_POINT('',(39.625,-76.40000518243,6.184244766095));
#9729 = CARTESIAN_POINT('',(39.625,-78.4000041055,6.173502580168));
#9730 = CARTESIAN_POINT('',(39.625,-80.40000224301,6.161328110634));
#9731 = CARTESIAN_POINT('',(39.625,-82.4,6.1484375));
#9732 = CARTESIAN_POINT('',(39.625,-84.39999775698,6.135546889366));
#9733 = CARTESIAN_POINT('',(39.625,-86.39999589449,6.123372419832));
#9734 = CARTESIAN_POINT('',(39.625,-88.39999481756,6.112630233905));
#9735 = CARTESIAN_POINT('',(39.625,-90.39999483332,6.104036476726));
#9736 = CARTESIAN_POINT('',(39.625,-92.39999661622,6.098307298014));
#9737 = CARTESIAN_POINT('',(39.625,-93.73333255452,6.09687499948));
#9738 = CARTESIAN_POINT('',(39.625,-94.4,6.096875));
#9739 = PCURVE('',#4386,#9740);
#9740 = DEFINITIONAL_REPRESENTATION('',(#9741),#9745);
#9741 = LINE('',#9742,#9743);
#9742 = CARTESIAN_POINT('',(0.,0.));
#9743 = VECTOR('',#9744,1.);
#9744 = DIRECTION('',(1.,0.));
#9745 = ( GEOMETRIC_REPRESENTATION_CONTEXT(2) 
PARAMETRIC_REPRESENTATION_CONTEXT() REPRESENTATION_CONTEXT('2D SPACE',''
  ) );
#9746 = PCURVE('',#4306,#9747);
#9747 = DEFINITIONAL_REPRESENTATION('',(#9748),#9751);
#9748 = B_SPLINE_CURVE_WITH_KNOTS('',1,(#9749,#9750),.UNSPECIFIED.,.F.,
  .F.,(2,2),(0.,24.000264337012),.PIECEWISE_BEZIER_KNOTS.);
#9749 = CARTESIAN_POINT('',(0.,1.));
#9750 = CARTESIAN_POINT('',(24.003495029032,1.));
#9751 = ( GEOMETRIC_REPRESENTATION_CONTEXT(2) 
PARAMETRIC_REPRESENTATION_CONTEXT() REPRESENTATION_CONTEXT('2D SPACE',''
  ) );
#9752 = ORIENTED_EDGE('',*,*,#8158,.T.);
#9753 = ORIENTED_EDGE('',*,*,#6026,.F.);
#9754 = ADVANCED_FACE('',(#9755),#4306,.F.);
#9755 = FACE_BOUND('',#9756,.F.);
#9756 = EDGE_LOOP('',(#9757,#9758,#9790,#9791));
#9757 = ORIENTED_EDGE('',*,*,#4286,.F.);
#9758 = ORIENTED_EDGE('',*,*,#9759,.T.);
#9759 = EDGE_CURVE('',#4207,#8253,#9760,.T.);
#9760 = SURFACE_CURVE('',#9761,(#9777,#9784),.PCURVE_S1.);
#9761 = B_SPLINE_CURVE_WITH_KNOTS('',3,(#9762,#9763,#9764,#9765,#9766,
    #9767,#9768,#9769,#9770,#9771,#9772,#9773,#9774,#9775,#9776),
  .UNSPECIFIED.,.F.,.F.,(4,1,1,1,1,1,1,1,1,1,1,1,4),(0.,2.000013610417,
    4.000117640628,6.000355032575,8.000728037509,10.001208396203,
    12.001747514516,14.002286632829,16.002766991523,18.003139996457,
    20.003377388404,22.003481418615,24.003495029032),.UNSPECIFIED.);
#9762 = CARTESIAN_POINT('',(43.25,-70.4,6.2));
#9763 = CARTESIAN_POINT('',(43.25,-71.06667696716,6.200000024949));
#9764 = CARTESIAN_POINT('',(43.25,-72.40004474156,6.19479136147));
#9765 = CARTESIAN_POINT('',(43.25,-74.4000683098,6.173957449026));
#9766 = CARTESIAN_POINT('',(43.25,-76.40006850818,6.142707104105));
#9767 = CARTESIAN_POINT('',(43.25,-78.40005426552,6.103644679839));
#9768 = CARTESIAN_POINT('',(43.25,-80.40002964513,6.059374309558));
#9769 = CARTESIAN_POINT('',(43.25,-82.4,6.0125));
#9770 = CARTESIAN_POINT('',(43.25,-84.39997035486,5.965625690442));
#9771 = CARTESIAN_POINT('',(43.25,-86.39994573448,5.921355320161));
#9772 = CARTESIAN_POINT('',(43.25,-88.39993149181,5.882292895895));
#9773 = CARTESIAN_POINT('',(43.25,-90.39993169019,5.851042550974));
#9774 = CARTESIAN_POINT('',(43.25,-92.39995525843,5.83020863853));
#9775 = CARTESIAN_POINT('',(43.25,-93.73332303283,5.824999975051));
#9776 = CARTESIAN_POINT('',(43.25,-94.4,5.825));
#9777 = PCURVE('',#4306,#9778);
#9778 = DEFINITIONAL_REPRESENTATION('',(#9779),#9783);
#9779 = LINE('',#9780,#9781);
#9780 = CARTESIAN_POINT('',(0.,0.));
#9781 = VECTOR('',#9782,1.);
#9782 = DIRECTION('',(1.,0.));
#9783 = ( GEOMETRIC_REPRESENTATION_CONTEXT(2) 
PARAMETRIC_REPRESENTATION_CONTEXT() REPRESENTATION_CONTEXT('2D SPACE',''
  ) );
#9784 = PCURVE('',#4226,#9785);
#9785 = DEFINITIONAL_REPRESENTATION('',(#9786),#9789);
#9786 = B_SPLINE_CURVE_WITH_KNOTS('',1,(#9787,#9788),.UNSPECIFIED.,.F.,
  .F.,(2,2),(0.,24.003495029032),.PIECEWISE_BEZIER_KNOTS.);
#9787 = CARTESIAN_POINT('',(0.,1.));
#9788 = CARTESIAN_POINT('',(24.014327180404,1.));
#9789 = ( GEOMETRIC_REPRESENTATION_CONTEXT(2) 
PARAMETRIC_REPRESENTATION_CONTEXT() REPRESENTATION_CONTEXT('2D SPACE',''
  ) );
#9790 = ORIENTED_EDGE('',*,*,#8252,.T.);
#9791 = ORIENTED_EDGE('',*,*,#9721,.F.);
#9792 = ADVANCED_FACE('',(#9793),#4226,.F.);
#9793 = FACE_BOUND('',#9794,.F.);
#9794 = EDGE_LOOP('',(#9795,#9796,#9828,#9829));
#9795 = ORIENTED_EDGE('',*,*,#4206,.F.);
#9796 = ORIENTED_EDGE('',*,*,#9797,.T.);
#9797 = EDGE_CURVE('',#4127,#8323,#9798,.T.);
#9798 = SURFACE_CURVE('',#9799,(#9815,#9822),.PCURVE_S1.);
#9799 = B_SPLINE_CURVE_WITH_KNOTS('',3,(#9800,#9801,#9802,#9803,#9804,
    #9805,#9806,#9807,#9808,#9809,#9810,#9811,#9812,#9813,#9814),
  .UNSPECIFIED.,.F.,.F.,(4,1,1,1,1,1,1,1,1,1,1,1,4),(0.,2.000055810626,
    4.000482365119,6.001455641428,8.002984752871,10.004953791012,
    12.007163590202,14.009373389392,16.011342427534,18.012871538976,
    20.013844815286,22.014271369778,24.014327180404),.UNSPECIFIED.);
#9800 = CARTESIAN_POINT('',(46.875,-70.4,6.2));
#9801 = CARTESIAN_POINT('',(46.875,-71.06670893542,6.200000205364));
#9802 = CARTESIAN_POINT('',(46.875,-72.40018343253,6.189450591553));
#9803 = CARTESIAN_POINT('',(46.875,-74.40027997707,6.147258284952));
#9804 = CARTESIAN_POINT('',(46.875,-76.40028065379,6.08397417731));
#9805 = CARTESIAN_POINT('',(46.875,-78.40022221887,6.004873247101));
#9806 = CARTESIAN_POINT('',(46.875,-80.40012136387,5.915228651132));
#9807 = CARTESIAN_POINT('',(46.875,-82.4,5.8203125));
#9808 = CARTESIAN_POINT('',(46.875,-84.39987863613,5.725396348868));
#9809 = CARTESIAN_POINT('',(46.875,-86.39977778112,5.635751752899));
#9810 = CARTESIAN_POINT('',(46.875,-88.3997193462,5.55665082269));
#9811 = CARTESIAN_POINT('',(46.875,-90.39972002292,5.493366715048));
#9812 = CARTESIAN_POINT('',(46.875,-92.39981656746,5.451174408447));
#9813 = CARTESIAN_POINT('',(46.875,-93.73329106457,5.440624794636));
#9814 = CARTESIAN_POINT('',(46.875,-94.4,5.440625));
#9815 = PCURVE('',#4226,#9816);
#9816 = DEFINITIONAL_REPRESENTATION('',(#9817),#9821);
#9817 = LINE('',#9818,#9819);
#9818 = CARTESIAN_POINT('',(0.,0.));
#9819 = VECTOR('',#9820,1.);
#9820 = DIRECTION('',(1.,0.));
#9821 = ( GEOMETRIC_REPRESENTATION_CONTEXT(2) 
PARAMETRIC_REPRESENTATION_CONTEXT() REPRESENTATION_CONTEXT('2D SPACE',''
  ) );
#9822 = PCURVE('',#4146,#9823);
#9823 = DEFINITIONAL_REPRESENTATION('',(#9824),#9827);
#9824 = B_SPLINE_CURVE_WITH_KNOTS('',1,(#9825,#9826),.UNSPECIFIED.,.F.,
  .F.,(2,2),(0.,24.014327180404),.PIECEWISE_BEZIER_KNOTS.);
#9825 = CARTESIAN_POINT('',(0.,1.));
#9826 = CARTESIAN_POINT('',(24.035754742414,1.));
#9827 = ( GEOMETRIC_REPRESENTATION_CONTEXT(2) 
PARAMETRIC_REPRESENTATION_CONTEXT() REPRESENTATION_CONTEXT('2D SPACE',''
  ) );
#9828 = ORIENTED_EDGE('',*,*,#8367,.T.);
#9829 = ORIENTED_EDGE('',*,*,#9759,.F.);
#9830 = ADVANCED_FACE('',(#9831),#4146,.F.);
#9831 = FACE_BOUND('',#9832,.F.);
#9832 = EDGE_LOOP('',(#9833,#9834,#9866,#9867));
#9833 = ORIENTED_EDGE('',*,*,#4126,.F.);
#9834 = ORIENTED_EDGE('',*,*,#9835,.T.);
#9835 = EDGE_CURVE('',#4047,#8300,#9836,.T.);
#9836 = SURFACE_CURVE('',#9837,(#9853,#9860),.PCURVE_S1.);
#9837 = B_SPLINE_CURVE_WITH_KNOTS('',3,(#9838,#9839,#9840,#9841,#9842,
    #9843,#9844,#9845,#9846,#9847,#9848,#9849,#9850,#9851,#9852),
  .UNSPECIFIED.,.F.,.F.,(4,1,1,1,1,1,1,1,1,1,1,1,4),(0.,2.000139366286,
    4.001204379791,6.003633941906,8.007450227595,10.012363655885,
    12.017877371207,14.023391086529,16.02830451482,18.032120800508,
    20.034550362624,22.035615376128,24.035754742414),.UNSPECIFIED.);
#9838 = CARTESIAN_POINT('',(50.5,-70.4,6.2));
#9839 = CARTESIAN_POINT('',(50.5,-71.06677236842,6.20000079633));
#9840 = CARTESIAN_POINT('',(50.5,-72.40045788705,6.183323342446));
#9841 = CARTESIAN_POINT('',(50.5,-74.40069848256,6.116637725301));
#9842 = CARTESIAN_POINT('',(50.5,-76.40069949906,6.016626499234));
#9843 = CARTESIAN_POINT('',(50.5,-78.40055342506,5.89162902081));
#9844 = CARTESIAN_POINT('',(50.5,-80.40030208482,5.74997748576));
#9845 = CARTESIAN_POINT('',(50.5,-82.4,5.6));
#9846 = CARTESIAN_POINT('',(50.5,-84.39969791517,5.45002251424));
#9847 = CARTESIAN_POINT('',(50.5,-86.39944657493,5.30837097919));
#9848 = CARTESIAN_POINT('',(50.5,-88.39930050093,5.183373500766));
#9849 = CARTESIAN_POINT('',(50.5,-90.39930151743,5.083362274699));
#9850 = CARTESIAN_POINT('',(50.5,-92.39954211294,5.016676657554));
#9851 = CARTESIAN_POINT('',(50.5,-93.73322763157,4.99999920367));
#9852 = CARTESIAN_POINT('',(50.5,-94.4,5.));
#9853 = PCURVE('',#4146,#9854);
#9854 = DEFINITIONAL_REPRESENTATION('',(#9855),#9859);
#9855 = LINE('',#9856,#9857);
#9856 = CARTESIAN_POINT('',(0.,0.));
#9857 = VECTOR('',#9858,1.);
#9858 = DIRECTION('',(1.,0.));
#9859 = ( GEOMETRIC_REPRESENTATION_CONTEXT(2) 
PARAMETRIC_REPRESENTATION_CONTEXT() REPRESENTATION_CONTEXT('2D SPACE',''
  ) );
#9860 = PCURVE('',#4066,#9861);
#9861 = DEFINITIONAL_REPRESENTATION('',(#9862),#9865);
#9862 = B_SPLINE_CURVE_WITH_KNOTS('',1,(#9863,#9864),.UNSPECIFIED.,.F.,
  .F.,(2,2),(0.,24.035754742414),.PIECEWISE_BEZIER_KNOTS.);
#9863 = CARTESIAN_POINT('',(0.,1.));
#9864 = CARTESIAN_POINT('',(24.066771222051,1.));
#9865 = ( GEOMETRIC_REPRESENTATION_CONTEXT(2) 
PARAMETRIC_REPRESENTATION_CONTEXT() REPRESENTATION_CONTEXT('2D SPACE',''
  ) );
#9866 = ORIENTED_EDGE('',*,*,#8345,.T.);
#9867 = ORIENTED_EDGE('',*,*,#9797,.F.);
#9868 = ADVANCED_FACE('',(#9869),#4066,.F.);
#9869 = FACE_BOUND('',#9870,.F.);
#9870 = EDGE_LOOP('',(#9871,#9872,#9904,#9905));
#9871 = ORIENTED_EDGE('',*,*,#4046,.F.);
#9872 = ORIENTED_EDGE('',*,*,#9873,.T.);
#9873 = EDGE_CURVE('',#3967,#8206,#9874,.T.);
#9874 = SURFACE_CURVE('',#9875,(#9891,#9898),.PCURVE_S1.);
#9875 = B_SPLINE_CURVE_WITH_KNOTS('',3,(#9876,#9877,#9878,#9879,#9880,
    #9881,#9882,#9883,#9884,#9885,#9886,#9887,#9888,#9889,#9890),
  .UNSPECIFIED.,.F.,.F.,(4,1,1,1,1,1,1,1,1,1,1,1,4),(0.,2.000260495805,
    4.002250760565,6.006789709957,8.013917222922,10.023091650173,
    12.033385611025,14.043679571878,16.052853999129,18.059981512094,
    20.064520461486,22.066510726246,24.066771222051),.UNSPECIFIED.);
#9876 = CARTESIAN_POINT('',(54.125,-70.4,6.2));
#9877 = CARTESIAN_POINT('',(54.125,-71.06686464554,6.200001983189));
#9878 = CARTESIAN_POINT('',(54.125,-72.40085540454,6.177188033478));
#9879 = CARTESIAN_POINT('',(54.125,-74.40130379081,6.085993834742));
#9880 = CARTESIAN_POINT('',(54.125,-76.4013038786,5.9492465826));
#9881 = CARTESIAN_POINT('',(54.125,-78.40103043668,5.778354685872));
#9882 = CARTESIAN_POINT('',(54.125,-80.40056201558,5.584708357335));
#9883 = CARTESIAN_POINT('',(54.125,-82.4,5.3796875));
#9884 = CARTESIAN_POINT('',(54.125,-84.39943798441,5.174666642665));
#9885 = CARTESIAN_POINT('',(54.125,-86.39896956331,4.981020314128));
#9886 = CARTESIAN_POINT('',(54.125,-88.39869612139,4.8101284174));
#9887 = CARTESIAN_POINT('',(54.125,-90.39869620918,4.673381165258));
#9888 = CARTESIAN_POINT('',(54.125,-92.39914459546,4.582186966522));
#9889 = CARTESIAN_POINT('',(54.125,-93.73313535445,4.559373016811));
#9890 = CARTESIAN_POINT('',(54.125,-94.4,4.559375));
#9891 = PCURVE('',#4066,#9892);
#9892 = DEFINITIONAL_REPRESENTATION('',(#9893),#9897);
#9893 = LINE('',#9894,#9895);
#9894 = CARTESIAN_POINT('',(0.,0.));
#9895 = VECTOR('',#9896,1.);
#9896 = DIRECTION('',(1.,0.));
#9897 = ( GEOMETRIC_REPRESENTATION_CONTEXT(2) 
PARAMETRIC_REPRESENTATION_CONTEXT() REPRESENTATION_CONTEXT('2D SPACE',''
  ) );
#9898 = PCURVE('',#3986,#9899);
#9899 = DEFINITIONAL_REPRESENTATION('',(#9900),#9903);
#9900 = B_SPLINE_CURVE_WITH_KNOTS('',1,(#9901,#9902),.UNSPECIFIED.,.F.,
  .F.,(2,2),(0.,24.066771222051),.PIECEWISE_BEZIER_KNOTS.);
#9901 = CARTESIAN_POINT('',(0.,1.));
#9902 = CARTESIAN_POINT('',(24.101618177282,1.));
#9903 = ( GEOMETRIC_REPRESENTATION_CONTEXT(2) 
PARAMETRIC_REPRESENTATION_CONTEXT() REPRESENTATION_CONTEXT('2D SPACE',''
  ) );
#9904 = ORIENTED_EDGE('',*,*,#8299,.T.);
#9905 = ORIENTED_EDGE('',*,*,#9835,.F.);
#9906 = ADVANCED_FACE('',(#9907),#3986,.F.);
#9907 = FACE_BOUND('',#9908,.F.);
#9908 = EDGE_LOOP('',(#9909,#9910,#9911,#9912));
#9909 = ORIENTED_EDGE('',*,*,#3966,.F.);
#9910 = ORIENTED_EDGE('',*,*,#8522,.T.);
#9911 = ORIENTED_EDGE('',*,*,#8205,.T.);
#9912 = ORIENTED_EDGE('',*,*,#9873,.F.);
#9913 = ADVANCED_FACE('',(#9914),#3896,.F.);
#9914 = FACE_BOUND('',#9915,.F.);
#9915 = EDGE_LOOP('',(#9916,#9917,#9918,#9919));
#9916 = ORIENTED_EDGE('',*,*,#8629,.T.);
#9917 = ORIENTED_EDGE('',*,*,#5429,.T.);
#9918 = ORIENTED_EDGE('',*,*,#5329,.F.);
#9919 = ORIENTED_EDGE('',*,*,#3880,.F.);
#9920 = ADVANCED_FACE('',(#9921),#5805,.T.);
#9921 = FACE_BOUND('',#9922,.T.);
#9922 = EDGE_LOOP('',(#9923,#9924,#10176,#10197));
#9923 = ORIENTED_EDGE('',*,*,#5791,.F.);
#9924 = ORIENTED_EDGE('',*,*,#9925,.T.);
#9925 = EDGE_CURVE('',#5561,#9926,#9928,.T.);
#9926 = VERTEX_POINT('',#9927);
#9927 = CARTESIAN_POINT('',(136.2,-88.75757147143,3.335587670421));
#9928 = SURFACE_CURVE('',#9929,(#9986,#10081),.PCURVE_S1.);
#9929 = B_SPLINE_CURVE_WITH_KNOTS('',7,(#9930,#9931,#9932,#9933,#9934,
    #9935,#9936,#9937,#9938,#9939,#9940,#9941,#9942,#9943,#9944,#9945,
    #9946,#9947,#9948,#9949,#9950,#9951,#9952,#9953,#9954,#9955,#9956,
    #9957,#9958,#9959,#9960,#9961,#9962,#9963,#9964,#9965,#9966,#9967,
    #9968,#9969,#9970,#9971,#9972,#9973,#9974,#9975,#9976,#9977,#9978,
    #9979,#9980,#9981,#9982,#9983,#9984,#9985),.UNSPECIFIED.,.F.,.F.,(8,
    6,6,6,6,6,6,6,6,8),(0.,0.25861430142,0.662112235138,1.,1.22496100392
    ,1.681006196979,2.067680684365,2.330105504449,2.658545073761,
    2.919910416116),.UNSPECIFIED.);
#9930 = CARTESIAN_POINT('',(132.79233155564,-93.60000059993,
    3.007819489592));
#9931 = CARTESIAN_POINT('',(132.66160272525,-93.53668581168,
    3.009043598864));
#9932 = CARTESIAN_POINT('',(132.53670949264,-93.46708041616,
    3.01049847982));
#9933 = CARTESIAN_POINT('',(132.41794422531,-93.39189401623,
    3.012208616689));
#9934 = CARTESIAN_POINT('',(132.30545015836,-93.31180480655,
    3.014196714738));
#9935 = CARTESIAN_POINT('',(132.19925998043,-93.2274292509,
    3.016481237552));
#9936 = CARTESIAN_POINT('',(132.09932660244,-93.13929981614,
    3.019076261275));
#9937 = CARTESIAN_POINT('',(131.85922691852,-92.90516915591,
    3.026545438339));
#9938 = CARTESIAN_POINT('',(131.72798347496,-92.75450239142,
    3.031878866001));
#9939 = CARTESIAN_POINT('',(131.61132644388,-92.59745287671,
    3.038039182292));
#9940 = CARTESIAN_POINT('',(131.50881630676,-92.43535172019,
    3.045048240982));
#9941 = CARTESIAN_POINT('',(131.42000509994,-92.26929361154,
    3.052906349924));
#9942 = CARTESIAN_POINT('',(131.34445170384,-92.10014111928,
    3.061599684583));
#9943 = CARTESIAN_POINT('',(131.22935530929,-91.78476539505,
    3.079079897404));
#9944 = CARTESIAN_POINT('',(131.18597629569,-91.63934698262,
    3.087618329552));
#9945 = CARTESIAN_POINT('',(131.1514722453,-91.49264512979,3.09671635474
    ));
#9946 = CARTESIAN_POINT('',(131.12570185999,-91.34503016514,
    3.106354781869));
#9947 = CARTESIAN_POINT('',(131.10856486863,-91.19684447656,
    3.116508490646));
#9948 = CARTESIAN_POINT('',(131.1,-91.04840435642,3.127147644227));
#9949 = CARTESIAN_POINT('',(131.1,-90.80119443058,3.145623564065));
#9950 = CARTESIAN_POINT('',(131.10379643136,-90.70241162436,
    3.153208025975));
#9951 = CARTESIAN_POINT('',(131.11138657311,-90.60374079755,
    3.160982338674));
#9952 = CARTESIAN_POINT('',(131.12277646486,-90.50527379311,
    3.168935098073));
#9953 = CARTESIAN_POINT('',(131.13798122623,-90.40710516085,
    3.177053639471));
#9954 = CARTESIAN_POINT('',(131.15702537631,-90.30933223754,
    3.185324078344));
#9955 = CARTESIAN_POINT('',(131.22640250265,-90.01485343523,
    3.210774733195));
#9956 = CARTESIAN_POINT('',(131.28875557269,-89.81979827881,
    3.228371059526));
#9957 = CARTESIAN_POINT('',(131.36729587761,-89.62757653258,
    3.24640607196));
#9958 = CARTESIAN_POINT('',(131.46250188794,-89.43916601209,
    3.264727967151));
#9959 = CARTESIAN_POINT('',(131.57495075174,-89.25583086381,
    3.283139433963));
#9960 = CARTESIAN_POINT('',(131.70524801119,-89.0791029854,
    3.301397202043));
#9961 = CARTESIAN_POINT('',(131.9805914825,-88.76823670905,
    3.334300654616));
#9962 = CARTESIAN_POINT('',(132.12026510607,-88.6318387183,
    3.349059599838));
#9963 = CARTESIAN_POINT('',(132.27376627426,-88.50280004733,
    3.363300973946));
#9964 = CARTESIAN_POINT('',(132.44141984988,-88.38278335392,
    3.376780116993));
#9965 = CARTESIAN_POINT('',(132.62317611857,-88.273852686,3.389194335596
    ));
#9966 = CARTESIAN_POINT('',(132.81848831859,-88.17840290078,
    3.400195006598));
#9967 = CARTESIAN_POINT('',(133.1667293839,-88.04487438688,3.41570683484
    ));
#9968 = CARTESIAN_POINT('',(133.31309756508,-87.99822064662,
    3.421166878168));
#9969 = CARTESIAN_POINT('',(133.46434506849,-87.95975120015,
    3.425696338452));
#9970 = CARTESIAN_POINT('',(133.61957806459,-87.93021872208,
    3.429188153411));
#9971 = CARTESIAN_POINT('',(133.77769275483,-87.91023209225,
    3.431556325991));
#9972 = CARTESIAN_POINT('',(133.93735389494,-87.90016294401,
    3.432749383836));
#9973 = CARTESIAN_POINT('',(134.29673009434,-87.89979952014,
    3.432792445294));
#9974 = CARTESIAN_POINT('',(134.49666076076,-87.91511636609,
    3.430977588505));
#9975 = CARTESIAN_POINT('',(134.69352720611,-87.94599642506,
    3.42731846418));
#9976 = CARTESIAN_POINT('',(134.88485757891,-87.9914885066,
    3.421945277409));
#9977 = CARTESIAN_POINT('',(135.06877295799,-88.05021775349,
    3.415055078857));
#9978 = CARTESIAN_POINT('',(135.24391802342,-88.12056166613,
    3.406878398476));
#9979 = CARTESIAN_POINT('',(135.54107482874,-88.26471556136,
    3.390308278925));
#9980 = CARTESIAN_POINT('',(135.66675690519,-88.33494415647,
    3.382293197715));
#9981 = CARTESIAN_POINT('',(135.78616321204,-88.41078803057,
    3.373711629254));
#9982 = CARTESIAN_POINT('',(135.89916815119,-88.49155243075,
    3.36466475319));
#9983 = CARTESIAN_POINT('',(136.00575703865,-88.57661090155,
    3.355244356702));
#9984 = CARTESIAN_POINT('',(136.10599436641,-88.66542751989,
    3.345529924084));
#9985 = CARTESIAN_POINT('',(136.19999999912,-88.75757147057,
    3.335587654168));
#9986 = PCURVE('',#5805,#9987);
#9987 = DEFINITIONAL_REPRESENTATION('',(#9988),#10080);
#9988 = B_SPLINE_CURVE_WITH_KNOTS('',3,(#9989,#9990,#9991,#9992,#9993,
    #9994,#9995,#9996,#9997,#9998,#9999,#10000,#10001,#10002,#10003,
    #10004,#10005,#10006,#10007,#10008,#10009,#10010,#10011,#10012,
    #10013,#10014,#10015,#10016,#10017,#10018,#10019,#10020,#10021,
    #10022,#10023,#10024,#10025,#10026,#10027,#10028,#10029,#10030,
    #10031,#10032,#10033,#10034,#10035,#10036,#10037,#10038,#10039,
    #10040,#10041,#10042,#10043,#10044,#10045,#10046,#10047,#10048,
    #10049,#10050,#10051,#10052,#10053,#10054,#10055,#10056,#10057,
    #10058,#10059,#10060,#10061,#10062,#10063,#10064,#10065,#10066,
    #10067,#10068,#10069,#10070,#10071,#10072,#10073,#10074,#10075,
    #10076,#10077,#10078,#10079),.UNSPECIFIED.,.F.,.F.,(4,1,1,1,1,1,1,1,
    1,1,1,1,1,1,1,1,1,1,1,1,1,1,1,1,1,1,1,1,1,1,1,1,1,1,1,1,1,1,1,1,1,1,
    1,1,1,1,1,1,1,1,1,1,1,1,1,1,1,1,1,1,1,1,1,1,1,1,1,1,1,1,1,1,1,1,1,1,
    1,1,1,1,1,1,1,1,1,1,1,1,4),(0.,3.318080018314E-02,6.636160036628E-02
    ,9.954240054941E-02,0.132723200733,0.165904000916,0.199084801099,
    0.232265601282,0.265446401465,0.298627201648,0.331808001831,
    0.364988802015,0.398169602198,0.431350402381,0.464531202564,
    0.497712002747,0.53089280293,0.564073603113,0.597254403296,
    0.63043520348,0.663616003663,0.696796803846,0.729977604029,
    0.763158404212,0.796339204395,0.829520004578,0.862700804762,
    0.895881604945,0.929062405128,0.962243205311,0.995424005494,
    1.028604805677,1.06178560586,1.094966406044,1.128147206227,
    1.16132800641,1.194508806593,1.227689606776,1.260870406959,
    1.294051207142,1.327232007326,1.360412807509,1.393593607692,
    1.426774407875,1.459955208058,1.493136008241,1.526316808424,
    1.559497608607,1.592678408791,1.625859208974,1.659040009157,
    1.69222080934,1.725401609523,1.758582409706,1.791763209889,
    1.824944010073,1.858124810256,1.891305610439,1.924486410622,
    1.957667210805,1.990848010988,2.024028811171,2.057209611355,
    2.090390411538,2.123571211721,2.156752011904,2.189932812087,
    2.22311361227,2.256294412453,2.289475212637,2.32265601282,
    2.355836813003,2.389017613186,2.422198413369,2.455379213552,
    2.488560013735,2.521740813918,2.554921614102,2.588102414285,
    2.621283214468,2.654464014651,2.687644814834,2.720825615017,
    2.7540064152,2.787187215384,2.820368015567,2.85354881575,
    2.886729615933,2.919910416116),.QUASI_UNIFORM_KNOTS.);
#9989 = CARTESIAN_POINT('',(5.1634153334,-1.407819489592));
#9990 = CARTESIAN_POINT('',(5.177910685989,-1.408185901865));
#9991 = CARTESIAN_POINT('',(5.206707269548,-1.408972101967));
#9992 = CARTESIAN_POINT('',(5.249324112021,-1.410321481344));
#9993 = CARTESIAN_POINT('',(5.291365737191,-1.411851167996));
#9994 = CARTESIAN_POINT('',(5.332840268131,-1.413570425733));
#9995 = CARTESIAN_POINT('',(5.373758894133,-1.415487758202));
#9996 = CARTESIAN_POINT('',(5.414136591202,-1.417610819035));
#9997 = CARTESIAN_POINT('',(5.453990783069,-1.419946366476));
#9998 = CARTESIAN_POINT('',(5.493345924995,-1.422500646549));
#9999 = CARTESIAN_POINT('',(5.532215392495,-1.425278218394));
#10000 = CARTESIAN_POINT('',(5.570625363685,-1.428283542703));
#10001 = CARTESIAN_POINT('',(5.608603228233,-1.431520453894));
#10002 = CARTESIAN_POINT('',(5.646173998754,-1.434991881742));
#10003 = CARTESIAN_POINT('',(5.683361775353,-1.43869997561));
#10004 = CARTESIAN_POINT('',(5.720189799095,-1.442646131976));
#10005 = CARTESIAN_POINT('',(5.756680829478,-1.446831058163));
#10006 = CARTESIAN_POINT('',(5.792857411308,-1.451254839937));
#10007 = CARTESIAN_POINT('',(5.828742080189,-1.455917009442));
#10008 = CARTESIAN_POINT('',(5.864357793171,-1.460816659873));
#10009 = CARTESIAN_POINT('',(5.899727439507,-1.465952424895));
#10010 = CARTESIAN_POINT('',(5.934876776087,-1.471323004285));
#10011 = CARTESIAN_POINT('',(5.969824550686,-1.476925683445));
#10012 = CARTESIAN_POINT('',(6.004588096491,-1.482757011193));
#10013 = CARTESIAN_POINT('',(6.03918960304,-1.488813941079));
#10014 = CARTESIAN_POINT('',(6.07364889225,-1.495092684299));
#10015 = CARTESIAN_POINT('',(6.107985618964,-1.501589049934));
#10016 = CARTESIAN_POINT('',(6.142218925554,-1.508298387913));
#10017 = CARTESIAN_POINT('',(6.176367755343,-1.515215637906));
#10018 = CARTESIAN_POINT('',(6.210451001624,-1.522335355937));
#10019 = CARTESIAN_POINT('',(6.244487606977,-1.52965172839));
#10020 = CARTESIAN_POINT('',(6.278497004481,-1.537158662856));
#10021 = CARTESIAN_POINT('',(6.312498247137,-1.544849588425));
#10022 = CARTESIAN_POINT('',(6.34650872341,-1.552717118329));
#10023 = CARTESIAN_POINT('',(6.380547772733,-1.560753846496));
#10024 = CARTESIAN_POINT('',(6.414634054722,-1.568951728734));
#10025 = CARTESIAN_POINT('',(6.448786612998,-1.577302295088));
#10026 = CARTESIAN_POINT('',(6.483024156415,-1.585796435722));
#10027 = CARTESIAN_POINT('',(6.517367925611,-1.594425088089));
#10028 = CARTESIAN_POINT('',(6.551831855694,-1.603176703547));
#10029 = CARTESIAN_POINT('',(6.586436279508,-1.612040616246));
#10030 = CARTESIAN_POINT('',(6.621205199412,-1.621006382332));
#10031 = CARTESIAN_POINT('',(6.656160781718,-1.63006229252));
#10032 = CARTESIAN_POINT('',(6.69132509572,-1.639195732426));
#10033 = CARTESIAN_POINT('',(6.726719912412,-1.648393051811));
#10034 = CARTESIAN_POINT('',(6.762367026859,-1.657639568119));
#10035 = CARTESIAN_POINT('',(6.798288452941,-1.666919536416));
#10036 = CARTESIAN_POINT('',(6.834506660237,-1.676216126756));
#10037 = CARTESIAN_POINT('',(6.871044862543,-1.685511407546));
#10038 = CARTESIAN_POINT('',(6.907927195658,-1.694786294415));
#10039 = CARTESIAN_POINT('',(6.945179477289,-1.704020622818));
#10040 = CARTESIAN_POINT('',(6.982827999214,-1.713192746734));
#10041 = CARTESIAN_POINT('',(7.020905922678,-1.722280890586));
#10042 = CARTESIAN_POINT('',(7.059425494125,-1.731256491411));
#10043 = CARTESIAN_POINT('',(7.09841564634,-1.740093185227));
#10044 = CARTESIAN_POINT('',(7.137902499153,-1.748761912566));
#10045 = CARTESIAN_POINT('',(7.177908552681,-1.757230826265));
#10046 = CARTESIAN_POINT('',(7.218453171431,-1.76546548355));
#10047 = CARTESIAN_POINT('',(7.259552641155,-1.773428995233));
#10048 = CARTESIAN_POINT('',(7.301220239633,-1.781082225277));
#10049 = CARTESIAN_POINT('',(7.343466234849,-1.788384027332));
#10050 = CARTESIAN_POINT('',(7.386297638548,-1.795291511029));
#10051 = CARTESIAN_POINT('',(7.429718377909,-1.801760412768));
#10052 = CARTESIAN_POINT('',(7.473727263338,-1.807745311705));
#10053 = CARTESIAN_POINT('',(7.518323409337,-1.813200685846));
#10054 = CARTESIAN_POINT('',(7.563466259001,-1.818077256386));
#10055 = CARTESIAN_POINT('',(7.609101542072,-1.822327749353));
#10056 = CARTESIAN_POINT('',(7.655172190842,-1.825909162326));
#10057 = CARTESIAN_POINT('',(7.70161404376,-1.828783318379));
#10058 = CARTESIAN_POINT('',(7.748355005595,-1.830917983675));
#10059 = CARTESIAN_POINT('',(7.795313732809,-1.832287975203));
#10060 = CARTESIAN_POINT('',(7.842394721121,-1.83287632135));
#10061 = CARTESIAN_POINT('',(7.889495813429,-1.832675798059));
#10062 = CARTESIAN_POINT('',(7.936529775286,-1.831688742706));
#10063 = CARTESIAN_POINT('',(7.98338516615,-1.829927697823));
#10064 = CARTESIAN_POINT('',(8.029976395785,-1.82741419745));
#10065 = CARTESIAN_POINT('',(8.076227955933,-1.824177233756));
#10066 = CARTESIAN_POINT('',(8.122075563481,-1.820251994659));
#10067 = CARTESIAN_POINT('',(8.167463484512,-1.815678682401));
#10068 = CARTESIAN_POINT('',(8.212343019107,-1.81050150715));
#10069 = CARTESIAN_POINT('',(8.256672462038,-1.804767571288));
#10070 = CARTESIAN_POINT('',(8.300411900058,-1.798526589506));
#10071 = CARTESIAN_POINT('',(8.343538799592,-1.791827850525));
#10072 = CARTESIAN_POINT('',(8.38607913929,-1.784712917059));
#10073 = CARTESIAN_POINT('',(8.428032451525,-1.777226382128));
#10074 = CARTESIAN_POINT('',(8.469409698421,-1.769410042845));
#10075 = CARTESIAN_POINT('',(8.510223154085,-1.761304032583));
#10076 = CARTESIAN_POINT('',(8.550489075135,-1.752946083937));
#10077 = CARTESIAN_POINT('',(8.590226547716,-1.744371756578));
#10078 = CARTESIAN_POINT('',(8.616381828205,-1.738532531363));
#10079 = CARTESIAN_POINT('',(8.629379130176,-1.735587654168));
#10080 = ( GEOMETRIC_REPRESENTATION_CONTEXT(2) 
PARAMETRIC_REPRESENTATION_CONTEXT() REPRESENTATION_CONTEXT('2D SPACE',''
  ) );
#10081 = PCURVE('',#5694,#10082);
#10082 = DEFINITIONAL_REPRESENTATION('',(#10083),#10175);
#10083 = B_SPLINE_CURVE_WITH_KNOTS('',3,(#10084,#10085,#10086,#10087,
    #10088,#10089,#10090,#10091,#10092,#10093,#10094,#10095,#10096,
    #10097,#10098,#10099,#10100,#10101,#10102,#10103,#10104,#10105,
    #10106,#10107,#10108,#10109,#10110,#10111,#10112,#10113,#10114,
    #10115,#10116,#10117,#10118,#10119,#10120,#10121,#10122,#10123,
    #10124,#10125,#10126,#10127,#10128,#10129,#10130,#10131,#10132,
    #10133,#10134,#10135,#10136,#10137,#10138,#10139,#10140,#10141,
    #10142,#10143,#10144,#10145,#10146,#10147,#10148,#10149,#10150,
    #10151,#10152,#10153,#10154,#10155,#10156,#10157,#10158,#10159,
    #10160,#10161,#10162,#10163,#10164,#10165,#10166,#10167,#10168,
    #10169,#10170,#10171,#10172,#10173,#10174),.UNSPECIFIED.,.F.,.F.,(4,
    1,1,1,1,1,1,1,1,1,1,1,1,1,1,1,1,1,1,1,1,1,1,1,1,1,1,1,1,1,1,1,1,1,1,
    1,1,1,1,1,1,1,1,1,1,1,1,1,1,1,1,1,1,1,1,1,1,1,1,1,1,1,1,1,1,1,1,1,1,
    1,1,1,1,1,1,1,1,1,1,1,1,1,1,1,1,1,1,1,4),(0.,3.318080018314E-02,
    6.636160036628E-02,9.954240054941E-02,0.132723200733,0.165904000916,
    0.199084801099,0.232265601282,0.265446401465,0.298627201648,
    0.331808001831,0.364988802015,0.398169602198,0.431350402381,
    0.464531202564,0.497712002747,0.53089280293,0.564073603113,
    0.597254403296,0.63043520348,0.663616003663,0.696796803846,
    0.729977604029,0.763158404212,0.796339204395,0.829520004578,
    0.862700804762,0.895881604945,0.929062405128,0.962243205311,
    0.995424005494,1.028604805677,1.06178560586,1.094966406044,
    1.128147206227,1.16132800641,1.194508806593,1.227689606776,
    1.260870406959,1.294051207142,1.327232007326,1.360412807509,
    1.393593607692,1.426774407875,1.459955208058,1.493136008241,
    1.526316808424,1.559497608607,1.592678408791,1.625859208974,
    1.659040009157,1.69222080934,1.725401609523,1.758582409706,
    1.791763209889,1.824944010073,1.858124810256,1.891305610439,
    1.924486410622,1.957667210805,1.990848010988,2.024028811171,
    2.057209611355,2.090390411538,2.123571211721,2.156752011904,
    2.189932812087,2.22311361227,2.256294412453,2.289475212637,
    2.32265601282,2.355836813003,2.389017613186,2.422198413369,
    2.455379213552,2.488560013735,2.521740813918,2.554921614102,
    2.588102414285,2.621283214468,2.654464014651,2.687644814834,
    2.720825615017,2.7540064152,2.787187215384,2.820368015567,
    2.85354881575,2.886729615933,2.919910416116),.QUASI_UNIFORM_KNOTS.);
#10084 = CARTESIAN_POINT('',(23.342674825805,0.173264249321));
#10085 = CARTESIAN_POINT('',(23.323717218728,0.173741554779));
#10086 = CARTESIAN_POINT('',(23.284354549348,0.174679647801));
#10087 = CARTESIAN_POINT('',(23.22126736378,0.176036257062));
#10088 = CARTESIAN_POINT('',(23.154440740416,0.177341224434));
#10089 = CARTESIAN_POINT('',(23.084162464636,0.178593910885));
#10090 = CARTESIAN_POINT('',(23.01070719409,0.17979393906));
#10091 = CARTESIAN_POINT('',(22.93433245253,0.180941214071));
#10092 = CARTESIAN_POINT('',(22.855279702409,0.182035848906));
#10093 = CARTESIAN_POINT('',(22.773763018661,0.183078252493));
#10094 = CARTESIAN_POINT('',(22.690006779335,0.184068633476));
#10095 = CARTESIAN_POINT('',(22.604195958575,0.185007611756));
#10096 = CARTESIAN_POINT('',(22.516498421437,0.185895869418));
#10097 = CARTESIAN_POINT('',(22.427074133051,0.186734055653));
#10098 = CARTESIAN_POINT('',(22.336072960622,0.187522816344));
#10099 = CARTESIAN_POINT('',(22.243635468396,0.188262788492));
#10100 = CARTESIAN_POINT('',(22.149892860488,0.18895460224));
#10101 = CARTESIAN_POINT('',(22.054967051582,0.189598879285));
#10102 = CARTESIAN_POINT('',(21.958970732353,0.190196229736));
#10103 = CARTESIAN_POINT('',(21.862006850501,0.19074725043));
#10104 = CARTESIAN_POINT('',(21.764170578128,0.191252510568));
#10105 = CARTESIAN_POINT('',(21.665541538749,0.191712578234));
#10106 = CARTESIAN_POINT('',(21.566212281525,0.192127887005));
#10107 = CARTESIAN_POINT('',(21.466274172408,0.192498837575));
#10108 = CARTESIAN_POINT('',(21.365799573485,0.192825850845));
#10109 = CARTESIAN_POINT('',(21.264863007618,0.193109280053));
#10110 = CARTESIAN_POINT('',(21.163535573066,0.193349438328));
#10111 = CARTESIAN_POINT('',(21.061886509976,0.193546594118));
#10112 = CARTESIAN_POINT('',(20.959982858861,0.193700974038));
#10113 = CARTESIAN_POINT('',(20.857889548604,0.19381276255));
#10114 = CARTESIAN_POINT('',(20.755669623649,0.193882101257));
#10115 = CARTESIAN_POINT('',(20.65338343413,0.193909087251));
#10116 = CARTESIAN_POINT('',(20.551091784195,0.193893770024));
#10117 = CARTESIAN_POINT('',(20.448860325079,0.193836156989));
#10118 = CARTESIAN_POINT('',(20.346749186384,0.193736211877));
#10119 = CARTESIAN_POINT('',(20.244821393458,0.19359385514));
#10120 = CARTESIAN_POINT('',(20.143140217814,0.193408961459));
#10121 = CARTESIAN_POINT('',(20.041771811592,0.193181365266));
#10122 = CARTESIAN_POINT('',(19.940777686981,0.192910837043));
#10123 = CARTESIAN_POINT('',(19.840243730675,0.192597169883));
#10124 = CARTESIAN_POINT('',(19.740240329003,0.192240075903));
#10125 = CARTESIAN_POINT('',(19.640831581462,0.19183917946));
#10126 = CARTESIAN_POINT('',(19.542091969161,0.191394073302));
#10127 = CARTESIAN_POINT('',(19.444101857228,0.190904309248));
#10128 = CARTESIAN_POINT('',(19.346948679655,0.19036940555));
#10129 = CARTESIAN_POINT('',(19.250726623161,0.189788848709));
#10130 = CARTESIAN_POINT('',(19.155536736372,0.189162095377));
#10131 = CARTESIAN_POINT('',(19.061486983681,0.188488572926));
#10132 = CARTESIAN_POINT('',(18.968692281139,0.187767677654));
#10133 = CARTESIAN_POINT('',(18.877274886724,0.186998774995));
#10134 = CARTESIAN_POINT('',(18.787363659363,0.186181184246));
#10135 = CARTESIAN_POINT('',(18.699097797958,0.185314212234));
#10136 = CARTESIAN_POINT('',(18.612614142081,0.18439699463));
#10137 = CARTESIAN_POINT('',(18.528109827169,0.1834291946));
#10138 = CARTESIAN_POINT('',(18.4457563768,0.182410124023));
#10139 = CARTESIAN_POINT('',(18.365746770729,0.181339197901));
#10140 = CARTESIAN_POINT('',(18.288295690797,0.180215997));
#10141 = CARTESIAN_POINT('',(18.213637579408,0.179040284869));
#10142 = CARTESIAN_POINT('',(18.142025255857,0.177812037172));
#10143 = CARTESIAN_POINT('',(18.073728291435,0.176531469146));
#10144 = CARTESIAN_POINT('',(18.009031298963,0.175199064256));
#10145 = CARTESIAN_POINT('',(17.948232071962,0.173815610178));
#10146 = CARTESIAN_POINT('',(17.891639024827,0.17238221874));
#10147 = CARTESIAN_POINT('',(17.839570170259,0.170900421442));
#10148 = CARTESIAN_POINT('',(17.792344955562,0.169372001663));
#10149 = CARTESIAN_POINT('',(17.750317217863,0.167800408826));
#10150 = CARTESIAN_POINT('',(17.713826348129,0.166189940776));
#10151 = CARTESIAN_POINT('',(17.683179858749,0.164545349437));
#10152 = CARTESIAN_POINT('',(17.658650817689,0.162871964831));
#10153 = CARTESIAN_POINT('',(17.640470125574,0.161175693362));
#10154 = CARTESIAN_POINT('',(17.62881868959,0.159463020391));
#10155 = CARTESIAN_POINT('',(17.623818881329,0.157741132083));
#10156 = CARTESIAN_POINT('',(17.625522676923,0.156017566598));
#10157 = CARTESIAN_POINT('',(17.633913418412,0.154299338168));
#10158 = CARTESIAN_POINT('',(17.648900353563,0.152594279139));
#10159 = CARTESIAN_POINT('',(17.670328160271,0.150909124895));
#10160 = CARTESIAN_POINT('',(17.697988773926,0.149250027598));
#10161 = CARTESIAN_POINT('',(17.731630634832,0.147622466644));
#10162 = CARTESIAN_POINT('',(17.770967038091,0.146031312273));
#10163 = CARTESIAN_POINT('',(17.815682859073,0.144480856152));
#10164 = CARTESIAN_POINT('',(17.865442197031,0.142974800955));
#10165 = CARTESIAN_POINT('',(17.919888810954,0.141516430841));
#10166 = CARTESIAN_POINT('',(17.978670626419,0.140108086973));
#10167 = CARTESIAN_POINT('',(18.041503136392,0.138750257809));
#10168 = CARTESIAN_POINT('',(18.108074386205,0.13744407926));
#10169 = CARTESIAN_POINT('',(18.17809504434,0.136190098471));
#10170 = CARTESIAN_POINT('',(18.251288055933,0.134988639956));
#10171 = CARTESIAN_POINT('',(18.327394616085,0.133839744649));
#10172 = CARTESIAN_POINT('',(18.406172331684,0.13274324743));
#10173 = CARTESIAN_POINT('',(18.460328952802,0.132046892856));
#10174 = CARTESIAN_POINT('',(18.487779787873,0.131707317084));
#10175 = ( GEOMETRIC_REPRESENTATION_CONTEXT(2) 
PARAMETRIC_REPRESENTATION_CONTEXT() REPRESENTATION_CONTEXT('2D SPACE',''
  ) );
#10176 = ORIENTED_EDGE('',*,*,#10177,.T.);
#10177 = EDGE_CURVE('',#9926,#8653,#10178,.T.);
#10178 = SURFACE_CURVE('',#10179,(#10183,#10190),.PCURVE_S1.);
#10179 = LINE('',#10180,#10181);
#10180 = CARTESIAN_POINT('',(136.2,-88.75757147143,1.6));
#10181 = VECTOR('',#10182,1.);
#10182 = DIRECTION('',(0.,-0.,-1.));
#10183 = PCURVE('',#5805,#10184);
#10184 = DEFINITIONAL_REPRESENTATION('',(#10185),#10189);
#10185 = LINE('',#10186,#10187);
#10186 = CARTESIAN_POINT('',(8.629379130585,0.));
#10187 = VECTOR('',#10188,1.);
#10188 = DIRECTION('',(0.,1.));
#10189 = ( GEOMETRIC_REPRESENTATION_CONTEXT(2) 
PARAMETRIC_REPRESENTATION_CONTEXT() REPRESENTATION_CONTEXT('2D SPACE',''
  ) );
#10190 = PCURVE('',#7632,#10191);
#10191 = DEFINITIONAL_REPRESENTATION('',(#10192),#10196);
#10192 = LINE('',#10193,#10194);
#10193 = CARTESIAN_POINT('',(-2.642428528563,-2.6));
#10194 = VECTOR('',#10195,1.);
#10195 = DIRECTION('',(-0.,1.));
#10196 = ( GEOMETRIC_REPRESENTATION_CONTEXT(2) 
PARAMETRIC_REPRESENTATION_CONTEXT() REPRESENTATION_CONTEXT('2D SPACE',''
  ) );
#10197 = ORIENTED_EDGE('',*,*,#8652,.T.);
#10198 = ADVANCED_FACE('',(#10199),#5694,.T.);
#10199 = FACE_BOUND('',#10200,.T.);
#10200 = EDGE_LOOP('',(#10201,#10222,#10438,#10439));
#10201 = ORIENTED_EDGE('',*,*,#10202,.F.);
#10202 = EDGE_CURVE('',#10203,#5533,#10205,.T.);
#10203 = VERTEX_POINT('',#10204);
#10204 = CARTESIAN_POINT('',(136.2,-70.4,5.4));
#10205 = SURFACE_CURVE('',#10206,(#10209,#10216),.PCURVE_S1.);
#10206 = B_SPLINE_CURVE_WITH_KNOTS('',1,(#10207,#10208),.UNSPECIFIED.,
  .F.,.F.,(2,2),(0.,1.),.PIECEWISE_BEZIER_KNOTS.);
#10207 = CARTESIAN_POINT('',(147.,-70.4,5.4));
#10208 = CARTESIAN_POINT('',(65.,-70.4,5.4));
#10209 = PCURVE('',#5694,#10210);
#10210 = DEFINITIONAL_REPRESENTATION('',(#10211),#10215);
#10211 = LINE('',#10212,#10213);
#10212 = CARTESIAN_POINT('',(0.,0.));
#10213 = VECTOR('',#10214,1.);
#10214 = DIRECTION('',(0.,1.));
#10215 = ( GEOMETRIC_REPRESENTATION_CONTEXT(2) 
PARAMETRIC_REPRESENTATION_CONTEXT() REPRESENTATION_CONTEXT('2D SPACE',''
  ) );
#10216 = PCURVE('',#5548,#10217);
#10217 = DEFINITIONAL_REPRESENTATION('',(#10218),#10221);
#10218 = B_SPLINE_CURVE_WITH_KNOTS('',1,(#10219,#10220),.UNSPECIFIED.,
  .F.,.F.,(2,2),(0.,1.),.PIECEWISE_BEZIER_KNOTS.);
#10219 = CARTESIAN_POINT('',(-80.4,-82.));
#10220 = CARTESIAN_POINT('',(-80.4,0.));
#10221 = ( GEOMETRIC_REPRESENTATION_CONTEXT(2) 
PARAMETRIC_REPRESENTATION_CONTEXT() REPRESENTATION_CONTEXT('2D SPACE',''
  ) );
#10222 = ORIENTED_EDGE('',*,*,#10223,.F.);
#10223 = EDGE_CURVE('',#9926,#10203,#10224,.T.);
#10224 = SURFACE_CURVE('',#10225,(#10294,#10366),.PCURVE_S1.);
#10225 = B_SPLINE_CURVE_WITH_KNOTS('',7,(#10226,#10227,#10228,#10229,
    #10230,#10231,#10232,#10233,#10234,#10235,#10236,#10237,#10238,
    #10239,#10240,#10241,#10242,#10243,#10244,#10245,#10246,#10247,
    #10248,#10249,#10250,#10251,#10252,#10253,#10254,#10255,#10256,
    #10257,#10258,#10259,#10260,#10261,#10262,#10263,#10264,#10265,
    #10266,#10267,#10268,#10269,#10270,#10271,#10272,#10273,#10274,
    #10275,#10276,#10277,#10278,#10279,#10280,#10281,#10282,#10283,
    #10284,#10285,#10286,#10287,#10288,#10289,#10290,#10291,#10292,
    #10293),.UNSPECIFIED.,.F.,.F.,(8,6,6,6,6,6,6,6,6,6,6,8),(0.,
    7.040761523532E-02,0.17661411183,0.282819957206,0.38103130274,
    0.444982797067,0.476958539574,0.572885896585,0.711067757094,
    0.780730170488,0.850393868659,1.),.UNSPECIFIED.);
#10226 = CARTESIAN_POINT('',(136.2,-91.4,3.103126690377));
#10227 = CARTESIAN_POINT('',(136.2,-91.1878101758,3.117051639005));
#10228 = CARTESIAN_POINT('',(136.2,-90.97568349767,3.13195713946));
#10229 = CARTESIAN_POINT('',(136.2,-90.76362318241,3.147809474318));
#10230 = CARTESIAN_POINT('',(136.2,-90.55163339618,3.164574777694));
#10231 = CARTESIAN_POINT('',(136.2,-90.3397178301,3.182219257358));
#10232 = CARTESIAN_POINT('',(136.2,-90.1278782759,3.200709416858));
#10233 = CARTESIAN_POINT('',(136.2,-89.5966757861,3.249129713451));
#10234 = CARTESIAN_POINT('',(136.2,-89.2774085921,3.280096521947));
#10235 = CARTESIAN_POINT('',(136.2,-88.95831424861,3.312796460544));
#10236 = CARTESIAN_POINT('',(136.2,-88.63938522569,3.347121371318));
#10237 = CARTESIAN_POINT('',(136.2,-88.32063016233,3.382947533022));
#10238 = CARTESIAN_POINT('',(136.2,-88.0020369069,3.420169145697));
#10239 = CARTESIAN_POINT('',(136.2,-87.36516206229,3.49717968277));
#10240 = CARTESIAN_POINT('',(136.2,-87.04688110061,3.536968196303));
#10241 = CARTESIAN_POINT('',(136.2,-86.72874594872,3.577931048362));
#10242 = CARTESIAN_POINT('',(136.2,-86.41075112389,3.619954514299));
#10243 = CARTESIAN_POINT('',(136.2,-86.09288705146,3.662928206508));
#10244 = CARTESIAN_POINT('',(136.2,-85.77513913983,3.706745940814));
#10245 = CARTESIAN_POINT('',(136.2,-85.16375957575,3.792499220209));
#10246 = CARTESIAN_POINT('',(136.2,-84.87011331775,3.834327971462));
#10247 = CARTESIAN_POINT('',(136.2,-84.57654423738,3.87670109403));
#10248 = CARTESIAN_POINT('',(136.2,-84.28304260608,3.919531703525));
#10249 = CARTESIAN_POINT('',(136.2,-83.98959692044,3.962734975682));
#10250 = CARTESIAN_POINT('',(136.2,-83.6961938389,4.00622822578));
#10251 = CARTESIAN_POINT('',(136.2,-83.21178826316,4.078381509474));
#10252 = CARTESIAN_POINT('',(136.2,-83.02076817722,4.106923368848));
#10253 = CARTESIAN_POINT('',(136.2,-82.8297576044,4.135529073711));
#10254 = CARTESIAN_POINT('',(136.2,-82.63875309446,4.164175406131));
#10255 = CARTESIAN_POINT('',(136.2,-82.4477511888,4.192839149452));
#10256 = CARTESIAN_POINT('',(136.2,-82.25674842051,4.221497088294));
#10257 = CARTESIAN_POINT('',(136.2,-81.97023777513,4.264440466596));
#10258 = CARTESIAN_POINT('',(136.2,-81.8747331539,4.278747669628));
#10259 = CARTESIAN_POINT('',(136.2,-81.77922701759,4.293044715674));
#10260 = CARTESIAN_POINT('',(136.2,-81.68371893417,4.307328702608));
#10261 = CARTESIAN_POINT('',(136.2,-81.58820847259,4.321596728153));
#10262 = CARTESIAN_POINT('',(136.2,-81.49269520284,4.335845889879));
#10263 = CARTESIAN_POINT('',(136.2,-81.11062878818,4.392755528799));
#10264 = CARTESIAN_POINT('',(136.2,-80.82404994226,4.435241685871));
#10265 = CARTESIAN_POINT('',(136.2,-80.53743012018,4.477453881932));
#10266 = CARTESIAN_POINT('',(136.2,-80.25075790664,4.519313698061));
#10267 = CARTESIAN_POINT('',(136.2,-79.964022509,4.560742170906));
#10268 = CARTESIAN_POINT('',(136.2,-79.67721375729,4.601659792683));
#10269 = CARTESIAN_POINT('',(136.2,-78.97705915581,4.700076519733));
#10270 = CARTESIAN_POINT('',(136.2,-78.56362415755,4.756941002646));
#10271 = CARTESIAN_POINT('',(136.2,-78.14999014249,4.812339172611));
#10272 = CARTESIAN_POINT('',(136.2,-77.73611610089,4.866045989855));
#10273 = CARTESIAN_POINT('',(136.2,-77.32200363393,4.917797260489));
#10274 = CARTESIAN_POINT('',(136.2,-76.90762317113,4.967360632474));
#10275 = CARTESIAN_POINT('',(136.2,-76.28391951525,5.038246297766));
#10276 = CARTESIAN_POINT('',(136.2,-76.07480394426,5.061385951115));
#10277 = CARTESIAN_POINT('',(136.2,-75.86561631846,5.083874686821));
#10278 = CARTESIAN_POINT('',(136.2,-75.65635591706,5.105680380503));
#10279 = CARTESIAN_POINT('',(136.2,-75.44702228032,5.126770862391));
#10280 = CARTESIAN_POINT('',(136.2,-75.23761520953,5.147113917327));
#10281 = CARTESIAN_POINT('',(136.2,-74.81865046122,5.186241013001));
#10282 = CARTESIAN_POINT('',(136.2,-74.60909280217,5.205025046949));
#10283 = CARTESIAN_POINT('',(136.2,-74.39946217408,5.222997084049));
#10284 = CARTESIAN_POINT('',(136.2,-74.18975705568,5.240125224812));
#10285 = CARTESIAN_POINT('',(136.2,-73.97998008716,5.256376899553));
#10286 = CARTESIAN_POINT('',(136.2,-73.77013729112,5.271718966209));
#10287 = CARTESIAN_POINT('',(136.2,-73.10944543841,5.317043697445));
#10288 = CARTESIAN_POINT('',(136.2,-72.65836803986,5.343623236298));
#10289 = CARTESIAN_POINT('',(136.2,-72.20702686344,5.36553474498));
#10290 = CARTESIAN_POINT('',(136.2,-71.75548292245,5.382449169518));
#10291 = CARTESIAN_POINT('',(136.2,-71.30375481304,5.394047310098));
#10292 = CARTESIAN_POINT('',(136.2,-70.85190843211,5.400003938705));
#10293 = CARTESIAN_POINT('',(136.2,-70.4,5.4));
#10294 = PCURVE('',#5694,#10295);
#10295 = DEFINITIONAL_REPRESENTATION('',(#10296),#10365);
#10296 = B_SPLINE_CURVE_WITH_KNOTS('',7,(#10297,#10298,#10299,#10300,
    #10301,#10302,#10303,#10304,#10305,#10306,#10307,#10308,#10309,
    #10310,#10311,#10312,#10313,#10314,#10315,#10316,#10317,#10318,
    #10319,#10320,#10321,#10322,#10323,#10324,#10325,#10326,#10327,
    #10328,#10329,#10330,#10331,#10332,#10333,#10334,#10335,#10336,
    #10337,#10338,#10339,#10340,#10341,#10342,#10343,#10344,#10345,
    #10346,#10347,#10348,#10349,#10350,#10351,#10352,#10353,#10354,
    #10355,#10356,#10357,#10358,#10359,#10360,#10361,#10362,#10363,
    #10364),.UNSPECIFIED.,.F.,.F.,(8,6,6,6,6,6,6,6,6,6,6,8),(0.,
    7.040761523532E-02,0.17661411183,0.282819957206,0.38103130274,
    0.444982797067,0.476958539574,0.572885896585,0.711067757094,
    0.780730170488,0.850393868659,1.),.UNSPECIFIED.);
#10297 = CARTESIAN_POINT('',(21.14046917358,0.131707317073));
#10298 = CARTESIAN_POINT('',(20.927837776388,0.131707317073));
#10299 = CARTESIAN_POINT('',(20.715207613679,0.131707317073));
#10300 = CARTESIAN_POINT('',(20.502578658769,0.131707317073));
#10301 = CARTESIAN_POINT('',(20.289949295127,0.131707317073));
#10302 = CARTESIAN_POINT('',(20.077317753116,0.131707317073));
#10303 = CARTESIAN_POINT('',(19.864683546721,0.131707317073));
#10304 = CARTESIAN_POINT('',(19.331299802193,0.131707317073));
#10305 = CARTESIAN_POINT('',(19.010549348659,0.131707317073));
#10306 = CARTESIAN_POINT('',(18.689796743431,0.131707317073));
#10307 = CARTESIAN_POINT('',(18.369049869557,0.131707317073));
#10308 = CARTESIAN_POINT('',(18.048296035012,0.131707317073));
#10309 = CARTESIAN_POINT('',(17.727543084916,0.131707317073));
#10310 = CARTESIAN_POINT('',(17.086039383836,0.131707317073));
#10311 = CARTESIAN_POINT('',(16.76528844286,0.131707317073));
#10312 = CARTESIAN_POINT('',(16.444539850407,0.131707317073));
#10313 = CARTESIAN_POINT('',(16.123789615899,0.131707317073));
#10314 = CARTESIAN_POINT('',(15.80303672881,0.131707317073));
#10315 = CARTESIAN_POINT('',(15.482284177184,0.131707317073));
#10316 = CARTESIAN_POINT('',(14.864923218708,0.131707317073));
#10317 = CARTESIAN_POINT('',(14.568314830706,0.131707317073));
#10318 = CARTESIAN_POINT('',(14.271707159587,0.131707317073));
#10319 = CARTESIAN_POINT('',(13.975098601485,0.131707317073));
#10320 = CARTESIAN_POINT('',(13.678489064769,0.131707317073));
#10321 = CARTESIAN_POINT('',(13.381880040593,0.131707317073));
#10322 = CARTESIAN_POINT('',(12.892130297856,0.131707317073));
#10323 = CARTESIAN_POINT('',(12.69898972724,0.131707317073));
#10324 = CARTESIAN_POINT('',(12.505849189762,0.131707317073));
#10325 = CARTESIAN_POINT('',(12.312708682551,0.131707317073));
#10326 = CARTESIAN_POINT('',(12.119568194296,0.131707317073));
#10327 = CARTESIAN_POINT('',(11.92642770525,0.131707317073));
#10328 = CARTESIAN_POINT('',(11.636716942274,0.131707317073));
#10329 = CARTESIAN_POINT('',(11.540146692543,0.131707317073));
#10330 = CARTESIAN_POINT('',(11.443576435892,0.131707317073));
#10331 = CARTESIAN_POINT('',(11.347006171196,0.131707317073));
#10332 = CARTESIAN_POINT('',(11.250435898346,0.131707317073));
#10333 = CARTESIAN_POINT('',(11.153865618246,0.131707317073));
#10334 = CARTESIAN_POINT('',(10.767584085459,0.131707317073));
#10335 = CARTESIAN_POINT('',(10.477872697453,0.131707317073));
#10336 = CARTESIAN_POINT('',(10.188161547541,0.131707317073));
#10337 = CARTESIAN_POINT('',(9.898450810634,0.131707317073));
#10338 = CARTESIAN_POINT('',(9.608740457813,0.131707317073));
#10339 = CARTESIAN_POINT('',(9.319030256326,0.131707317073));
#10340 = CARTESIAN_POINT('',(8.611996335351,0.131707317073));
#10341 = CARTESIAN_POINT('',(8.194673535054,0.131707317073));
#10342 = CARTESIAN_POINT('',(7.777347404072,0.131707317073));
#10343 = CARTESIAN_POINT('',(7.360035213469,0.131707317073));
#10344 = CARTESIAN_POINT('',(6.942711182428,0.131707317073));
#10345 = CARTESIAN_POINT('',(6.525389773292,0.131707317073));
#10346 = CARTESIAN_POINT('',(5.897683071396,0.131707317073));
#10347 = CARTESIAN_POINT('',(5.687297648019,0.131707317073));
#10348 = CARTESIAN_POINT('',(5.476912505689,0.131707317073));
#10349 = CARTESIAN_POINT('',(5.266527380634,0.131707317073));
#10350 = CARTESIAN_POINT('',(5.056142225383,0.131707317073));
#10351 = CARTESIAN_POINT('',(4.845757208772,0.131707317073));
#10352 = CARTESIAN_POINT('',(4.424984343009,0.131707317073));
#10353 = CARTESIAN_POINT('',(4.214596537558,0.131707317073));
#10354 = CARTESIAN_POINT('',(4.004209354719,0.131707317073));
#10355 = CARTESIAN_POINT('',(3.793825387847,0.131707317073));
#10356 = CARTESIAN_POINT('',(3.583443618907,0.131707317073));
#10357 = CARTESIAN_POINT('',(3.373060201422,0.131707317073));
#10358 = CARTESIAN_POINT('',(2.710866396013,0.131707317073));
#10359 = CARTESIAN_POINT('',(2.259052120482,0.131707317073));
#10360 = CARTESIAN_POINT('',(1.807230952506,0.131707317073));
#10361 = CARTESIAN_POINT('',(1.355384231021,0.131707317073));
#10362 = CARTESIAN_POINT('',(0.903552654299,0.131707317073));
#10363 = CARTESIAN_POINT('',(0.451745892681,0.131707317073));
#10364 = CARTESIAN_POINT('',(0.,0.131707317073));
#10365 = ( GEOMETRIC_REPRESENTATION_CONTEXT(2) 
PARAMETRIC_REPRESENTATION_CONTEXT() REPRESENTATION_CONTEXT('2D SPACE',''
  ) );
#10366 = PCURVE('',#7632,#10367);
#10367 = DEFINITIONAL_REPRESENTATION('',(#10368),#10437);
#10368 = B_SPLINE_CURVE_WITH_KNOTS('',7,(#10369,#10370,#10371,#10372,
    #10373,#10374,#10375,#10376,#10377,#10378,#10379,#10380,#10381,
    #10382,#10383,#10384,#10385,#10386,#10387,#10388,#10389,#10390,
    #10391,#10392,#10393,#10394,#10395,#10396,#10397,#10398,#10399,
    #10400,#10401,#10402,#10403,#10404,#10405,#10406,#10407,#10408,
    #10409,#10410,#10411,#10412,#10413,#10414,#10415,#10416,#10417,
    #10418,#10419,#10420,#10421,#10422,#10423,#10424,#10425,#10426,
    #10427,#10428,#10429,#10430,#10431,#10432,#10433,#10434,#10435,
    #10436),.UNSPECIFIED.,.F.,.F.,(8,6,6,6,6,6,6,6,6,6,6,8),(0.,
    7.040761523532E-02,0.17661411183,0.282819957206,0.38103130274,
    0.444982797067,0.476958539574,0.572885896585,0.711067757094,
    0.780730170488,0.850393868659,1.),.UNSPECIFIED.);
#10369 = CARTESIAN_POINT('',(0.,-4.103126690377));
#10370 = CARTESIAN_POINT('',(-0.212189824196,-4.117051639005));
#10371 = CARTESIAN_POINT('',(-0.42431650233,-4.13195713946));
#10372 = CARTESIAN_POINT('',(-0.636376817583,-4.147809474318));
#10373 = CARTESIAN_POINT('',(-0.848366603811,-4.164574777694));
#10374 = CARTESIAN_POINT('',(-1.060282169896,-4.182219257358));
#10375 = CARTESIAN_POINT('',(-1.272121724095,-4.200709416858));
#10376 = CARTESIAN_POINT('',(-1.803324213893,-4.249129713451));
#10377 = CARTESIAN_POINT('',(-2.122591407897,-4.280096521947));
#10378 = CARTESIAN_POINT('',(-2.441685751385,-4.312796460544));
#10379 = CARTESIAN_POINT('',(-2.760614774301,-4.347121371318));
#10380 = CARTESIAN_POINT('',(-3.079369837663,-4.382947533022));
#10381 = CARTESIAN_POINT('',(-3.397963093096,-4.420169145697));
#10382 = CARTESIAN_POINT('',(-4.034837937706,-4.49717968277));
#10383 = CARTESIAN_POINT('',(-4.353118899389,-4.536968196303));
#10384 = CARTESIAN_POINT('',(-4.671254051276,-4.577931048362));
#10385 = CARTESIAN_POINT('',(-4.989248876107,-4.619954514299));
#10386 = CARTESIAN_POINT('',(-5.307112948531,-4.662928206508));
#10387 = CARTESIAN_POINT('',(-5.624860860166,-4.706745940814));
#10388 = CARTESIAN_POINT('',(-6.236240424248,-4.792499220209));
#10389 = CARTESIAN_POINT('',(-6.529886682246,-4.834327971462));
#10390 = CARTESIAN_POINT('',(-6.823455762616,-4.87670109403));
#10391 = CARTESIAN_POINT('',(-7.116957393917,-4.919531703525));
#10392 = CARTESIAN_POINT('',(-7.410403079558,-4.962734975682));
#10393 = CARTESIAN_POINT('',(-7.703806161094,-5.00622822578));
#10394 = CARTESIAN_POINT('',(-8.188211736834,-5.078381509474));
#10395 = CARTESIAN_POINT('',(-8.379231822773,-5.106923368848));
#10396 = CARTESIAN_POINT('',(-8.570242395594,-5.135529073711));
#10397 = CARTESIAN_POINT('',(-8.76124690554,-5.164175406131));
#10398 = CARTESIAN_POINT('',(-8.952248811196,-5.192839149452));
#10399 = CARTESIAN_POINT('',(-9.143251579485,-5.221497088294));
#10400 = CARTESIAN_POINT('',(-9.429762224867,-5.264440466596));
#10401 = CARTESIAN_POINT('',(-9.525266846095,-5.278747669628));
#10402 = CARTESIAN_POINT('',(-9.620772982403,-5.293044715674));
#10403 = CARTESIAN_POINT('',(-9.716281065827,-5.307328702608));
#10404 = CARTESIAN_POINT('',(-9.811791527402,-5.321596728153));
#10405 = CARTESIAN_POINT('',(-9.907304797159,-5.335845889879));
#10406 = CARTESIAN_POINT('',(-10.28937121181,-5.392755528799));
#10407 = CARTESIAN_POINT('',(-10.57595005773,-5.435241685871));
#10408 = CARTESIAN_POINT('',(-10.86256987981,-5.477453881932));
#10409 = CARTESIAN_POINT('',(-11.14924209335,-5.519313698061));
#10410 = CARTESIAN_POINT('',(-11.43597749099,-5.560742170906));
#10411 = CARTESIAN_POINT('',(-11.7227862427,-5.601659792683));
#10412 = CARTESIAN_POINT('',(-12.42294084418,-5.700076519733));
#10413 = CARTESIAN_POINT('',(-12.83637584244,-5.756941002646));
#10414 = CARTESIAN_POINT('',(-13.2500098575,-5.812339172611));
#10415 = CARTESIAN_POINT('',(-13.6638838991,-5.866045989855));
#10416 = CARTESIAN_POINT('',(-14.07799636606,-5.917797260489));
#10417 = CARTESIAN_POINT('',(-14.49237682886,-5.967360632474));
#10418 = CARTESIAN_POINT('',(-15.11608048474,-6.038246297766));
#10419 = CARTESIAN_POINT('',(-15.32519605573,-6.061385951115));
#10420 = CARTESIAN_POINT('',(-15.53438368153,-6.083874686821));
#10421 = CARTESIAN_POINT('',(-15.74364408293,-6.105680380503));
#10422 = CARTESIAN_POINT('',(-15.95297771968,-6.126770862391));
#10423 = CARTESIAN_POINT('',(-16.16238479046,-6.147113917327));
#10424 = CARTESIAN_POINT('',(-16.58134953877,-6.186241013001));
#10425 = CARTESIAN_POINT('',(-16.79090719782,-6.205025046949));
#10426 = CARTESIAN_POINT('',(-17.00053782591,-6.222997084049));
#10427 = CARTESIAN_POINT('',(-17.21024294431,-6.240125224812));
#10428 = CARTESIAN_POINT('',(-17.42001991283,-6.256376899553));
#10429 = CARTESIAN_POINT('',(-17.62986270887,-6.271718966209));
#10430 = CARTESIAN_POINT('',(-18.29055456158,-6.317043697445));
#10431 = CARTESIAN_POINT('',(-18.74163196013,-6.343623236298));
#10432 = CARTESIAN_POINT('',(-19.19297313655,-6.36553474498));
#10433 = CARTESIAN_POINT('',(-19.64451707754,-6.382449169518));
#10434 = CARTESIAN_POINT('',(-20.09624518695,-6.394047310098));
#10435 = CARTESIAN_POINT('',(-20.54809156788,-6.400003938705));
#10436 = CARTESIAN_POINT('',(-21.,-6.4));
#10437 = ( GEOMETRIC_REPRESENTATION_CONTEXT(2) 
PARAMETRIC_REPRESENTATION_CONTEXT() REPRESENTATION_CONTEXT('2D SPACE',''
  ) );
#10438 = ORIENTED_EDGE('',*,*,#9925,.F.);
#10439 = ORIENTED_EDGE('',*,*,#5560,.T.);
#10440 = ADVANCED_FACE('',(#10441),#5548,.F.);
#10441 = FACE_BOUND('',#10442,.T.);
#10442 = EDGE_LOOP('',(#10443,#10466,#10467,#10468));
#10443 = ORIENTED_EDGE('',*,*,#10444,.F.);
#10444 = EDGE_CURVE('',#10203,#10445,#10447,.T.);
#10445 = VERTEX_POINT('',#10446);
#10446 = CARTESIAN_POINT('',(136.2,-5.642428528563,5.4));
#10447 = SURFACE_CURVE('',#10448,(#10452,#10459),.PCURVE_S1.);
#10448 = LINE('',#10449,#10450);
#10449 = CARTESIAN_POINT('',(136.2,-40.7,5.4));
#10450 = VECTOR('',#10451,1.);
#10451 = DIRECTION('',(-0.,1.,-0.));
#10452 = PCURVE('',#5548,#10453);
#10453 = DEFINITIONAL_REPRESENTATION('',(#10454),#10458);
#10454 = LINE('',#10455,#10456);
#10455 = CARTESIAN_POINT('',(-50.7,-71.2));
#10456 = VECTOR('',#10457,1.);
#10457 = DIRECTION('',(1.,-0.));
#10458 = ( GEOMETRIC_REPRESENTATION_CONTEXT(2) 
PARAMETRIC_REPRESENTATION_CONTEXT() REPRESENTATION_CONTEXT('2D SPACE',''
  ) );
#10459 = PCURVE('',#7632,#10460);
#10460 = DEFINITIONAL_REPRESENTATION('',(#10461),#10465);
#10461 = LINE('',#10462,#10463);
#10462 = CARTESIAN_POINT('',(-50.7,-6.4));
#10463 = VECTOR('',#10464,1.);
#10464 = DIRECTION('',(-1.,0.));
#10465 = ( GEOMETRIC_REPRESENTATION_CONTEXT(2) 
PARAMETRIC_REPRESENTATION_CONTEXT() REPRESENTATION_CONTEXT('2D SPACE',''
  ) );
#10466 = ORIENTED_EDGE('',*,*,#10202,.T.);
#10467 = ORIENTED_EDGE('',*,*,#5532,.F.);
#10468 = ORIENTED_EDGE('',*,*,#10469,.F.);
#10469 = EDGE_CURVE('',#10445,#5505,#10470,.T.);
#10470 = SURFACE_CURVE('',#10471,(#10476,#10487),.PCURVE_S1.);
#10471 = CIRCLE('',#10472,3.);
#10472 = AXIS2_PLACEMENT_3D('',#10473,#10474,#10475);
#10473 = CARTESIAN_POINT('',(134.1,-3.5,5.4));
#10474 = DIRECTION('',(0.,0.,-1.));
#10475 = DIRECTION('',(0.7,-0.714142842854,0.));
#10476 = PCURVE('',#5548,#10477);
#10477 = DEFINITIONAL_REPRESENTATION('',(#10478),#10486);
#10478 = ( BOUNDED_CURVE() B_SPLINE_CURVE(2,(#10479,#10480,#10481,#10482
    ,#10483,#10484,#10485),.UNSPECIFIED.,.T.,.F.) 
B_SPLINE_CURVE_WITH_KNOTS((1,2,2,2,2,1),(-2.094395102393,0.,
    2.094395102393,4.188790204786,6.28318530718,8.377580409573),
.UNSPECIFIED.) CURVE() GEOMETRIC_REPRESENTATION_ITEM() 
RATIONAL_B_SPLINE_CURVE((1.,0.5,1.,0.5,1.,0.5,1.)) REPRESENTATION_ITEM(
  '') );
#10479 = CARTESIAN_POINT('',(-15.64242852856,-71.2));
#10480 = CARTESIAN_POINT('',(-19.27973522445,-67.48920493694));
#10481 = CARTESIAN_POINT('',(-14.24743908366,-66.19460246847));
#10482 = CARTESIAN_POINT('',(-9.215142942874,-64.9));
#10483 = CARTESIAN_POINT('',(-10.61013238777,-69.90539753152));
#10484 = CARTESIAN_POINT('',(-12.00512183266,-74.91079506305));
#10485 = CARTESIAN_POINT('',(-15.64242852856,-71.2));
#10486 = ( GEOMETRIC_REPRESENTATION_CONTEXT(2) 
PARAMETRIC_REPRESENTATION_CONTEXT() REPRESENTATION_CONTEXT('2D SPACE',''
  ) );
#10487 = PCURVE('',#5520,#10488);
#10488 = DEFINITIONAL_REPRESENTATION('',(#10489),#10493);
#10489 = LINE('',#10490,#10491);
#10490 = CARTESIAN_POINT('',(3.936991483774,-3.8));
#10491 = VECTOR('',#10492,1.);
#10492 = DIRECTION('',(1.,-0.));
#10493 = ( GEOMETRIC_REPRESENTATION_CONTEXT(2) 
PARAMETRIC_REPRESENTATION_CONTEXT() REPRESENTATION_CONTEXT('2D SPACE',''
  ) );
#10494 = ADVANCED_FACE('',(#10495),#5520,.T.);
#10495 = FACE_BOUND('',#10496,.T.);
#10496 = EDGE_LOOP('',(#10497,#10525,#10546,#10547));
#10497 = ORIENTED_EDGE('',*,*,#10498,.F.);
#10498 = EDGE_CURVE('',#10499,#5477,#10501,.T.);
#10499 = VERTEX_POINT('',#10500);
#10500 = CARTESIAN_POINT('',(136.2,-5.642428528563,1.6));
#10501 = SURFACE_CURVE('',#10502,(#10507,#10514),.PCURVE_S1.);
#10502 = CIRCLE('',#10503,3.);
#10503 = AXIS2_PLACEMENT_3D('',#10504,#10505,#10506);
#10504 = CARTESIAN_POINT('',(134.1,-3.5,1.6));
#10505 = DIRECTION('',(0.,0.,-1.));
#10506 = DIRECTION('',(0.7,-0.714142842854,0.));
#10507 = PCURVE('',#5520,#10508);
#10508 = DEFINITIONAL_REPRESENTATION('',(#10509),#10513);
#10509 = LINE('',#10510,#10511);
#10510 = CARTESIAN_POINT('',(3.936991483774,0.));
#10511 = VECTOR('',#10512,1.);
#10512 = DIRECTION('',(1.,0.));
#10513 = ( GEOMETRIC_REPRESENTATION_CONTEXT(2) 
PARAMETRIC_REPRESENTATION_CONTEXT() REPRESENTATION_CONTEXT('2D SPACE',''
  ) );
#10514 = PCURVE('',#5492,#10515);
#10515 = DEFINITIONAL_REPRESENTATION('',(#10516),#10524);
#10516 = ( BOUNDED_CURVE() B_SPLINE_CURVE(2,(#10517,#10518,#10519,#10520
    ,#10521,#10522,#10523),.UNSPECIFIED.,.T.,.F.) 
B_SPLINE_CURVE_WITH_KNOTS((1,2,2,2,2,1),(-2.094395102393,0.,
    2.094395102393,4.188790204786,6.28318530718,8.377580409573),
.UNSPECIFIED.) CURVE() GEOMETRIC_REPRESENTATION_ITEM() 
RATIONAL_B_SPLINE_CURVE((1.,0.5,1.,0.5,1.,0.5,1.)) REPRESENTATION_ITEM(
  '') );
#10517 = CARTESIAN_POINT('',(2.1,-2.142428528563));
#10518 = CARTESIAN_POINT('',(-1.610795063056,-5.779735224457));
#10519 = CARTESIAN_POINT('',(-2.905397531528,-0.747439083666));
#10520 = CARTESIAN_POINT('',(-4.2,4.284857057126));
#10521 = CARTESIAN_POINT('',(0.805397531528,2.889867612229));
#10522 = CARTESIAN_POINT('',(5.810795063056,1.494878167332));
#10523 = CARTESIAN_POINT('',(2.1,-2.142428528563));
#10524 = ( GEOMETRIC_REPRESENTATION_CONTEXT(2) 
PARAMETRIC_REPRESENTATION_CONTEXT() REPRESENTATION_CONTEXT('2D SPACE',''
  ) );
#10525 = ORIENTED_EDGE('',*,*,#10526,.F.);
#10526 = EDGE_CURVE('',#10445,#10499,#10527,.T.);
#10527 = SURFACE_CURVE('',#10528,(#10532,#10539),.PCURVE_S1.);
#10528 = LINE('',#10529,#10530);
#10529 = CARTESIAN_POINT('',(136.2,-5.642428528563,1.6));
#10530 = VECTOR('',#10531,1.);
#10531 = DIRECTION('',(0.,-0.,-1.));
#10532 = PCURVE('',#5520,#10533);
#10533 = DEFINITIONAL_REPRESENTATION('',(#10534),#10538);
#10534 = LINE('',#10535,#10536);
#10535 = CARTESIAN_POINT('',(3.936991483774,0.));
#10536 = VECTOR('',#10537,1.);
#10537 = DIRECTION('',(0.,1.));
#10538 = ( GEOMETRIC_REPRESENTATION_CONTEXT(2) 
PARAMETRIC_REPRESENTATION_CONTEXT() REPRESENTATION_CONTEXT('2D SPACE',''
  ) );
#10539 = PCURVE('',#7632,#10540);
#10540 = DEFINITIONAL_REPRESENTATION('',(#10541),#10545);
#10541 = LINE('',#10542,#10543);
#10542 = CARTESIAN_POINT('',(-85.75757147143,-2.6));
#10543 = VECTOR('',#10544,1.);
#10544 = DIRECTION('',(-0.,1.));
#10545 = ( GEOMETRIC_REPRESENTATION_CONTEXT(2) 
PARAMETRIC_REPRESENTATION_CONTEXT() REPRESENTATION_CONTEXT('2D SPACE',''
  ) );
#10546 = ORIENTED_EDGE('',*,*,#10469,.T.);
#10547 = ORIENTED_EDGE('',*,*,#5504,.T.);
#10548 = ADVANCED_FACE('',(#10549,#10651),#5492,.F.);
#10549 = FACE_BOUND('',#10550,.T.);
#10550 = EDGE_LOOP('',(#10551,#10574,#10575,#10576,#10577,#10578,#10606,
    #10629));
#10551 = ORIENTED_EDGE('',*,*,#10552,.F.);
#10552 = EDGE_CURVE('',#10499,#10553,#10555,.T.);
#10553 = VERTEX_POINT('',#10554);
#10554 = CARTESIAN_POINT('',(136.2,-3.,1.6));
#10555 = SURFACE_CURVE('',#10556,(#10560,#10567),.PCURVE_S1.);
#10556 = LINE('',#10557,#10558);
#10557 = CARTESIAN_POINT('',(136.2,-47.45,1.6));
#10558 = VECTOR('',#10559,1.);
#10559 = DIRECTION('',(-0.,1.,-0.));
#10560 = PCURVE('',#5492,#10561);
#10561 = DEFINITIONAL_REPRESENTATION('',(#10562),#10566);
#10562 = LINE('',#10563,#10564);
#10563 = CARTESIAN_POINT('',(2.1,-43.95));
#10564 = VECTOR('',#10565,1.);
#10565 = DIRECTION('',(-0.,1.));
#10566 = ( GEOMETRIC_REPRESENTATION_CONTEXT(2) 
PARAMETRIC_REPRESENTATION_CONTEXT() REPRESENTATION_CONTEXT('2D SPACE',''
  ) );
#10567 = PCURVE('',#7632,#10568);
#10568 = DEFINITIONAL_REPRESENTATION('',(#10569),#10573);
#10569 = LINE('',#10570,#10571);
#10570 = CARTESIAN_POINT('',(-43.95,-2.6));
#10571 = VECTOR('',#10572,1.);
#10572 = DIRECTION('',(-1.,0.));
#10573 = ( GEOMETRIC_REPRESENTATION_CONTEXT(2) 
PARAMETRIC_REPRESENTATION_CONTEXT() REPRESENTATION_CONTEXT('2D SPACE',''
  ) );
#10574 = ORIENTED_EDGE('',*,*,#10498,.T.);
#10575 = ORIENTED_EDGE('',*,*,#5476,.F.);
#10576 = ORIENTED_EDGE('',*,*,#5820,.T.);
#10577 = ORIENTED_EDGE('',*,*,#5870,.F.);
#10578 = ORIENTED_EDGE('',*,*,#10579,.T.);
#10579 = EDGE_CURVE('',#5871,#10580,#10582,.T.);
#10580 = VERTEX_POINT('',#10581);
#10581 = CARTESIAN_POINT('',(132.79233031693,-0.8,1.6));
#10582 = SURFACE_CURVE('',#10583,(#10588,#10599),.PCURVE_S1.);
#10583 = CIRCLE('',#10584,3.);
#10584 = AXIS2_PLACEMENT_3D('',#10585,#10586,#10587);
#10585 = CARTESIAN_POINT('',(134.1,-3.5,1.6));
#10586 = DIRECTION('',(0.,0.,-1.));
#10587 = DIRECTION('',(0.7,-0.714142842854,0.));
#10588 = PCURVE('',#5492,#10589);
#10589 = DEFINITIONAL_REPRESENTATION('',(#10590),#10598);
#10590 = ( BOUNDED_CURVE() B_SPLINE_CURVE(2,(#10591,#10592,#10593,#10594
    ,#10595,#10596,#10597),.UNSPECIFIED.,.T.,.F.) 
B_SPLINE_CURVE_WITH_KNOTS((1,2,2,2,2,1),(-2.094395102393,0.,
    2.094395102393,4.188790204786,6.28318530718,8.377580409573),
.UNSPECIFIED.) CURVE() GEOMETRIC_REPRESENTATION_ITEM() 
RATIONAL_B_SPLINE_CURVE((1.,0.5,1.,0.5,1.,0.5,1.)) REPRESENTATION_ITEM(
  '') );
#10591 = CARTESIAN_POINT('',(2.1,-2.142428528563));
#10592 = CARTESIAN_POINT('',(-1.610795063056,-5.779735224457));
#10593 = CARTESIAN_POINT('',(-2.905397531528,-0.747439083666));
#10594 = CARTESIAN_POINT('',(-4.2,4.284857057126));
#10595 = CARTESIAN_POINT('',(0.805397531528,2.889867612229));
#10596 = CARTESIAN_POINT('',(5.810795063056,1.494878167332));
#10597 = CARTESIAN_POINT('',(2.1,-2.142428528563));
#10598 = ( GEOMETRIC_REPRESENTATION_CONTEXT(2) 
PARAMETRIC_REPRESENTATION_CONTEXT() REPRESENTATION_CONTEXT('2D SPACE',''
  ) );
#10599 = PCURVE('',#5960,#10600);
#10600 = DEFINITIONAL_REPRESENTATION('',(#10601),#10605);
#10601 = LINE('',#10602,#10603);
#10602 = CARTESIAN_POINT('',(3.936991483774,0.));
#10603 = VECTOR('',#10604,1.);
#10604 = DIRECTION('',(1.,0.));
#10605 = ( GEOMETRIC_REPRESENTATION_CONTEXT(2) 
PARAMETRIC_REPRESENTATION_CONTEXT() REPRESENTATION_CONTEXT('2D SPACE',''
  ) );
#10606 = ORIENTED_EDGE('',*,*,#10607,.F.);
#10607 = EDGE_CURVE('',#10608,#10580,#10610,.T.);
#10608 = VERTEX_POINT('',#10609);
#10609 = CARTESIAN_POINT('',(134.,-0.8,1.6));
#10610 = SURFACE_CURVE('',#10611,(#10615,#10622),.PCURVE_S1.);
#10611 = LINE('',#10612,#10613);
#10612 = CARTESIAN_POINT('',(134.05,-0.8,1.6));
#10613 = VECTOR('',#10614,1.);
#10614 = DIRECTION('',(-1.,-0.,-0.));
#10615 = PCURVE('',#5492,#10616);
#10616 = DEFINITIONAL_REPRESENTATION('',(#10617),#10621);
#10617 = LINE('',#10618,#10619);
#10618 = CARTESIAN_POINT('',(-4.999999999998E-02,2.7));
#10619 = VECTOR('',#10620,1.);
#10620 = DIRECTION('',(-1.,0.));
#10621 = ( GEOMETRIC_REPRESENTATION_CONTEXT(2) 
PARAMETRIC_REPRESENTATION_CONTEXT() REPRESENTATION_CONTEXT('2D SPACE',''
  ) );
#10622 = PCURVE('',#7356,#10623);
#10623 = DEFINITIONAL_REPRESENTATION('',(#10624),#10628);
#10624 = LINE('',#10625,#10626);
#10625 = CARTESIAN_POINT('',(5.000000000001E-02,-2.6));
#10626 = VECTOR('',#10627,1.);
#10627 = DIRECTION('',(-1.,0.));
#10628 = ( GEOMETRIC_REPRESENTATION_CONTEXT(2) 
PARAMETRIC_REPRESENTATION_CONTEXT() REPRESENTATION_CONTEXT('2D SPACE',''
  ) );
#10629 = ORIENTED_EDGE('',*,*,#10630,.F.);
#10630 = EDGE_CURVE('',#10553,#10608,#10631,.T.);
#10631 = SURFACE_CURVE('',#10632,(#10637,#10644),.PCURVE_S1.);
#10632 = CIRCLE('',#10633,2.2);
#10633 = AXIS2_PLACEMENT_3D('',#10634,#10635,#10636);
#10634 = CARTESIAN_POINT('',(134.,-3.,1.6));
#10635 = DIRECTION('',(0.,0.,1.));
#10636 = DIRECTION('',(-1.,-0.,-0.));
#10637 = PCURVE('',#5492,#10638);
#10638 = DEFINITIONAL_REPRESENTATION('',(#10639),#10643);
#10639 = CIRCLE('',#10640,2.2);
#10640 = AXIS2_PLACEMENT_2D('',#10641,#10642);
#10641 = CARTESIAN_POINT('',(-9.999999999999E-02,0.5));
#10642 = DIRECTION('',(-1.,0.));
#10643 = ( GEOMETRIC_REPRESENTATION_CONTEXT(2) 
PARAMETRIC_REPRESENTATION_CONTEXT() REPRESENTATION_CONTEXT('2D SPACE',''
  ) );
#10644 = PCURVE('',#7661,#10645);
#10645 = DEFINITIONAL_REPRESENTATION('',(#10646),#10650);
#10646 = LINE('',#10647,#10648);
#10647 = CARTESIAN_POINT('',(6.28318530718,-2.6));
#10648 = VECTOR('',#10649,1.);
#10649 = DIRECTION('',(-1.,0.));
#10650 = ( GEOMETRIC_REPRESENTATION_CONTEXT(2) 
PARAMETRIC_REPRESENTATION_CONTEXT() REPRESENTATION_CONTEXT('2D SPACE',''
  ) );
#10651 = FACE_BOUND('',#10652,.T.);
#10652 = EDGE_LOOP('',(#10653));
#10653 = ORIENTED_EDGE('',*,*,#10654,.F.);
#10654 = EDGE_CURVE('',#10655,#10655,#10657,.T.);
#10655 = VERTEX_POINT('',#10656);
#10656 = CARTESIAN_POINT('',(132.9,-3.5,1.6));
#10657 = SURFACE_CURVE('',#10658,(#10663,#10674),.PCURVE_S1.);
#10658 = CIRCLE('',#10659,1.2);
#10659 = AXIS2_PLACEMENT_3D('',#10660,#10661,#10662);
#10660 = CARTESIAN_POINT('',(134.1,-3.5,1.6));
#10661 = DIRECTION('',(-0.,0.,-1.));
#10662 = DIRECTION('',(-1.,-0.,0.));
#10663 = PCURVE('',#5492,#10664);
#10664 = DEFINITIONAL_REPRESENTATION('',(#10665),#10673);
#10665 = ( BOUNDED_CURVE() B_SPLINE_CURVE(2,(#10666,#10667,#10668,#10669
    ,#10670,#10671,#10672),.UNSPECIFIED.,.T.,.F.) 
B_SPLINE_CURVE_WITH_KNOTS((1,2,2,2,2,1),(-2.094395102393,0.,
    2.094395102393,4.188790204786,6.28318530718,8.377580409573),
.UNSPECIFIED.) CURVE() GEOMETRIC_REPRESENTATION_ITEM() 
RATIONAL_B_SPLINE_CURVE((1.,0.5,1.,0.5,1.,0.5,1.)) REPRESENTATION_ITEM(
  '') );
#10666 = CARTESIAN_POINT('',(-1.2,0.));
#10667 = CARTESIAN_POINT('',(-1.2,2.078460969083));
#10668 = CARTESIAN_POINT('',(0.6,1.039230484541));
#10669 = CARTESIAN_POINT('',(2.4,2.939152317954E-16));
#10670 = CARTESIAN_POINT('',(0.6,-1.039230484541));
#10671 = CARTESIAN_POINT('',(-1.2,-2.078460969083));
#10672 = CARTESIAN_POINT('',(-1.2,0.));
#10673 = ( GEOMETRIC_REPRESENTATION_CONTEXT(2) 
PARAMETRIC_REPRESENTATION_CONTEXT() REPRESENTATION_CONTEXT('2D SPACE',''
  ) );
#10674 = PCURVE('',#10675,#10680);
#10675 = CONICAL_SURFACE('',#10676,1.2,0.785398163397);
#10676 = AXIS2_PLACEMENT_3D('',#10677,#10678,#10679);
#10677 = CARTESIAN_POINT('',(134.1,-3.5,1.6));
#10678 = DIRECTION('',(0.,0.,-1.));
#10679 = DIRECTION('',(-1.,-0.,-0.));
#10680 = DEFINITIONAL_REPRESENTATION('',(#10681),#10685);
#10681 = LINE('',#10682,#10683);
#10682 = CARTESIAN_POINT('',(0.,-0.));
#10683 = VECTOR('',#10684,1.);
#10684 = DIRECTION('',(1.,-0.));
#10685 = ( GEOMETRIC_REPRESENTATION_CONTEXT(2) 
PARAMETRIC_REPRESENTATION_CONTEXT() REPRESENTATION_CONTEXT('2D SPACE',''
  ) );
#10686 = ADVANCED_FACE('',(#10687),#5960,.T.);
#10687 = FACE_BOUND('',#10688,.T.);
#10688 = EDGE_LOOP('',(#10689,#10690,#10691,#10719));
#10689 = ORIENTED_EDGE('',*,*,#10579,.F.);
#10690 = ORIENTED_EDGE('',*,*,#5946,.F.);
#10691 = ORIENTED_EDGE('',*,*,#10692,.T.);
#10692 = EDGE_CURVE('',#5919,#10693,#10695,.T.);
#10693 = VERTEX_POINT('',#10694);
#10694 = CARTESIAN_POINT('',(132.79233031693,-0.8,5.4));
#10695 = SURFACE_CURVE('',#10696,(#10701,#10708),.PCURVE_S1.);
#10696 = CIRCLE('',#10697,3.);
#10697 = AXIS2_PLACEMENT_3D('',#10698,#10699,#10700);
#10698 = CARTESIAN_POINT('',(134.1,-3.5,5.4));
#10699 = DIRECTION('',(0.,0.,-1.));
#10700 = DIRECTION('',(0.7,-0.714142842854,0.));
#10701 = PCURVE('',#5960,#10702);
#10702 = DEFINITIONAL_REPRESENTATION('',(#10703),#10707);
#10703 = LINE('',#10704,#10705);
#10704 = CARTESIAN_POINT('',(3.936991483774,-3.8));
#10705 = VECTOR('',#10706,1.);
#10706 = DIRECTION('',(1.,-0.));
#10707 = ( GEOMETRIC_REPRESENTATION_CONTEXT(2) 
PARAMETRIC_REPRESENTATION_CONTEXT() REPRESENTATION_CONTEXT('2D SPACE',''
  ) );
#10708 = PCURVE('',#5934,#10709);
#10709 = DEFINITIONAL_REPRESENTATION('',(#10710),#10718);
#10710 = ( BOUNDED_CURVE() B_SPLINE_CURVE(2,(#10711,#10712,#10713,#10714
    ,#10715,#10716,#10717),.UNSPECIFIED.,.T.,.F.) 
B_SPLINE_CURVE_WITH_KNOTS((1,2,2,2,2,1),(-2.094395102393,0.,
    2.094395102393,4.188790204786,6.28318530718,8.377580409573),
.UNSPECIFIED.) CURVE() GEOMETRIC_REPRESENTATION_ITEM() 
RATIONAL_B_SPLINE_CURVE((1.,0.5,1.,0.5,1.,0.5,1.)) REPRESENTATION_ITEM(
  '') );
#10711 = CARTESIAN_POINT('',(-15.64242852856,-71.2));
#10712 = CARTESIAN_POINT('',(-19.27973522445,-67.48920493694));
#10713 = CARTESIAN_POINT('',(-14.24743908366,-66.19460246847));
#10714 = CARTESIAN_POINT('',(-9.215142942874,-64.9));
#10715 = CARTESIAN_POINT('',(-10.61013238777,-69.90539753152));
#10716 = CARTESIAN_POINT('',(-12.00512183266,-74.91079506305));
#10717 = CARTESIAN_POINT('',(-15.64242852856,-71.2));
#10718 = ( GEOMETRIC_REPRESENTATION_CONTEXT(2) 
PARAMETRIC_REPRESENTATION_CONTEXT() REPRESENTATION_CONTEXT('2D SPACE',''
  ) );
#10719 = ORIENTED_EDGE('',*,*,#10720,.T.);
#10720 = EDGE_CURVE('',#10693,#10580,#10721,.T.);
#10721 = SURFACE_CURVE('',#10722,(#10726,#10733),.PCURVE_S1.);
#10722 = LINE('',#10723,#10724);
#10723 = CARTESIAN_POINT('',(132.79233031693,-0.8,1.6));
#10724 = VECTOR('',#10725,1.);
#10725 = DIRECTION('',(0.,-0.,-1.));
#10726 = PCURVE('',#5960,#10727);
#10727 = DEFINITIONAL_REPRESENTATION('',(#10728),#10732);
#10728 = LINE('',#10729,#10730);
#10729 = CARTESIAN_POINT('',(7.402954822178,0.));
#10730 = VECTOR('',#10731,1.);
#10731 = DIRECTION('',(0.,1.));
#10732 = ( GEOMETRIC_REPRESENTATION_CONTEXT(2) 
PARAMETRIC_REPRESENTATION_CONTEXT() REPRESENTATION_CONTEXT('2D SPACE',''
  ) );
#10733 = PCURVE('',#7356,#10734);
#10734 = DEFINITIONAL_REPRESENTATION('',(#10735),#10739);
#10735 = LINE('',#10736,#10737);
#10736 = CARTESIAN_POINT('',(-1.207669683062,-2.6));
#10737 = VECTOR('',#10738,1.);
#10738 = DIRECTION('',(-0.,1.));
#10739 = ( GEOMETRIC_REPRESENTATION_CONTEXT(2) 
PARAMETRIC_REPRESENTATION_CONTEXT() REPRESENTATION_CONTEXT('2D SPACE',''
  ) );
#10740 = ADVANCED_FACE('',(#10741),#5934,.F.);
#10741 = FACE_BOUND('',#10742,.T.);
#10742 = EDGE_LOOP('',(#10743,#10744,#10745,#10746,#10747));
#10743 = ORIENTED_EDGE('',*,*,#10692,.F.);
#10744 = ORIENTED_EDGE('',*,*,#5918,.F.);
#10745 = ORIENTED_EDGE('',*,*,#5975,.T.);
#10746 = ORIENTED_EDGE('',*,*,#7317,.T.);
#10747 = ORIENTED_EDGE('',*,*,#10748,.T.);
#10748 = EDGE_CURVE('',#7318,#10693,#10749,.T.);
#10749 = SURFACE_CURVE('',#10750,(#10754,#10761),.PCURVE_S1.);
#10750 = LINE('',#10751,#10752);
#10751 = CARTESIAN_POINT('',(3.,-0.8,5.4));
#10752 = VECTOR('',#10753,1.);
#10753 = DIRECTION('',(1.,-0.,-0.));
#10754 = PCURVE('',#5934,#10755);
#10755 = DEFINITIONAL_REPRESENTATION('',(#10756),#10760);
#10756 = LINE('',#10757,#10758);
#10757 = CARTESIAN_POINT('',(-10.8,62.));
#10758 = VECTOR('',#10759,1.);
#10759 = DIRECTION('',(-0.,-1.));
#10760 = ( GEOMETRIC_REPRESENTATION_CONTEXT(2) 
PARAMETRIC_REPRESENTATION_CONTEXT() REPRESENTATION_CONTEXT('2D SPACE',''
  ) );
#10761 = PCURVE('',#7356,#10762);
#10762 = DEFINITIONAL_REPRESENTATION('',(#10763),#10767);
#10763 = LINE('',#10764,#10765);
#10764 = CARTESIAN_POINT('',(-131.,-6.4));
#10765 = VECTOR('',#10766,1.);
#10766 = DIRECTION('',(1.,-0.));
#10767 = ( GEOMETRIC_REPRESENTATION_CONTEXT(2) 
PARAMETRIC_REPRESENTATION_CONTEXT() REPRESENTATION_CONTEXT('2D SPACE',''
  ) );
#10768 = ADVANCED_FACE('',(#10769),#6542,.F.);
#10769 = FACE_BOUND('',#10770,.F.);
#10770 = EDGE_LOOP('',(#10771));
#10771 = ORIENTED_EDGE('',*,*,#6237,.F.);
#10772 = ADVANCED_FACE('',(#10773),#6974,.F.);
#10773 = FACE_BOUND('',#10774,.F.);
#10774 = EDGE_LOOP('',(#10775));
#10775 = ORIENTED_EDGE('',*,*,#6692,.F.);
#10776 = ADVANCED_FACE('',(#10777),#7143,.T.);
#10777 = FACE_BOUND('',#10778,.T.);
#10778 = EDGE_LOOP('',(#10779,#10805,#10833,#10855,#10856,#10882,#10883,
    #10907));
#10779 = ORIENTED_EDGE('',*,*,#10780,.F.);
#10780 = EDGE_CURVE('',#10781,#10783,#10785,.T.);
#10781 = VERTEX_POINT('',#10782);
#10782 = CARTESIAN_POINT('',(27.8,-44.21503768868,5.4));
#10783 = VERTEX_POINT('',#10784);
#10784 = CARTESIAN_POINT('',(27.8,-50.18496231131,5.4));
#10785 = SURFACE_CURVE('',#10786,(#10791,#10798),.PCURVE_S1.);
#10786 = CIRCLE('',#10787,3.);
#10787 = AXIS2_PLACEMENT_3D('',#10788,#10789,#10790);
#10788 = CARTESIAN_POINT('',(27.5,-47.2,5.4));
#10789 = DIRECTION('',(0.,0.,1.));
#10790 = DIRECTION('',(0.1,0.994987437107,-0.));
#10791 = PCURVE('',#7143,#10792);
#10792 = DEFINITIONAL_REPRESENTATION('',(#10793),#10797);
#10793 = LINE('',#10794,#10795);
#10794 = CARTESIAN_POINT('',(7.954149055136,-3.8));
#10795 = VECTOR('',#10796,1.);
#10796 = DIRECTION('',(-1.,0.));
#10797 = ( GEOMETRIC_REPRESENTATION_CONTEXT(2) 
PARAMETRIC_REPRESENTATION_CONTEXT() REPRESENTATION_CONTEXT('2D SPACE',''
  ) );
#10798 = PCURVE('',#7473,#10799);
#10799 = DEFINITIONAL_REPRESENTATION('',(#10800),#10804);
#10800 = CIRCLE('',#10801,3.);
#10801 = AXIS2_PLACEMENT_2D('',#10802,#10803);
#10802 = CARTESIAN_POINT('',(-57.2,37.5));
#10803 = DIRECTION('',(0.994987437107,-0.1));
#10804 = ( GEOMETRIC_REPRESENTATION_CONTEXT(2) 
PARAMETRIC_REPRESENTATION_CONTEXT() REPRESENTATION_CONTEXT('2D SPACE',''
  ) );
#10805 = ORIENTED_EDGE('',*,*,#10806,.T.);
#10806 = EDGE_CURVE('',#10781,#10807,#10809,.T.);
#10807 = VERTEX_POINT('',#10808);
#10808 = CARTESIAN_POINT('',(27.8,-44.21503768868,2.8));
#10809 = SURFACE_CURVE('',#10810,(#10814,#10821),.PCURVE_S1.);
#10810 = LINE('',#10811,#10812);
#10811 = CARTESIAN_POINT('',(27.8,-44.21503768868,1.6));
#10812 = VECTOR('',#10813,1.);
#10813 = DIRECTION('',(0.,-0.,-1.));
#10814 = PCURVE('',#7143,#10815);
#10815 = DEFINITIONAL_REPRESENTATION('',(#10816),#10820);
#10816 = LINE('',#10817,#10818);
#10817 = CARTESIAN_POINT('',(7.954149055136,0.));
#10818 = VECTOR('',#10819,1.);
#10819 = DIRECTION('',(0.,1.));
#10820 = ( GEOMETRIC_REPRESENTATION_CONTEXT(2) 
PARAMETRIC_REPRESENTATION_CONTEXT() REPRESENTATION_CONTEXT('2D SPACE',''
  ) );
#10821 = PCURVE('',#10822,#10827);
#10822 = PLANE('',#10823);
#10823 = AXIS2_PLACEMENT_3D('',#10824,#10825,#10826);
#10824 = CARTESIAN_POINT('',(27.8,-93.6,2.8));
#10825 = DIRECTION('',(1.,-0.,-0.));
#10826 = DIRECTION('',(0.,-1.,0.));
#10827 = DEFINITIONAL_REPRESENTATION('',(#10828),#10832);
#10828 = LINE('',#10829,#10830);
#10829 = CARTESIAN_POINT('',(-49.38496231132,1.2));
#10830 = VECTOR('',#10831,1.);
#10831 = DIRECTION('',(-0.,1.));
#10832 = ( GEOMETRIC_REPRESENTATION_CONTEXT(2) 
PARAMETRIC_REPRESENTATION_CONTEXT() REPRESENTATION_CONTEXT('2D SPACE',''
  ) );
#10833 = ORIENTED_EDGE('',*,*,#10834,.F.);
#10834 = EDGE_CURVE('',#7369,#10807,#10835,.T.);
#10835 = SURFACE_CURVE('',#10836,(#10841,#10848),.PCURVE_S1.);
#10836 = CIRCLE('',#10837,3.);
#10837 = AXIS2_PLACEMENT_3D('',#10838,#10839,#10840);
#10838 = CARTESIAN_POINT('',(27.5,-47.2,2.8));
#10839 = DIRECTION('',(0.,0.,1.));
#10840 = DIRECTION('',(-1.,-0.,-0.));
#10841 = PCURVE('',#7143,#10842);
#10842 = DEFINITIONAL_REPRESENTATION('',(#10843),#10847);
#10843 = LINE('',#10844,#10845);
#10844 = CARTESIAN_POINT('',(12.566370614359,-1.2));
#10845 = VECTOR('',#10846,1.);
#10846 = DIRECTION('',(-1.,0.));
#10847 = ( GEOMETRIC_REPRESENTATION_CONTEXT(2) 
PARAMETRIC_REPRESENTATION_CONTEXT() REPRESENTATION_CONTEXT('2D SPACE',''
  ) );
#10848 = PCURVE('',#7384,#10849);
#10849 = DEFINITIONAL_REPRESENTATION('',(#10850),#10854);
#10850 = CIRCLE('',#10851,3.);
#10851 = AXIS2_PLACEMENT_2D('',#10852,#10853);
#10852 = CARTESIAN_POINT('',(-1.3,7.105427357601E-15));
#10853 = DIRECTION('',(-1.,0.));
#10854 = ( GEOMETRIC_REPRESENTATION_CONTEXT(2) 
PARAMETRIC_REPRESENTATION_CONTEXT() REPRESENTATION_CONTEXT('2D SPACE',''
  ) );
#10855 = ORIENTED_EDGE('',*,*,#7396,.T.);
#10856 = ORIENTED_EDGE('',*,*,#10857,.F.);
#10857 = EDGE_CURVE('',#7128,#7397,#10858,.T.);
#10858 = SURFACE_CURVE('',#10859,(#10864,#10871),.PCURVE_S1.);
#10859 = CIRCLE('',#10860,3.);
#10860 = AXIS2_PLACEMENT_3D('',#10861,#10862,#10863);
#10861 = CARTESIAN_POINT('',(27.5,-47.2,1.6));
#10862 = DIRECTION('',(0.,0.,-1.));
#10863 = DIRECTION('',(0.766666666667,-0.642045342809,0.));
#10864 = PCURVE('',#7143,#10865);
#10865 = DEFINITIONAL_REPRESENTATION('',(#10866),#10870);
#10866 = LINE('',#10867,#10868);
#10867 = CARTESIAN_POINT('',(3.838755787232,0.));
#10868 = VECTOR('',#10869,1.);
#10869 = DIRECTION('',(1.,0.));
#10870 = ( GEOMETRIC_REPRESENTATION_CONTEXT(2) 
PARAMETRIC_REPRESENTATION_CONTEXT() REPRESENTATION_CONTEXT('2D SPACE',''
  ) );
#10871 = PCURVE('',#7433,#10872);
#10872 = DEFINITIONAL_REPRESENTATION('',(#10873),#10881);
#10873 = ( BOUNDED_CURVE() B_SPLINE_CURVE(2,(#10874,#10875,#10876,#10877
    ,#10878,#10879,#10880),.UNSPECIFIED.,.T.,.F.) 
B_SPLINE_CURVE_WITH_KNOTS((1,2,2,2,2,1),(-2.094395102393,0.,
    2.094395102393,4.188790204786,6.28318530718,8.377580409573),
.UNSPECIFIED.) CURVE() GEOMETRIC_REPRESENTATION_ITEM() 
RATIONAL_B_SPLINE_CURVE((1.,0.5,1.,0.5,1.,0.5,1.)) REPRESENTATION_ITEM(
  '') );
#10874 = CARTESIAN_POINT('',(2.3,-1.926136028426));
#10875 = CARTESIAN_POINT('',(-1.036165463522,-5.909852885834));
#10876 = CARTESIAN_POINT('',(-2.818082731761,-1.028790414491));
#10877 = CARTESIAN_POINT('',(-4.6,3.852272056852));
#10878 = CARTESIAN_POINT('',(0.518082731761,2.954926442917));
#10879 = CARTESIAN_POINT('',(5.636165463522,2.057580828983));
#10880 = CARTESIAN_POINT('',(2.3,-1.926136028426));
#10881 = ( GEOMETRIC_REPRESENTATION_CONTEXT(2) 
PARAMETRIC_REPRESENTATION_CONTEXT() REPRESENTATION_CONTEXT('2D SPACE',''
  ) );
#10882 = ORIENTED_EDGE('',*,*,#7125,.F.);
#10883 = ORIENTED_EDGE('',*,*,#10884,.F.);
#10884 = EDGE_CURVE('',#10885,#7126,#10887,.T.);
#10885 = VERTEX_POINT('',#10886);
#10886 = CARTESIAN_POINT('',(27.8,-50.18496231131,2.8));
#10887 = SURFACE_CURVE('',#10888,(#10893,#10900),.PCURVE_S1.);
#10888 = CIRCLE('',#10889,3.);
#10889 = AXIS2_PLACEMENT_3D('',#10890,#10891,#10892);
#10890 = CARTESIAN_POINT('',(27.5,-47.2,2.8));
#10891 = DIRECTION('',(0.,0.,1.));
#10892 = DIRECTION('',(-1.,-0.,-0.));
#10893 = PCURVE('',#7143,#10894);
#10894 = DEFINITIONAL_REPRESENTATION('',(#10895),#10899);
#10895 = LINE('',#10896,#10897);
#10896 = CARTESIAN_POINT('',(6.28318530718,-1.2));
#10897 = VECTOR('',#10898,1.);
#10898 = DIRECTION('',(-1.,0.));
#10899 = ( GEOMETRIC_REPRESENTATION_CONTEXT(2) 
PARAMETRIC_REPRESENTATION_CONTEXT() REPRESENTATION_CONTEXT('2D SPACE',''
  ) );
#10900 = PCURVE('',#7171,#10901);
#10901 = DEFINITIONAL_REPRESENTATION('',(#10902),#10906);
#10902 = CIRCLE('',#10903,3.);
#10903 = AXIS2_PLACEMENT_2D('',#10904,#10905);
#10904 = CARTESIAN_POINT('',(-1.3,7.105427357601E-15));
#10905 = DIRECTION('',(-1.,0.));
#10906 = ( GEOMETRIC_REPRESENTATION_CONTEXT(2) 
PARAMETRIC_REPRESENTATION_CONTEXT() REPRESENTATION_CONTEXT('2D SPACE',''
  ) );
#10907 = ORIENTED_EDGE('',*,*,#10908,.F.);
#10908 = EDGE_CURVE('',#10783,#10885,#10909,.T.);
#10909 = SURFACE_CURVE('',#10910,(#10914,#10921),.PCURVE_S1.);
#10910 = LINE('',#10911,#10912);
#10911 = CARTESIAN_POINT('',(27.8,-50.18496231132,1.6));
#10912 = VECTOR('',#10913,1.);
#10913 = DIRECTION('',(0.,-0.,-1.));
#10914 = PCURVE('',#7143,#10915);
#10915 = DEFINITIONAL_REPRESENTATION('',(#10916),#10920);
#10916 = LINE('',#10917,#10918);
#10917 = CARTESIAN_POINT('',(4.612221559223,0.));
#10918 = VECTOR('',#10919,1.);
#10919 = DIRECTION('',(0.,1.));
#10920 = ( GEOMETRIC_REPRESENTATION_CONTEXT(2) 
PARAMETRIC_REPRESENTATION_CONTEXT() REPRESENTATION_CONTEXT('2D SPACE',''
  ) );
#10921 = PCURVE('',#10922,#10927);
#10922 = PLANE('',#10923);
#10923 = AXIS2_PLACEMENT_3D('',#10924,#10925,#10926);
#10924 = CARTESIAN_POINT('',(27.8,-93.6,2.8));
#10925 = DIRECTION('',(1.,-0.,-0.));
#10926 = DIRECTION('',(0.,-1.,0.));
#10927 = DEFINITIONAL_REPRESENTATION('',(#10928),#10932);
#10928 = LINE('',#10929,#10930);
#10929 = CARTESIAN_POINT('',(-43.41503768868,1.2));
#10930 = VECTOR('',#10931,1.);
#10931 = DIRECTION('',(-0.,1.));
#10932 = ( GEOMETRIC_REPRESENTATION_CONTEXT(2) 
PARAMETRIC_REPRESENTATION_CONTEXT() REPRESENTATION_CONTEXT('2D SPACE',''
  ) );
#10933 = ADVANCED_FACE('',(#10934),#7171,.F.);
#10934 = FACE_BOUND('',#10935,.T.);
#10935 = EDGE_LOOP('',(#10936,#10937,#10960,#10981));
#10936 = ORIENTED_EDGE('',*,*,#7155,.T.);
#10937 = ORIENTED_EDGE('',*,*,#10938,.T.);
#10938 = EDGE_CURVE('',#7156,#10939,#10941,.T.);
#10939 = VERTEX_POINT('',#10940);
#10940 = CARTESIAN_POINT('',(27.8,-93.6,2.8));
#10941 = SURFACE_CURVE('',#10942,(#10946,#10953),.PCURVE_S1.);
#10942 = LINE('',#10943,#10944);
#10943 = CARTESIAN_POINT('',(29.8,-93.6,2.8));
#10944 = VECTOR('',#10945,1.);
#10945 = DIRECTION('',(-1.,-0.,-0.));
#10946 = PCURVE('',#7171,#10947);
#10947 = DEFINITIONAL_REPRESENTATION('',(#10948),#10952);
#10948 = LINE('',#10949,#10950);
#10949 = CARTESIAN_POINT('',(1.,-46.4));
#10950 = VECTOR('',#10951,1.);
#10951 = DIRECTION('',(-1.,0.));
#10952 = ( GEOMETRIC_REPRESENTATION_CONTEXT(2) 
PARAMETRIC_REPRESENTATION_CONTEXT() REPRESENTATION_CONTEXT('2D SPACE',''
  ) );
#10953 = PCURVE('',#7199,#10954);
#10954 = DEFINITIONAL_REPRESENTATION('',(#10955),#10959);
#10955 = LINE('',#10956,#10957);
#10956 = CARTESIAN_POINT('',(-104.2,-3.8));
#10957 = VECTOR('',#10958,1.);
#10958 = DIRECTION('',(-1.,0.));
#10959 = ( GEOMETRIC_REPRESENTATION_CONTEXT(2) 
PARAMETRIC_REPRESENTATION_CONTEXT() REPRESENTATION_CONTEXT('2D SPACE',''
  ) );
#10960 = ORIENTED_EDGE('',*,*,#10961,.T.);
#10961 = EDGE_CURVE('',#10939,#10885,#10962,.T.);
#10962 = SURFACE_CURVE('',#10963,(#10967,#10974),.PCURVE_S1.);
#10963 = LINE('',#10964,#10965);
#10964 = CARTESIAN_POINT('',(27.8,-93.6,2.8));
#10965 = VECTOR('',#10966,1.);
#10966 = DIRECTION('',(-0.,1.,-0.));
#10967 = PCURVE('',#7171,#10968);
#10968 = DEFINITIONAL_REPRESENTATION('',(#10969),#10973);
#10969 = LINE('',#10970,#10971);
#10970 = CARTESIAN_POINT('',(-1.,-46.4));
#10971 = VECTOR('',#10972,1.);
#10972 = DIRECTION('',(-0.,1.));
#10973 = ( GEOMETRIC_REPRESENTATION_CONTEXT(2) 
PARAMETRIC_REPRESENTATION_CONTEXT() REPRESENTATION_CONTEXT('2D SPACE',''
  ) );
#10974 = PCURVE('',#10922,#10975);
#10975 = DEFINITIONAL_REPRESENTATION('',(#10976),#10980);
#10976 = LINE('',#10977,#10978);
#10977 = CARTESIAN_POINT('',(-0.,-0.));
#10978 = VECTOR('',#10979,1.);
#10979 = DIRECTION('',(-1.,0.));
#10980 = ( GEOMETRIC_REPRESENTATION_CONTEXT(2) 
PARAMETRIC_REPRESENTATION_CONTEXT() REPRESENTATION_CONTEXT('2D SPACE',''
  ) );
#10981 = ORIENTED_EDGE('',*,*,#10884,.T.);
#10982 = ADVANCED_FACE('',(#10983),#7199,.T.);
#10983 = FACE_BOUND('',#10984,.F.);
#10984 = EDGE_LOOP('',(#10985,#11008,#11009,#11010,#11011,#11012,#11013,
    #11034,#11035,#11036,#11037,#11038,#11039,#11040,#11041,#11042,
    #11043,#11044,#11045,#11046,#11047,#11048,#11071));
#10985 = ORIENTED_EDGE('',*,*,#10986,.F.);
#10986 = EDGE_CURVE('',#7985,#10987,#10989,.T.);
#10987 = VERTEX_POINT('',#10988);
#10988 = CARTESIAN_POINT('',(3.,-93.6,5.395215644444));
#10989 = SURFACE_CURVE('',#10990,(#10994,#11001),.PCURVE_S1.);
#10990 = LINE('',#10991,#10992);
#10991 = CARTESIAN_POINT('',(3.,-93.6,-1.));
#10992 = VECTOR('',#10993,1.);
#10993 = DIRECTION('',(-0.,-0.,1.));
#10994 = PCURVE('',#7199,#10995);
#10995 = DEFINITIONAL_REPRESENTATION('',(#10996),#11000);
#10996 = LINE('',#10997,#10998);
#10997 = CARTESIAN_POINT('',(-131.,0.));
#10998 = VECTOR('',#10999,1.);
#10999 = DIRECTION('',(-0.,-1.));
#11000 = ( GEOMETRIC_REPRESENTATION_CONTEXT(2) 
PARAMETRIC_REPRESENTATION_CONTEXT() REPRESENTATION_CONTEXT('2D SPACE',''
  ) );
#11001 = PCURVE('',#7820,#11002);
#11002 = DEFINITIONAL_REPRESENTATION('',(#11003),#11007);
#11003 = LINE('',#11004,#11005);
#11004 = CARTESIAN_POINT('',(4.712388980385,0.));
#11005 = VECTOR('',#11006,1.);
#11006 = DIRECTION('',(0.,-1.));
#11007 = ( GEOMETRIC_REPRESENTATION_CONTEXT(2) 
PARAMETRIC_REPRESENTATION_CONTEXT() REPRESENTATION_CONTEXT('2D SPACE',''
  ) );
#11008 = ORIENTED_EDGE('',*,*,#8008,.F.);
#11009 = ORIENTED_EDGE('',*,*,#8467,.T.);
#11010 = ORIENTED_EDGE('',*,*,#8495,.F.);
#11011 = ORIENTED_EDGE('',*,*,#8417,.F.);
#11012 = ORIENTED_EDGE('',*,*,#7564,.F.);
#11013 = ORIENTED_EDGE('',*,*,#11014,.T.);
#11014 = EDGE_CURVE('',#7565,#8558,#11015,.T.);
#11015 = SURFACE_CURVE('',#11016,(#11020,#11027),.PCURVE_S1.);
#11016 = LINE('',#11017,#11018);
#11017 = CARTESIAN_POINT('',(134.,-93.6,-1.));
#11018 = VECTOR('',#11019,1.);
#11019 = DIRECTION('',(-0.,-0.,1.));
#11020 = PCURVE('',#7199,#11021);
#11021 = DEFINITIONAL_REPRESENTATION('',(#11022),#11026);
#11022 = LINE('',#11023,#11024);
#11023 = CARTESIAN_POINT('',(-0.,-0.));
#11024 = VECTOR('',#11025,1.);
#11025 = DIRECTION('',(-0.,-1.));
#11026 = ( GEOMETRIC_REPRESENTATION_CONTEXT(2) 
PARAMETRIC_REPRESENTATION_CONTEXT() REPRESENTATION_CONTEXT('2D SPACE',''
  ) );
#11027 = PCURVE('',#7604,#11028);
#11028 = DEFINITIONAL_REPRESENTATION('',(#11029),#11033);
#11029 = LINE('',#11030,#11031);
#11030 = CARTESIAN_POINT('',(4.712388980385,0.));
#11031 = VECTOR('',#11032,1.);
#11032 = DIRECTION('',(0.,-1.));
#11033 = ( GEOMETRIC_REPRESENTATION_CONTEXT(2) 
PARAMETRIC_REPRESENTATION_CONTEXT() REPRESENTATION_CONTEXT('2D SPACE',''
  ) );
#11034 = ORIENTED_EDGE('',*,*,#8583,.T.);
#11035 = ORIENTED_EDGE('',*,*,#8735,.F.);
#11036 = ORIENTED_EDGE('',*,*,#9050,.T.);
#11037 = ORIENTED_EDGE('',*,*,#9082,.T.);
#11038 = ORIENTED_EDGE('',*,*,#9148,.T.);
#11039 = ORIENTED_EDGE('',*,*,#9214,.T.);
#11040 = ORIENTED_EDGE('',*,*,#9280,.T.);
#11041 = ORIENTED_EDGE('',*,*,#9346,.T.);
#11042 = ORIENTED_EDGE('',*,*,#9412,.T.);
#11043 = ORIENTED_EDGE('',*,*,#9478,.T.);
#11044 = ORIENTED_EDGE('',*,*,#9544,.T.);
#11045 = ORIENTED_EDGE('',*,*,#9610,.T.);
#11046 = ORIENTED_EDGE('',*,*,#7183,.F.);
#11047 = ORIENTED_EDGE('',*,*,#10938,.T.);
#11048 = ORIENTED_EDGE('',*,*,#11049,.T.);
#11049 = EDGE_CURVE('',#10939,#11050,#11052,.T.);
#11050 = VERTEX_POINT('',#11051);
#11051 = CARTESIAN_POINT('',(27.8,-93.6,5.395215644444));
#11052 = SURFACE_CURVE('',#11053,(#11057,#11064),.PCURVE_S1.);
#11053 = LINE('',#11054,#11055);
#11054 = CARTESIAN_POINT('',(27.8,-93.6,2.8));
#11055 = VECTOR('',#11056,1.);
#11056 = DIRECTION('',(-0.,-0.,1.));
#11057 = PCURVE('',#7199,#11058);
#11058 = DEFINITIONAL_REPRESENTATION('',(#11059),#11063);
#11059 = LINE('',#11060,#11061);
#11060 = CARTESIAN_POINT('',(-106.2,-3.8));
#11061 = VECTOR('',#11062,1.);
#11062 = DIRECTION('',(-0.,-1.));
#11063 = ( GEOMETRIC_REPRESENTATION_CONTEXT(2) 
PARAMETRIC_REPRESENTATION_CONTEXT() REPRESENTATION_CONTEXT('2D SPACE',''
  ) );
#11064 = PCURVE('',#10922,#11065);
#11065 = DEFINITIONAL_REPRESENTATION('',(#11066),#11070);
#11066 = LINE('',#11067,#11068);
#11067 = CARTESIAN_POINT('',(-0.,-0.));
#11068 = VECTOR('',#11069,1.);
#11069 = DIRECTION('',(-0.,-1.));
#11070 = ( GEOMETRIC_REPRESENTATION_CONTEXT(2) 
PARAMETRIC_REPRESENTATION_CONTEXT() REPRESENTATION_CONTEXT('2D SPACE',''
  ) );
#11071 = ORIENTED_EDGE('',*,*,#11072,.T.);
#11072 = EDGE_CURVE('',#11050,#10987,#11073,.T.);
#11073 = SURFACE_CURVE('',#11074,(#11080,#11089),.PCURVE_S1.);
#11074 = B_SPLINE_CURVE_WITH_KNOTS('',4,(#11075,#11076,#11077,#11078,
    #11079),.UNSPECIFIED.,.F.,.F.,(5,5),(0.,1.),
  .PIECEWISE_BEZIER_KNOTS.);
#11075 = CARTESIAN_POINT('',(36.,-93.6,5.395215644444));
#11076 = CARTESIAN_POINT('',(27.75,-93.6,5.395215644444));
#11077 = CARTESIAN_POINT('',(19.5,-93.6,5.395215644444));
#11078 = CARTESIAN_POINT('',(11.25,-93.6,5.395215644444));
#11079 = CARTESIAN_POINT('',(3.,-93.6,5.395215644444));
#11080 = PCURVE('',#7199,#11081);
#11081 = DEFINITIONAL_REPRESENTATION('',(#11082),#11088);
#11082 = B_SPLINE_CURVE_WITH_KNOTS('',4,(#11083,#11084,#11085,#11086,
    #11087),.UNSPECIFIED.,.F.,.F.,(5,5),(0.,1.),
  .PIECEWISE_BEZIER_KNOTS.);
#11083 = CARTESIAN_POINT('',(-98.,-6.395215644444));
#11084 = CARTESIAN_POINT('',(-106.25,-6.395215644444));
#11085 = CARTESIAN_POINT('',(-114.5,-6.395215644444));
#11086 = CARTESIAN_POINT('',(-122.75,-6.395215644444));
#11087 = CARTESIAN_POINT('',(-131.,-6.395215644444));
#11088 = ( GEOMETRIC_REPRESENTATION_CONTEXT(2) 
PARAMETRIC_REPRESENTATION_CONTEXT() REPRESENTATION_CONTEXT('2D SPACE',''
  ) );
#11089 = PCURVE('',#7864,#11090);
#11090 = DEFINITIONAL_REPRESENTATION('',(#11091),#11097);
#11091 = B_SPLINE_CURVE_WITH_KNOTS('',4,(#11092,#11093,#11094,#11095,
    #11096),.UNSPECIFIED.,.F.,.F.,(5,5),(0.,1.),
  .PIECEWISE_BEZIER_KNOTS.);
#11092 = CARTESIAN_POINT('',(23.20000057311,0.));
#11093 = CARTESIAN_POINT('',(23.20000057311,0.170525010335));
#11094 = CARTESIAN_POINT('',(23.20000057311,0.34105002067));
#11095 = CARTESIAN_POINT('',(23.20000057311,0.511575031005));
#11096 = CARTESIAN_POINT('',(23.20000057311,0.682100041339));
#11097 = ( GEOMETRIC_REPRESENTATION_CONTEXT(2) 
PARAMETRIC_REPRESENTATION_CONTEXT() REPRESENTATION_CONTEXT('2D SPACE',''
  ) );
#11098 = ADVANCED_FACE('',(#11099),#7356,.F.);
#11099 = FACE_BOUND('',#11100,.T.);
#11100 = EDGE_LOOP('',(#11101,#11124,#11125,#11146,#11147,#11148,#11149,
    #11150,#11173,#11196,#11219,#11247,#11275,#11298,#11321,#11349,
    #11377,#11400));
#11101 = ORIENTED_EDGE('',*,*,#11102,.F.);
#11102 = EDGE_CURVE('',#7674,#11103,#11105,.T.);
#11103 = VERTEX_POINT('',#11104);
#11104 = CARTESIAN_POINT('',(3.,-0.8,5.4));
#11105 = SURFACE_CURVE('',#11106,(#11110,#11117),.PCURVE_S1.);
#11106 = LINE('',#11107,#11108);
#11107 = CARTESIAN_POINT('',(3.,-0.8,-1.));
#11108 = VECTOR('',#11109,1.);
#11109 = DIRECTION('',(-0.,-0.,1.));
#11110 = PCURVE('',#7356,#11111);
#11111 = DEFINITIONAL_REPRESENTATION('',(#11112),#11116);
#11112 = LINE('',#11113,#11114);
#11113 = CARTESIAN_POINT('',(-131.,0.));
#11114 = VECTOR('',#11115,1.);
#11115 = DIRECTION('',(-0.,-1.));
#11116 = ( GEOMETRIC_REPRESENTATION_CONTEXT(2) 
PARAMETRIC_REPRESENTATION_CONTEXT() REPRESENTATION_CONTEXT('2D SPACE',''
  ) );
#11117 = PCURVE('',#7713,#11118);
#11118 = DEFINITIONAL_REPRESENTATION('',(#11119),#11123);
#11119 = LINE('',#11120,#11121);
#11120 = CARTESIAN_POINT('',(1.570796326795,0.));
#11121 = VECTOR('',#11122,1.);
#11122 = DIRECTION('',(0.,-1.));
#11123 = ( GEOMETRIC_REPRESENTATION_CONTEXT(2) 
PARAMETRIC_REPRESENTATION_CONTEXT() REPRESENTATION_CONTEXT('2D SPACE',''
  ) );
#11124 = ORIENTED_EDGE('',*,*,#7673,.F.);
#11125 = ORIENTED_EDGE('',*,*,#11126,.T.);
#11126 = EDGE_CURVE('',#7645,#10608,#11127,.T.);
#11127 = SURFACE_CURVE('',#11128,(#11132,#11139),.PCURVE_S1.);
#11128 = LINE('',#11129,#11130);
#11129 = CARTESIAN_POINT('',(134.,-0.8,-1.));
#11130 = VECTOR('',#11131,1.);
#11131 = DIRECTION('',(-0.,-0.,1.));
#11132 = PCURVE('',#7356,#11133);
#11133 = DEFINITIONAL_REPRESENTATION('',(#11134),#11138);
#11134 = LINE('',#11135,#11136);
#11135 = CARTESIAN_POINT('',(-0.,-0.));
#11136 = VECTOR('',#11137,1.);
#11137 = DIRECTION('',(-0.,-1.));
#11138 = ( GEOMETRIC_REPRESENTATION_CONTEXT(2) 
PARAMETRIC_REPRESENTATION_CONTEXT() REPRESENTATION_CONTEXT('2D SPACE',''
  ) );
#11139 = PCURVE('',#7661,#11140);
#11140 = DEFINITIONAL_REPRESENTATION('',(#11141),#11145);
#11141 = LINE('',#11142,#11143);
#11142 = CARTESIAN_POINT('',(1.570796326795,0.));
#11143 = VECTOR('',#11144,1.);
#11144 = DIRECTION('',(0.,-1.));
#11145 = ( GEOMETRIC_REPRESENTATION_CONTEXT(2) 
PARAMETRIC_REPRESENTATION_CONTEXT() REPRESENTATION_CONTEXT('2D SPACE',''
  ) );
#11146 = ORIENTED_EDGE('',*,*,#10607,.T.);
#11147 = ORIENTED_EDGE('',*,*,#10720,.F.);
#11148 = ORIENTED_EDGE('',*,*,#10748,.F.);
#11149 = ORIENTED_EDGE('',*,*,#7340,.F.);
#11150 = ORIENTED_EDGE('',*,*,#11151,.F.);
#11151 = EDGE_CURVE('',#11152,#7341,#11154,.T.);
#11152 = VERTEX_POINT('',#11153);
#11153 = CARTESIAN_POINT('',(27.8,-0.8,2.8));
#11154 = SURFACE_CURVE('',#11155,(#11159,#11166),.PCURVE_S1.);
#11155 = LINE('',#11156,#11157);
#11156 = CARTESIAN_POINT('',(27.8,-0.8,2.8));
#11157 = VECTOR('',#11158,1.);
#11158 = DIRECTION('',(1.,-0.,-0.));
#11159 = PCURVE('',#7356,#11160);
#11160 = DEFINITIONAL_REPRESENTATION('',(#11161),#11165);
#11161 = LINE('',#11162,#11163);
#11162 = CARTESIAN_POINT('',(-106.2,-3.8));
#11163 = VECTOR('',#11164,1.);
#11164 = DIRECTION('',(1.,-0.));
#11165 = ( GEOMETRIC_REPRESENTATION_CONTEXT(2) 
PARAMETRIC_REPRESENTATION_CONTEXT() REPRESENTATION_CONTEXT('2D SPACE',''
  ) );
#11166 = PCURVE('',#7384,#11167);
#11167 = DEFINITIONAL_REPRESENTATION('',(#11168),#11172);
#11168 = LINE('',#11169,#11170);
#11169 = CARTESIAN_POINT('',(-1.,46.4));
#11170 = VECTOR('',#11171,1.);
#11171 = DIRECTION('',(1.,-0.));
#11172 = ( GEOMETRIC_REPRESENTATION_CONTEXT(2) 
PARAMETRIC_REPRESENTATION_CONTEXT() REPRESENTATION_CONTEXT('2D SPACE',''
  ) );
#11173 = ORIENTED_EDGE('',*,*,#11174,.T.);
#11174 = EDGE_CURVE('',#11152,#11175,#11177,.T.);
#11175 = VERTEX_POINT('',#11176);
#11176 = CARTESIAN_POINT('',(27.8,-0.8,5.4));
#11177 = SURFACE_CURVE('',#11178,(#11182,#11189),.PCURVE_S1.);
#11178 = LINE('',#11179,#11180);
#11179 = CARTESIAN_POINT('',(27.8,-0.8,2.8));
#11180 = VECTOR('',#11181,1.);
#11181 = DIRECTION('',(-0.,-0.,1.));
#11182 = PCURVE('',#7356,#11183);
#11183 = DEFINITIONAL_REPRESENTATION('',(#11184),#11188);
#11184 = LINE('',#11185,#11186);
#11185 = CARTESIAN_POINT('',(-106.2,-3.8));
#11186 = VECTOR('',#11187,1.);
#11187 = DIRECTION('',(-0.,-1.));
#11188 = ( GEOMETRIC_REPRESENTATION_CONTEXT(2) 
PARAMETRIC_REPRESENTATION_CONTEXT() REPRESENTATION_CONTEXT('2D SPACE',''
  ) );
#11189 = PCURVE('',#10822,#11190);
#11190 = DEFINITIONAL_REPRESENTATION('',(#11191),#11195);
#11191 = LINE('',#11192,#11193);
#11192 = CARTESIAN_POINT('',(-92.8,-0.));
#11193 = VECTOR('',#11194,1.);
#11194 = DIRECTION('',(-0.,-1.));
#11195 = ( GEOMETRIC_REPRESENTATION_CONTEXT(2) 
PARAMETRIC_REPRESENTATION_CONTEXT() REPRESENTATION_CONTEXT('2D SPACE',''
  ) );
#11196 = ORIENTED_EDGE('',*,*,#11197,.F.);
#11197 = EDGE_CURVE('',#11198,#11175,#11200,.T.);
#11198 = VERTEX_POINT('',#11199);
#11199 = CARTESIAN_POINT('',(24.626169683061,-0.8,5.4));
#11200 = SURFACE_CURVE('',#11201,(#11205,#11212),.PCURVE_S1.);
#11201 = LINE('',#11202,#11203);
#11202 = CARTESIAN_POINT('',(3.,-0.8,5.4));
#11203 = VECTOR('',#11204,1.);
#11204 = DIRECTION('',(1.,-0.,-0.));
#11205 = PCURVE('',#7356,#11206);
#11206 = DEFINITIONAL_REPRESENTATION('',(#11207),#11211);
#11207 = LINE('',#11208,#11209);
#11208 = CARTESIAN_POINT('',(-131.,-6.4));
#11209 = VECTOR('',#11210,1.);
#11210 = DIRECTION('',(1.,-0.));
#11211 = ( GEOMETRIC_REPRESENTATION_CONTEXT(2) 
PARAMETRIC_REPRESENTATION_CONTEXT() REPRESENTATION_CONTEXT('2D SPACE',''
  ) );
#11212 = PCURVE('',#7473,#11213);
#11213 = DEFINITIONAL_REPRESENTATION('',(#11214),#11218);
#11214 = LINE('',#11215,#11216);
#11215 = CARTESIAN_POINT('',(-10.8,62.));
#11216 = VECTOR('',#11217,1.);
#11217 = DIRECTION('',(-0.,-1.));
#11218 = ( GEOMETRIC_REPRESENTATION_CONTEXT(2) 
PARAMETRIC_REPRESENTATION_CONTEXT() REPRESENTATION_CONTEXT('2D SPACE',''
  ) );
#11219 = ORIENTED_EDGE('',*,*,#11220,.T.);
#11220 = EDGE_CURVE('',#11198,#11221,#11223,.T.);
#11221 = VERTEX_POINT('',#11222);
#11222 = CARTESIAN_POINT('',(24.626169683062,-0.8,1.6));
#11223 = SURFACE_CURVE('',#11224,(#11228,#11235),.PCURVE_S1.);
#11224 = LINE('',#11225,#11226);
#11225 = CARTESIAN_POINT('',(24.626169683062,-0.8,1.6));
#11226 = VECTOR('',#11227,1.);
#11227 = DIRECTION('',(0.,-0.,-1.));
#11228 = PCURVE('',#7356,#11229);
#11229 = DEFINITIONAL_REPRESENTATION('',(#11230),#11234);
#11230 = LINE('',#11231,#11232);
#11231 = CARTESIAN_POINT('',(-109.3738303169,-2.6));
#11232 = VECTOR('',#11233,1.);
#11233 = DIRECTION('',(-0.,1.));
#11234 = ( GEOMETRIC_REPRESENTATION_CONTEXT(2) 
PARAMETRIC_REPRESENTATION_CONTEXT() REPRESENTATION_CONTEXT('2D SPACE',''
  ) );
#11235 = PCURVE('',#11236,#11241);
#11236 = CYLINDRICAL_SURFACE('',#11237,3.);
#11237 = AXIS2_PLACEMENT_3D('',#11238,#11239,#11240);
#11238 = CARTESIAN_POINT('',(23.3185,-3.5,1.6));
#11239 = DIRECTION('',(0.,-0.,-1.));
#11240 = DIRECTION('',(-1.,-0.,-0.));
#11241 = DEFINITIONAL_REPRESENTATION('',(#11242),#11246);
#11242 = LINE('',#11243,#11244);
#11243 = CARTESIAN_POINT('',(2.021823138591,0.));
#11244 = VECTOR('',#11245,1.);
#11245 = DIRECTION('',(0.,1.));
#11246 = ( GEOMETRIC_REPRESENTATION_CONTEXT(2) 
PARAMETRIC_REPRESENTATION_CONTEXT() REPRESENTATION_CONTEXT('2D SPACE',''
  ) );
#11247 = ORIENTED_EDGE('',*,*,#11248,.T.);
#11248 = EDGE_CURVE('',#11221,#11249,#11251,.T.);
#11249 = VERTEX_POINT('',#11250);
#11250 = CARTESIAN_POINT('',(22.010830316938,-0.8,1.6));
#11251 = SURFACE_CURVE('',#11252,(#11256,#11263),.PCURVE_S1.);
#11252 = LINE('',#11253,#11254);
#11253 = CARTESIAN_POINT('',(78.65925,-0.8,1.6));
#11254 = VECTOR('',#11255,1.);
#11255 = DIRECTION('',(-1.,-0.,-0.));
#11256 = PCURVE('',#7356,#11257);
#11257 = DEFINITIONAL_REPRESENTATION('',(#11258),#11262);
#11258 = LINE('',#11259,#11260);
#11259 = CARTESIAN_POINT('',(-55.34075,-2.6));
#11260 = VECTOR('',#11261,1.);
#11261 = DIRECTION('',(-1.,0.));
#11262 = ( GEOMETRIC_REPRESENTATION_CONTEXT(2) 
PARAMETRIC_REPRESENTATION_CONTEXT() REPRESENTATION_CONTEXT('2D SPACE',''
  ) );
#11263 = PCURVE('',#11264,#11269);
#11264 = PLANE('',#11265);
#11265 = AXIS2_PLACEMENT_3D('',#11266,#11267,#11268);
#11266 = CARTESIAN_POINT('',(23.3185,-3.5,1.6));
#11267 = DIRECTION('',(-0.,-0.,1.));
#11268 = DIRECTION('',(1.,0.,0.));
#11269 = DEFINITIONAL_REPRESENTATION('',(#11270),#11274);
#11270 = LINE('',#11271,#11272);
#11271 = CARTESIAN_POINT('',(55.34075,2.7));
#11272 = VECTOR('',#11273,1.);
#11273 = DIRECTION('',(-1.,0.));
#11274 = ( GEOMETRIC_REPRESENTATION_CONTEXT(2) 
PARAMETRIC_REPRESENTATION_CONTEXT() REPRESENTATION_CONTEXT('2D SPACE',''
  ) );
#11275 = ORIENTED_EDGE('',*,*,#11276,.F.);
#11276 = EDGE_CURVE('',#11277,#11249,#11279,.T.);
#11277 = VERTEX_POINT('',#11278);
#11278 = CARTESIAN_POINT('',(22.010830316939,-0.8,5.4));
#11279 = SURFACE_CURVE('',#11280,(#11284,#11291),.PCURVE_S1.);
#11280 = LINE('',#11281,#11282);
#11281 = CARTESIAN_POINT('',(22.010830316938,-0.8,1.6));
#11282 = VECTOR('',#11283,1.);
#11283 = DIRECTION('',(0.,-0.,-1.));
#11284 = PCURVE('',#7356,#11285);
#11285 = DEFINITIONAL_REPRESENTATION('',(#11286),#11290);
#11286 = LINE('',#11287,#11288);
#11287 = CARTESIAN_POINT('',(-111.989169683,-2.6));
#11288 = VECTOR('',#11289,1.);
#11289 = DIRECTION('',(-0.,1.));
#11290 = ( GEOMETRIC_REPRESENTATION_CONTEXT(2) 
PARAMETRIC_REPRESENTATION_CONTEXT() REPRESENTATION_CONTEXT('2D SPACE',''
  ) );
#11291 = PCURVE('',#11236,#11292);
#11292 = DEFINITIONAL_REPRESENTATION('',(#11293),#11297);
#11293 = LINE('',#11294,#11295);
#11294 = CARTESIAN_POINT('',(7.402954822178,0.));
#11295 = VECTOR('',#11296,1.);
#11296 = DIRECTION('',(0.,1.));
#11297 = ( GEOMETRIC_REPRESENTATION_CONTEXT(2) 
PARAMETRIC_REPRESENTATION_CONTEXT() REPRESENTATION_CONTEXT('2D SPACE',''
  ) );
#11298 = ORIENTED_EDGE('',*,*,#11299,.F.);
#11299 = EDGE_CURVE('',#11300,#11277,#11302,.T.);
#11300 = VERTEX_POINT('',#11301);
#11301 = CARTESIAN_POINT('',(6.589169683063,-0.8,5.4));
#11302 = SURFACE_CURVE('',#11303,(#11307,#11314),.PCURVE_S1.);
#11303 = LINE('',#11304,#11305);
#11304 = CARTESIAN_POINT('',(3.,-0.8,5.4));
#11305 = VECTOR('',#11306,1.);
#11306 = DIRECTION('',(1.,-0.,-0.));
#11307 = PCURVE('',#7356,#11308);
#11308 = DEFINITIONAL_REPRESENTATION('',(#11309),#11313);
#11309 = LINE('',#11310,#11311);
#11310 = CARTESIAN_POINT('',(-131.,-6.4));
#11311 = VECTOR('',#11312,1.);
#11312 = DIRECTION('',(1.,-0.));
#11313 = ( GEOMETRIC_REPRESENTATION_CONTEXT(2) 
PARAMETRIC_REPRESENTATION_CONTEXT() REPRESENTATION_CONTEXT('2D SPACE',''
  ) );
#11314 = PCURVE('',#7473,#11315);
#11315 = DEFINITIONAL_REPRESENTATION('',(#11316),#11320);
#11316 = LINE('',#11317,#11318);
#11317 = CARTESIAN_POINT('',(-10.8,62.));
#11318 = VECTOR('',#11319,1.);
#11319 = DIRECTION('',(-0.,-1.));
#11320 = ( GEOMETRIC_REPRESENTATION_CONTEXT(2) 
PARAMETRIC_REPRESENTATION_CONTEXT() REPRESENTATION_CONTEXT('2D SPACE',''
  ) );
#11321 = ORIENTED_EDGE('',*,*,#11322,.T.);
#11322 = EDGE_CURVE('',#11300,#11323,#11325,.T.);
#11323 = VERTEX_POINT('',#11324);
#11324 = CARTESIAN_POINT('',(6.589169683062,-0.8,1.6));
#11325 = SURFACE_CURVE('',#11326,(#11330,#11337),.PCURVE_S1.);
#11326 = LINE('',#11327,#11328);
#11327 = CARTESIAN_POINT('',(6.589169683062,-0.8,1.6));
#11328 = VECTOR('',#11329,1.);
#11329 = DIRECTION('',(0.,-0.,-1.));
#11330 = PCURVE('',#7356,#11331);
#11331 = DEFINITIONAL_REPRESENTATION('',(#11332),#11336);
#11332 = LINE('',#11333,#11334);
#11333 = CARTESIAN_POINT('',(-127.4108303169,-2.6));
#11334 = VECTOR('',#11335,1.);
#11335 = DIRECTION('',(-0.,1.));
#11336 = ( GEOMETRIC_REPRESENTATION_CONTEXT(2) 
PARAMETRIC_REPRESENTATION_CONTEXT() REPRESENTATION_CONTEXT('2D SPACE',''
  ) );
#11337 = PCURVE('',#11338,#11343);
#11338 = CYLINDRICAL_SURFACE('',#11339,3.);
#11339 = AXIS2_PLACEMENT_3D('',#11340,#11341,#11342);
#11340 = CARTESIAN_POINT('',(5.2815,-3.5,1.6));
#11341 = DIRECTION('',(0.,-0.,-1.));
#11342 = DIRECTION('',(-1.,-0.,-0.));
#11343 = DEFINITIONAL_REPRESENTATION('',(#11344),#11348);
#11344 = LINE('',#11345,#11346);
#11345 = CARTESIAN_POINT('',(2.021823138591,0.));
#11346 = VECTOR('',#11347,1.);
#11347 = DIRECTION('',(0.,1.));
#11348 = ( GEOMETRIC_REPRESENTATION_CONTEXT(2) 
PARAMETRIC_REPRESENTATION_CONTEXT() REPRESENTATION_CONTEXT('2D SPACE',''
  ) );
#11349 = ORIENTED_EDGE('',*,*,#11350,.T.);
#11350 = EDGE_CURVE('',#11323,#11351,#11353,.T.);
#11351 = VERTEX_POINT('',#11352);
#11352 = CARTESIAN_POINT('',(3.973830316938,-0.8,1.6));
#11353 = SURFACE_CURVE('',#11354,(#11358,#11365),.PCURVE_S1.);
#11354 = LINE('',#11355,#11356);
#11355 = CARTESIAN_POINT('',(69.64075,-0.8,1.6));
#11356 = VECTOR('',#11357,1.);
#11357 = DIRECTION('',(-1.,-0.,-0.));
#11358 = PCURVE('',#7356,#11359);
#11359 = DEFINITIONAL_REPRESENTATION('',(#11360),#11364);
#11360 = LINE('',#11361,#11362);
#11361 = CARTESIAN_POINT('',(-64.35925,-2.6));
#11362 = VECTOR('',#11363,1.);
#11363 = DIRECTION('',(-1.,0.));
#11364 = ( GEOMETRIC_REPRESENTATION_CONTEXT(2) 
PARAMETRIC_REPRESENTATION_CONTEXT() REPRESENTATION_CONTEXT('2D SPACE',''
  ) );
#11365 = PCURVE('',#11366,#11371);
#11366 = PLANE('',#11367);
#11367 = AXIS2_PLACEMENT_3D('',#11368,#11369,#11370);
#11368 = CARTESIAN_POINT('',(5.2815,-3.5,1.6));
#11369 = DIRECTION('',(-0.,-0.,1.));
#11370 = DIRECTION('',(1.,0.,0.));
#11371 = DEFINITIONAL_REPRESENTATION('',(#11372),#11376);
#11372 = LINE('',#11373,#11374);
#11373 = CARTESIAN_POINT('',(64.35925,2.7));
#11374 = VECTOR('',#11375,1.);
#11375 = DIRECTION('',(-1.,0.));
#11376 = ( GEOMETRIC_REPRESENTATION_CONTEXT(2) 
PARAMETRIC_REPRESENTATION_CONTEXT() REPRESENTATION_CONTEXT('2D SPACE',''
  ) );
#11377 = ORIENTED_EDGE('',*,*,#11378,.F.);
#11378 = EDGE_CURVE('',#11379,#11351,#11381,.T.);
#11379 = VERTEX_POINT('',#11380);
#11380 = CARTESIAN_POINT('',(3.973830316937,-0.8,5.4));
#11381 = SURFACE_CURVE('',#11382,(#11386,#11393),.PCURVE_S1.);
#11382 = LINE('',#11383,#11384);
#11383 = CARTESIAN_POINT('',(3.973830316938,-0.8,1.6));
#11384 = VECTOR('',#11385,1.);
#11385 = DIRECTION('',(0.,-0.,-1.));
#11386 = PCURVE('',#7356,#11387);
#11387 = DEFINITIONAL_REPRESENTATION('',(#11388),#11392);
#11388 = LINE('',#11389,#11390);
#11389 = CARTESIAN_POINT('',(-130.026169683,-2.6));
#11390 = VECTOR('',#11391,1.);
#11391 = DIRECTION('',(-0.,1.));
#11392 = ( GEOMETRIC_REPRESENTATION_CONTEXT(2) 
PARAMETRIC_REPRESENTATION_CONTEXT() REPRESENTATION_CONTEXT('2D SPACE',''
  ) );
#11393 = PCURVE('',#11338,#11394);
#11394 = DEFINITIONAL_REPRESENTATION('',(#11395),#11399);
#11395 = LINE('',#11396,#11397);
#11396 = CARTESIAN_POINT('',(7.402954822178,0.));
#11397 = VECTOR('',#11398,1.);
#11398 = DIRECTION('',(0.,1.));
#11399 = ( GEOMETRIC_REPRESENTATION_CONTEXT(2) 
PARAMETRIC_REPRESENTATION_CONTEXT() REPRESENTATION_CONTEXT('2D SPACE',''
  ) );
#11400 = ORIENTED_EDGE('',*,*,#11401,.F.);
#11401 = EDGE_CURVE('',#11103,#11379,#11402,.T.);
#11402 = SURFACE_CURVE('',#11403,(#11407,#11414),.PCURVE_S1.);
#11403 = LINE('',#11404,#11405);
#11404 = CARTESIAN_POINT('',(3.,-0.8,5.4));
#11405 = VECTOR('',#11406,1.);
#11406 = DIRECTION('',(1.,-0.,-0.));
#11407 = PCURVE('',#7356,#11408);
#11408 = DEFINITIONAL_REPRESENTATION('',(#11409),#11413);
#11409 = LINE('',#11410,#11411);
#11410 = CARTESIAN_POINT('',(-131.,-6.4));
#11411 = VECTOR('',#11412,1.);
#11412 = DIRECTION('',(1.,-0.));
#11413 = ( GEOMETRIC_REPRESENTATION_CONTEXT(2) 
PARAMETRIC_REPRESENTATION_CONTEXT() REPRESENTATION_CONTEXT('2D SPACE',''
  ) );
#11414 = PCURVE('',#7473,#11415);
#11415 = DEFINITIONAL_REPRESENTATION('',(#11416),#11420);
#11416 = LINE('',#11417,#11418);
#11417 = CARTESIAN_POINT('',(-10.8,62.));
#11418 = VECTOR('',#11419,1.);
#11419 = DIRECTION('',(-0.,-1.));
#11420 = ( GEOMETRIC_REPRESENTATION_CONTEXT(2) 
PARAMETRIC_REPRESENTATION_CONTEXT() REPRESENTATION_CONTEXT('2D SPACE',''
  ) );
#11421 = ADVANCED_FACE('',(#11422),#7384,.F.);
#11422 = FACE_BOUND('',#11423,.T.);
#11423 = EDGE_LOOP('',(#11424,#11425,#11426,#11447));
#11424 = ORIENTED_EDGE('',*,*,#7368,.T.);
#11425 = ORIENTED_EDGE('',*,*,#10834,.T.);
#11426 = ORIENTED_EDGE('',*,*,#11427,.T.);
#11427 = EDGE_CURVE('',#10807,#11152,#11428,.T.);
#11428 = SURFACE_CURVE('',#11429,(#11433,#11440),.PCURVE_S1.);
#11429 = LINE('',#11430,#11431);
#11430 = CARTESIAN_POINT('',(27.8,-93.6,2.8));
#11431 = VECTOR('',#11432,1.);
#11432 = DIRECTION('',(-0.,1.,-0.));
#11433 = PCURVE('',#7384,#11434);
#11434 = DEFINITIONAL_REPRESENTATION('',(#11435),#11439);
#11435 = LINE('',#11436,#11437);
#11436 = CARTESIAN_POINT('',(-1.,-46.4));
#11437 = VECTOR('',#11438,1.);
#11438 = DIRECTION('',(-0.,1.));
#11439 = ( GEOMETRIC_REPRESENTATION_CONTEXT(2) 
PARAMETRIC_REPRESENTATION_CONTEXT() REPRESENTATION_CONTEXT('2D SPACE',''
  ) );
#11440 = PCURVE('',#10822,#11441);
#11441 = DEFINITIONAL_REPRESENTATION('',(#11442),#11446);
#11442 = LINE('',#11443,#11444);
#11443 = CARTESIAN_POINT('',(-0.,-0.));
#11444 = VECTOR('',#11445,1.);
#11445 = DIRECTION('',(-1.,0.));
#11446 = ( GEOMETRIC_REPRESENTATION_CONTEXT(2) 
PARAMETRIC_REPRESENTATION_CONTEXT() REPRESENTATION_CONTEXT('2D SPACE',''
  ) );
#11447 = ORIENTED_EDGE('',*,*,#11151,.T.);
#11448 = ADVANCED_FACE('',(#11449,#11453),#7433,.F.);
#11449 = FACE_BOUND('',#11450,.T.);
#11450 = EDGE_LOOP('',(#11451,#11452));
#11451 = ORIENTED_EDGE('',*,*,#10857,.T.);
#11452 = ORIENTED_EDGE('',*,*,#7419,.T.);
#11453 = FACE_BOUND('',#11454,.T.);
#11454 = EDGE_LOOP('',(#11455));
#11455 = ORIENTED_EDGE('',*,*,#11456,.F.);
#11456 = EDGE_CURVE('',#11457,#11457,#11459,.T.);
#11457 = VERTEX_POINT('',#11458);
#11458 = CARTESIAN_POINT('',(26.3,-47.2,1.6));
#11459 = SURFACE_CURVE('',#11460,(#11465,#11476),.PCURVE_S1.);
#11460 = CIRCLE('',#11461,1.2);
#11461 = AXIS2_PLACEMENT_3D('',#11462,#11463,#11464);
#11462 = CARTESIAN_POINT('',(27.5,-47.2,1.6));
#11463 = DIRECTION('',(-0.,0.,-1.));
#11464 = DIRECTION('',(-1.,-0.,0.));
#11465 = PCURVE('',#7433,#11466);
#11466 = DEFINITIONAL_REPRESENTATION('',(#11467),#11475);
#11467 = ( BOUNDED_CURVE() B_SPLINE_CURVE(2,(#11468,#11469,#11470,#11471
    ,#11472,#11473,#11474),.UNSPECIFIED.,.T.,.F.) 
B_SPLINE_CURVE_WITH_KNOTS((1,2,2,2,2,1),(-2.094395102393,0.,
    2.094395102393,4.188790204786,6.28318530718,8.377580409573),
.UNSPECIFIED.) CURVE() GEOMETRIC_REPRESENTATION_ITEM() 
RATIONAL_B_SPLINE_CURVE((1.,0.5,1.,0.5,1.,0.5,1.)) REPRESENTATION_ITEM(
  '') );
#11468 = CARTESIAN_POINT('',(-1.2,-7.105427357601E-15));
#11469 = CARTESIAN_POINT('',(-1.2,2.078460969083));
#11470 = CARTESIAN_POINT('',(0.6,1.039230484541));
#11471 = CARTESIAN_POINT('',(2.4,-6.811512125806E-15));
#11472 = CARTESIAN_POINT('',(0.6,-1.039230484541));
#11473 = CARTESIAN_POINT('',(-1.2,-2.078460969083));
#11474 = CARTESIAN_POINT('',(-1.2,-7.105427357601E-15));
#11475 = ( GEOMETRIC_REPRESENTATION_CONTEXT(2) 
PARAMETRIC_REPRESENTATION_CONTEXT() REPRESENTATION_CONTEXT('2D SPACE',''
  ) );
#11476 = PCURVE('',#11477,#11482);
#11477 = CONICAL_SURFACE('',#11478,1.2,0.785398163397);
#11478 = AXIS2_PLACEMENT_3D('',#11479,#11480,#11481);
#11479 = CARTESIAN_POINT('',(27.5,-47.2,1.6));
#11480 = DIRECTION('',(0.,0.,-1.));
#11481 = DIRECTION('',(-1.,-0.,-0.));
#11482 = DEFINITIONAL_REPRESENTATION('',(#11483),#11487);
#11483 = LINE('',#11484,#11485);
#11484 = CARTESIAN_POINT('',(0.,-0.));
#11485 = VECTOR('',#11486,1.);
#11486 = DIRECTION('',(1.,-0.));
#11487 = ( GEOMETRIC_REPRESENTATION_CONTEXT(2) 
PARAMETRIC_REPRESENTATION_CONTEXT() REPRESENTATION_CONTEXT('2D SPACE',''
  ) );
#11488 = ADVANCED_FACE('',(#11489,#11633),#7473,.F.);
#11489 = FACE_BOUND('',#11490,.T.);
#11490 = EDGE_LOOP('',(#11491,#11513,#11514,#11540,#11541,#11567,#11568,
    #11589,#11590,#11613,#11632));
#11491 = ORIENTED_EDGE('',*,*,#11492,.F.);
#11492 = EDGE_CURVE('',#11103,#7755,#11493,.T.);
#11493 = SURFACE_CURVE('',#11494,(#11499,#11506),.PCURVE_S1.);
#11494 = CIRCLE('',#11495,2.2);
#11495 = AXIS2_PLACEMENT_3D('',#11496,#11497,#11498);
#11496 = CARTESIAN_POINT('',(3.,-3.,5.4));
#11497 = DIRECTION('',(0.,0.,1.));
#11498 = DIRECTION('',(-1.,-0.,-0.));
#11499 = PCURVE('',#7473,#11500);
#11500 = DEFINITIONAL_REPRESENTATION('',(#11501),#11505);
#11501 = CIRCLE('',#11502,2.2);
#11502 = AXIS2_PLACEMENT_2D('',#11503,#11504);
#11503 = CARTESIAN_POINT('',(-13.,62.));
#11504 = DIRECTION('',(-0.,1.));
#11505 = ( GEOMETRIC_REPRESENTATION_CONTEXT(2) 
PARAMETRIC_REPRESENTATION_CONTEXT() REPRESENTATION_CONTEXT('2D SPACE',''
  ) );
#11506 = PCURVE('',#7713,#11507);
#11507 = DEFINITIONAL_REPRESENTATION('',(#11508),#11512);
#11508 = LINE('',#11509,#11510);
#11509 = CARTESIAN_POINT('',(6.28318530718,-6.4));
#11510 = VECTOR('',#11511,1.);
#11511 = DIRECTION('',(-1.,0.));
#11512 = ( GEOMETRIC_REPRESENTATION_CONTEXT(2) 
PARAMETRIC_REPRESENTATION_CONTEXT() REPRESENTATION_CONTEXT('2D SPACE',''
  ) );
#11513 = ORIENTED_EDGE('',*,*,#11401,.T.);
#11514 = ORIENTED_EDGE('',*,*,#11515,.F.);
#11515 = EDGE_CURVE('',#11300,#11379,#11516,.T.);
#11516 = SURFACE_CURVE('',#11517,(#11522,#11533),.PCURVE_S1.);
#11517 = CIRCLE('',#11518,3.);
#11518 = AXIS2_PLACEMENT_3D('',#11519,#11520,#11521);
#11519 = CARTESIAN_POINT('',(5.2815,-3.5,5.4));
#11520 = DIRECTION('',(0.,-0.,-1.));
#11521 = DIRECTION('',(0.435889894354,0.9,-0.));
#11522 = PCURVE('',#7473,#11523);
#11523 = DEFINITIONAL_REPRESENTATION('',(#11524),#11532);
#11524 = ( BOUNDED_CURVE() B_SPLINE_CURVE(2,(#11525,#11526,#11527,#11528
    ,#11529,#11530,#11531),.UNSPECIFIED.,.T.,.F.) 
B_SPLINE_CURVE_WITH_KNOTS((1,2,2,2,2,1),(-2.094395102393,0.,
    2.094395102393,4.188790204786,6.28318530718,8.377580409573),
.UNSPECIFIED.) CURVE() GEOMETRIC_REPRESENTATION_ITEM() 
RATIONAL_B_SPLINE_CURVE((1.,0.5,1.,0.5,1.,0.5,1.)) REPRESENTATION_ITEM(
  '') );
#11525 = CARTESIAN_POINT('',(-10.8,58.410830316937));
#11526 = CARTESIAN_POINT('',(-13.06495033058,53.734293136502));
#11527 = CARTESIAN_POINT('',(-15.98247516529,58.034066251313));
#11528 = CARTESIAN_POINT('',(-18.9,62.333839366125));
#11529 = CARTESIAN_POINT('',(-13.7175248347,62.710603431749));
#11530 = CARTESIAN_POINT('',(-8.535049669418,63.087367497373));
#11531 = CARTESIAN_POINT('',(-10.8,58.410830316937));
#11532 = ( GEOMETRIC_REPRESENTATION_CONTEXT(2) 
PARAMETRIC_REPRESENTATION_CONTEXT() REPRESENTATION_CONTEXT('2D SPACE',''
  ) );
#11533 = PCURVE('',#11338,#11534);
#11534 = DEFINITIONAL_REPRESENTATION('',(#11535),#11539);
#11535 = LINE('',#11536,#11537);
#11536 = CARTESIAN_POINT('',(2.021823138591,-3.8));
#11537 = VECTOR('',#11538,1.);
#11538 = DIRECTION('',(1.,-0.));
#11539 = ( GEOMETRIC_REPRESENTATION_CONTEXT(2) 
PARAMETRIC_REPRESENTATION_CONTEXT() REPRESENTATION_CONTEXT('2D SPACE',''
  ) );
#11540 = ORIENTED_EDGE('',*,*,#11299,.T.);
#11541 = ORIENTED_EDGE('',*,*,#11542,.F.);
#11542 = EDGE_CURVE('',#11198,#11277,#11543,.T.);
#11543 = SURFACE_CURVE('',#11544,(#11549,#11560),.PCURVE_S1.);
#11544 = CIRCLE('',#11545,3.);
#11545 = AXIS2_PLACEMENT_3D('',#11546,#11547,#11548);
#11546 = CARTESIAN_POINT('',(23.3185,-3.5,5.4));
#11547 = DIRECTION('',(0.,-0.,-1.));
#11548 = DIRECTION('',(0.435889894354,0.9,-0.));
#11549 = PCURVE('',#7473,#11550);
#11550 = DEFINITIONAL_REPRESENTATION('',(#11551),#11559);
#11551 = ( BOUNDED_CURVE() B_SPLINE_CURVE(2,(#11552,#11553,#11554,#11555
    ,#11556,#11557,#11558),.UNSPECIFIED.,.T.,.F.) 
B_SPLINE_CURVE_WITH_KNOTS((1,2,2,2,2,1),(-2.094395102393,0.,
    2.094395102393,4.188790204786,6.28318530718,8.377580409573),
.UNSPECIFIED.) CURVE() GEOMETRIC_REPRESENTATION_ITEM() 
RATIONAL_B_SPLINE_CURVE((1.,0.5,1.,0.5,1.,0.5,1.)) REPRESENTATION_ITEM(
  '') );
#11552 = CARTESIAN_POINT('',(-10.8,40.373830316939));
#11553 = CARTESIAN_POINT('',(-13.06495033057,35.697293136502));
#11554 = CARTESIAN_POINT('',(-15.98247516529,39.997066251312));
#11555 = CARTESIAN_POINT('',(-18.9,44.296839366122));
#11556 = CARTESIAN_POINT('',(-13.71752483471,44.673603431749));
#11557 = CARTESIAN_POINT('',(-8.53504966942,45.050367497375));
#11558 = CARTESIAN_POINT('',(-10.8,40.373830316939));
#11559 = ( GEOMETRIC_REPRESENTATION_CONTEXT(2) 
PARAMETRIC_REPRESENTATION_CONTEXT() REPRESENTATION_CONTEXT('2D SPACE',''
  ) );
#11560 = PCURVE('',#11236,#11561);
#11561 = DEFINITIONAL_REPRESENTATION('',(#11562),#11566);
#11562 = LINE('',#11563,#11564);
#11563 = CARTESIAN_POINT('',(2.021823138591,-3.8));
#11564 = VECTOR('',#11565,1.);
#11565 = DIRECTION('',(1.,-0.));
#11566 = ( GEOMETRIC_REPRESENTATION_CONTEXT(2) 
PARAMETRIC_REPRESENTATION_CONTEXT() REPRESENTATION_CONTEXT('2D SPACE',''
  ) );
#11567 = ORIENTED_EDGE('',*,*,#11197,.T.);
#11568 = ORIENTED_EDGE('',*,*,#11569,.T.);
#11569 = EDGE_CURVE('',#11175,#10781,#11570,.T.);
#11570 = SURFACE_CURVE('',#11571,(#11575,#11582),.PCURVE_S1.);
#11571 = LINE('',#11572,#11573);
#11572 = CARTESIAN_POINT('',(27.8,-41.8,5.4));
#11573 = VECTOR('',#11574,1.);
#11574 = DIRECTION('',(-0.,-1.,-0.));
#11575 = PCURVE('',#7473,#11576);
#11576 = DEFINITIONAL_REPRESENTATION('',(#11577),#11581);
#11577 = LINE('',#11578,#11579);
#11578 = CARTESIAN_POINT('',(-51.8,37.2));
#11579 = VECTOR('',#11580,1.);
#11580 = DIRECTION('',(-1.,0.));
#11581 = ( GEOMETRIC_REPRESENTATION_CONTEXT(2) 
PARAMETRIC_REPRESENTATION_CONTEXT() REPRESENTATION_CONTEXT('2D SPACE',''
  ) );
#11582 = PCURVE('',#10822,#11583);
#11583 = DEFINITIONAL_REPRESENTATION('',(#11584),#11588);
#11584 = LINE('',#11585,#11586);
#11585 = CARTESIAN_POINT('',(-51.8,-2.6));
#11586 = VECTOR('',#11587,1.);
#11587 = DIRECTION('',(1.,-0.));
#11588 = ( GEOMETRIC_REPRESENTATION_CONTEXT(2) 
PARAMETRIC_REPRESENTATION_CONTEXT() REPRESENTATION_CONTEXT('2D SPACE',''
  ) );
#11589 = ORIENTED_EDGE('',*,*,#10780,.T.);
#11590 = ORIENTED_EDGE('',*,*,#11591,.T.);
#11591 = EDGE_CURVE('',#10783,#11592,#11594,.T.);
#11592 = VERTEX_POINT('',#11593);
#11593 = CARTESIAN_POINT('',(27.8,-70.4,5.4));
#11594 = SURFACE_CURVE('',#11595,(#11599,#11606),.PCURVE_S1.);
#11595 = LINE('',#11596,#11597);
#11596 = CARTESIAN_POINT('',(27.8,-41.8,5.4));
#11597 = VECTOR('',#11598,1.);
#11598 = DIRECTION('',(-0.,-1.,-0.));
#11599 = PCURVE('',#7473,#11600);
#11600 = DEFINITIONAL_REPRESENTATION('',(#11601),#11605);
#11601 = LINE('',#11602,#11603);
#11602 = CARTESIAN_POINT('',(-51.8,37.2));
#11603 = VECTOR('',#11604,1.);
#11604 = DIRECTION('',(-1.,0.));
#11605 = ( GEOMETRIC_REPRESENTATION_CONTEXT(2) 
PARAMETRIC_REPRESENTATION_CONTEXT() REPRESENTATION_CONTEXT('2D SPACE',''
  ) );
#11606 = PCURVE('',#10922,#11607);
#11607 = DEFINITIONAL_REPRESENTATION('',(#11608),#11612);
#11608 = LINE('',#11609,#11610);
#11609 = CARTESIAN_POINT('',(-51.8,-2.6));
#11610 = VECTOR('',#11611,1.);
#11611 = DIRECTION('',(1.,-0.));
#11612 = ( GEOMETRIC_REPRESENTATION_CONTEXT(2) 
PARAMETRIC_REPRESENTATION_CONTEXT() REPRESENTATION_CONTEXT('2D SPACE',''
  ) );
#11613 = ORIENTED_EDGE('',*,*,#11614,.T.);
#11614 = EDGE_CURVE('',#11592,#7833,#11615,.T.);
#11615 = SURFACE_CURVE('',#11616,(#11619,#11625),.PCURVE_S1.);
#11616 = B_SPLINE_CURVE_WITH_KNOTS('',1,(#11617,#11618),.UNSPECIFIED.,
  .F.,.F.,(2,2),(0.,1.),.PIECEWISE_BEZIER_KNOTS.);
#11617 = CARTESIAN_POINT('',(36.,-70.4,5.4));
#11618 = CARTESIAN_POINT('',(-12.38,-70.4,5.4));
#11619 = PCURVE('',#7473,#11620);
#11620 = DEFINITIONAL_REPRESENTATION('',(#11621),#11624);
#11621 = B_SPLINE_CURVE_WITH_KNOTS('',1,(#11622,#11623),.UNSPECIFIED.,
  .F.,.F.,(2,2),(0.,1.),.PIECEWISE_BEZIER_KNOTS.);
#11622 = CARTESIAN_POINT('',(-80.4,29.));
#11623 = CARTESIAN_POINT('',(-80.4,77.38));
#11624 = ( GEOMETRIC_REPRESENTATION_CONTEXT(2) 
PARAMETRIC_REPRESENTATION_CONTEXT() REPRESENTATION_CONTEXT('2D SPACE',''
  ) );
#11625 = PCURVE('',#7864,#11626);
#11626 = DEFINITIONAL_REPRESENTATION('',(#11627),#11631);
#11627 = LINE('',#11628,#11629);
#11628 = CARTESIAN_POINT('',(0.,0.));
#11629 = VECTOR('',#11630,1.);
#11630 = DIRECTION('',(0.,1.));
#11631 = ( GEOMETRIC_REPRESENTATION_CONTEXT(2) 
PARAMETRIC_REPRESENTATION_CONTEXT() REPRESENTATION_CONTEXT('2D SPACE',''
  ) );
#11632 = ORIENTED_EDGE('',*,*,#7910,.T.);
#11633 = FACE_BOUND('',#11634,.T.);
#11634 = EDGE_LOOP('',(#11635));
#11635 = ORIENTED_EDGE('',*,*,#7456,.T.);
#11636 = ADVANCED_FACE('',(#11637),#7713,.F.);
#11637 = FACE_BOUND('',#11638,.F.);
#11638 = EDGE_LOOP('',(#11639,#11640,#11641,#11642));
#11639 = ORIENTED_EDGE('',*,*,#11102,.F.);
#11640 = ORIENTED_EDGE('',*,*,#7696,.T.);
#11641 = ORIENTED_EDGE('',*,*,#7754,.T.);
#11642 = ORIENTED_EDGE('',*,*,#11492,.F.);
#11643 = ADVANCED_FACE('',(#11644),#7661,.F.);
#11644 = FACE_BOUND('',#11645,.F.);
#11645 = EDGE_LOOP('',(#11646,#11667,#11668,#11669));
#11646 = ORIENTED_EDGE('',*,*,#11647,.F.);
#11647 = EDGE_CURVE('',#7617,#10553,#11648,.T.);
#11648 = SURFACE_CURVE('',#11649,(#11653,#11660),.PCURVE_S1.);
#11649 = LINE('',#11650,#11651);
#11650 = CARTESIAN_POINT('',(136.2,-3.,-1.));
#11651 = VECTOR('',#11652,1.);
#11652 = DIRECTION('',(-0.,-0.,1.));
#11653 = PCURVE('',#7661,#11654);
#11654 = DEFINITIONAL_REPRESENTATION('',(#11655),#11659);
#11655 = LINE('',#11656,#11657);
#11656 = CARTESIAN_POINT('',(3.14159265359,0.));
#11657 = VECTOR('',#11658,1.);
#11658 = DIRECTION('',(0.,-1.));
#11659 = ( GEOMETRIC_REPRESENTATION_CONTEXT(2) 
PARAMETRIC_REPRESENTATION_CONTEXT() REPRESENTATION_CONTEXT('2D SPACE',''
  ) );
#11660 = PCURVE('',#7632,#11661);
#11661 = DEFINITIONAL_REPRESENTATION('',(#11662),#11666);
#11662 = LINE('',#11663,#11664);
#11663 = CARTESIAN_POINT('',(-88.4,-0.));
#11664 = VECTOR('',#11665,1.);
#11665 = DIRECTION('',(-0.,-1.));
#11666 = ( GEOMETRIC_REPRESENTATION_CONTEXT(2) 
PARAMETRIC_REPRESENTATION_CONTEXT() REPRESENTATION_CONTEXT('2D SPACE',''
  ) );
#11667 = ORIENTED_EDGE('',*,*,#7644,.T.);
#11668 = ORIENTED_EDGE('',*,*,#11126,.T.);
#11669 = ORIENTED_EDGE('',*,*,#10630,.F.);
#11670 = ADVANCED_FACE('',(#11671),#7632,.F.);
#11671 = FACE_BOUND('',#11672,.T.);
#11672 = EDGE_LOOP('',(#11673,#11674,#11675,#11696,#11697,#11698,#11699,
    #11700,#11701));
#11673 = ORIENTED_EDGE('',*,*,#11647,.F.);
#11674 = ORIENTED_EDGE('',*,*,#7616,.F.);
#11675 = ORIENTED_EDGE('',*,*,#11676,.T.);
#11676 = EDGE_CURVE('',#7588,#8560,#11677,.T.);
#11677 = SURFACE_CURVE('',#11678,(#11682,#11689),.PCURVE_S1.);
#11678 = LINE('',#11679,#11680);
#11679 = CARTESIAN_POINT('',(136.2,-91.4,-1.));
#11680 = VECTOR('',#11681,1.);
#11681 = DIRECTION('',(-0.,-0.,1.));
#11682 = PCURVE('',#7632,#11683);
#11683 = DEFINITIONAL_REPRESENTATION('',(#11684),#11688);
#11684 = LINE('',#11685,#11686);
#11685 = CARTESIAN_POINT('',(-0.,-0.));
#11686 = VECTOR('',#11687,1.);
#11687 = DIRECTION('',(-0.,-1.));
#11688 = ( GEOMETRIC_REPRESENTATION_CONTEXT(2) 
PARAMETRIC_REPRESENTATION_CONTEXT() REPRESENTATION_CONTEXT('2D SPACE',''
  ) );
#11689 = PCURVE('',#7604,#11690);
#11690 = DEFINITIONAL_REPRESENTATION('',(#11691),#11695);
#11691 = LINE('',#11692,#11693);
#11692 = CARTESIAN_POINT('',(3.14159265359,0.));
#11693 = VECTOR('',#11694,1.);
#11694 = DIRECTION('',(0.,-1.));
#11695 = ( GEOMETRIC_REPRESENTATION_CONTEXT(2) 
PARAMETRIC_REPRESENTATION_CONTEXT() REPRESENTATION_CONTEXT('2D SPACE',''
  ) );
#11696 = ORIENTED_EDGE('',*,*,#8676,.T.);
#11697 = ORIENTED_EDGE('',*,*,#10177,.F.);
#11698 = ORIENTED_EDGE('',*,*,#10223,.T.);
#11699 = ORIENTED_EDGE('',*,*,#10444,.T.);
#11700 = ORIENTED_EDGE('',*,*,#10526,.T.);
#11701 = ORIENTED_EDGE('',*,*,#10552,.T.);
#11702 = ADVANCED_FACE('',(#11703),#7604,.F.);
#11703 = FACE_BOUND('',#11704,.F.);
#11704 = EDGE_LOOP('',(#11705,#11706,#11707,#11708));
#11705 = ORIENTED_EDGE('',*,*,#11014,.F.);
#11706 = ORIENTED_EDGE('',*,*,#7587,.T.);
#11707 = ORIENTED_EDGE('',*,*,#11676,.T.);
#11708 = ORIENTED_EDGE('',*,*,#8557,.F.);
#11709 = ADVANCED_FACE('',(#11710,#11832,#12279),#7864,.T.);
#11710 = FACE_BOUND('',#11711,.T.);
#11711 = EDGE_LOOP('',(#11712,#11713,#11749,#11750,#11831));
#11712 = ORIENTED_EDGE('',*,*,#11614,.F.);
#11713 = ORIENTED_EDGE('',*,*,#11714,.F.);
#11714 = EDGE_CURVE('',#11050,#11592,#11715,.T.);
#11715 = SURFACE_CURVE('',#11716,(#11725,#11737),.PCURVE_S1.);
#11716 = B_SPLINE_CURVE_WITH_KNOTS('',4,(#11717,#11718,#11719,#11720,
    #11721,#11722,#11723,#11724),.UNSPECIFIED.,.F.,.F.,(5,3,5),(0.,
    0.333999982515,1.),.UNSPECIFIED.);
#11717 = CARTESIAN_POINT('',(27.8,-93.6,5.395215644444));
#11718 = CARTESIAN_POINT('',(27.8,-91.66280005324,5.395290549509));
#11719 = CARTESIAN_POINT('',(27.8,-89.72560011443,5.395598958623));
#11720 = CARTESIAN_POINT('',(27.8,-87.78840022263,5.39606009605));
#11721 = CARTESIAN_POINT('',(27.8,-81.98840029445,5.397656174059));
#11722 = CARTESIAN_POINT('',(27.8,-78.12560035943,5.399005251632));
#11723 = CARTESIAN_POINT('',(27.8,-74.2628002019,5.4));
#11724 = CARTESIAN_POINT('',(27.8,-70.4,5.4));
#11725 = PCURVE('',#7864,#11726);
#11726 = DEFINITIONAL_REPRESENTATION('',(#11727),#11736);
#11727 = B_SPLINE_CURVE_WITH_KNOTS('',4,(#11728,#11729,#11730,#11731,
    #11732,#11733,#11734,#11735),.UNSPECIFIED.,.F.,.F.,(5,3,5),(0.,
    0.333999982515,1.),.UNSPECIFIED.);
#11728 = CARTESIAN_POINT('',(23.20000057079,0.169491525424));
#11729 = CARTESIAN_POINT('',(21.262800623181,0.169491525424));
#11730 = CARTESIAN_POINT('',(19.325600678095,0.169491525424));
#11731 = CARTESIAN_POINT('',(17.388400729192,0.169491525424));
#11732 = CARTESIAN_POINT('',(11.58840058155,0.169491525424));
#11733 = CARTESIAN_POINT('',(7.725600392016,0.169491525424));
#11734 = CARTESIAN_POINT('',(3.862800196437,0.169491525424));
#11735 = CARTESIAN_POINT('',(0.,0.169491525424));
#11736 = ( GEOMETRIC_REPRESENTATION_CONTEXT(2) 
PARAMETRIC_REPRESENTATION_CONTEXT() REPRESENTATION_CONTEXT('2D SPACE',''
  ) );
#11737 = PCURVE('',#10922,#11738);
#11738 = DEFINITIONAL_REPRESENTATION('',(#11739),#11748);
#11739 = B_SPLINE_CURVE_WITH_KNOTS('',4,(#11740,#11741,#11742,#11743,
    #11744,#11745,#11746,#11747),.UNSPECIFIED.,.F.,.F.,(5,3,5),(0.,
    0.333999982515,1.),.UNSPECIFIED.);
#11740 = CARTESIAN_POINT('',(0.,-2.595215644444));
#11741 = CARTESIAN_POINT('',(-1.937199946757,-2.595290549509));
#11742 = CARTESIAN_POINT('',(-3.874399885563,-2.595598958623));
#11743 = CARTESIAN_POINT('',(-5.811599777367,-2.59606009605));
#11744 = CARTESIAN_POINT('',(-11.61159970554,-2.597656174059));
#11745 = CARTESIAN_POINT('',(-15.47439964056,-2.599005251632));
#11746 = CARTESIAN_POINT('',(-19.33719979809,-2.6));
#11747 = CARTESIAN_POINT('',(-23.2,-2.6));
#11748 = ( GEOMETRIC_REPRESENTATION_CONTEXT(2) 
PARAMETRIC_REPRESENTATION_CONTEXT() REPRESENTATION_CONTEXT('2D SPACE',''
  ) );
#11749 = ORIENTED_EDGE('',*,*,#11072,.T.);
#11750 = ORIENTED_EDGE('',*,*,#11751,.F.);
#11751 = EDGE_CURVE('',#7805,#10987,#11752,.T.);
#11752 = SURFACE_CURVE('',#11753,(#11777,#11804),.PCURVE_S1.);
#11753 = B_SPLINE_CURVE_WITH_KNOTS('',8,(#11754,#11755,#11756,#11757,
    #11758,#11759,#11760,#11761,#11762,#11763,#11764,#11765,#11766,
    #11767,#11768,#11769,#11770,#11771,#11772,#11773,#11774,#11775,
    #11776),.UNSPECIFIED.,.F.,.F.,(9,7,7,9),(0.,0.494714190735,
    0.79142174098,1.),.UNSPECIFIED.);
#11754 = CARTESIAN_POINT('',(0.8,-91.4,5.39540625));
#11755 = CARTESIAN_POINT('',(0.8,-91.58692764113,5.395381715747));
#11756 = CARTESIAN_POINT('',(0.818151852154,-91.77361739862,
    5.395358710218));
#11757 = CARTESIAN_POINT('',(0.854373300519,-91.95927849357,
    5.395337372083));
#11758 = CARTESIAN_POINT('',(0.908996910898,-92.1428263292,
    5.395317842274));
#11759 = CARTESIAN_POINT('',(0.982485547021,-92.32290370876,
    5.395300238689));
#11760 = CARTESIAN_POINT('',(1.075470106846,-92.49784031683,
    5.395284633871));
#11761 = CARTESIAN_POINT('',(1.188595649028,-92.66568137793,
    5.395271032361));
#11762 = CARTESIAN_POINT('',(1.403653201197,-92.91894465677,
    5.39525238568));
#11763 = CARTESIAN_POINT('',(1.491843641721,-93.01034961262,
    5.395246103437));
#11764 = CARTESIAN_POINT('',(1.587783341069,-93.09766082675,
    5.395240517069));
#11765 = CARTESIAN_POINT('',(1.6915941079,-93.18014456184,5.395235614409
    ));
#11766 = CARTESIAN_POINT('',(1.803279439176,-93.25691878625,
    5.39523137552));
#11767 = CARTESIAN_POINT('',(1.922682334434,-93.32697838732,
    5.395227769712));
#11768 = CARTESIAN_POINT('',(2.049429248247,-93.38923608417,
    5.395224758559));
#11769 = CARTESIAN_POINT('',(2.276613033452,-93.48012343833,
    5.395220581366));
#11770 = CARTESIAN_POINT('',(2.373679618224,-93.51324792813,
    5.395219132931));
#11771 = CARTESIAN_POINT('',(2.473684715893,-93.54155829398,
    5.395217949927));
#11772 = CARTESIAN_POINT('',(2.576203510192,-93.56467427156,
    5.395217019505));
#11773 = CARTESIAN_POINT('',(2.680730631582,-93.58226910527,
    5.395216329955));
#11774 = CARTESIAN_POINT('',(2.786675583043,-93.59409196644,
    5.395215872938));
#11775 = CARTESIAN_POINT('',(2.893357607945,-93.6,5.395215644444));
#11776 = CARTESIAN_POINT('',(3.,-93.6,5.395215644444));
#11777 = PCURVE('',#7864,#11778);
#11778 = DEFINITIONAL_REPRESENTATION('',(#11779),#11803);
#11779 = B_SPLINE_CURVE_WITH_KNOTS('',8,(#11780,#11781,#11782,#11783,
    #11784,#11785,#11786,#11787,#11788,#11789,#11790,#11791,#11792,
    #11793,#11794,#11795,#11796,#11797,#11798,#11799,#11800,#11801,
    #11802),.UNSPECIFIED.,.F.,.F.,(9,7,7,9),(0.,0.494714190735,
    0.79142174098,1.),.UNSPECIFIED.);
#11780 = CARTESIAN_POINT('',(21.000000564296,0.727573377429));
#11781 = CARTESIAN_POINT('',(21.186928206993,0.727573377429));
#11782 = CARTESIAN_POINT('',(21.373617965847,0.727198184122));
#11783 = CARTESIAN_POINT('',(21.559279061972,0.726449497716));
#11784 = CARTESIAN_POINT('',(21.742826898613,0.725320444173));
#11785 = CARTESIAN_POINT('',(21.922904279004,0.723801456242));
#11786 = CARTESIAN_POINT('',(22.097840887767,0.721879493451));
#11787 = CARTESIAN_POINT('',(22.265681949413,0.719541222633));
#11788 = CARTESIAN_POINT('',(22.518945228949,0.715096047929));
#11789 = CARTESIAN_POINT('',(22.610350185015,0.713273178137));
#11790 = CARTESIAN_POINT('',(22.697661399322,0.711290133504));
#11791 = CARTESIAN_POINT('',(22.780145134544,0.709144396282));
#11792 = CARTESIAN_POINT('',(22.856919359071,0.706835894188));
#11793 = CARTESIAN_POINT('',(22.926978960221,0.704367872376));
#11794 = CARTESIAN_POINT('',(22.98923665714,0.701748051917));
#11795 = CARTESIAN_POINT('',(23.080124011371,0.697052231636));
#11796 = CARTESIAN_POINT('',(23.113248501196,0.695045894621));
#11797 = CARTESIAN_POINT('',(23.141558867069,0.692978819432));
#11798 = CARTESIAN_POINT('',(23.164674844656,0.690859786891));
#11799 = CARTESIAN_POINT('',(23.182269678381,0.688699242836));
#11800 = CARTESIAN_POINT('',(23.194092539547,0.686509392661));
#11801 = CARTESIAN_POINT('',(23.20000057311,0.684304307401));
#11802 = CARTESIAN_POINT('',(23.20000057311,0.682100041339));
#11803 = ( GEOMETRIC_REPRESENTATION_CONTEXT(2) 
PARAMETRIC_REPRESENTATION_CONTEXT() REPRESENTATION_CONTEXT('2D SPACE',''
  ) );
#11804 = PCURVE('',#7820,#11805);
#11805 = DEFINITIONAL_REPRESENTATION('',(#11806),#11830);
#11806 = B_SPLINE_CURVE_WITH_KNOTS('',8,(#11807,#11808,#11809,#11810,
    #11811,#11812,#11813,#11814,#11815,#11816,#11817,#11818,#11819,
    #11820,#11821,#11822,#11823,#11824,#11825,#11826,#11827,#11828,
    #11829),.UNSPECIFIED.,.F.,.F.,(9,7,7,9),(0.,0.494714190735,
    0.79142174098,1.),.UNSPECIFIED.);
#11807 = CARTESIAN_POINT('',(6.28318530718,-6.39540625));
#11808 = CARTESIAN_POINT('',(6.198218197571,-6.395381715747));
#11809 = CARTESIAN_POINT('',(6.113359023284,-6.395358710218));
#11810 = CARTESIAN_POINT('',(6.028034016866,-6.395337372083));
#11811 = CARTESIAN_POINT('',(5.94180571304,-6.395317842274));
#11812 = CARTESIAN_POINT('',(5.854279524043,-6.395300238689));
#11813 = CARTESIAN_POINT('',(5.765028773781,-6.395284633871));
#11814 = CARTESIAN_POINT('',(5.673591600228,-6.395271032361));
#11815 = CARTESIAN_POINT('',(5.522567520846,-6.39525238568));
#11816 = CARTESIAN_POINT('',(5.464950437532,-6.395246103437));
#11817 = CARTESIAN_POINT('',(5.406195549431,-6.395240517069));
#11818 = CARTESIAN_POINT('',(5.346202741215,-6.395235614409));
#11819 = CARTESIAN_POINT('',(5.28490481063,-6.39523137552));
#11820 = CARTESIAN_POINT('',(5.222260346382,-6.395227769712));
#11821 = CARTESIAN_POINT('',(5.158258562727,-6.395224758559));
#11822 = CARTESIAN_POINT('',(5.04703603301,-6.395220581366));
#11823 = CARTESIAN_POINT('',(5.000478908503,-6.395219132931));
#11824 = CARTESIAN_POINT('',(4.95334661138,-6.395217949927));
#11825 = CARTESIAN_POINT('',(4.905718501442,-6.395217019505));
#11826 = CARTESIAN_POINT('',(4.857685135062,-6.395216329955));
#11827 = CARTESIAN_POINT('',(4.809354536832,-6.395215872938));
#11828 = CARTESIAN_POINT('',(4.760862794955,-6.395215644444));
#11829 = CARTESIAN_POINT('',(4.712388980385,-6.395215644444));
#11830 = ( GEOMETRIC_REPRESENTATION_CONTEXT(2) 
PARAMETRIC_REPRESENTATION_CONTEXT() REPRESENTATION_CONTEXT('2D SPACE',''
  ) );
#11831 = ORIENTED_EDGE('',*,*,#7832,.T.);
#11832 = FACE_BOUND('',#11833,.T.);
#11833 = EDGE_LOOP('',(#11834));
#11834 = ORIENTED_EDGE('',*,*,#11835,.F.);
#11835 = EDGE_CURVE('',#11836,#11836,#11838,.T.);
#11836 = VERTEX_POINT('',#11837);
#11837 = CARTESIAN_POINT('',(23.55,-90.9,5.395476475694));
#11838 = SURFACE_CURVE('',#11839,(#11952,#12113),.PCURVE_S1.);
#11839 = B_SPLINE_CURVE_WITH_KNOTS('',8,(#11840,#11841,#11842,#11843,
    #11844,#11845,#11846,#11847,#11848,#11849,#11850,#11851,#11852,
    #11853,#11854,#11855,#11856,#11857,#11858,#11859,#11860,#11861,
    #11862,#11863,#11864,#11865,#11866,#11867,#11868,#11869,#11870,
    #11871,#11872,#11873,#11874,#11875,#11876,#11877,#11878,#11879,
    #11880,#11881,#11882,#11883,#11884,#11885,#11886,#11887,#11888,
    #11889,#11890,#11891,#11892,#11893,#11894,#11895,#11896,#11897,
    #11898,#11899,#11900,#11901,#11902,#11903,#11904,#11905,#11906,
    #11907,#11908,#11909,#11910,#11911,#11912,#11913,#11914,#11915,
    #11916,#11917,#11918,#11919,#11920,#11921,#11922,#11923,#11924,
    #11925,#11926,#11927,#11928,#11929,#11930,#11931,#11932,#11933,
    #11934,#11935,#11936,#11937,#11938,#11939,#11940,#11941,#11942,
    #11943,#11944,#11945,#11946,#11947,#11948,#11949,#11950,#11951),
  .UNSPECIFIED.,.T.,.F.,(9,7,5,7,7,7,7,7,7,7,7,7,7,7,7,7,9),(0.,
    0.72647665343,1.,1.4122502692,1.678701539544,1.918381890411,
    2.243709061271,2.749677892492,3.353463734102,3.796653986879,
    4.184022127887,4.463515773397,4.802743514262,5.188423088281,
    5.608767015579,5.89193748869,6.708929034659),.UNSPECIFIED.);
#11840 = CARTESIAN_POINT('',(23.55,-90.9,5.395476475694));
#11841 = CARTESIAN_POINT('',(23.55,-90.75076283431,5.395498783542));
#11842 = CARTESIAN_POINT('',(23.5627262776,-90.60162728347,
    5.395521977683));
#11843 = CARTESIAN_POINT('',(23.588151068254,-90.45315533082,
    5.395545950806));
#11844 = CARTESIAN_POINT('',(23.626422525442,-90.30603051825,
    5.395570558758));
#11845 = CARTESIAN_POINT('',(23.67779482101,-90.16106847627,
    5.395595613614));
#11846 = CARTESIAN_POINT('',(23.742578994319,-90.01921466203,
    5.395620881028));
#11847 = CARTESIAN_POINT('',(23.821160170026,-89.88155727428,
    5.395646076531));
#11848 = CARTESIAN_POINT('',(23.949129312384,-89.69961892971,
    5.395680184878));
#11849 = CARTESIAN_POINT('',(23.986159001328,-89.65064915461,
    5.395689452001));
#11850 = CARTESIAN_POINT('',(24.02524030527,-89.60254852508,
    5.395698637248));
#11851 = CARTESIAN_POINT('',(24.066395771003,-89.55540127838,
    5.395707718664));
#11852 = CARTESIAN_POINT('',(24.109644980282,-89.50930100665,
    5.395716671955));
#11853 = CARTESIAN_POINT('',(24.2233672083,-89.39660129723,
    5.395738731611));
#11854 = CARTESIAN_POINT('',(24.35041612432,-89.29182554258,
    5.39575963772));
#11855 = CARTESIAN_POINT('',(24.490852899912,-89.19686864462,
    5.395778899243));
#11856 = CARTESIAN_POINT('',(24.580055981654,-89.14381903543,
    5.395789760137));
#11857 = CARTESIAN_POINT('',(24.67389266932,-89.09534194012,
    5.395799765513));
#11858 = CARTESIAN_POINT('',(24.772102032394,-89.05200974802,
    5.395808769607));
#11859 = CARTESIAN_POINT('',(24.874276864009,-89.01439024557,
    5.395816628153));
#11860 = CARTESIAN_POINT('',(25.048044024834,-88.96270658842,
    5.395827467093));
#11861 = CARTESIAN_POINT('',(25.117672703369,-88.94501680591,
    5.395831189845));
#11862 = CARTESIAN_POINT('',(25.188525141588,-88.93007355936,
    5.395834343672));
#11863 = CARTESIAN_POINT('',(25.260394899257,-88.91800202846,
    5.39583689704));
#11864 = CARTESIAN_POINT('',(25.333054579625,-88.90890371415,
    5.395838824362));
#11865 = CARTESIAN_POINT('',(25.406255596741,-88.90285192184,
    5.395840107261));
#11866 = CARTESIAN_POINT('',(25.479727938335,-88.89988574195,
    5.395840736026));
#11867 = CARTESIAN_POINT('',(25.619252034686,-88.90010758026,
    5.395840689001));
#11868 = CARTESIAN_POINT('',(25.685324345336,-88.90270741088,
    5.395840137909));
#11869 = CARTESIAN_POINT('',(25.75118676502,-88.90780163762,
    5.395839058046));
#11870 = CARTESIAN_POINT('',(25.816642515213,-88.91536400518,5.395837456
    ));
#11871 = CARTESIAN_POINT('',(25.881508124052,-88.9253454011,
    5.395835344115));
#11872 = CARTESIAN_POINT('',(25.945613420339,-88.9376768717,
    5.395832739721));
#11873 = CARTESIAN_POINT('',(26.008801527538,-88.95227263792,
    5.395829664355));
#11874 = CARTESIAN_POINT('',(26.155256623935,-88.99178273337,
    5.3958213633));
#11875 = CARTESIAN_POINT('',(26.237639070711,-89.01852279502,
    5.395815761417));
#11876 = CARTESIAN_POINT('',(26.317746387468,-89.04901195326,
    5.395809398039));
#11877 = CARTESIAN_POINT('',(26.395327620293,-89.08297860206,
    5.395802341869));
#11878 = CARTESIAN_POINT('',(26.470197800911,-89.12014011167,
    5.395794664588));
#11879 = CARTESIAN_POINT('',(26.542227095401,-89.16021782817,
    5.395786436994));
#11880 = CARTESIAN_POINT('',(26.611331972726,-89.20294783341,
    5.395777726297));
#11881 = CARTESIAN_POINT('',(26.780327822909,-89.31829139769,
    5.395754392367));
#11882 = CARTESIAN_POINT('',(26.875956750275,-89.39428983731,
    5.395739178644));
#11883 = CARTESIAN_POINT('',(26.964291518659,-89.4752235211,
    5.395723175899));
#11884 = CARTESIAN_POINT('',(27.045353783695,-89.56032308636,
    5.395706584211));
#11885 = CARTESIAN_POINT('',(27.119234262189,-89.6489140387,
    5.395689578253));
#11886 = CARTESIAN_POINT('',(27.186072742983,-89.74042315534,
    5.395672305641));
#11887 = CARTESIAN_POINT('',(27.246034359652,-89.83438632376,
    5.395654886638));
#11888 = CARTESIAN_POINT('',(27.362824076344,-90.04510244021,
    5.395616566066));
#11889 = CARTESIAN_POINT('',(27.416756610427,-90.16266074293,
    5.395595658376));
#11890 = CARTESIAN_POINT('',(27.46136380161,-90.28250881886,
    5.395574857061));
#11891 = CARTESIAN_POINT('',(27.496848600601,-90.40409177977,
    5.395554303721));
#11892 = CARTESIAN_POINT('',(27.523365063747,-90.52691239409,
    5.395534118633));
#11893 = CARTESIAN_POINT('',(27.541029549764,-90.6505239145,
    5.395514402453));
#11894 = CARTESIAN_POINT('',(27.549910883933,-90.77452709309,
    5.395495237592));
#11895 = CARTESIAN_POINT('',(27.550064528124,-90.98962224542,
    5.395463074466));
#11896 = CARTESIAN_POINT('',(27.545392251097,-91.08066767413,
    5.395449795966));
#11897 = CARTESIAN_POINT('',(27.535984221091,-91.17155829697,
    5.395436880839));
#11898 = CARTESIAN_POINT('',(27.52182256333,-91.26213528498,
    5.395424354472));
#11899 = CARTESIAN_POINT('',(27.502874400407,-91.35223007592,
    5.395412240155));
#11900 = CARTESIAN_POINT('',(27.47909316888,-91.44166366638,
    5.395400558716));
#11901 = CARTESIAN_POINT('',(27.450416817916,-91.53024547392,
    5.395389328238));
#11902 = CARTESIAN_POINT('',(27.387347848877,-91.69427367337,
    5.395369155269));
#11903 = CARTESIAN_POINT('',(27.354135066555,-91.76995633108,
    5.39536010435));
#11904 = CARTESIAN_POINT('',(27.317070676174,-91.84468683122,
    5.395351420632));
#11905 = CARTESIAN_POINT('',(27.276093792416,-91.91830865818,
    5.395343113981));
#11906 = CARTESIAN_POINT('',(27.231140468946,-91.99064240587,
    5.395335193779));
#11907 = CARTESIAN_POINT('',(27.182145893674,-92.06148579404,
    5.395327668365));
#11908 = CARTESIAN_POINT('',(27.129044821835,-92.13061298697,
    5.395320544682));
#11909 = CARTESIAN_POINT('',(27.030445527407,-92.24623062414,
    5.395308982041));
#11910 = CARTESIAN_POINT('',(26.986953294362,-92.29365791692,
    5.395304348481));
#11911 = CARTESIAN_POINT('',(26.941270267872,-92.33996028769,
    5.395299929602));
#11912 = CARTESIAN_POINT('',(26.89337824,-92.38502987192,5.395295727616)
  );
#11913 = CARTESIAN_POINT('',(26.843266069685,-92.42874679461,
    5.395291744702));
#11914 = CARTESIAN_POINT('',(26.7909316777,-92.4709802193,5.395287982889
    ));
#11915 = CARTESIAN_POINT('',(26.736384041602,-92.51158939715,
    5.39528444395));
#11916 = CARTESIAN_POINT('',(26.610779967738,-92.59756001829,
    5.3952771062));
#11917 = CARTESIAN_POINT('',(26.538685250857,-92.64208353513,
    5.39527341342));
#11918 = CARTESIAN_POINT('',(26.463410748285,-92.68371979971,
    5.395270054313));
#11919 = CARTESIAN_POINT('',(26.385052760349,-92.72216857402,
    5.395267032115));
#11920 = CARTESIAN_POINT('',(26.303762375356,-92.75711264315,
    5.395264349655));
#11921 = CARTESIAN_POINT('',(26.219756200236,-92.78823113892,
    5.395262009306));
#11922 = CARTESIAN_POINT('',(26.133329625948,-92.81521839298,
    5.395260013181));
#11923 = CARTESIAN_POINT('',(25.944302853077,-92.86349157606,
    5.395256488015));
#11924 = CARTESIAN_POINT('',(25.841015642977,-92.88351474546,
    5.395255058581));
#11925 = CARTESIAN_POINT('',(25.735720397518,-92.89743240549,
    5.395254082689));
#11926 = CARTESIAN_POINT('',(25.629167214771,-92.90494871516,5.395253561
    ));
#11927 = CARTESIAN_POINT('',(25.522139958729,-92.90591114825,
    5.395253493317));
#11928 = CARTESIAN_POINT('',(25.415448942172,-92.90031480144,
    5.39525388067));
#11929 = CARTESIAN_POINT('',(25.309923224391,-92.88831727676,
    5.395254723563));
#11930 = CARTESIAN_POINT('',(25.093577523965,-92.85058840822,
    5.395257425387));
#11931 = CARTESIAN_POINT('',(24.983036037396,-92.82370249697,
    5.395259370041));
#11932 = CARTESIAN_POINT('',(24.875695115776,-92.79000186788,
    5.39526184667));
#11933 = CARTESIAN_POINT('',(24.772230942484,-92.75003682172,
    5.395264851119));
#11934 = CARTESIAN_POINT('',(24.673131296918,-92.70441581606,
    5.39526837995));
#11935 = CARTESIAN_POINT('',(24.578728292006,-92.6537536424,
    5.395272428522));
#11936 = CARTESIAN_POINT('',(24.489222275982,-92.59864016991,
    5.395276989482));
#11937 = CARTESIAN_POINT('',(24.347773442373,-92.49983575589,
    5.395285467807));
#11938 = CARTESIAN_POINT('',(24.293092881129,-92.4582785281,
    5.395289110137));
#11939 = CARTESIAN_POINT('',(24.240685732607,-92.41508714705,
    5.395292980737));
#11940 = CARTESIAN_POINT('',(24.190558671217,-92.37040565436,
    5.395297077743));
#11941 = CARTESIAN_POINT('',(24.142707437576,-92.32436764821,
    5.395301399013));
#11942 = CARTESIAN_POINT('',(24.097118857079,-92.27709526366,
    5.395305942247));
#11943 = CARTESIAN_POINT('',(24.053772858471,-92.22869815306,
    5.395310705109));
#11944 = CARTESIAN_POINT('',(23.893982659481,-92.03667155284,
    5.395330054121));
#11945 = CARTESIAN_POINT('',(23.793974127278,-91.88574176896,
    5.395346209095));
#11946 = CARTESIAN_POINT('',(23.711693813655,-91.72857517111,
    5.395364114604));
#11947 = CARTESIAN_POINT('',(23.646607532836,-91.56686857519,
    5.395383703968));
#11948 = CARTESIAN_POINT('',(23.598200547316,-91.40207716388,
    5.395404869889));
#11949 = CARTESIAN_POINT('',(23.566088728973,-91.23539653171,
    5.395427480503));
#11950 = CARTESIAN_POINT('',(23.55,-91.06779465999,5.395451393889));
#11951 = CARTESIAN_POINT('',(23.55,-90.9,5.395476475694));
#11952 = PCURVE('',#7864,#11953);
#11953 = DEFINITIONAL_REPRESENTATION('',(#11954),#12112);
#11954 = B_SPLINE_CURVE_WITH_KNOTS('',3,(#11955,#11956,#11957,#11958,
    #11959,#11960,#11961,#11962,#11963,#11964,#11965,#11966,#11967,
    #11968,#11969,#11970,#11971,#11972,#11973,#11974,#11975,#11976,
    #11977,#11978,#11979,#11980,#11981,#11982,#11983,#11984,#11985,
    #11986,#11987,#11988,#11989,#11990,#11991,#11992,#11993,#11994,
    #11995,#11996,#11997,#11998,#11999,#12000,#12001,#12002,#12003,
    #12004,#12005,#12006,#12007,#12008,#12009,#12010,#12011,#12012,
    #12013,#12014,#12015,#12016,#12017,#12018,#12019,#12020,#12021,
    #12022,#12023,#12024,#12025,#12026,#12027,#12028,#12029,#12030,
    #12031,#12032,#12033,#12034,#12035,#12036,#12037,#12038,#12039,
    #12040,#12041,#12042,#12043,#12044,#12045,#12046,#12047,#12048,
    #12049,#12050,#12051,#12052,#12053,#12054,#12055,#12056,#12057,
    #12058,#12059,#12060,#12061,#12062,#12063,#12064,#12065,#12066,
    #12067,#12068,#12069,#12070,#12071,#12072,#12073,#12074,#12075,
    #12076,#12077,#12078,#12079,#12080,#12081,#12082,#12083,#12084,
    #12085,#12086,#12087,#12088,#12089,#12090,#12091,#12092,#12093,
    #12094,#12095,#12096,#12097,#12098,#12099,#12100,#12101,#12102,
    #12103,#12104,#12105,#12106,#12107,#12108,#12109,#12110,#12111),
  .UNSPECIFIED.,.F.,.F.,(4,1,1,1,1,1,1,1,1,1,1,1,1,1,1,1,1,1,1,1,1,1,1,1
    ,1,1,1,1,1,1,1,1,1,1,1,1,1,1,1,1,1,1,1,1,1,1,1,1,1,1,1,1,1,1,1,1,1,1
    ,1,1,1,1,1,1,1,1,1,1,1,1,1,1,1,1,1,1,1,1,1,1,1,1,1,1,1,1,1,1,1,1,1,1
    ,1,1,1,1,1,1,1,1,1,1,1,1,1,1,1,1,1,1,1,1,1,1,1,1,1,1,1,1,1,1,1,1,1,1
    ,1,1,1,1,1,1,1,1,1,1,1,1,1,1,1,1,1,1,1,1,1,1,1,1,1,1,1,1,4),(0.,
    4.356447425103E-02,8.712894850206E-02,0.130693422753,0.174257897004,
    0.217822371255,0.261386845506,0.304951319757,0.348515794008,
    0.392080268259,0.43564474251,0.479209216761,0.522773691012,
    0.566338165263,0.609902639514,0.653467113765,0.697031588016,
    0.740596062268,0.784160536519,0.82772501077,0.871289485021,
    0.914853959272,0.958418433523,1.001982907774,1.045547382025,
    1.089111856276,1.132676330527,1.176240804778,1.219805279029,
    1.26336975328,1.306934227531,1.350498701782,1.394063176033,
    1.437627650284,1.481192124535,1.524756598786,1.568321073037,
    1.611885547288,1.655450021539,1.69901449579,1.742578970041,
    1.786143444292,1.829707918543,1.873272392794,1.916836867045,
    1.960401341296,2.003965815547,2.047530289798,2.091094764049,
    2.134659238301,2.178223712552,2.221788186803,2.265352661054,
    2.308917135305,2.352481609556,2.396046083807,2.439610558058,
    2.483175032309,2.52673950656,2.570303980811,2.613868455062,
    2.657432929313,2.700997403564,2.744561877815,2.788126352066,
    2.831690826317,2.875255300568,2.918819774819,2.96238424907,
    3.005948723321,3.049513197572,3.093077671823,3.136642146074,
    3.180206620325,3.223771094576,3.267335568827,3.310900043078,
    3.354464517329,3.39802899158,3.441593465831,3.485157940082,
    3.528722414334,3.572286888585,3.615851362836,3.659415837087,
    3.702980311338,3.746544785589,3.79010925984,3.833673734091,
    3.877238208342,3.920802682593,3.964367156844,4.007931631095,
    4.051496105346,4.095060579597,4.138625053848,4.182189528099,
    4.22575400235,4.269318476601,4.312882950852,4.356447425103,
    4.400011899354,4.443576373605,4.487140847856,4.530705322107,
    4.574269796358,4.617834270609,4.66139874486,4.704963219111,
    4.748527693362,4.792092167613,4.835656641864,4.879221116115,
    4.922785590366,4.966350064618,5.009914538869,5.05347901312,
    5.097043487371,5.140607961622,5.184172435873,5.227736910124,
    5.271301384375,5.314865858626,5.358430332877,5.401994807128,
    5.445559281379,5.48912375563,5.532688229881,5.576252704132,
    5.619817178383,5.663381652634,5.706946126885,5.750510601136,
    5.794075075387,5.837639549638,5.881204023889,5.92476849814,
    5.968332972391,6.011897446642,6.055461920893,6.099026395144,
    6.142590869395,6.186155343646,6.229719817897,6.273284292148,
    6.316848766399,6.360413240651,6.403977714902,6.447542189153,
    6.491106663404,6.534671137655,6.578235611906,6.621800086157,
    6.665364560408,6.708929034659),.QUASI_UNIFORM_KNOTS.);
#11955 = CARTESIAN_POINT('',(20.500000559515,0.257337742869));
#11956 = CARTESIAN_POINT('',(20.476136053294,0.257337737007));
#11957 = CARTESIAN_POINT('',(20.428413009237,0.25732009045));
#11958 = CARTESIAN_POINT('',(20.356891356052,0.257240641768));
#11959 = CARTESIAN_POINT('',(20.285476555587,0.257108165914));
#11960 = CARTESIAN_POINT('',(20.214216285419,0.256922523501));
#11961 = CARTESIAN_POINT('',(20.143160718921,0.256683523463));
#11962 = CARTESIAN_POINT('',(20.072362899683,0.256390919627));
#11963 = CARTESIAN_POINT('',(20.001878682695,0.256044417741));
#11964 = CARTESIAN_POINT('',(19.931766795592,0.255643678541));
#11965 = CARTESIAN_POINT('',(19.86208887531,0.255188320596));
#11966 = CARTESIAN_POINT('',(19.792909524279,0.2546779218));
#11967 = CARTESIAN_POINT('',(19.724296373168,0.254112019608));
#11968 = CARTESIAN_POINT('',(19.656320176886,0.253490110155));
#11969 = CARTESIAN_POINT('',(19.589054868867,0.252811644971));
#11970 = CARTESIAN_POINT('',(19.522577865697,0.252076029634));
#11971 = CARTESIAN_POINT('',(19.456969547665,0.251282607692));
#11972 = CARTESIAN_POINT('',(19.392315939756,0.250430691509));
#11973 = CARTESIAN_POINT('',(19.32869958828,0.24951940947));
#11974 = CARTESIAN_POINT('',(19.266242675593,0.248548348439));
#11975 = CARTESIAN_POINT('',(19.205057293258,0.247516902304));
#11976 = CARTESIAN_POINT('',(19.145262737885,0.246424475784));
#11977 = CARTESIAN_POINT('',(19.086989020894,0.245270564775));
#11978 = CARTESIAN_POINT('',(19.030375612361,0.244054752996));
#11979 = CARTESIAN_POINT('',(18.975571688403,0.242776736948));
#11980 = CARTESIAN_POINT('',(18.922735719503,0.241436331616));
#11981 = CARTESIAN_POINT('',(18.872038831901,0.240033591852));
#11982 = CARTESIAN_POINT('',(18.823666088505,0.238568927076));
#11983 = CARTESIAN_POINT('',(18.777814116437,0.237043127129));
#11984 = CARTESIAN_POINT('',(18.734689155731,0.235457409351));
#11985 = CARTESIAN_POINT('',(18.694504672614,0.233813464701));
#11986 = CARTESIAN_POINT('',(18.657478742865,0.232113512185));
#11987 = CARTESIAN_POINT('',(18.62383096406,0.230360345567));
#11988 = CARTESIAN_POINT('',(18.593779459035,0.228557426451));
#11989 = CARTESIAN_POINT('',(18.567535844184,0.226708822933));
#11990 = CARTESIAN_POINT('',(18.545307251523,0.224819877827));
#11991 = CARTESIAN_POINT('',(18.527280677264,0.222896860409));
#11992 = CARTESIAN_POINT('',(18.513612502562,0.220946465312));
#11993 = CARTESIAN_POINT('',(18.504426591293,0.218975945778));
#11994 = CARTESIAN_POINT('',(18.499809816167,0.216993039528));
#11995 = CARTESIAN_POINT('',(18.49980695483,0.215006154929));
#11996 = CARTESIAN_POINT('',(18.504417799455,0.213023286067));
#11997 = CARTESIAN_POINT('',(18.513597648049,0.211052768985));
#11998 = CARTESIAN_POINT('',(18.527259985975,0.209102358203));
#11999 = CARTESIAN_POINT('',(18.545280899013,0.207179318432));
#12000 = CARTESIAN_POINT('',(18.56750273057,0.205290430262));
#12001 = CARTESIAN_POINT('',(18.593739163218,0.203441876683));
#12002 = CARTESIAN_POINT('',(18.623789262956,0.201638653549));
#12003 = CARTESIAN_POINT('',(18.657439608436,0.199885075312));
#12004 = CARTESIAN_POINT('',(18.694470759534,0.198184683856));
#12005 = CARTESIAN_POINT('',(18.734661161169,0.196540356751));
#12006 = CARTESIAN_POINT('',(18.777791181981,0.194954354835));
#12007 = CARTESIAN_POINT('',(18.823646213034,0.193428384632));
#12008 = CARTESIAN_POINT('',(18.872020434607,0.191963632985));
#12009 = CARTESIAN_POINT('',(18.922706803677,0.190561137115));
#12010 = CARTESIAN_POINT('',(18.975532193599,0.189220924036));
#12011 = CARTESIAN_POINT('',(19.030328463083,0.18794299868));
#12012 = CARTESIAN_POINT('',(19.086937157444,0.186727198584));
#12013 = CARTESIAN_POINT('',(19.14520849226,0.185573248591));
#12014 = CARTESIAN_POINT('',(19.205001877324,0.18448076285));
#12015 = CARTESIAN_POINT('',(19.266186067782,0.183449261437));
#12016 = CARTESIAN_POINT('',(19.328639336942,0.182478184977));
#12017 = CARTESIAN_POINT('',(19.39225000596,0.181566906462));
#12018 = CARTESIAN_POINT('',(19.456915595092,0.180714760083));
#12019 = CARTESIAN_POINT('',(19.52254720252,0.179921008634));
#12020 = CARTESIAN_POINT('',(19.589054422074,0.179185043402));
#12021 = CARTESIAN_POINT('',(19.656338217412,0.178506402823));
#12022 = CARTESIAN_POINT('',(19.724329533356,0.177884379982));
#12023 = CARTESIAN_POINT('',(19.792955256292,0.177318411018));
#12024 = CARTESIAN_POINT('',(19.862146893986,0.176807966617));
#12025 = CARTESIAN_POINT('',(19.931838108551,0.176352574959));
#12026 = CARTESIAN_POINT('',(20.001965250814,0.175951811012));
#12027 = CARTESIAN_POINT('',(20.072467107436,0.175605296405));
#12028 = CARTESIAN_POINT('',(20.143284867056,0.175312698042));
#12029 = CARTESIAN_POINT('',(20.214362069068,0.175073728617));
#12030 = CARTESIAN_POINT('',(20.285644474318,0.174888148184));
#12031 = CARTESIAN_POINT('',(20.357080336946,0.174755767028));
#12032 = CARTESIAN_POINT('',(20.42861922119,0.174676449711));
#12033 = CARTESIAN_POINT('',(20.50021630868,0.174650120514));
#12034 = CARTESIAN_POINT('',(20.5718162466,0.174676769557));
#12035 = CARTESIAN_POINT('',(20.643362014755,0.174756418452));
#12036 = CARTESIAN_POINT('',(20.714805959015,0.174889147293));
#12037 = CARTESIAN_POINT('',(20.786095979055,0.175075089984));
#12038 = CARTESIAN_POINT('',(20.857179183049,0.175314431747));
#12039 = CARTESIAN_POINT('',(20.928000859957,0.175607407588));
#12040 = CARTESIAN_POINT('',(20.998504667577,0.175954301782));
#12041 = CARTESIAN_POINT('',(21.068632592997,0.176355449362));
#12042 = CARTESIAN_POINT('',(21.138324560785,0.176811235592));
#12043 = CARTESIAN_POINT('',(21.207519630892,0.177322108548));
#12044 = CARTESIAN_POINT('',(21.276151143025,0.177888548301));
#12045 = CARTESIAN_POINT('',(21.344145033227,0.178511037095));
#12046 = CARTESIAN_POINT('',(21.411431345673,0.179190167299));
#12047 = CARTESIAN_POINT('',(21.47793127346,0.179926534607));
#12048 = CARTESIAN_POINT('',(21.543560504919,0.180720757005));
#12049 = CARTESIAN_POINT('',(21.608228290863,0.181573462505));
#12050 = CARTESIAN_POINT('',(21.671837775272,0.182485289753));
#12051 = CARTESIAN_POINT('',(21.734285380516,0.183456877321));
#12052 = CARTESIAN_POINT('',(21.79546254025,0.18448889426));
#12053 = CARTESIAN_POINT('',(21.855248816324,0.185581925887));
#12054 = CARTESIAN_POINT('',(21.913512020835,0.186736437091));
#12055 = CARTESIAN_POINT('',(21.970114816212,0.187952888708));
#12056 = CARTESIAN_POINT('',(22.024906260296,0.189231554223));
#12057 = CARTESIAN_POINT('',(22.077724940766,0.190572538099));
#12058 = CARTESIAN_POINT('',(22.128398739672,0.191975732035));
#12059 = CARTESIAN_POINT('',(22.176746532421,0.193440818631));
#12060 = CARTESIAN_POINT('',(22.222575643412,0.194967145917));
#12061 = CARTESIAN_POINT('',(22.265678527807,0.196553486173));
#12062 = CARTESIAN_POINT('',(22.305840622849,0.19819812603));
#12063 = CARTESIAN_POINT('',(22.342842105406,0.199898792055));
#12064 = CARTESIAN_POINT('',(22.376461399793,0.201652593133));
#12065 = CARTESIAN_POINT('',(22.406479494255,0.203456000255));
#12066 = CARTESIAN_POINT('',(22.432682272847,0.205304631499));
#12067 = CARTESIAN_POINT('',(22.454872977378,0.207193750358));
#12068 = CARTESIAN_POINT('',(22.472868899739,0.209117892641));
#12069 = CARTESIAN_POINT('',(22.486500152427,0.211069299585));
#12070 = CARTESIAN_POINT('',(22.495643549087,0.213040499526));
#12071 = CARTESIAN_POINT('',(22.500214628898,0.215023710022));
#12072 = CARTESIAN_POINT('',(22.500170503235,0.217011024936));
#12073 = CARTESIAN_POINT('',(22.495510447523,0.218994376714));
#12074 = CARTESIAN_POINT('',(22.486277346653,0.220965614935));
#12075 = CARTESIAN_POINT('',(22.472560637598,0.222916346569));
#12076 = CARTESIAN_POINT('',(22.454495066255,0.224838615128));
#12077 = CARTESIAN_POINT('',(22.432234066518,0.226726577911));
#12078 = CARTESIAN_POINT('',(22.405962368433,0.228574198018));
#12079 = CARTESIAN_POINT('',(22.375879789415,0.230376536451));
#12080 = CARTESIAN_POINT('',(22.342198357512,0.232129329166));
#12081 = CARTESIAN_POINT('',(22.305136957909,0.233829022763));
#12082 = CARTESIAN_POINT('',(22.264917364428,0.235472697879));
#12083 = CARTESIAN_POINT('',(22.221760986619,0.237058016946));
#12084 = CARTESIAN_POINT('',(22.175884393626,0.238583213611));
#12085 = CARTESIAN_POINT('',(22.127501284642,0.240046910984));
#12086 = CARTESIAN_POINT('',(22.076799189012,0.241448660136));
#12087 = CARTESIAN_POINT('',(22.023956131048,0.242788230796));
#12088 = CARTESIAN_POINT('',(21.969144248997,0.244065509687));
#12089 = CARTESIAN_POINT('',(21.912524316801,0.245280612209));
#12090 = CARTESIAN_POINT('',(21.854247252688,0.24643380707));
#12091 = CARTESIAN_POINT('',(21.794450019922,0.247525561093));
#12092 = CARTESIAN_POINT('',(21.733266972105,0.248556290381));
#12093 = CARTESIAN_POINT('',(21.670844147245,0.249526212139));
#12094 = CARTESIAN_POINT('',(21.607272618892,0.250436341014));
#12095 = CARTESIAN_POINT('',(21.542650275739,0.25128740791));
#12096 = CARTESIAN_POINT('',(21.477067512649,0.252080135077));
#12097 = CARTESIAN_POINT('',(21.410611382912,0.252815176193));
#12098 = CARTESIAN_POINT('',(21.343364745395,0.253493142722));
#12099 = CARTESIAN_POINT('',(21.27540670401,0.254114604184));
#12100 = CARTESIAN_POINT('',(21.206812660647,0.25468009289));
#12101 = CARTESIAN_POINT('',(21.137654438976,0.255190105336));
#12102 = CARTESIAN_POINT('',(21.068000362937,0.255645102669));
#12103 = CARTESIAN_POINT('',(20.99791532669,0.256045509818));
#12104 = CARTESIAN_POINT('',(20.927460849682,0.256391713564));
#12105 = CARTESIAN_POINT('',(20.856695124967,0.256684059653));
#12106 = CARTESIAN_POINT('',(20.785673049117,0.256922848688));
#12107 = CARTESIAN_POINT('',(20.714446281846,0.257108331915));
#12108 = CARTESIAN_POINT('',(20.643063159077,0.257240702464));
#12109 = CARTESIAN_POINT('',(20.571569116006,0.257320098208));
#12110 = CARTESIAN_POINT('',(20.523859815248,0.25733773617));
#12111 = CARTESIAN_POINT('',(20.500000559515,0.257337742869));
#12112 = ( GEOMETRIC_REPRESENTATION_CONTEXT(2) 
PARAMETRIC_REPRESENTATION_CONTEXT() REPRESENTATION_CONTEXT('2D SPACE',''
  ) );
#12113 = PCURVE('',#12114,#12119);
#12114 = CYLINDRICAL_SURFACE('',#12115,2.);
#12115 = AXIS2_PLACEMENT_3D('',#12116,#12117,#12118);
#12116 = CARTESIAN_POINT('',(25.55,-90.9,1.6));
#12117 = DIRECTION('',(0.,-0.,-1.));
#12118 = DIRECTION('',(-1.,-0.,-0.));
#12119 = DEFINITIONAL_REPRESENTATION('',(#12120),#12278);
#12120 = B_SPLINE_CURVE_WITH_KNOTS('',3,(#12121,#12122,#12123,#12124,
    #12125,#12126,#12127,#12128,#12129,#12130,#12131,#12132,#12133,
    #12134,#12135,#12136,#12137,#12138,#12139,#12140,#12141,#12142,
    #12143,#12144,#12145,#12146,#12147,#12148,#12149,#12150,#12151,
    #12152,#12153,#12154,#12155,#12156,#12157,#12158,#12159,#12160,
    #12161,#12162,#12163,#12164,#12165,#12166,#12167,#12168,#12169,
    #12170,#12171,#12172,#12173,#12174,#12175,#12176,#12177,#12178,
    #12179,#12180,#12181,#12182,#12183,#12184,#12185,#12186,#12187,
    #12188,#12189,#12190,#12191,#12192,#12193,#12194,#12195,#12196,
    #12197,#12198,#12199,#12200,#12201,#12202,#12203,#12204,#12205,
    #12206,#12207,#12208,#12209,#12210,#12211,#12212,#12213,#12214,
    #12215,#12216,#12217,#12218,#12219,#12220,#12221,#12222,#12223,
    #12224,#12225,#12226,#12227,#12228,#12229,#12230,#12231,#12232,
    #12233,#12234,#12235,#12236,#12237,#12238,#12239,#12240,#12241,
    #12242,#12243,#12244,#12245,#12246,#12247,#12248,#12249,#12250,
    #12251,#12252,#12253,#12254,#12255,#12256,#12257,#12258,#12259,
    #12260,#12261,#12262,#12263,#12264,#12265,#12266,#12267,#12268,
    #12269,#12270,#12271,#12272,#12273,#12274,#12275,#12276,#12277),
  .UNSPECIFIED.,.F.,.F.,(4,1,1,1,1,1,1,1,1,1,1,1,1,1,1,1,1,1,1,1,1,1,1,1
    ,1,1,1,1,1,1,1,1,1,1,1,1,1,1,1,1,1,1,1,1,1,1,1,1,1,1,1,1,1,1,1,1,1,1
    ,1,1,1,1,1,1,1,1,1,1,1,1,1,1,1,1,1,1,1,1,1,1,1,1,1,1,1,1,1,1,1,1,1,1
    ,1,1,1,1,1,1,1,1,1,1,1,1,1,1,1,1,1,1,1,1,1,1,1,1,1,1,1,1,1,1,1,1,1,1
    ,1,1,1,1,1,1,1,1,1,1,1,1,1,1,1,1,1,1,1,1,1,1,1,1,1,1,1,1,4),(0.,
    4.356447425103E-02,8.712894850206E-02,0.130693422753,0.174257897004,
    0.217822371255,0.261386845506,0.304951319757,0.348515794008,
    0.392080268259,0.43564474251,0.479209216761,0.522773691012,
    0.566338165263,0.609902639514,0.653467113765,0.697031588016,
    0.740596062268,0.784160536519,0.82772501077,0.871289485021,
    0.914853959272,0.958418433523,1.001982907774,1.045547382025,
    1.089111856276,1.132676330527,1.176240804778,1.219805279029,
    1.26336975328,1.306934227531,1.350498701782,1.394063176033,
    1.437627650284,1.481192124535,1.524756598786,1.568321073037,
    1.611885547288,1.655450021539,1.69901449579,1.742578970041,
    1.786143444292,1.829707918543,1.873272392794,1.916836867045,
    1.960401341296,2.003965815547,2.047530289798,2.091094764049,
    2.134659238301,2.178223712552,2.221788186803,2.265352661054,
    2.308917135305,2.352481609556,2.396046083807,2.439610558058,
    2.483175032309,2.52673950656,2.570303980811,2.613868455062,
    2.657432929313,2.700997403564,2.744561877815,2.788126352066,
    2.831690826317,2.875255300568,2.918819774819,2.96238424907,
    3.005948723321,3.049513197572,3.093077671823,3.136642146074,
    3.180206620325,3.223771094576,3.267335568827,3.310900043078,
    3.354464517329,3.39802899158,3.441593465831,3.485157940082,
    3.528722414334,3.572286888585,3.615851362836,3.659415837087,
    3.702980311338,3.746544785589,3.79010925984,3.833673734091,
    3.877238208342,3.920802682593,3.964367156844,4.007931631095,
    4.051496105346,4.095060579597,4.138625053848,4.182189528099,
    4.22575400235,4.269318476601,4.312882950852,4.356447425103,
    4.400011899354,4.443576373605,4.487140847856,4.530705322107,
    4.574269796358,4.617834270609,4.66139874486,4.704963219111,
    4.748527693362,4.792092167613,4.835656641864,4.879221116115,
    4.922785590366,4.966350064618,5.009914538869,5.05347901312,
    5.097043487371,5.140607961622,5.184172435873,5.227736910124,
    5.271301384375,5.314865858626,5.358430332877,5.401994807128,
    5.445559281379,5.48912375563,5.532688229881,5.576252704132,
    5.619817178383,5.663381652634,5.706946126885,5.750510601136,
    5.794075075387,5.837639549638,5.881204023889,5.92476849814,
    5.968332972391,6.011897446642,6.055461920893,6.099026395144,
    6.142590869395,6.186155343646,6.229719817897,6.273284292148,
    6.316848766399,6.360413240651,6.403977714902,6.447542189153,
    6.491106663404,6.534671137655,6.578235611906,6.621800086157,
    6.665364560408,6.708929034659),.QUASI_UNIFORM_KNOTS.);
#12121 = CARTESIAN_POINT('',(7.105427357601E-15,-3.795476475694));
#12122 = CARTESIAN_POINT('',(1.193227166662E-02,-3.795480042904));
#12123 = CARTESIAN_POINT('',(3.579376627332E-02,-3.795487237083));
#12124 = CARTESIAN_POINT('',(7.160046556348E-02,-3.795498198522));
#12125 = CARTESIAN_POINT('',(0.107445618223,-3.795509321368));
#12126 = CARTESIAN_POINT('',(0.143351846738,-3.795520595676));
#12127 = CARTESIAN_POINT('',(0.179341132484,-3.795532010691));
#12128 = CARTESIAN_POINT('',(0.215434868875,-3.795543554718));
#12129 = CARTESIAN_POINT('',(0.251654088485,-3.795555215125));
#12130 = CARTESIAN_POINT('',(0.288019638378,-3.795566978309));
#12131 = CARTESIAN_POINT('',(0.324552368406,-3.795578829682));
#12132 = CARTESIAN_POINT('',(0.361273319359,-3.795590753642));
#12133 = CARTESIAN_POINT('',(0.398203923819,-3.795602733551));
#12134 = CARTESIAN_POINT('',(0.435366211389,-3.79561475171));
#12135 = CARTESIAN_POINT('',(0.472783073173,-3.795626789339));
#12136 = CARTESIAN_POINT('',(0.510478412684,-3.795638826513));
#12137 = CARTESIAN_POINT('',(0.548477861305,-3.795650842257));
#12138 = CARTESIAN_POINT('',(0.58680756288,-3.795662814037));
#12139 = CARTESIAN_POINT('',(0.625500376779,-3.795674719481));
#12140 = CARTESIAN_POINT('',(0.664569704656,-3.795686528235));
#12141 = CARTESIAN_POINT('',(0.704039218773,-3.79569821117));
#12142 = CARTESIAN_POINT('',(0.743933287232,-3.795709737187));
#12143 = CARTESIAN_POINT('',(0.784274778205,-3.795721072531));
#12144 = CARTESIAN_POINT('',(0.825085961172,-3.795732181017));
#12145 = CARTESIAN_POINT('',(0.86638838132,-3.795743023969));
#12146 = CARTESIAN_POINT('',(0.908203299393,-3.795753560291));
#12147 = CARTESIAN_POINT('',(0.950548771235,-3.795763745822));
#12148 = CARTESIAN_POINT('',(0.993437427795,-3.795773533095));
#12149 = CARTESIAN_POINT('',(1.03687695562,-3.795782871836));
#12150 = CARTESIAN_POINT('',(1.08086990528,-3.795791709422));
#12151 = CARTESIAN_POINT('',(1.125413475411,-3.795799991463));
#12152 = CARTESIAN_POINT('',(1.170498984182,-3.795807662467));
#12153 = CARTESIAN_POINT('',(1.21611140322,-3.795814666635));
#12154 = CARTESIAN_POINT('',(1.26222758463,-3.795820948666));
#12155 = CARTESIAN_POINT('',(1.308818116933,-3.795826455029));
#12156 = CARTESIAN_POINT('',(1.35583097815,-3.795831133753));
#12157 = CARTESIAN_POINT('',(1.403200638472,-3.795834937947));
#12158 = CARTESIAN_POINT('',(1.450859552353,-3.795837828283));
#12159 = CARTESIAN_POINT('',(1.498733462541,-3.795839773637));
#12160 = CARTESIAN_POINT('',(1.546741641731,-3.795840752224));
#12161 = CARTESIAN_POINT('',(1.59479050385,-3.795840752833));
#12162 = CARTESIAN_POINT('',(1.642797639556,-3.795839775505));
#12163 = CARTESIAN_POINT('',(1.690671200759,-3.795837831423));
#12164 = CARTESIAN_POINT('',(1.738330069647,-3.795834942317));
#12165 = CARTESIAN_POINT('',(1.785699723834,-3.795831139313));
#12166 = CARTESIAN_POINT('',(1.832710451131,-3.795826461988));
#12167 = CARTESIAN_POINT('',(1.879298813907,-3.795820957107));
#12168 = CARTESIAN_POINT('',(1.925421715052,-3.795814675332));
#12169 = CARTESIAN_POINT('',(1.971043851941,-3.795807670592));
#12170 = CARTESIAN_POINT('',(2.016140108016,-3.795799998469));
#12171 = CARTESIAN_POINT('',(2.060693263747,-3.795791715171));
#12172 = CARTESIAN_POINT('',(2.104693438258,-3.795782876515));
#12173 = CARTESIAN_POINT('',(2.148137262335,-3.795773537121));
#12174 = CARTESIAN_POINT('',(2.191028067704,-3.795763749526));
#12175 = CARTESIAN_POINT('',(2.233365668675,-3.79575356608));
#12176 = CARTESIAN_POINT('',(2.275173648415,-3.795743031821));
#12177 = CARTESIAN_POINT('',(2.316471891917,-3.795732190318));
#12178 = CARTESIAN_POINT('',(2.357281238274,-3.795721082668));
#12179 = CARTESIAN_POINT('',(2.397622521454,-3.79570974769));
#12180 = CARTESIAN_POINT('',(2.437517099783,-3.795698221801));
#12181 = CARTESIAN_POINT('',(2.476986996794,-3.795686538995));
#12182 = CARTESIAN_POINT('',(2.516055095077,-3.795674730819));
#12183 = CARTESIAN_POINT('',(2.554745525211,-3.79566282631));
#12184 = CARTESIAN_POINT('',(2.593083269111,-3.795650852181));
#12185 = CARTESIAN_POINT('',(2.631096785408,-3.795638832077));
#12186 = CARTESIAN_POINT('',(2.668809431333,-3.795626789402));
#12187 = CARTESIAN_POINT('',(2.706236453095,-3.795614748491));
#12188 = CARTESIAN_POINT('',(2.743406759003,-3.795602727715));
#12189 = CARTESIAN_POINT('',(2.780343796577,-3.795590745699));
#12190 = CARTESIAN_POINT('',(2.817070902186,-3.795578819737));
#12191 = CARTESIAN_POINT('',(2.853610213807,-3.79556696625));
#12192 = CARTESIAN_POINT('',(2.889983271817,-3.795555200689));
#12193 = CARTESIAN_POINT('',(2.926211138447,-3.795543537589));
#12194 = CARTESIAN_POINT('',(2.962314619797,-3.795531990581));
#12195 = CARTESIAN_POINT('',(2.998314457968,-3.795520572416));
#12196 = CARTESIAN_POINT('',(3.034231474436,-3.795509294988));
#12197 = CARTESIAN_POINT('',(3.070086908677,-3.795498169311));
#12198 = CARTESIAN_POINT('',(3.105902030973,-3.795487205707));
#12199 = CARTESIAN_POINT('',(3.141700505264,-3.795476413177));
#12200 = CARTESIAN_POINT('',(3.177500542215,-3.795465801832));
#12201 = CARTESIAN_POINT('',(3.213319529721,-3.795455381453));
#12202 = CARTESIAN_POINT('',(3.249179737661,-3.7954451599));
#12203 = CARTESIAN_POINT('',(3.285101625253,-3.795435145162));
#12204 = CARTESIAN_POINT('',(3.321105870794,-3.795425344771));
#12205 = CARTESIAN_POINT('',(3.357213062628,-3.795415765935));
#12206 = CARTESIAN_POINT('',(3.393444002596,-3.795406415473));
#12207 = CARTESIAN_POINT('',(3.429819910744,-3.795397299802));
#12208 = CARTESIAN_POINT('',(3.466362457582,-3.795388424954));
#12209 = CARTESIAN_POINT('',(3.503094662053,-3.795379796405));
#12210 = CARTESIAN_POINT('',(3.540038607109,-3.795371419648));
#12211 = CARTESIAN_POINT('',(3.577214650422,-3.795363300309));
#12212 = CARTESIAN_POINT('',(3.61464799795,-3.795355442729));
#12213 = CARTESIAN_POINT('',(3.652362020157,-3.795347851499));
#12214 = CARTESIAN_POINT('',(3.69038026395,-3.795340530969));
#12215 = CARTESIAN_POINT('',(3.72872620234,-3.795333485298));
#12216 = CARTESIAN_POINT('',(3.767423704917,-3.795326718354));
#12217 = CARTESIAN_POINT('',(3.80649697153,-3.795320233726));
#12218 = CARTESIAN_POINT('',(3.845972025324,-3.795314034503));
#12219 = CARTESIAN_POINT('',(3.885872684988,-3.795308123903));
#12220 = CARTESIAN_POINT('',(3.926220423029,-3.795302505223));
#12221 = CARTESIAN_POINT('',(3.967039076333,-3.795297181071));
#12222 = CARTESIAN_POINT('',(4.008349113709,-3.795292154188));
#12223 = CARTESIAN_POINT('',(4.050169423378,-3.795287427127));
#12224 = CARTESIAN_POINT('',(4.092516789736,-3.795283002283));
#12225 = CARTESIAN_POINT('',(4.13540683843,-3.795278881695));
#12226 = CARTESIAN_POINT('',(4.178851166264,-3.795275067411));
#12227 = CARTESIAN_POINT('',(4.2228518288,-3.795271561803));
#12228 = CARTESIAN_POINT('',(4.267405358307,-3.795268367022));
#12229 = CARTESIAN_POINT('',(4.312501584902,-3.795265485083));
#12230 = CARTESIAN_POINT('',(4.358123011822,-3.795262917845));
#12231 = CARTESIAN_POINT('',(4.404244912268,-3.795260666999));
#12232 = CARTESIAN_POINT('',(4.450830350049,-3.795258734255));
#12233 = CARTESIAN_POINT('',(4.497842819161,-3.795257120847));
#12234 = CARTESIAN_POINT('',(4.545236265894,-3.795255828231));
#12235 = CARTESIAN_POINT('',(4.592916738984,-3.795254858563));
#12236 = CARTESIAN_POINT('',(4.640804990142,-3.795254212702));
#12237 = CARTESIAN_POINT('',(4.688819419921,-3.795253891187));
#12238 = CARTESIAN_POINT('',(4.736878690392,-3.795253894285));
#12239 = CARTESIAN_POINT('',(4.784898666798,-3.795254222076));
#12240 = CARTESIAN_POINT('',(4.832792132838,-3.795254874348));
#12241 = CARTESIAN_POINT('',(4.880462579898,-3.795255850256));
#12242 = CARTESIAN_POINT('',(4.927818178976,-3.79525714815));
#12243 = CARTESIAN_POINT('',(4.974811805925,-3.795258767064));
#12244 = CARTESIAN_POINT('',(5.021383483306,-3.795260705443));
#12245 = CARTESIAN_POINT('',(5.067491456054,-3.795262961844));
#12246 = CARTESIAN_POINT('',(5.113101675839,-3.795265534719));
#12247 = CARTESIAN_POINT('',(5.158188758345,-3.795268422398));
#12248 = CARTESIAN_POINT('',(5.202734428834,-3.795271623017));
#12249 = CARTESIAN_POINT('',(5.246726670037,-3.795275134433));
#12250 = CARTESIAN_POINT('',(5.290160301895,-3.795278954308));
#12251 = CARTESIAN_POINT('',(5.333032563544,-3.795283079717));
#12252 = CARTESIAN_POINT('',(5.375360411718,-3.795287508978));
#12253 = CARTESIAN_POINT('',(5.417161930035,-3.795292240297));
#12254 = CARTESIAN_POINT('',(5.458453655978,-3.795297271254));
#12255 = CARTESIAN_POINT('',(5.499254748558,-3.795302599319));
#12256 = CARTESIAN_POINT('',(5.539585473574,-3.795308221723));
#12257 = CARTESIAN_POINT('',(5.579469778327,-3.795314135871));
#12258 = CARTESIAN_POINT('',(5.618927439007,-3.795320338237));
#12259 = CARTESIAN_POINT('',(5.657966598074,-3.795326822852));
#12260 = CARTESIAN_POINT('',(5.696625123218,-3.795333588253));
#12261 = CARTESIAN_POINT('',(5.734930615729,-3.795340631382));
#12262 = CARTESIAN_POINT('',(5.77291056055,-3.795347949033));
#12263 = CARTESIAN_POINT('',(5.810590152769,-3.795355537462));
#12264 = CARTESIAN_POINT('',(5.847993342201,-3.795363392506));
#12265 = CARTESIAN_POINT('',(5.885142949568,-3.795371509573));
#12266 = CARTESIAN_POINT('',(5.922060980383,-3.795379883675));
#12267 = CARTESIAN_POINT('',(5.958768847238,-3.795388509448));
#12268 = CARTESIAN_POINT('',(5.995287588181,-3.795397381193));
#12269 = CARTESIAN_POINT('',(6.031638065833,-3.795406492905));
#12270 = CARTESIAN_POINT('',(6.067841158501,-3.795415838317));
#12271 = CARTESIAN_POINT('',(6.103917944656,-3.795425410934));
#12272 = CARTESIAN_POINT('',(6.139889890747,-3.795435204083));
#12273 = CARTESIAN_POINT('',(6.175779025868,-3.795445210953));
#12274 = CARTESIAN_POINT('',(6.211608184297,-3.795455424642));
#12275 = CARTESIAN_POINT('',(6.247401035841,-3.7954658382));
#12276 = CARTESIAN_POINT('',(6.271255662269,-3.795472909196));
#12277 = CARTESIAN_POINT('',(6.28318530718,-3.795476475694));
#12278 = ( GEOMETRIC_REPRESENTATION_CONTEXT(2) 
PARAMETRIC_REPRESENTATION_CONTEXT() REPRESENTATION_CONTEXT('2D SPACE',''
  ) );
#12279 = FACE_BOUND('',#12280,.T.);
#12280 = EDGE_LOOP('',(#12281));
#12281 = ORIENTED_EDGE('',*,*,#12282,.F.);
#12282 = EDGE_CURVE('',#12283,#12283,#12285,.T.);
#12283 = VERTEX_POINT('',#12284);
#12284 = CARTESIAN_POINT('',(1.05,-90.9,5.395476475694));
#12285 = SURFACE_CURVE('',#12286,(#12394,#12555),.PCURVE_S1.);
#12286 = B_SPLINE_CURVE_WITH_KNOTS('',8,(#12287,#12288,#12289,#12290,
    #12291,#12292,#12293,#12294,#12295,#12296,#12297,#12298,#12299,
    #12300,#12301,#12302,#12303,#12304,#12305,#12306,#12307,#12308,
    #12309,#12310,#12311,#12312,#12313,#12314,#12315,#12316,#12317,
    #12318,#12319,#12320,#12321,#12322,#12323,#12324,#12325,#12326,
    #12327,#12328,#12329,#12330,#12331,#12332,#12333,#12334,#12335,
    #12336,#12337,#12338,#12339,#12340,#12341,#12342,#12343,#12344,
    #12345,#12346,#12347,#12348,#12349,#12350,#12351,#12352,#12353,
    #12354,#12355,#12356,#12357,#12358,#12359,#12360,#12361,#12362,
    #12363,#12364,#12365,#12366,#12367,#12368,#12369,#12370,#12371,
    #12372,#12373,#12374,#12375,#12376,#12377,#12378,#12379,#12380,
    #12381,#12382,#12383,#12384,#12385,#12386,#12387,#12388,#12389,
    #12390,#12391,#12392,#12393),.UNSPECIFIED.,.T.,.F.,(9,7,7,7,7,7,7,7,
    7,7,7,7,7,7,7,9),(0.,0.511782704816,0.81888800657,1.,1.269836985179,
    1.415213721819,1.73133192366,2.100918273291,2.378649372353,
    2.621347407747,2.796519787138,3.009241240227,3.251161074724,
    3.514529912275,3.692004196772,4.204275706468),.UNSPECIFIED.);
#12287 = CARTESIAN_POINT('',(1.05,-90.9,5.395476475694));
#12288 = CARTESIAN_POINT('',(1.05,-90.73221213612,5.395501556485));
#12289 = CARTESIAN_POINT('',(1.066087420895,-90.56461865265,
    5.39552774773));
#12290 = CARTESIAN_POINT('',(1.098196131708,-90.39794649777,
    5.395554906198));
#12291 = CARTESIAN_POINT('',(1.146598224519,-90.23316315227,
    5.39558282514));
#12292 = CARTESIAN_POINT('',(1.211678198625,-90.07146363115,
    5.395611225679));
#12293 = CARTESIAN_POINT('',(1.293950424632,-89.9143030169,
    5.395639742735));
#12294 = CARTESIAN_POINT('',(1.393950034405,-89.76337784827,
    5.395667926967));
#12295 = CARTESIAN_POINT('',(1.58379750618,-89.53521385131,
    5.395711592001));
#12296 = CARTESIAN_POINT('',(1.661630078697,-89.45274274654,
    5.395727626721));
#12297 = CARTESIAN_POINT('',(1.746245851381,-89.3738374932,
    5.395743194921));
#12298 = CARTESIAN_POINT('',(1.837742528358,-89.29911759415,
    5.395758137251));
#12299 = CARTESIAN_POINT('',(1.936122543717,-89.22932471194,
    5.395772263768));
#12300 = CARTESIAN_POINT('',(2.041258357448,-89.16530223282,
    5.395785357903));
#12301 = CARTESIAN_POINT('',(2.152847918254,-89.1079630331,5.39579718548
    ));
#12302 = CARTESIAN_POINT('',(2.339630925248,-89.02889410783,
    5.395813603487));
#12303 = CARTESIAN_POINT('',(2.41095956133,-89.00221229963,
    5.395819171018));
#12304 = CARTESIAN_POINT('',(2.484176310998,-88.97838240737,
    5.395824164879));
#12305 = CARTESIAN_POINT('',(2.559096866233,-88.95759723096,
    5.395828536383));
#12306 = CARTESIAN_POINT('',(2.635500450518,-88.9400348586,
    5.395832240561));
#12307 = CARTESIAN_POINT('',(2.713126825665,-88.92585012836,
    5.395835238451));
#12308 = CARTESIAN_POINT('',(2.791672852541,-88.915163218,5.395837499948
    ));
#12309 = CARTESIAN_POINT('',(2.988662391435,-88.89744054035,
    5.395841252922));
#12310 = CARTESIAN_POINT('',(3.107933120093,-88.89474662255,
    5.395841826936));
#12311 = CARTESIAN_POINT('',(3.22729284349,-88.90024139177,
    5.395840661047));
#12312 = CARTESIAN_POINT('',(3.345562338729,-88.91387347174,
    5.395837766609));
#12313 = CARTESIAN_POINT('',(3.46169246364,-88.93534942945,5.39583321683
    ));
#12314 = CARTESIAN_POINT('',(3.574764689635,-88.96419657175,
    5.395827131991));
#12315 = CARTESIAN_POINT('',(3.683990811975,-88.99980143678,
    5.395819667629));
#12316 = CARTESIAN_POINT('',(3.84513108972,-89.06384844341,
    5.395806338982));
#12317 = CARTESIAN_POINT('',(3.900286446651,-89.08803723619,
    5.395801321013));
#12318 = CARTESIAN_POINT('',(3.954101771591,-89.11389135509,
    5.395795976851));
#12319 = CARTESIAN_POINT('',(4.006517193733,-89.14131081212,
    5.395790331871));
#12320 = CARTESIAN_POINT('',(4.057487335221,-89.17019654791,
    5.395784411264));
#12321 = CARTESIAN_POINT('',(4.106979538268,-89.20045234484,
    5.395778239559));
#12322 = CARTESIAN_POINT('',(4.154972092275,-89.23198674016,
    5.395771840146));
#12323 = CARTESIAN_POINT('',(4.302522899748,-89.33588161724,
    5.395750871629));
#12324 = CARTESIAN_POINT('',(4.396384192107,-89.41265082182,
    5.395735543288));
#12325 = CARTESIAN_POINT('',(4.482997133015,-89.49418817018,
    5.395719466111));
#12326 = CARTESIAN_POINT('',(4.562397667126,-89.57974892416,
    5.395702833923));
#12327 = CARTESIAN_POINT('',(4.634683387619,-89.66868118835,
    5.395685815624));
#12328 = CARTESIAN_POINT('',(4.699995753706,-89.76043094729,
    5.395668553911));
#12329 = CARTESIAN_POINT('',(4.758498026792,-89.85454894159,
    5.395651165174));
#12330 = CARTESIAN_POINT('',(4.870969870788,-90.06311268438,
    5.39561336867));
#12331 = CARTESIAN_POINT('',(4.9224559285,-90.17822330623,5.395592962369
    ));
#12332 = CARTESIAN_POINT('',(4.965066120608,-90.2954596995,
    5.395572672359));
#12333 = CARTESIAN_POINT('',(4.998986581758,-90.41431121192,
    5.395552628544));
#12334 = CARTESIAN_POINT('',(5.024358499292,-90.53431833586,
    5.395532941723));
#12335 = CARTESIAN_POINT('',(5.041287868905,-90.65506648767,
    5.395513705054));
#12336 = CARTESIAN_POINT('',(5.049837065679,-90.77618331841,
    5.395494995248));
#12337 = CARTESIAN_POINT('',(5.050119340191,-90.98838419309,
    5.395463255647));
#12338 = CARTESIAN_POINT('',(5.045503772102,-91.07942502707,
    5.39544997377));
#12339 = CARTESIAN_POINT('',(5.036153230597,-91.1703127052,
    5.395437054949));
#12340 = CARTESIAN_POINT('',(5.022049985768,-91.26088846295,
    5.395424524594));
#12341 = CARTESIAN_POINT('',(5.003161303992,-91.35098384437,
    5.395412406009));
#12342 = CARTESIAN_POINT('',(4.979440763355,-91.44041999433,
    5.39540072004));
#12343 = CARTESIAN_POINT('',(4.950826453949,-91.52900652254,
    5.39538948478));
#12344 = CARTESIAN_POINT('',(4.887882771661,-91.69303187136,
    5.395369304403));
#12345 = CARTESIAN_POINT('',(4.854734470071,-91.76870676098,
    5.395360250757));
#12346 = CARTESIAN_POINT('',(4.817737424742,-91.84343192644,
    5.395351563985));
#12347 = CARTESIAN_POINT('',(4.776830873453,-91.91705115915,
    5.395343253953));
#12348 = CARTESIAN_POINT('',(4.73195096844,-91.98938543289,
    5.395335330045));
#12349 = CARTESIAN_POINT('',(4.683032959683,-92.06023291702,
    5.395327800602));
#12350 = CARTESIAN_POINT('',(4.630011618373,-92.12936829384,
    5.395320672569));
#12351 = CARTESIAN_POINT('',(4.531540582895,-92.24502495914,
    5.39530910021));
#12352 = CARTESIAN_POINT('',(4.488093851757,-92.29248015013,
    5.395304461578));
#12353 = CARTESIAN_POINT('',(4.442456374525,-92.33881227701,
    5.395300037614));
#12354 = CARTESIAN_POINT('',(4.394609861211,-92.38391361971,
    5.395295830532));
#12355 = CARTESIAN_POINT('',(4.344543052136,-92.42766445637,
    5.395291842515));
#12356 = CARTESIAN_POINT('',(4.292253705641,-92.4699341054,
    5.395288075594));
#12357 = CARTESIAN_POINT('',(4.237750585789,-92.51058196763,
    5.395284531544));
#12358 = CARTESIAN_POINT('',(4.112207429077,-92.59666856255,
    5.395277180378));
#12359 = CARTESIAN_POINT('',(4.040125421677,-92.64126784241,
    5.39527347964));
#12360 = CARTESIAN_POINT('',(3.964858634606,-92.68298081444,
    5.395270112922));
#12361 = CARTESIAN_POINT('',(3.88650285684,-92.7215069572,5.395267083471
    ));
#12362 = CARTESIAN_POINT('',(3.805208675896,-92.75652861357,
    5.395264394122));
#12363 = CARTESIAN_POINT('',(3.721192237754,-92.78772431562,
    5.395262047257));
#12364 = CARTESIAN_POINT('',(3.634748550391,-92.81478764211,
    5.395260044991));
#12365 = CARTESIAN_POINT('',(3.445641081637,-92.86322645645,
    5.395256506979));
#12366 = CARTESIAN_POINT('',(3.342286360511,-92.88333547621,
    5.395255071196));
#12367 = CARTESIAN_POINT('',(3.236913316216,-92.89733122314,
    5.395254089738));
#12368 = CARTESIAN_POINT('',(3.130273248116,-92.90491605379,
    5.395253563273));
#12369 = CARTESIAN_POINT('',(3.023151671038,-92.90593593144,
    5.395253491606));
#12370 = CARTESIAN_POINT('',(2.916360989175,-92.90038486856,
    5.395253875778));
#12371 = CARTESIAN_POINT('',(2.810732779121,-92.8884200061,
    5.395254716303));
#12372 = CARTESIAN_POINT('',(2.594299193897,-92.85075584752,
    5.395257413292));
#12373 = CARTESIAN_POINT('',(2.483766772078,-92.82391577536,
    5.395259354432));
#12374 = CARTESIAN_POINT('',(2.376429672821,-92.79026165408,
    5.395261827316));
#12375 = CARTESIAN_POINT('',(2.272964470395,-92.75034302639,
    5.39526482779));
#12376 = CARTESIAN_POINT('',(2.173859429143,-92.70476778317,
    5.395268352422));
#12377 = CARTESIAN_POINT('',(2.079447192395,-92.65415034088,
    5.395272396579));
#12378 = CARTESIAN_POINT('',(1.989928652236,-92.59908038018,
    5.395276952916));
#12379 = CARTESIAN_POINT('',(1.848437441507,-92.50033506115,
    5.395285424157));
#12380 = CARTESIAN_POINT('',(1.793729830932,-92.45879300375,
    5.395289064277));
#12381 = CARTESIAN_POINT('',(1.741295798121,-92.4156152821,5.39529293271
    ));
#12382 = CARTESIAN_POINT('',(1.691142122574,-92.37094605312,
    5.395297027592));
#12383 = CARTESIAN_POINT('',(1.643264620708,-92.32491902848,
    5.395301346782));
#12384 = CARTESIAN_POINT('',(1.597650168997,-92.27765645113,
    5.39530588798));
#12385 = CARTESIAN_POINT('',(1.554278727098,-92.22926807181,
    5.395310648853));
#12386 = CARTESIAN_POINT('',(1.394338027686,-92.0372074549,
    5.395329996772));
#12387 = CARTESIAN_POINT('',(1.294224257907,-91.88621974587,
    5.395346154639));
#12388 = CARTESIAN_POINT('',(1.211858579375,-91.72898456967,
    5.395364065006));
#12389 = CARTESIAN_POINT('',(1.146705515346,-91.56720210427,
    5.39538366113));
#12390 = CARTESIAN_POINT('',(1.098249435639,-91.40233036744,
    5.395404835549));
#12391 = CARTESIAN_POINT('',(1.066105193804,-91.23556676733,
    5.395427456223));
#12392 = CARTESIAN_POINT('',(1.05,-91.0678805073,5.395451381056));
#12393 = CARTESIAN_POINT('',(1.05,-90.9,5.395476475694));
#12394 = PCURVE('',#7864,#12395);
#12395 = DEFINITIONAL_REPRESENTATION('',(#12396),#12554);
#12396 = B_SPLINE_CURVE_WITH_KNOTS('',3,(#12397,#12398,#12399,#12400,
    #12401,#12402,#12403,#12404,#12405,#12406,#12407,#12408,#12409,
    #12410,#12411,#12412,#12413,#12414,#12415,#12416,#12417,#12418,
    #12419,#12420,#12421,#12422,#12423,#12424,#12425,#12426,#12427,
    #12428,#12429,#12430,#12431,#12432,#12433,#12434,#12435,#12436,
    #12437,#12438,#12439,#12440,#12441,#12442,#12443,#12444,#12445,
    #12446,#12447,#12448,#12449,#12450,#12451,#12452,#12453,#12454,
    #12455,#12456,#12457,#12458,#12459,#12460,#12461,#12462,#12463,
    #12464,#12465,#12466,#12467,#12468,#12469,#12470,#12471,#12472,
    #12473,#12474,#12475,#12476,#12477,#12478,#12479,#12480,#12481,
    #12482,#12483,#12484,#12485,#12486,#12487,#12488,#12489,#12490,
    #12491,#12492,#12493,#12494,#12495,#12496,#12497,#12498,#12499,
    #12500,#12501,#12502,#12503,#12504,#12505,#12506,#12507,#12508,
    #12509,#12510,#12511,#12512,#12513,#12514,#12515,#12516,#12517,
    #12518,#12519,#12520,#12521,#12522,#12523,#12524,#12525,#12526,
    #12527,#12528,#12529,#12530,#12531,#12532,#12533,#12534,#12535,
    #12536,#12537,#12538,#12539,#12540,#12541,#12542,#12543,#12544,
    #12545,#12546,#12547,#12548,#12549,#12550,#12551,#12552,#12553),
  .UNSPECIFIED.,.T.,.F.,(4,1,1,1,1,1,1,1,1,1,1,1,1,1,1,1,1,1,1,1,1,1,1,1
    ,1,1,1,1,1,1,1,1,1,1,1,1,1,1,1,1,1,1,1,1,1,1,1,1,1,1,1,1,1,1,1,1,1,1
    ,1,1,1,1,1,1,1,1,1,1,1,1,1,1,1,1,1,1,1,1,1,1,1,1,1,1,1,1,1,1,1,1,1,1
    ,1,1,1,1,1,1,1,1,1,1,1,1,1,1,1,1,1,1,1,1,1,1,1,1,1,1,1,1,1,1,1,1,1,1
    ,1,1,1,1,1,1,1,1,1,1,1,1,1,1,1,1,1,1,1,1,1,1,1,1,1,1,1,1,4),(0.,
    2.730049160044E-02,5.460098320088E-02,8.190147480132E-02,
    0.109201966402,0.136502458002,0.163802949603,0.191103441203,
    0.218403932804,0.245704424404,0.273004916004,0.300305407605,
    0.327605899205,0.354906390806,0.382206882406,0.409507374007,
    0.436807865607,0.464108357207,0.491408848808,0.518709340408,
    0.546009832009,0.573310323609,0.60061081521,0.62791130681,
    0.655211798411,0.682512290011,0.709812781611,0.737113273212,
    0.764413764812,0.791714256413,0.819014748013,0.846315239614,
    0.873615731214,0.900916222814,0.928216714415,0.955517206015,
    0.982817697616,1.010118189216,1.037418680817,1.064719172417,
    1.092019664018,1.119320155618,1.146620647218,1.173921138819,
    1.201221630419,1.22852212202,1.25582261362,1.283123105221,
    1.310423596821,1.337724088421,1.365024580022,1.392325071622,
    1.419625563223,1.446926054823,1.474226546424,1.501527038024,
    1.528827529625,1.556128021225,1.583428512825,1.610729004426,
    1.638029496026,1.665329987627,1.692630479227,1.719930970828,
    1.747231462428,1.774531954028,1.801832445629,1.829132937229,
    1.85643342883,1.88373392043,1.911034412031,1.938334903631,
    1.965635395232,1.992935886832,2.020236378432,2.047536870033,
    2.074837361633,2.102137853234,2.129438344834,2.156738836435,
    2.184039328035,2.211339819636,2.238640311236,2.265940802836,
    2.293241294437,2.320541786037,2.347842277638,2.375142769238,
    2.402443260839,2.429743752439,2.457044244039,2.48434473564,
    2.51164522724,2.538945718841,2.566246210441,2.593546702042,
    2.620847193642,2.648147685243,2.675448176843,2.702748668443,
    2.730049160044,2.757349651644,2.784650143245,2.811950634845,
    2.839251126446,2.866551618046,2.893852109646,2.921152601247,
    2.948453092847,2.975753584448,3.003054076048,3.030354567649,
    3.057655059249,3.08495555085,3.11225604245,3.13955653405,
    3.166857025651,3.194157517251,3.221458008852,3.248758500452,
    3.276058992053,3.303359483653,3.330659975253,3.357960466854,
    3.385260958454,3.412561450055,3.439861941655,3.467162433256,
    3.494462924856,3.521763416457,3.549063908057,3.576364399657,
    3.603664891258,3.630965382858,3.658265874459,3.685566366059,
    3.71286685766,3.74016734926,3.767467840861,3.794768332461,
    3.822068824061,3.849369315662,3.876669807262,3.903970298863,
    3.931270790463,3.958571282064,3.985871773664,4.013172265264,
    4.040472756865,4.067773248465,4.095073740066,4.122374231666,
    4.149674723267,4.176975214867,4.204275706468),
  .QUASI_UNIFORM_KNOTS.);
#12397 = CARTESIAN_POINT('',(20.500000559515,0.722405952873));
#12398 = CARTESIAN_POINT('',(20.476132933318,0.722405946153));
#12399 = CARTESIAN_POINT('',(20.428406979222,0.722388295846));
#12400 = CARTESIAN_POINT('',(20.356888211882,0.722308844859));
#12401 = CARTESIAN_POINT('',(20.285480607982,0.722176382618));
#12402 = CARTESIAN_POINT('',(20.214229609618,0.721990771215));
#12403 = CARTESIAN_POINT('',(20.143183570202,0.721751817332));
#12404 = CARTESIAN_POINT('',(20.072394178302,0.721459269379));
#12405 = CARTESIAN_POINT('',(20.00191636936,0.721112826294));
#12406 = CARTESIAN_POINT('',(19.931808384923,0.720712141775));
#12407 = CARTESIAN_POINT('',(19.862131802221,0.720256828413));
#12408 = CARTESIAN_POINT('',(19.792951582442,0.71974646059));
#12409 = CARTESIAN_POINT('',(19.724336125902,0.719180576427));
#12410 = CARTESIAN_POINT('',(19.656357342525,0.718558678668));
#12411 = CARTESIAN_POINT('',(19.589090730408,0.717880234221));
#12412 = CARTESIAN_POINT('',(19.522615502741,0.717144672822));
#12413 = CARTESIAN_POINT('',(19.457014634058,0.716351382184));
#12414 = CARTESIAN_POINT('',(19.392375331617,0.71549970834));
#12415 = CARTESIAN_POINT('',(19.328788072835,0.714588927213));
#12416 = CARTESIAN_POINT('',(19.266351179432,0.713618312608));
#12417 = CARTESIAN_POINT('',(19.20515495003,0.712586831411));
#12418 = CARTESIAN_POINT('',(19.145350753511,0.711494362257));
#12419 = CARTESIAN_POINT('',(19.087068159301,0.710340410607));
#12420 = CARTESIAN_POINT('',(19.030442135274,0.70912445754));
#12421 = CARTESIAN_POINT('',(18.975623617912,0.707846215188));
#12422 = CARTESIAN_POINT('',(18.922775449318,0.706505598263));
#12423 = CARTESIAN_POINT('',(18.872072202894,0.705102772069));
#12424 = CARTESIAN_POINT('',(18.823698872903,0.703638180497));
#12425 = CARTESIAN_POINT('',(18.777849798693,0.702112583835));
#12426 = CARTESIAN_POINT('',(18.734727158741,0.700527087901));
#12427 = CARTESIAN_POINT('',(18.69454011649,0.698883212909));
#12428 = CARTESIAN_POINT('',(18.657500748452,0.697182831146));
#12429 = CARTESIAN_POINT('',(18.623830944641,0.695428613113));
#12430 = CARTESIAN_POINT('',(18.593764107503,0.693624683556));
#12431 = CARTESIAN_POINT('',(18.567515720114,0.691775503151));
#12432 = CARTESIAN_POINT('',(18.54528791906,0.689886275923));
#12433 = CARTESIAN_POINT('',(18.527262561647,0.687962905115));
#12434 = CARTESIAN_POINT('',(18.513596396464,0.686011960258));
#12435 = CARTESIAN_POINT('',(18.504415251082,0.684041064077));
#12436 = CARTESIAN_POINT('',(18.49980391482,0.682057005068));
#12437 = CARTESIAN_POINT('',(18.499812514416,0.680068915118));
#12438 = CARTESIAN_POINT('',(18.504438892572,0.678085286852));
#12439 = CARTESIAN_POINT('',(18.513636810396,0.676114186138));
#12440 = CARTESIAN_POINT('',(18.527319862237,0.674163193129));
#12441 = CARTESIAN_POINT('',(18.545365792133,0.672239419941));
#12442 = CARTESIAN_POINT('',(18.567620338228,0.670349495472));
#12443 = CARTESIAN_POINT('',(18.593899410451,0.668499607214));
#12444 = CARTESIAN_POINT('',(18.623995253962,0.666695350157));
#12445 = CARTESIAN_POINT('',(18.657665183053,0.664942292545));
#12446 = CARTESIAN_POINT('',(18.694712221617,0.663242454457));
#12447 = CARTESIAN_POINT('',(18.734915157247,0.661598736357));
#12448 = CARTESIAN_POINT('',(18.778055706297,0.660013331192));
#12449 = CARTESIAN_POINT('',(18.823919694355,0.658487928422));
#12450 = CARTESIAN_POINT('',(18.872306037491,0.657023582294));
#12451 = CARTESIAN_POINT('',(18.923006304849,0.655621418055));
#12452 = CARTESIAN_POINT('',(18.975840778243,0.65428163513));
#12453 = CARTESIAN_POINT('',(19.030644207094,0.653004148529));
#12454 = CARTESIAN_POINT('',(19.08725838063,0.651788789549));
#12455 = CARTESIAN_POINT('',(19.145534296617,0.650635265726));
#12456 = CARTESIAN_POINT('',(19.205331779362,0.64954318622));
#12457 = CARTESIAN_POINT('',(19.266519796362,0.648512070631));
#12458 = CARTESIAN_POINT('',(19.328976623412,0.647541363098));
#12459 = CARTESIAN_POINT('',(19.392590009506,0.646630446304));
#12460 = CARTESIAN_POINT('',(19.457257586385,0.645778654975));
#12461 = CARTESIAN_POINT('',(19.522886391999,0.644985295972));
#12462 = CARTESIAN_POINT('',(19.589395785955,0.644249646941));
#12463 = CARTESIAN_POINT('',(19.656681497876,0.6435713151));
#12464 = CARTESIAN_POINT('',(19.724673228803,0.642949603919));
#12465 = CARTESIAN_POINT('',(19.793298588185,0.642383941875));
#12466 = CARTESIAN_POINT('',(19.862489217139,0.641873798352));
#12467 = CARTESIAN_POINT('',(19.932179007192,0.641418699838));
#12468 = CARTESIAN_POINT('',(20.00230445119,0.641018220807));
#12469 = CARTESIAN_POINT('',(20.072804439453,0.640671982936));
#12470 = CARTESIAN_POINT('',(20.143620212182,0.640379653663));
#12471 = CARTESIAN_POINT('',(20.214695311004,0.640140946474));
#12472 = CARTESIAN_POINT('',(20.285975447106,0.639955622287));
#12473 = CARTESIAN_POINT('',(20.357408773262,0.639823492119));
#12474 = CARTESIAN_POINT('',(20.428944693101,0.639744420895));
#12475 = CARTESIAN_POINT('',(20.500538186907,0.639718332816));
#12476 = CARTESIAN_POINT('',(20.572133518774,0.639745216713));
#12477 = CARTESIAN_POINT('',(20.643674733301,0.639825094337));
#12478 = CARTESIAN_POINT('',(20.715113867642,0.639958046106));
#12479 = CARTESIAN_POINT('',(20.786398888406,0.640144206104));
#12480 = CARTESIAN_POINT('',(20.857476877225,0.640383759708));
#12481 = CARTESIAN_POINT('',(20.928293129213,0.640676942064));
#12482 = CARTESIAN_POINT('',(20.998791304461,0.641024037577));
#12483 = CARTESIAN_POINT('',(21.06891340778,0.641425381515));
#12484 = CARTESIAN_POINT('',(21.138599355702,0.641881359182));
#12485 = CARTESIAN_POINT('',(21.207788319468,0.642392419714));
#12486 = CARTESIAN_POINT('',(21.2764133301,0.642959040842));
#12487 = CARTESIAN_POINT('',(21.344400628481,0.643581707218));
#12488 = CARTESIAN_POINT('',(21.411680157311,0.644261010639));
#12489 = CARTESIAN_POINT('',(21.478173091114,0.644997546637));
#12490 = CARTESIAN_POINT('',(21.543795096347,0.64579193297));
#12491 = CARTESIAN_POINT('',(21.608455417224,0.646644797505));
#12492 = CARTESIAN_POINT('',(21.672057212277,0.647556779071));
#12493 = CARTESIAN_POINT('',(21.734496891757,0.648528515943));
#12494 = CARTESIAN_POINT('',(21.795666030399,0.649560679741));
#12495 = CARTESIAN_POINT('',(21.855443807398,0.650653848979));
#12496 = CARTESIAN_POINT('',(21.913698360665,0.651808493931));
#12497 = CARTESIAN_POINT('',(21.970292206995,0.653025072696));
#12498 = CARTESIAN_POINT('',(22.025074411444,0.65430385831));
#12499 = CARTESIAN_POINT('',(22.077883562336,0.655644954723));
#12500 = CARTESIAN_POINT('',(22.128547556781,0.657048253333));
#12501 = CARTESIAN_POINT('',(22.176885346897,0.658513438547));
#12502 = CARTESIAN_POINT('',(22.222704095921,0.660039852734));
#12503 = CARTESIAN_POINT('',(22.265796298569,0.661626267227));
#12504 = CARTESIAN_POINT('',(22.305947429228,0.663270967821));
#12505 = CARTESIAN_POINT('',(22.342937713583,0.664971680596));
#12506 = CARTESIAN_POINT('',(22.376545622424,0.666725513214));
#12507 = CARTESIAN_POINT('',(22.406552230045,0.668528938395));
#12508 = CARTESIAN_POINT('',(22.432743382509,0.670377564771));
#12509 = CARTESIAN_POINT('',(22.454922752291,0.672266687647));
#12510 = CARTESIAN_POINT('',(22.472907145213,0.674190797782));
#12511 = CARTESIAN_POINT('',(22.486526996827,0.676142146854));
#12512 = CARTESIAN_POINT('',(22.495659266632,0.678113267219));
#12513 = CARTESIAN_POINT('',(22.500219618668,0.680096380176));
#12514 = CARTESIAN_POINT('',(22.5001652506,0.682083581555));
#12515 = CARTESIAN_POINT('',(22.495495524207,0.684066803486));
#12516 = CARTESIAN_POINT('',(22.486253399119,0.686037896145));
#12517 = CARTESIAN_POINT('',(22.472528509555,0.687988455423));
#12518 = CARTESIAN_POINT('',(22.454455523207,0.689910548956));
#12519 = CARTESIAN_POINT('',(22.432187925049,0.691798329028));
#12520 = CARTESIAN_POINT('',(22.405910446849,0.693645762097));
#12521 = CARTESIAN_POINT('',(22.375822892575,0.695447911117));
#12522 = CARTESIAN_POINT('',(22.34213727132,0.697200513746));
#12523 = CARTESIAN_POINT('',(22.305072445817,0.698900017853));
#12524 = CARTESIAN_POINT('',(22.264850166269,0.700543505083));
#12525 = CARTESIAN_POINT('',(22.221691821077,0.702128638628));
#12526 = CARTESIAN_POINT('',(22.175813953383,0.703653652859));
#12527 = CARTESIAN_POINT('',(22.127430261088,0.705117171048));
#12528 = CARTESIAN_POINT('',(22.076727965918,0.706518752335));
#12529 = CARTESIAN_POINT('',(22.023885217736,0.707858161424));
#12530 = CARTESIAN_POINT('',(21.969074086531,0.709135286182));
#12531 = CARTESIAN_POINT('',(21.912455311642,0.710350241947));
#12532 = CARTESIAN_POINT('',(21.85417980603,0.711503297097));
#12533 = CARTESIAN_POINT('',(21.794384335502,0.712594921223));
#12534 = CARTESIAN_POINT('',(21.733203743078,0.713625521637));
#12535 = CARTESIAN_POINT('',(21.67078343882,0.71459532613));
#12536 = CARTESIAN_POINT('',(21.607214543967,0.715505347148));
#12537 = CARTESIAN_POINT('',(21.542594963729,0.716356314615));
#12538 = CARTESIAN_POINT('',(21.477015108386,0.71714894994));
#12539 = CARTESIAN_POINT('',(21.410562039022,0.71788390627));
#12540 = CARTESIAN_POINT('',(21.343318617562,0.718561794711));
#12541 = CARTESIAN_POINT('',(21.275363946282,0.719183184563));
#12542 = CARTESIAN_POINT('',(21.206773421309,0.719748608013));
#12543 = CARTESIAN_POINT('',(21.137618856626,0.720258561504));
#12544 = CARTESIAN_POINT('',(21.067968562722,0.72071350617));
#12545 = CARTESIAN_POINT('',(20.997887416553,0.721113866959));
#12546 = CARTESIAN_POINT('',(20.927436916555,0.721460030676));
#12547 = CARTESIAN_POINT('',(20.856675230805,0.721752343096));
#12548 = CARTESIAN_POINT('',(20.785657226645,0.721991104825));
#12549 = CARTESIAN_POINT('',(20.714434529993,0.722176567083));
#12550 = CARTESIAN_POINT('',(20.643055437603,0.722308922915));
#12551 = CARTESIAN_POINT('',(20.571565340389,0.722388310051));
#12552 = CARTESIAN_POINT('',(20.523858577806,0.722405946165));
#12553 = CARTESIAN_POINT('',(20.500000559515,0.722405952873));
#12554 = ( GEOMETRIC_REPRESENTATION_CONTEXT(2) 
PARAMETRIC_REPRESENTATION_CONTEXT() REPRESENTATION_CONTEXT('2D SPACE',''
  ) );
#12555 = PCURVE('',#12556,#12561);
#12556 = CYLINDRICAL_SURFACE('',#12557,2.);
#12557 = AXIS2_PLACEMENT_3D('',#12558,#12559,#12560);
#12558 = CARTESIAN_POINT('',(3.05,-90.9,1.6));
#12559 = DIRECTION('',(0.,-0.,-1.));
#12560 = DIRECTION('',(-1.,-0.,-0.));
#12561 = DEFINITIONAL_REPRESENTATION('',(#12562),#12720);
#12562 = B_SPLINE_CURVE_WITH_KNOTS('',3,(#12563,#12564,#12565,#12566,
    #12567,#12568,#12569,#12570,#12571,#12572,#12573,#12574,#12575,
    #12576,#12577,#12578,#12579,#12580,#12581,#12582,#12583,#12584,
    #12585,#12586,#12587,#12588,#12589,#12590,#12591,#12592,#12593,
    #12594,#12595,#12596,#12597,#12598,#12599,#12600,#12601,#12602,
    #12603,#12604,#12605,#12606,#12607,#12608,#12609,#12610,#12611,
    #12612,#12613,#12614,#12615,#12616,#12617,#12618,#12619,#12620,
    #12621,#12622,#12623,#12624,#12625,#12626,#12627,#12628,#12629,
    #12630,#12631,#12632,#12633,#12634,#12635,#12636,#12637,#12638,
    #12639,#12640,#12641,#12642,#12643,#12644,#12645,#12646,#12647,
    #12648,#12649,#12650,#12651,#12652,#12653,#12654,#12655,#12656,
    #12657,#12658,#12659,#12660,#12661,#12662,#12663,#12664,#12665,
    #12666,#12667,#12668,#12669,#12670,#12671,#12672,#12673,#12674,
    #12675,#12676,#12677,#12678,#12679,#12680,#12681,#12682,#12683,
    #12684,#12685,#12686,#12687,#12688,#12689,#12690,#12691,#12692,
    #12693,#12694,#12695,#12696,#12697,#12698,#12699,#12700,#12701,
    #12702,#12703,#12704,#12705,#12706,#12707,#12708,#12709,#12710,
    #12711,#12712,#12713,#12714,#12715,#12716,#12717,#12718,#12719),
  .UNSPECIFIED.,.F.,.F.,(4,1,1,1,1,1,1,1,1,1,1,1,1,1,1,1,1,1,1,1,1,1,1,1
    ,1,1,1,1,1,1,1,1,1,1,1,1,1,1,1,1,1,1,1,1,1,1,1,1,1,1,1,1,1,1,1,1,1,1
    ,1,1,1,1,1,1,1,1,1,1,1,1,1,1,1,1,1,1,1,1,1,1,1,1,1,1,1,1,1,1,1,1,1,1
    ,1,1,1,1,1,1,1,1,1,1,1,1,1,1,1,1,1,1,1,1,1,1,1,1,1,1,1,1,1,1,1,1,1,1
    ,1,1,1,1,1,1,1,1,1,1,1,1,1,1,1,1,1,1,1,1,1,1,1,1,1,1,1,1,4),(0.,
    2.730049160044E-02,5.460098320088E-02,8.190147480132E-02,
    0.109201966402,0.136502458002,0.163802949603,0.191103441203,
    0.218403932804,0.245704424404,0.273004916004,0.300305407605,
    0.327605899205,0.354906390806,0.382206882406,0.409507374007,
    0.436807865607,0.464108357207,0.491408848808,0.518709340408,
    0.546009832009,0.573310323609,0.60061081521,0.62791130681,
    0.655211798411,0.682512290011,0.709812781611,0.737113273212,
    0.764413764812,0.791714256413,0.819014748013,0.846315239614,
    0.873615731214,0.900916222814,0.928216714415,0.955517206015,
    0.982817697616,1.010118189216,1.037418680817,1.064719172417,
    1.092019664018,1.119320155618,1.146620647218,1.173921138819,
    1.201221630419,1.22852212202,1.25582261362,1.283123105221,
    1.310423596821,1.337724088421,1.365024580022,1.392325071622,
    1.419625563223,1.446926054823,1.474226546424,1.501527038024,
    1.528827529625,1.556128021225,1.583428512825,1.610729004426,
    1.638029496026,1.665329987627,1.692630479227,1.719930970828,
    1.747231462428,1.774531954028,1.801832445629,1.829132937229,
    1.85643342883,1.88373392043,1.911034412031,1.938334903631,
    1.965635395232,1.992935886832,2.020236378432,2.047536870033,
    2.074837361633,2.102137853234,2.129438344834,2.156738836435,
    2.184039328035,2.211339819636,2.238640311236,2.265940802836,
    2.293241294437,2.320541786037,2.347842277638,2.375142769238,
    2.402443260839,2.429743752439,2.457044244039,2.48434473564,
    2.51164522724,2.538945718841,2.566246210441,2.593546702042,
    2.620847193642,2.648147685243,2.675448176843,2.702748668443,
    2.730049160044,2.757349651644,2.784650143245,2.811950634845,
    2.839251126446,2.866551618046,2.893852109646,2.921152601247,
    2.948453092847,2.975753584448,3.003054076048,3.030354567649,
    3.057655059249,3.08495555085,3.11225604245,3.13955653405,
    3.166857025651,3.194157517251,3.221458008852,3.248758500452,
    3.276058992053,3.303359483653,3.330659975253,3.357960466854,
    3.385260958454,3.412561450055,3.439861941655,3.467162433256,
    3.494462924856,3.521763416457,3.549063908057,3.576364399657,
    3.603664891258,3.630965382858,3.658265874459,3.685566366059,
    3.71286685766,3.74016734926,3.767467840861,3.794768332461,
    3.822068824061,3.849369315662,3.876669807262,3.903970298863,
    3.931270790463,3.958571282064,3.985871773664,4.013172265264,
    4.040472756865,4.067773248465,4.095073740066,4.122374231666,
    4.149674723267,4.176975214867,4.204275706468),
  .QUASI_UNIFORM_KNOTS.);
#12563 = CARTESIAN_POINT('',(0.,-3.795476475694));
#12564 = CARTESIAN_POINT('',(1.193383013046E-02,-3.795480043373));
#12565 = CARTESIAN_POINT('',(3.579678325981E-02,-3.795487237997));
#12566 = CARTESIAN_POINT('',(7.160204480055E-02,-3.795498199012));
#12567 = CARTESIAN_POINT('',(0.107443587022,-3.795509320739));
#12568 = CARTESIAN_POINT('',(0.143345124184,-3.79552059356));
#12569 = CARTESIAN_POINT('',(0.179329530748,-3.795532007001));
#12570 = CARTESIAN_POINT('',(0.215418871841,-3.795543549587));
#12571 = CARTESIAN_POINT('',(0.251634646935,-3.79555520885));
#12572 = CARTESIAN_POINT('',(0.287997965115,-3.795566971285));
#12573 = CARTESIAN_POINT('',(0.324529733445,-3.795578822331));
#12574 = CARTESIAN_POINT('',(0.361250841842,-3.795590746344));
#12575 = CARTESIAN_POINT('',(0.398182354531,-3.795602726565));
#12576 = CARTESIAN_POINT('',(0.435345709255,-3.795614745098));
#12577 = CARTESIAN_POINT('',(0.472762936122,-3.795626782883));
#12578 = CARTESIAN_POINT('',(0.510456878297,-3.795638819662));
#12579 = CARTESIAN_POINT('',(0.548451510985,-3.79565083396));
#12580 = CARTESIAN_POINT('',(0.586772036403,-3.795662802995));
#12581 = CARTESIAN_POINT('',(0.625446003394,-3.795674702856));
#12582 = CARTESIAN_POINT('',(0.664500847298,-3.795686507624));
#12583 = CARTESIAN_POINT('',(0.703975099839,-3.795698192425));
#12584 = CARTESIAN_POINT('',(0.743873458803,-3.795709720137));
#12585 = CARTESIAN_POINT('',(0.784218833593,-3.795721057066));
#12586 = CARTESIAN_POINT('',(0.825036848976,-3.795732167909));
#12587 = CARTESIAN_POINT('',(0.866348201361,-3.79574301365));
#12588 = CARTESIAN_POINT('',(0.908170937522,-3.79575355233));
#12589 = CARTESIAN_POINT('',(0.950519984281,-3.795763739085));
#12590 = CARTESIAN_POINT('',(0.993407340936,-3.795773526433));
#12591 = CARTESIAN_POINT('',(1.036841926054,-3.795782864543));
#12592 = CARTESIAN_POINT('',(1.080829631387,-3.795791701611));
#12593 = CARTESIAN_POINT('',(1.125372276821,-3.795799984137));
#12594 = CARTESIAN_POINT('',(1.170470003532,-3.795807657891));
#12595 = CARTESIAN_POINT('',(1.216110101975,-3.795814666631));
#12596 = CARTESIAN_POINT('',(1.262251867061,-3.795820951879));
#12597 = CARTESIAN_POINT('',(1.308856450884,-3.795826459259));
#12598 = CARTESIAN_POINT('',(1.355875845572,-3.795831137826));
#12599 = CARTESIAN_POINT('',(1.403253772971,-3.795834941774));
#12600 = CARTESIAN_POINT('',(1.45092569825,-3.795837831693));
#12601 = CARTESIAN_POINT('',(1.498808435938,-3.79583977604));
#12602 = CARTESIAN_POINT('',(1.546844318344,-3.795840753485));
#12603 = CARTESIAN_POINT('',(1.594922312541,-3.795840751652));
#12604 = CARTESIAN_POINT('',(1.642948151333,-3.795839771023));
#12605 = CARTESIAN_POINT('',(1.6908366186,-3.795837823135));
#12606 = CARTESIAN_POINT('',(1.738510900087,-3.795834929671));
#12607 = CARTESIAN_POINT('',(1.785900334365,-3.795831121418));
#12608 = CARTESIAN_POINT('',(1.832939264212,-3.795826437267));
#12609 = CARTESIAN_POINT('',(1.879564574195,-3.795820923524));
#12610 = CARTESIAN_POINT('',(1.92571855257,-3.795814632352));
#12611 = CARTESIAN_POINT('',(1.971332595083,-3.795807623744));
#12612 = CARTESIAN_POINT('',(2.01641992183,-3.795799948567));
#12613 = CARTESIAN_POINT('',(2.060962759831,-3.795791662972));
#12614 = CARTESIAN_POINT('',(2.104952939524,-3.795782822471));
#12615 = CARTESIAN_POINT('',(2.14838747523,-3.795773481598));
#12616 = CARTESIAN_POINT('',(2.191273600681,-3.795763691939));
#12617 = CARTESIAN_POINT('',(2.233608936151,-3.795753506127));
#12618 = CARTESIAN_POINT('',(2.27541172159,-3.795742970524));
#12619 = CARTESIAN_POINT('',(2.316704401715,-3.795732128104));
#12620 = CARTESIAN_POINT('',(2.357507963949,-3.79572101991));
#12621 = CARTESIAN_POINT('',(2.397843773756,-3.7957096846));
#12622 = CARTESIAN_POINT('',(2.437733382824,-3.795698158508));
#12623 = CARTESIAN_POINT('',(2.477198866746,-3.795686475583));
#12624 = CARTESIAN_POINT('',(2.516263025044,-3.795674667372));
#12625 = CARTESIAN_POINT('',(2.554949589884,-3.795662763015));
#12626 = CARTESIAN_POINT('',(2.593283558545,-3.795650789203));
#12627 = CARTESIAN_POINT('',(2.631291074469,-3.79563877031));
#12628 = CARTESIAN_POINT('',(2.66900107163,-3.795626727951));
#12629 = CARTESIAN_POINT('',(2.706425681341,-3.79561468743));
#12630 = CARTESIAN_POINT('',(2.743593127896,-3.795602667329));
#12631 = CARTESIAN_POINT('',(2.780527247202,-3.795590686139));
#12632 = CARTESIAN_POINT('',(2.817251433173,-3.795578761126));
#12633 = CARTESIAN_POINT('',(2.853787930101,-3.795566908665));
#12634 = CARTESIAN_POINT('',(2.890158334964,-3.79555514418));
#12635 = CARTESIAN_POINT('',(2.926383746001,-3.795543482187));
#12636 = CARTESIAN_POINT('',(2.96248497899,-3.795531936309));
#12637 = CARTESIAN_POINT('',(2.998482762309,-3.795520519291));
#12638 = CARTESIAN_POINT('',(3.034397879838,-3.795509243036));
#12639 = CARTESIAN_POINT('',(3.070251510018,-3.795498118571));
#12640 = CARTESIAN_POINT('',(3.106064834605,-3.79548715624));
#12641 = CARTESIAN_POINT('',(3.141861410018,-3.795476365069));
#12642 = CARTESIAN_POINT('',(3.17765924807,-3.795465755222));
#12643 = CARTESIAN_POINT('',(3.213476261072,-3.795455336313));
#12644 = CARTESIAN_POINT('',(3.249334557777,-3.795445116251));
#12645 = CARTESIAN_POINT('',(3.285254624825,-3.795435103009));
#12646 = CARTESIAN_POINT('',(3.321257121866,-3.795425304123));
#12647 = CARTESIAN_POINT('',(3.357362635588,-3.795415726794));
#12648 = CARTESIAN_POINT('',(3.393591964831,-3.795406377841));
#12649 = CARTESIAN_POINT('',(3.42996633544,-3.795397263676));
#12650 = CARTESIAN_POINT('',(3.466507410638,-3.79538839033));
#12651 = CARTESIAN_POINT('',(3.503238267257,-3.795379763261));
#12652 = CARTESIAN_POINT('',(3.540180821398,-3.795371387999));
#12653 = CARTESIAN_POINT('',(3.577355591881,-3.79536327013));
#12654 = CARTESIAN_POINT('',(3.614787731125,-3.795355414006));
#12655 = CARTESIAN_POINT('',(3.652500598762,-3.795347824216));
#12656 = CARTESIAN_POINT('',(3.690517729134,-3.795340505112));
#12657 = CARTESIAN_POINT('',(3.728862590729,-3.79533346085));
#12658 = CARTESIAN_POINT('',(3.767559062326,-3.795326695295));
#12659 = CARTESIAN_POINT('',(3.80663133567,-3.795320212034));
#12660 = CARTESIAN_POINT('',(3.846105529476,-3.79531401414));
#12661 = CARTESIAN_POINT('',(3.886005212388,-3.795308104869));
#12662 = CARTESIAN_POINT('',(3.926352067801,-3.79530248748));
#12663 = CARTESIAN_POINT('',(3.967169837035,-3.795297164597));
#12664 = CARTESIAN_POINT('',(4.008478987064,-3.795292138956));
#12665 = CARTESIAN_POINT('',(4.050298400502,-3.79528741311));
#12666 = CARTESIAN_POINT('',(4.092644864498,-3.79528298945));
#12667 = CARTESIAN_POINT('',(4.135534066675,-3.795278870008));
#12668 = CARTESIAN_POINT('',(4.178977449563,-3.795275056848));
#12669 = CARTESIAN_POINT('',(4.222977063692,-3.795271552335));
#12670 = CARTESIAN_POINT('',(4.267529435677,-3.795268358619));
#12671 = CARTESIAN_POINT('',(4.312624398579,-3.795265477714));
#12672 = CARTESIAN_POINT('',(4.358244439086,-3.795262911476));
#12673 = CARTESIAN_POINT('',(4.404364885799,-3.795260661593));
#12674 = CARTESIAN_POINT('',(4.45094857766,-3.795258729783));
#12675 = CARTESIAN_POINT('',(4.497959805624,-3.795257117253));
#12676 = CARTESIAN_POINT('',(4.545351396326,-3.795255825499));
#12677 = CARTESIAN_POINT('',(4.593029671561,-3.795254856661));
#12678 = CARTESIAN_POINT('',(4.640915477974,-3.795254211595));
#12679 = CARTESIAN_POINT('',(4.68892729825,-3.795253890837));
#12680 = CARTESIAN_POINT('',(4.736983827326,-3.795253894654));
#12681 = CARTESIAN_POINT('',(4.785000903661,-3.795254223128));
#12682 = CARTESIAN_POINT('',(4.832891302785,-3.795254876044));
#12683 = CARTESIAN_POINT('',(4.880558215296,-3.795255852552));
#12684 = CARTESIAN_POINT('',(4.927910368405,-3.795257151007));
#12685 = CARTESIAN_POINT('',(4.974900485507,-3.795258770443));
#12686 = CARTESIAN_POINT('',(5.021468640022,-3.795260709304));
#12687 = CARTESIAN_POINT('',(5.067573095661,-3.79526296615));
#12688 = CARTESIAN_POINT('',(5.113179818108,-3.795265539431));
#12689 = CARTESIAN_POINT('',(5.15826342827,-3.795268427478));
#12690 = CARTESIAN_POINT('',(5.20280565187,-3.795271628424));
#12691 = CARTESIAN_POINT('',(5.246794466907,-3.795275140126));
#12692 = CARTESIAN_POINT('',(5.290224690057,-3.795278960244));
#12693 = CARTESIAN_POINT('',(5.333093539747,-3.795283085847));
#12694 = CARTESIAN_POINT('',(5.375418197726,-3.795287515278));
#12695 = CARTESIAN_POINT('',(5.417216591131,-3.795292246727));
#12696 = CARTESIAN_POINT('',(5.458505280643,-3.795297277777));
#12697 = CARTESIAN_POINT('',(5.499303416792,-3.795302605897));
#12698 = CARTESIAN_POINT('',(5.539631243547,-3.795308228313));
#12699 = CARTESIAN_POINT('',(5.579512809467,-3.795314142451));
#12700 = CARTESIAN_POINT('',(5.618967550606,-3.795320344729));
#12701 = CARTESIAN_POINT('',(5.65800399942,-3.795326829238));
#12702 = CARTESIAN_POINT('',(5.696659957972,-3.79533359451));
#12703 = CARTESIAN_POINT('',(5.734962994373,-3.795340637485));
#12704 = CARTESIAN_POINT('',(5.772940563949,-3.795347954951));
#12705 = CARTESIAN_POINT('',(5.810617840582,-3.795355543164));
#12706 = CARTESIAN_POINT('',(5.848018757846,-3.795363397958));
#12707 = CARTESIAN_POINT('',(5.885166124552,-3.79537151474));
#12708 = CARTESIAN_POINT('',(5.922081937704,-3.795379888521));
#12709 = CARTESIAN_POINT('',(5.958787604281,-3.795388513937));
#12710 = CARTESIAN_POINT('',(5.995304159249,-3.795397385289));
#12711 = CARTESIAN_POINT('',(6.03165246446,-3.795406496574));
#12712 = CARTESIAN_POINT('',(6.067853399655,-3.795415841526));
#12713 = CARTESIAN_POINT('',(6.103928046912,-3.795425413655));
#12714 = CARTESIAN_POINT('',(6.139897878552,-3.795435206289));
#12715 = CARTESIAN_POINT('',(6.175784931926,-3.795445212623));
#12716 = CARTESIAN_POINT('',(6.211612052408,-3.79545542576));
#12717 = CARTESIAN_POINT('',(6.247402923613,-3.795465838758));
#12718 = CARTESIAN_POINT('',(6.271256281029,-3.795472909381));
#12719 = CARTESIAN_POINT('',(6.28318530718,-3.795476475694));
#12720 = ( GEOMETRIC_REPRESENTATION_CONTEXT(2) 
PARAMETRIC_REPRESENTATION_CONTEXT() REPRESENTATION_CONTEXT('2D SPACE',''
  ) );
#12721 = ADVANCED_FACE('',(#12722),#7820,.F.);
#12722 = FACE_BOUND('',#12723,.F.);
#12723 = EDGE_LOOP('',(#12724,#12725,#12726,#12727));
#12724 = ORIENTED_EDGE('',*,*,#7804,.F.);
#12725 = ORIENTED_EDGE('',*,*,#7984,.T.);
#12726 = ORIENTED_EDGE('',*,*,#10986,.T.);
#12727 = ORIENTED_EDGE('',*,*,#11751,.F.);
#12728 = ADVANCED_FACE('',(#12729),#8720,.F.);
#12729 = FACE_BOUND('',#12730,.T.);
#12730 = EDGE_LOOP('',(#12731,#12732,#12752,#12779));
#12731 = ORIENTED_EDGE('',*,*,#8699,.T.);
#12732 = ORIENTED_EDGE('',*,*,#12733,.T.);
#12733 = EDGE_CURVE('',#8700,#12734,#12736,.T.);
#12734 = VERTEX_POINT('',#12735);
#12735 = CARTESIAN_POINT('',(133.3,-90.9,2.));
#12736 = SEAM_CURVE('',#12737,(#12740,#12746),.PCURVE_S1.);
#12737 = B_SPLINE_CURVE_WITH_KNOTS('',1,(#12738,#12739),.UNSPECIFIED.,
  .F.,.F.,(2,2),(0.,1.),.PIECEWISE_BEZIER_KNOTS.);
#12738 = CARTESIAN_POINT('',(132.9,-90.9,1.6));
#12739 = CARTESIAN_POINT('',(133.3,-90.9,2.));
#12740 = PCURVE('',#8720,#12741);
#12741 = DEFINITIONAL_REPRESENTATION('',(#12742),#12745);
#12742 = B_SPLINE_CURVE_WITH_KNOTS('',1,(#12743,#12744),.UNSPECIFIED.,
  .F.,.F.,(2,2),(0.,1.),.PIECEWISE_BEZIER_KNOTS.);
#12743 = CARTESIAN_POINT('',(6.28318530718,0.));
#12744 = CARTESIAN_POINT('',(6.28318530718,-0.4));
#12745 = ( GEOMETRIC_REPRESENTATION_CONTEXT(2) 
PARAMETRIC_REPRESENTATION_CONTEXT() REPRESENTATION_CONTEXT('2D SPACE',''
  ) );
#12746 = PCURVE('',#8720,#12747);
#12747 = DEFINITIONAL_REPRESENTATION('',(#12748),#12751);
#12748 = B_SPLINE_CURVE_WITH_KNOTS('',1,(#12749,#12750),.UNSPECIFIED.,
  .F.,.F.,(2,2),(0.,1.),.PIECEWISE_BEZIER_KNOTS.);
#12749 = CARTESIAN_POINT('',(0.,0.));
#12750 = CARTESIAN_POINT('',(0.,-0.4));
#12751 = ( GEOMETRIC_REPRESENTATION_CONTEXT(2) 
PARAMETRIC_REPRESENTATION_CONTEXT() REPRESENTATION_CONTEXT('2D SPACE',''
  ) );
#12752 = ORIENTED_EDGE('',*,*,#12753,.F.);
#12753 = EDGE_CURVE('',#12734,#12734,#12754,.T.);
#12754 = SURFACE_CURVE('',#12755,(#12760,#12767),.PCURVE_S1.);
#12755 = CIRCLE('',#12756,0.8);
#12756 = AXIS2_PLACEMENT_3D('',#12757,#12758,#12759);
#12757 = CARTESIAN_POINT('',(134.1,-90.9,2.));
#12758 = DIRECTION('',(-0.,0.,-1.));
#12759 = DIRECTION('',(-1.,-0.,0.));
#12760 = PCURVE('',#8720,#12761);
#12761 = DEFINITIONAL_REPRESENTATION('',(#12762),#12766);
#12762 = LINE('',#12763,#12764);
#12763 = CARTESIAN_POINT('',(0.,-0.4));
#12764 = VECTOR('',#12765,1.);
#12765 = DIRECTION('',(1.,-0.));
#12766 = ( GEOMETRIC_REPRESENTATION_CONTEXT(2) 
PARAMETRIC_REPRESENTATION_CONTEXT() REPRESENTATION_CONTEXT('2D SPACE',''
  ) );
#12767 = PCURVE('',#12768,#12773);
#12768 = CYLINDRICAL_SURFACE('',#12769,0.8);
#12769 = AXIS2_PLACEMENT_3D('',#12770,#12771,#12772);
#12770 = CARTESIAN_POINT('',(134.1,-90.9,1.5));
#12771 = DIRECTION('',(0.,-0.,-1.));
#12772 = DIRECTION('',(-1.,-0.,-0.));
#12773 = DEFINITIONAL_REPRESENTATION('',(#12774),#12778);
#12774 = LINE('',#12775,#12776);
#12775 = CARTESIAN_POINT('',(0.,-0.5));
#12776 = VECTOR('',#12777,1.);
#12777 = DIRECTION('',(1.,0.));
#12778 = ( GEOMETRIC_REPRESENTATION_CONTEXT(2) 
PARAMETRIC_REPRESENTATION_CONTEXT() REPRESENTATION_CONTEXT('2D SPACE',''
  ) );
#12779 = ORIENTED_EDGE('',*,*,#12733,.F.);
#12780 = ADVANCED_FACE('',(#12781),#10675,.F.);
#12781 = FACE_BOUND('',#12782,.T.);
#12782 = EDGE_LOOP('',(#12783,#12784,#12804,#12831));
#12783 = ORIENTED_EDGE('',*,*,#10654,.T.);
#12784 = ORIENTED_EDGE('',*,*,#12785,.T.);
#12785 = EDGE_CURVE('',#10655,#12786,#12788,.T.);
#12786 = VERTEX_POINT('',#12787);
#12787 = CARTESIAN_POINT('',(133.3,-3.5,2.));
#12788 = SEAM_CURVE('',#12789,(#12792,#12798),.PCURVE_S1.);
#12789 = B_SPLINE_CURVE_WITH_KNOTS('',1,(#12790,#12791),.UNSPECIFIED.,
  .F.,.F.,(2,2),(0.,1.),.PIECEWISE_BEZIER_KNOTS.);
#12790 = CARTESIAN_POINT('',(132.9,-3.5,1.6));
#12791 = CARTESIAN_POINT('',(133.3,-3.5,2.));
#12792 = PCURVE('',#10675,#12793);
#12793 = DEFINITIONAL_REPRESENTATION('',(#12794),#12797);
#12794 = B_SPLINE_CURVE_WITH_KNOTS('',1,(#12795,#12796),.UNSPECIFIED.,
  .F.,.F.,(2,2),(0.,1.),.PIECEWISE_BEZIER_KNOTS.);
#12795 = CARTESIAN_POINT('',(6.28318530718,0.));
#12796 = CARTESIAN_POINT('',(6.28318530718,-0.4));
#12797 = ( GEOMETRIC_REPRESENTATION_CONTEXT(2) 
PARAMETRIC_REPRESENTATION_CONTEXT() REPRESENTATION_CONTEXT('2D SPACE',''
  ) );
#12798 = PCURVE('',#10675,#12799);
#12799 = DEFINITIONAL_REPRESENTATION('',(#12800),#12803);
#12800 = B_SPLINE_CURVE_WITH_KNOTS('',1,(#12801,#12802),.UNSPECIFIED.,
  .F.,.F.,(2,2),(0.,1.),.PIECEWISE_BEZIER_KNOTS.);
#12801 = CARTESIAN_POINT('',(0.,0.));
#12802 = CARTESIAN_POINT('',(0.,-0.4));
#12803 = ( GEOMETRIC_REPRESENTATION_CONTEXT(2) 
PARAMETRIC_REPRESENTATION_CONTEXT() REPRESENTATION_CONTEXT('2D SPACE',''
  ) );
#12804 = ORIENTED_EDGE('',*,*,#12805,.F.);
#12805 = EDGE_CURVE('',#12786,#12786,#12806,.T.);
#12806 = SURFACE_CURVE('',#12807,(#12812,#12819),.PCURVE_S1.);
#12807 = CIRCLE('',#12808,0.8);
#12808 = AXIS2_PLACEMENT_3D('',#12809,#12810,#12811);
#12809 = CARTESIAN_POINT('',(134.1,-3.5,2.));
#12810 = DIRECTION('',(-0.,0.,-1.));
#12811 = DIRECTION('',(-1.,-0.,0.));
#12812 = PCURVE('',#10675,#12813);
#12813 = DEFINITIONAL_REPRESENTATION('',(#12814),#12818);
#12814 = LINE('',#12815,#12816);
#12815 = CARTESIAN_POINT('',(0.,-0.4));
#12816 = VECTOR('',#12817,1.);
#12817 = DIRECTION('',(1.,-0.));
#12818 = ( GEOMETRIC_REPRESENTATION_CONTEXT(2) 
PARAMETRIC_REPRESENTATION_CONTEXT() REPRESENTATION_CONTEXT('2D SPACE',''
  ) );
#12819 = PCURVE('',#12820,#12825);
#12820 = CYLINDRICAL_SURFACE('',#12821,0.8);
#12821 = AXIS2_PLACEMENT_3D('',#12822,#12823,#12824);
#12822 = CARTESIAN_POINT('',(134.1,-3.5,1.5));
#12823 = DIRECTION('',(0.,-0.,-1.));
#12824 = DIRECTION('',(-1.,-0.,-0.));
#12825 = DEFINITIONAL_REPRESENTATION('',(#12826),#12830);
#12826 = LINE('',#12827,#12828);
#12827 = CARTESIAN_POINT('',(0.,-0.5));
#12828 = VECTOR('',#12829,1.);
#12829 = DIRECTION('',(1.,0.));
#12830 = ( GEOMETRIC_REPRESENTATION_CONTEXT(2) 
PARAMETRIC_REPRESENTATION_CONTEXT() REPRESENTATION_CONTEXT('2D SPACE',''
  ) );
#12831 = ORIENTED_EDGE('',*,*,#12785,.F.);
#12832 = ADVANCED_FACE('',(#12833),#10822,.F.);
#12833 = FACE_BOUND('',#12834,.T.);
#12834 = EDGE_LOOP('',(#12835,#12836,#12837,#12838));
#12835 = ORIENTED_EDGE('',*,*,#11427,.F.);
#12836 = ORIENTED_EDGE('',*,*,#10806,.F.);
#12837 = ORIENTED_EDGE('',*,*,#11569,.F.);
#12838 = ORIENTED_EDGE('',*,*,#11174,.F.);
#12839 = ADVANCED_FACE('',(#12840),#10922,.F.);
#12840 = FACE_BOUND('',#12841,.T.);
#12841 = EDGE_LOOP('',(#12842,#12843,#12844,#12845,#12846));
#12842 = ORIENTED_EDGE('',*,*,#10961,.F.);
#12843 = ORIENTED_EDGE('',*,*,#11049,.T.);
#12844 = ORIENTED_EDGE('',*,*,#11714,.T.);
#12845 = ORIENTED_EDGE('',*,*,#11591,.F.);
#12846 = ORIENTED_EDGE('',*,*,#10908,.T.);
#12847 = ADVANCED_FACE('',(#12848),#11338,.T.);
#12848 = FACE_BOUND('',#12849,.T.);
#12849 = EDGE_LOOP('',(#12850,#12876,#12877,#12878));
#12850 = ORIENTED_EDGE('',*,*,#12851,.F.);
#12851 = EDGE_CURVE('',#11323,#11351,#12852,.T.);
#12852 = SURFACE_CURVE('',#12853,(#12858,#12865),.PCURVE_S1.);
#12853 = CIRCLE('',#12854,3.);
#12854 = AXIS2_PLACEMENT_3D('',#12855,#12856,#12857);
#12855 = CARTESIAN_POINT('',(5.2815,-3.5,1.6));
#12856 = DIRECTION('',(0.,-0.,-1.));
#12857 = DIRECTION('',(0.435889894354,0.9,-0.));
#12858 = PCURVE('',#11338,#12859);
#12859 = DEFINITIONAL_REPRESENTATION('',(#12860),#12864);
#12860 = LINE('',#12861,#12862);
#12861 = CARTESIAN_POINT('',(2.021823138591,0.));
#12862 = VECTOR('',#12863,1.);
#12863 = DIRECTION('',(1.,0.));
#12864 = ( GEOMETRIC_REPRESENTATION_CONTEXT(2) 
PARAMETRIC_REPRESENTATION_CONTEXT() REPRESENTATION_CONTEXT('2D SPACE',''
  ) );
#12865 = PCURVE('',#11366,#12866);
#12866 = DEFINITIONAL_REPRESENTATION('',(#12867),#12875);
#12867 = ( BOUNDED_CURVE() B_SPLINE_CURVE(2,(#12868,#12869,#12870,#12871
    ,#12872,#12873,#12874),.UNSPECIFIED.,.T.,.F.) 
B_SPLINE_CURVE_WITH_KNOTS((1,2,2,2,2,1),(-2.094395102393,0.,
    2.094395102393,4.188790204786,6.28318530718,8.377580409573),
.UNSPECIFIED.) CURVE() GEOMETRIC_REPRESENTATION_ITEM() 
RATIONAL_B_SPLINE_CURVE((1.,0.5,1.,0.5,1.,0.5,1.)) REPRESENTATION_ITEM(
  '') );
#12868 = CARTESIAN_POINT('',(1.307669683062,2.7));
#12869 = CARTESIAN_POINT('',(5.984206863498,0.435049669419));
#12870 = CARTESIAN_POINT('',(1.684433748687,-2.482475165291));
#12871 = CARTESIAN_POINT('',(-2.615339366124,-5.4));
#12872 = CARTESIAN_POINT('',(-2.992103431749,-0.217524834709));
#12873 = CARTESIAN_POINT('',(-3.368867497374,4.964950330581));
#12874 = CARTESIAN_POINT('',(1.307669683062,2.7));
#12875 = ( GEOMETRIC_REPRESENTATION_CONTEXT(2) 
PARAMETRIC_REPRESENTATION_CONTEXT() REPRESENTATION_CONTEXT('2D SPACE',''
  ) );
#12876 = ORIENTED_EDGE('',*,*,#11322,.F.);
#12877 = ORIENTED_EDGE('',*,*,#11515,.T.);
#12878 = ORIENTED_EDGE('',*,*,#11378,.T.);
#12879 = ADVANCED_FACE('',(#12880,#12884),#11366,.F.);
#12880 = FACE_BOUND('',#12881,.T.);
#12881 = EDGE_LOOP('',(#12882,#12883));
#12882 = ORIENTED_EDGE('',*,*,#12851,.T.);
#12883 = ORIENTED_EDGE('',*,*,#11350,.F.);
#12884 = FACE_BOUND('',#12885,.T.);
#12885 = EDGE_LOOP('',(#12886));
#12886 = ORIENTED_EDGE('',*,*,#12887,.F.);
#12887 = EDGE_CURVE('',#12888,#12888,#12890,.T.);
#12888 = VERTEX_POINT('',#12889);
#12889 = CARTESIAN_POINT('',(4.0815,-3.5,1.6));
#12890 = SURFACE_CURVE('',#12891,(#12896,#12907),.PCURVE_S1.);
#12891 = CIRCLE('',#12892,1.2);
#12892 = AXIS2_PLACEMENT_3D('',#12893,#12894,#12895);
#12893 = CARTESIAN_POINT('',(5.2815,-3.5,1.6));
#12894 = DIRECTION('',(-0.,0.,-1.));
#12895 = DIRECTION('',(-1.,-0.,0.));
#12896 = PCURVE('',#11366,#12897);
#12897 = DEFINITIONAL_REPRESENTATION('',(#12898),#12906);
#12898 = ( BOUNDED_CURVE() B_SPLINE_CURVE(2,(#12899,#12900,#12901,#12902
    ,#12903,#12904,#12905),.UNSPECIFIED.,.T.,.F.) 
B_SPLINE_CURVE_WITH_KNOTS((1,2,2,2,2,1),(-2.094395102393,0.,
    2.094395102393,4.188790204786,6.28318530718,8.377580409573),
.UNSPECIFIED.) CURVE() GEOMETRIC_REPRESENTATION_ITEM() 
RATIONAL_B_SPLINE_CURVE((1.,0.5,1.,0.5,1.,0.5,1.)) REPRESENTATION_ITEM(
  '') );
#12899 = CARTESIAN_POINT('',(-1.2,-8.881784197001E-16));
#12900 = CARTESIAN_POINT('',(-1.2,2.078460969083));
#12901 = CARTESIAN_POINT('',(0.6,1.039230484541));
#12902 = CARTESIAN_POINT('',(2.4,-5.942631879048E-16));
#12903 = CARTESIAN_POINT('',(0.6,-1.039230484541));
#12904 = CARTESIAN_POINT('',(-1.2,-2.078460969083));
#12905 = CARTESIAN_POINT('',(-1.2,-8.881784197001E-16));
#12906 = ( GEOMETRIC_REPRESENTATION_CONTEXT(2) 
PARAMETRIC_REPRESENTATION_CONTEXT() REPRESENTATION_CONTEXT('2D SPACE',''
  ) );
#12907 = PCURVE('',#12908,#12913);
#12908 = CONICAL_SURFACE('',#12909,1.2,0.785398163397);
#12909 = AXIS2_PLACEMENT_3D('',#12910,#12911,#12912);
#12910 = CARTESIAN_POINT('',(5.2815,-3.5,1.6));
#12911 = DIRECTION('',(0.,0.,-1.));
#12912 = DIRECTION('',(-1.,-0.,-0.));
#12913 = DEFINITIONAL_REPRESENTATION('',(#12914),#12918);
#12914 = LINE('',#12915,#12916);
#12915 = CARTESIAN_POINT('',(0.,-0.));
#12916 = VECTOR('',#12917,1.);
#12917 = DIRECTION('',(1.,-0.));
#12918 = ( GEOMETRIC_REPRESENTATION_CONTEXT(2) 
PARAMETRIC_REPRESENTATION_CONTEXT() REPRESENTATION_CONTEXT('2D SPACE',''
  ) );
#12919 = ADVANCED_FACE('',(#12920),#11236,.T.);
#12920 = FACE_BOUND('',#12921,.T.);
#12921 = EDGE_LOOP('',(#12922,#12948,#12949,#12950));
#12922 = ORIENTED_EDGE('',*,*,#12923,.F.);
#12923 = EDGE_CURVE('',#11221,#11249,#12924,.T.);
#12924 = SURFACE_CURVE('',#12925,(#12930,#12937),.PCURVE_S1.);
#12925 = CIRCLE('',#12926,3.);
#12926 = AXIS2_PLACEMENT_3D('',#12927,#12928,#12929);
#12927 = CARTESIAN_POINT('',(23.3185,-3.5,1.6));
#12928 = DIRECTION('',(0.,-0.,-1.));
#12929 = DIRECTION('',(0.435889894354,0.9,-0.));
#12930 = PCURVE('',#11236,#12931);
#12931 = DEFINITIONAL_REPRESENTATION('',(#12932),#12936);
#12932 = LINE('',#12933,#12934);
#12933 = CARTESIAN_POINT('',(2.021823138591,0.));
#12934 = VECTOR('',#12935,1.);
#12935 = DIRECTION('',(1.,0.));
#12936 = ( GEOMETRIC_REPRESENTATION_CONTEXT(2) 
PARAMETRIC_REPRESENTATION_CONTEXT() REPRESENTATION_CONTEXT('2D SPACE',''
  ) );
#12937 = PCURVE('',#11264,#12938);
#12938 = DEFINITIONAL_REPRESENTATION('',(#12939),#12947);
#12939 = ( BOUNDED_CURVE() B_SPLINE_CURVE(2,(#12940,#12941,#12942,#12943
    ,#12944,#12945,#12946),.UNSPECIFIED.,.T.,.F.) 
B_SPLINE_CURVE_WITH_KNOTS((1,2,2,2,2,1),(-2.094395102393,0.,
    2.094395102393,4.188790204786,6.28318530718,8.377580409573),
.UNSPECIFIED.) CURVE() GEOMETRIC_REPRESENTATION_ITEM() 
RATIONAL_B_SPLINE_CURVE((1.,0.5,1.,0.5,1.,0.5,1.)) REPRESENTATION_ITEM(
  '') );
#12940 = CARTESIAN_POINT('',(1.307669683062,2.7));
#12941 = CARTESIAN_POINT('',(5.984206863498,0.435049669419));
#12942 = CARTESIAN_POINT('',(1.684433748687,-2.482475165291));
#12943 = CARTESIAN_POINT('',(-2.615339366124,-5.4));
#12944 = CARTESIAN_POINT('',(-2.992103431749,-0.217524834709));
#12945 = CARTESIAN_POINT('',(-3.368867497374,4.964950330581));
#12946 = CARTESIAN_POINT('',(1.307669683062,2.7));
#12947 = ( GEOMETRIC_REPRESENTATION_CONTEXT(2) 
PARAMETRIC_REPRESENTATION_CONTEXT() REPRESENTATION_CONTEXT('2D SPACE',''
  ) );
#12948 = ORIENTED_EDGE('',*,*,#11220,.F.);
#12949 = ORIENTED_EDGE('',*,*,#11542,.T.);
#12950 = ORIENTED_EDGE('',*,*,#11276,.T.);
#12951 = ADVANCED_FACE('',(#12952,#12956),#11264,.F.);
#12952 = FACE_BOUND('',#12953,.T.);
#12953 = EDGE_LOOP('',(#12954,#12955));
#12954 = ORIENTED_EDGE('',*,*,#12923,.T.);
#12955 = ORIENTED_EDGE('',*,*,#11248,.F.);
#12956 = FACE_BOUND('',#12957,.T.);
#12957 = EDGE_LOOP('',(#12958));
#12958 = ORIENTED_EDGE('',*,*,#12959,.F.);
#12959 = EDGE_CURVE('',#12960,#12960,#12962,.T.);
#12960 = VERTEX_POINT('',#12961);
#12961 = CARTESIAN_POINT('',(22.1185,-3.5,1.6));
#12962 = SURFACE_CURVE('',#12963,(#12968,#12979),.PCURVE_S1.);
#12963 = CIRCLE('',#12964,1.2);
#12964 = AXIS2_PLACEMENT_3D('',#12965,#12966,#12967);
#12965 = CARTESIAN_POINT('',(23.3185,-3.5,1.6));
#12966 = DIRECTION('',(-0.,0.,-1.));
#12967 = DIRECTION('',(-1.,-0.,0.));
#12968 = PCURVE('',#11264,#12969);
#12969 = DEFINITIONAL_REPRESENTATION('',(#12970),#12978);
#12970 = ( BOUNDED_CURVE() B_SPLINE_CURVE(2,(#12971,#12972,#12973,#12974
    ,#12975,#12976,#12977),.UNSPECIFIED.,.T.,.F.) 
B_SPLINE_CURVE_WITH_KNOTS((1,2,2,2,2,1),(-2.094395102393,0.,
    2.094395102393,4.188790204786,6.28318530718,8.377580409573),
.UNSPECIFIED.) CURVE() GEOMETRIC_REPRESENTATION_ITEM() 
RATIONAL_B_SPLINE_CURVE((1.,0.5,1.,0.5,1.,0.5,1.)) REPRESENTATION_ITEM(
  '') );
#12971 = CARTESIAN_POINT('',(-1.2,-8.881784197001E-16));
#12972 = CARTESIAN_POINT('',(-1.2,2.078460969083));
#12973 = CARTESIAN_POINT('',(0.6,1.039230484541));
#12974 = CARTESIAN_POINT('',(2.4,-5.942631879048E-16));
#12975 = CARTESIAN_POINT('',(0.6,-1.039230484541));
#12976 = CARTESIAN_POINT('',(-1.2,-2.078460969083));
#12977 = CARTESIAN_POINT('',(-1.2,-8.881784197001E-16));
#12978 = ( GEOMETRIC_REPRESENTATION_CONTEXT(2) 
PARAMETRIC_REPRESENTATION_CONTEXT() REPRESENTATION_CONTEXT('2D SPACE',''
  ) );
#12979 = PCURVE('',#12980,#12985);
#12980 = CONICAL_SURFACE('',#12981,1.2,0.785398163397);
#12981 = AXIS2_PLACEMENT_3D('',#12982,#12983,#12984);
#12982 = CARTESIAN_POINT('',(23.3185,-3.5,1.6));
#12983 = DIRECTION('',(0.,0.,-1.));
#12984 = DIRECTION('',(-1.,-0.,-0.));
#12985 = DEFINITIONAL_REPRESENTATION('',(#12986),#12990);
#12986 = LINE('',#12987,#12988);
#12987 = CARTESIAN_POINT('',(0.,-0.));
#12988 = VECTOR('',#12989,1.);
#12989 = DIRECTION('',(1.,-0.));
#12990 = ( GEOMETRIC_REPRESENTATION_CONTEXT(2) 
PARAMETRIC_REPRESENTATION_CONTEXT() REPRESENTATION_CONTEXT('2D SPACE',''
  ) );
#12991 = ADVANCED_FACE('',(#12992),#11477,.F.);
#12992 = FACE_BOUND('',#12993,.T.);
#12993 = EDGE_LOOP('',(#12994,#12995,#13015,#13042));
#12994 = ORIENTED_EDGE('',*,*,#11456,.T.);
#12995 = ORIENTED_EDGE('',*,*,#12996,.T.);
#12996 = EDGE_CURVE('',#11457,#12997,#12999,.T.);
#12997 = VERTEX_POINT('',#12998);
#12998 = CARTESIAN_POINT('',(26.7,-47.2,2.));
#12999 = SEAM_CURVE('',#13000,(#13003,#13009),.PCURVE_S1.);
#13000 = B_SPLINE_CURVE_WITH_KNOTS('',1,(#13001,#13002),.UNSPECIFIED.,
  .F.,.F.,(2,2),(0.,1.),.PIECEWISE_BEZIER_KNOTS.);
#13001 = CARTESIAN_POINT('',(26.3,-47.2,1.6));
#13002 = CARTESIAN_POINT('',(26.7,-47.2,2.));
#13003 = PCURVE('',#11477,#13004);
#13004 = DEFINITIONAL_REPRESENTATION('',(#13005),#13008);
#13005 = B_SPLINE_CURVE_WITH_KNOTS('',1,(#13006,#13007),.UNSPECIFIED.,
  .F.,.F.,(2,2),(0.,1.),.PIECEWISE_BEZIER_KNOTS.);
#13006 = CARTESIAN_POINT('',(6.28318530718,0.));
#13007 = CARTESIAN_POINT('',(6.28318530718,-0.4));
#13008 = ( GEOMETRIC_REPRESENTATION_CONTEXT(2) 
PARAMETRIC_REPRESENTATION_CONTEXT() REPRESENTATION_CONTEXT('2D SPACE',''
  ) );
#13009 = PCURVE('',#11477,#13010);
#13010 = DEFINITIONAL_REPRESENTATION('',(#13011),#13014);
#13011 = B_SPLINE_CURVE_WITH_KNOTS('',1,(#13012,#13013),.UNSPECIFIED.,
  .F.,.F.,(2,2),(0.,1.),.PIECEWISE_BEZIER_KNOTS.);
#13012 = CARTESIAN_POINT('',(0.,0.));
#13013 = CARTESIAN_POINT('',(0.,-0.4));
#13014 = ( GEOMETRIC_REPRESENTATION_CONTEXT(2) 
PARAMETRIC_REPRESENTATION_CONTEXT() REPRESENTATION_CONTEXT('2D SPACE',''
  ) );
#13015 = ORIENTED_EDGE('',*,*,#13016,.F.);
#13016 = EDGE_CURVE('',#12997,#12997,#13017,.T.);
#13017 = SURFACE_CURVE('',#13018,(#13023,#13030),.PCURVE_S1.);
#13018 = CIRCLE('',#13019,0.8);
#13019 = AXIS2_PLACEMENT_3D('',#13020,#13021,#13022);
#13020 = CARTESIAN_POINT('',(27.5,-47.2,2.));
#13021 = DIRECTION('',(-0.,0.,-1.));
#13022 = DIRECTION('',(-1.,-0.,0.));
#13023 = PCURVE('',#11477,#13024);
#13024 = DEFINITIONAL_REPRESENTATION('',(#13025),#13029);
#13025 = LINE('',#13026,#13027);
#13026 = CARTESIAN_POINT('',(0.,-0.4));
#13027 = VECTOR('',#13028,1.);
#13028 = DIRECTION('',(1.,-0.));
#13029 = ( GEOMETRIC_REPRESENTATION_CONTEXT(2) 
PARAMETRIC_REPRESENTATION_CONTEXT() REPRESENTATION_CONTEXT('2D SPACE',''
  ) );
#13030 = PCURVE('',#13031,#13036);
#13031 = CYLINDRICAL_SURFACE('',#13032,0.8);
#13032 = AXIS2_PLACEMENT_3D('',#13033,#13034,#13035);
#13033 = CARTESIAN_POINT('',(27.5,-47.2,1.5));
#13034 = DIRECTION('',(0.,-0.,-1.));
#13035 = DIRECTION('',(-1.,-0.,-0.));
#13036 = DEFINITIONAL_REPRESENTATION('',(#13037),#13041);
#13037 = LINE('',#13038,#13039);
#13038 = CARTESIAN_POINT('',(0.,-0.5));
#13039 = VECTOR('',#13040,1.);
#13040 = DIRECTION('',(1.,0.));
#13041 = ( GEOMETRIC_REPRESENTATION_CONTEXT(2) 
PARAMETRIC_REPRESENTATION_CONTEXT() REPRESENTATION_CONTEXT('2D SPACE',''
  ) );
#13042 = ORIENTED_EDGE('',*,*,#12996,.F.);
#13043 = ADVANCED_FACE('',(#13044),#12114,.T.);
#13044 = FACE_BOUND('',#13045,.T.);
#13045 = EDGE_LOOP('',(#13046,#13079,#13100,#13101));
#13046 = ORIENTED_EDGE('',*,*,#13047,.F.);
#13047 = EDGE_CURVE('',#13048,#13048,#13050,.T.);
#13048 = VERTEX_POINT('',#13049);
#13049 = CARTESIAN_POINT('',(23.55,-90.9,1.6));
#13050 = SURFACE_CURVE('',#13051,(#13056,#13063),.PCURVE_S1.);
#13051 = CIRCLE('',#13052,2.);
#13052 = AXIS2_PLACEMENT_3D('',#13053,#13054,#13055);
#13053 = CARTESIAN_POINT('',(25.55,-90.9,1.6));
#13054 = DIRECTION('',(0.,0.,-1.));
#13055 = DIRECTION('',(-1.,-0.,-0.));
#13056 = PCURVE('',#12114,#13057);
#13057 = DEFINITIONAL_REPRESENTATION('',(#13058),#13062);
#13058 = LINE('',#13059,#13060);
#13059 = CARTESIAN_POINT('',(0.,0.));
#13060 = VECTOR('',#13061,1.);
#13061 = DIRECTION('',(1.,0.));
#13062 = ( GEOMETRIC_REPRESENTATION_CONTEXT(2) 
PARAMETRIC_REPRESENTATION_CONTEXT() REPRESENTATION_CONTEXT('2D SPACE',''
  ) );
#13063 = PCURVE('',#13064,#13069);
#13064 = PLANE('',#13065);
#13065 = AXIS2_PLACEMENT_3D('',#13066,#13067,#13068);
#13066 = CARTESIAN_POINT('',(25.55,-90.9,1.6));
#13067 = DIRECTION('',(-0.,-0.,1.));
#13068 = DIRECTION('',(1.,0.,0.));
#13069 = DEFINITIONAL_REPRESENTATION('',(#13070),#13078);
#13070 = ( BOUNDED_CURVE() B_SPLINE_CURVE(2,(#13071,#13072,#13073,#13074
    ,#13075,#13076,#13077),.UNSPECIFIED.,.T.,.F.) 
B_SPLINE_CURVE_WITH_KNOTS((1,2,2,2,2,1),(-2.094395102393,0.,
    2.094395102393,4.188790204786,6.28318530718,8.377580409573),
.UNSPECIFIED.) CURVE() GEOMETRIC_REPRESENTATION_ITEM() 
RATIONAL_B_SPLINE_CURVE((1.,0.5,1.,0.5,1.,0.5,1.)) REPRESENTATION_ITEM(
  '') );
#13071 = CARTESIAN_POINT('',(-2.,1.42108547152E-14));
#13072 = CARTESIAN_POINT('',(-2.,3.464101615138));
#13073 = CARTESIAN_POINT('',(1.,1.732050807569));
#13074 = CARTESIAN_POINT('',(4.,1.470071343486E-14));
#13075 = CARTESIAN_POINT('',(1.,-1.732050807569));
#13076 = CARTESIAN_POINT('',(-2.,-3.464101615138));
#13077 = CARTESIAN_POINT('',(-2.,1.42108547152E-14));
#13078 = ( GEOMETRIC_REPRESENTATION_CONTEXT(2) 
PARAMETRIC_REPRESENTATION_CONTEXT() REPRESENTATION_CONTEXT('2D SPACE',''
  ) );
#13079 = ORIENTED_EDGE('',*,*,#13080,.T.);
#13080 = EDGE_CURVE('',#13048,#11836,#13081,.T.);
#13081 = SEAM_CURVE('',#13082,(#13086,#13093),.PCURVE_S1.);
#13082 = LINE('',#13083,#13084);
#13083 = CARTESIAN_POINT('',(23.55,-90.9,1.6));
#13084 = VECTOR('',#13085,1.);
#13085 = DIRECTION('',(-0.,-0.,1.));
#13086 = PCURVE('',#12114,#13087);
#13087 = DEFINITIONAL_REPRESENTATION('',(#13088),#13092);
#13088 = LINE('',#13089,#13090);
#13089 = CARTESIAN_POINT('',(0.,0.));
#13090 = VECTOR('',#13091,1.);
#13091 = DIRECTION('',(0.,-1.));
#13092 = ( GEOMETRIC_REPRESENTATION_CONTEXT(2) 
PARAMETRIC_REPRESENTATION_CONTEXT() REPRESENTATION_CONTEXT('2D SPACE',''
  ) );
#13093 = PCURVE('',#12114,#13094);
#13094 = DEFINITIONAL_REPRESENTATION('',(#13095),#13099);
#13095 = LINE('',#13096,#13097);
#13096 = CARTESIAN_POINT('',(6.28318530718,0.));
#13097 = VECTOR('',#13098,1.);
#13098 = DIRECTION('',(0.,-1.));
#13099 = ( GEOMETRIC_REPRESENTATION_CONTEXT(2) 
PARAMETRIC_REPRESENTATION_CONTEXT() REPRESENTATION_CONTEXT('2D SPACE',''
  ) );
#13100 = ORIENTED_EDGE('',*,*,#11835,.T.);
#13101 = ORIENTED_EDGE('',*,*,#13080,.F.);
#13102 = ADVANCED_FACE('',(#13103),#12556,.T.);
#13103 = FACE_BOUND('',#13104,.T.);
#13104 = EDGE_LOOP('',(#13105,#13138,#13159,#13160));
#13105 = ORIENTED_EDGE('',*,*,#13106,.F.);
#13106 = EDGE_CURVE('',#13107,#13107,#13109,.T.);
#13107 = VERTEX_POINT('',#13108);
#13108 = CARTESIAN_POINT('',(1.05,-90.9,1.6));
#13109 = SURFACE_CURVE('',#13110,(#13115,#13122),.PCURVE_S1.);
#13110 = CIRCLE('',#13111,2.);
#13111 = AXIS2_PLACEMENT_3D('',#13112,#13113,#13114);
#13112 = CARTESIAN_POINT('',(3.05,-90.9,1.6));
#13113 = DIRECTION('',(0.,0.,-1.));
#13114 = DIRECTION('',(-1.,-0.,-0.));
#13115 = PCURVE('',#12556,#13116);
#13116 = DEFINITIONAL_REPRESENTATION('',(#13117),#13121);
#13117 = LINE('',#13118,#13119);
#13118 = CARTESIAN_POINT('',(0.,0.));
#13119 = VECTOR('',#13120,1.);
#13120 = DIRECTION('',(1.,0.));
#13121 = ( GEOMETRIC_REPRESENTATION_CONTEXT(2) 
PARAMETRIC_REPRESENTATION_CONTEXT() REPRESENTATION_CONTEXT('2D SPACE',''
  ) );
#13122 = PCURVE('',#13123,#13128);
#13123 = PLANE('',#13124);
#13124 = AXIS2_PLACEMENT_3D('',#13125,#13126,#13127);
#13125 = CARTESIAN_POINT('',(3.05,-90.9,1.6));
#13126 = DIRECTION('',(-0.,-0.,1.));
#13127 = DIRECTION('',(1.,0.,0.));
#13128 = DEFINITIONAL_REPRESENTATION('',(#13129),#13137);
#13129 = ( BOUNDED_CURVE() B_SPLINE_CURVE(2,(#13130,#13131,#13132,#13133
    ,#13134,#13135,#13136),.UNSPECIFIED.,.T.,.F.) 
B_SPLINE_CURVE_WITH_KNOTS((1,2,2,2,2,1),(-2.094395102393,0.,
    2.094395102393,4.188790204786,6.28318530718,8.377580409573),
.UNSPECIFIED.) CURVE() GEOMETRIC_REPRESENTATION_ITEM() 
RATIONAL_B_SPLINE_CURVE((1.,0.5,1.,0.5,1.,0.5,1.)) REPRESENTATION_ITEM(
  '') );
#13130 = CARTESIAN_POINT('',(-2.,1.42108547152E-14));
#13131 = CARTESIAN_POINT('',(-2.,3.464101615138));
#13132 = CARTESIAN_POINT('',(1.,1.732050807569));
#13133 = CARTESIAN_POINT('',(4.,1.470071343486E-14));
#13134 = CARTESIAN_POINT('',(1.,-1.732050807569));
#13135 = CARTESIAN_POINT('',(-2.,-3.464101615138));
#13136 = CARTESIAN_POINT('',(-2.,1.42108547152E-14));
#13137 = ( GEOMETRIC_REPRESENTATION_CONTEXT(2) 
PARAMETRIC_REPRESENTATION_CONTEXT() REPRESENTATION_CONTEXT('2D SPACE',''
  ) );
#13138 = ORIENTED_EDGE('',*,*,#13139,.T.);
#13139 = EDGE_CURVE('',#13107,#12283,#13140,.T.);
#13140 = SEAM_CURVE('',#13141,(#13145,#13152),.PCURVE_S1.);
#13141 = LINE('',#13142,#13143);
#13142 = CARTESIAN_POINT('',(1.05,-90.9,1.6));
#13143 = VECTOR('',#13144,1.);
#13144 = DIRECTION('',(-0.,-0.,1.));
#13145 = PCURVE('',#12556,#13146);
#13146 = DEFINITIONAL_REPRESENTATION('',(#13147),#13151);
#13147 = LINE('',#13148,#13149);
#13148 = CARTESIAN_POINT('',(0.,0.));
#13149 = VECTOR('',#13150,1.);
#13150 = DIRECTION('',(0.,-1.));
#13151 = ( GEOMETRIC_REPRESENTATION_CONTEXT(2) 
PARAMETRIC_REPRESENTATION_CONTEXT() REPRESENTATION_CONTEXT('2D SPACE',''
  ) );
#13152 = PCURVE('',#12556,#13153);
#13153 = DEFINITIONAL_REPRESENTATION('',(#13154),#13158);
#13154 = LINE('',#13155,#13156);
#13155 = CARTESIAN_POINT('',(6.28318530718,0.));
#13156 = VECTOR('',#13157,1.);
#13157 = DIRECTION('',(0.,-1.));
#13158 = ( GEOMETRIC_REPRESENTATION_CONTEXT(2) 
PARAMETRIC_REPRESENTATION_CONTEXT() REPRESENTATION_CONTEXT('2D SPACE',''
  ) );
#13159 = ORIENTED_EDGE('',*,*,#12282,.T.);
#13160 = ORIENTED_EDGE('',*,*,#13139,.F.);
#13161 = ADVANCED_FACE('',(#13162),#12768,.F.);
#13162 = FACE_BOUND('',#13163,.F.);
#13163 = EDGE_LOOP('',(#13164,#13165,#13188,#13219));
#13164 = ORIENTED_EDGE('',*,*,#12753,.F.);
#13165 = ORIENTED_EDGE('',*,*,#13166,.T.);
#13166 = EDGE_CURVE('',#12734,#13167,#13169,.T.);
#13167 = VERTEX_POINT('',#13168);
#13168 = CARTESIAN_POINT('',(133.3,-90.9,3.6));
#13169 = SEAM_CURVE('',#13170,(#13174,#13181),.PCURVE_S1.);
#13170 = LINE('',#13171,#13172);
#13171 = CARTESIAN_POINT('',(133.3,-90.9,1.5));
#13172 = VECTOR('',#13173,1.);
#13173 = DIRECTION('',(-0.,-0.,1.));
#13174 = PCURVE('',#12768,#13175);
#13175 = DEFINITIONAL_REPRESENTATION('',(#13176),#13180);
#13176 = LINE('',#13177,#13178);
#13177 = CARTESIAN_POINT('',(6.28318530718,0.));
#13178 = VECTOR('',#13179,1.);
#13179 = DIRECTION('',(0.,-1.));
#13180 = ( GEOMETRIC_REPRESENTATION_CONTEXT(2) 
PARAMETRIC_REPRESENTATION_CONTEXT() REPRESENTATION_CONTEXT('2D SPACE',''
  ) );
#13181 = PCURVE('',#12768,#13182);
#13182 = DEFINITIONAL_REPRESENTATION('',(#13183),#13187);
#13183 = LINE('',#13184,#13185);
#13184 = CARTESIAN_POINT('',(0.,0.));
#13185 = VECTOR('',#13186,1.);
#13186 = DIRECTION('',(0.,-1.));
#13187 = ( GEOMETRIC_REPRESENTATION_CONTEXT(2) 
PARAMETRIC_REPRESENTATION_CONTEXT() REPRESENTATION_CONTEXT('2D SPACE',''
  ) );
#13188 = ORIENTED_EDGE('',*,*,#13189,.T.);
#13189 = EDGE_CURVE('',#13167,#13167,#13190,.T.);
#13190 = SURFACE_CURVE('',#13191,(#13196,#13203),.PCURVE_S1.);
#13191 = CIRCLE('',#13192,0.8);
#13192 = AXIS2_PLACEMENT_3D('',#13193,#13194,#13195);
#13193 = CARTESIAN_POINT('',(134.1,-90.9,3.6));
#13194 = DIRECTION('',(0.,0.,-1.));
#13195 = DIRECTION('',(-1.,-0.,-0.));
#13196 = PCURVE('',#12768,#13197);
#13197 = DEFINITIONAL_REPRESENTATION('',(#13198),#13202);
#13198 = LINE('',#13199,#13200);
#13199 = CARTESIAN_POINT('',(0.,-2.1));
#13200 = VECTOR('',#13201,1.);
#13201 = DIRECTION('',(1.,0.));
#13202 = ( GEOMETRIC_REPRESENTATION_CONTEXT(2) 
PARAMETRIC_REPRESENTATION_CONTEXT() REPRESENTATION_CONTEXT('2D SPACE',''
  ) );
#13203 = PCURVE('',#13204,#13209);
#13204 = PLANE('',#13205);
#13205 = AXIS2_PLACEMENT_3D('',#13206,#13207,#13208);
#13206 = CARTESIAN_POINT('',(134.1,-90.9,3.6));
#13207 = DIRECTION('',(-0.,-0.,1.));
#13208 = DIRECTION('',(1.,0.,0.));
#13209 = DEFINITIONAL_REPRESENTATION('',(#13210),#13218);
#13210 = ( BOUNDED_CURVE() B_SPLINE_CURVE(2,(#13211,#13212,#13213,#13214
    ,#13215,#13216,#13217),.UNSPECIFIED.,.T.,.F.) 
B_SPLINE_CURVE_WITH_KNOTS((1,2,2,2,2,1),(-2.094395102393,0.,
    2.094395102393,4.188790204786,6.28318530718,8.377580409573),
.UNSPECIFIED.) CURVE() GEOMETRIC_REPRESENTATION_ITEM() 
RATIONAL_B_SPLINE_CURVE((1.,0.5,1.,0.5,1.,0.5,1.)) REPRESENTATION_ITEM(
  '') );
#13211 = CARTESIAN_POINT('',(-0.8,0.));
#13212 = CARTESIAN_POINT('',(-0.8,1.385640646055));
#13213 = CARTESIAN_POINT('',(0.4,0.692820323028));
#13214 = CARTESIAN_POINT('',(1.6,1.959434878636E-16));
#13215 = CARTESIAN_POINT('',(0.4,-0.692820323028));
#13216 = CARTESIAN_POINT('',(-0.8,-1.385640646055));
#13217 = CARTESIAN_POINT('',(-0.8,0.));
#13218 = ( GEOMETRIC_REPRESENTATION_CONTEXT(2) 
PARAMETRIC_REPRESENTATION_CONTEXT() REPRESENTATION_CONTEXT('2D SPACE',''
  ) );
#13219 = ORIENTED_EDGE('',*,*,#13166,.F.);
#13220 = ADVANCED_FACE('',(#13221),#12820,.F.);
#13221 = FACE_BOUND('',#13222,.F.);
#13222 = EDGE_LOOP('',(#13223,#13224,#13247,#13278));
#13223 = ORIENTED_EDGE('',*,*,#12805,.F.);
#13224 = ORIENTED_EDGE('',*,*,#13225,.T.);
#13225 = EDGE_CURVE('',#12786,#13226,#13228,.T.);
#13226 = VERTEX_POINT('',#13227);
#13227 = CARTESIAN_POINT('',(133.3,-3.5,3.6));
#13228 = SEAM_CURVE('',#13229,(#13233,#13240),.PCURVE_S1.);
#13229 = LINE('',#13230,#13231);
#13230 = CARTESIAN_POINT('',(133.3,-3.5,1.5));
#13231 = VECTOR('',#13232,1.);
#13232 = DIRECTION('',(-0.,-0.,1.));
#13233 = PCURVE('',#12820,#13234);
#13234 = DEFINITIONAL_REPRESENTATION('',(#13235),#13239);
#13235 = LINE('',#13236,#13237);
#13236 = CARTESIAN_POINT('',(6.28318530718,0.));
#13237 = VECTOR('',#13238,1.);
#13238 = DIRECTION('',(0.,-1.));
#13239 = ( GEOMETRIC_REPRESENTATION_CONTEXT(2) 
PARAMETRIC_REPRESENTATION_CONTEXT() REPRESENTATION_CONTEXT('2D SPACE',''
  ) );
#13240 = PCURVE('',#12820,#13241);
#13241 = DEFINITIONAL_REPRESENTATION('',(#13242),#13246);
#13242 = LINE('',#13243,#13244);
#13243 = CARTESIAN_POINT('',(0.,0.));
#13244 = VECTOR('',#13245,1.);
#13245 = DIRECTION('',(0.,-1.));
#13246 = ( GEOMETRIC_REPRESENTATION_CONTEXT(2) 
PARAMETRIC_REPRESENTATION_CONTEXT() REPRESENTATION_CONTEXT('2D SPACE',''
  ) );
#13247 = ORIENTED_EDGE('',*,*,#13248,.T.);
#13248 = EDGE_CURVE('',#13226,#13226,#13249,.T.);
#13249 = SURFACE_CURVE('',#13250,(#13255,#13262),.PCURVE_S1.);
#13250 = CIRCLE('',#13251,0.8);
#13251 = AXIS2_PLACEMENT_3D('',#13252,#13253,#13254);
#13252 = CARTESIAN_POINT('',(134.1,-3.5,3.6));
#13253 = DIRECTION('',(0.,0.,-1.));
#13254 = DIRECTION('',(-1.,-0.,-0.));
#13255 = PCURVE('',#12820,#13256);
#13256 = DEFINITIONAL_REPRESENTATION('',(#13257),#13261);
#13257 = LINE('',#13258,#13259);
#13258 = CARTESIAN_POINT('',(0.,-2.1));
#13259 = VECTOR('',#13260,1.);
#13260 = DIRECTION('',(1.,0.));
#13261 = ( GEOMETRIC_REPRESENTATION_CONTEXT(2) 
PARAMETRIC_REPRESENTATION_CONTEXT() REPRESENTATION_CONTEXT('2D SPACE',''
  ) );
#13262 = PCURVE('',#13263,#13268);
#13263 = PLANE('',#13264);
#13264 = AXIS2_PLACEMENT_3D('',#13265,#13266,#13267);
#13265 = CARTESIAN_POINT('',(134.1,-3.5,3.6));
#13266 = DIRECTION('',(-0.,-0.,1.));
#13267 = DIRECTION('',(1.,0.,0.));
#13268 = DEFINITIONAL_REPRESENTATION('',(#13269),#13277);
#13269 = ( BOUNDED_CURVE() B_SPLINE_CURVE(2,(#13270,#13271,#13272,#13273
    ,#13274,#13275,#13276),.UNSPECIFIED.,.T.,.F.) 
B_SPLINE_CURVE_WITH_KNOTS((1,2,2,2,2,1),(-2.094395102393,0.,
    2.094395102393,4.188790204786,6.28318530718,8.377580409573),
.UNSPECIFIED.) CURVE() GEOMETRIC_REPRESENTATION_ITEM() 
RATIONAL_B_SPLINE_CURVE((1.,0.5,1.,0.5,1.,0.5,1.)) REPRESENTATION_ITEM(
  '') );
#13270 = CARTESIAN_POINT('',(-0.8,0.));
#13271 = CARTESIAN_POINT('',(-0.8,1.385640646055));
#13272 = CARTESIAN_POINT('',(0.4,0.692820323028));
#13273 = CARTESIAN_POINT('',(1.6,1.959434878636E-16));
#13274 = CARTESIAN_POINT('',(0.4,-0.692820323028));
#13275 = CARTESIAN_POINT('',(-0.8,-1.385640646055));
#13276 = CARTESIAN_POINT('',(-0.8,0.));
#13277 = ( GEOMETRIC_REPRESENTATION_CONTEXT(2) 
PARAMETRIC_REPRESENTATION_CONTEXT() REPRESENTATION_CONTEXT('2D SPACE',''
  ) );
#13278 = ORIENTED_EDGE('',*,*,#13225,.F.);
#13279 = ADVANCED_FACE('',(#13280),#12908,.F.);
#13280 = FACE_BOUND('',#13281,.T.);
#13281 = EDGE_LOOP('',(#13282,#13283,#13303,#13330));
#13282 = ORIENTED_EDGE('',*,*,#12887,.T.);
#13283 = ORIENTED_EDGE('',*,*,#13284,.T.);
#13284 = EDGE_CURVE('',#12888,#13285,#13287,.T.);
#13285 = VERTEX_POINT('',#13286);
#13286 = CARTESIAN_POINT('',(4.4815,-3.5,2.));
#13287 = SEAM_CURVE('',#13288,(#13291,#13297),.PCURVE_S1.);
#13288 = B_SPLINE_CURVE_WITH_KNOTS('',1,(#13289,#13290),.UNSPECIFIED.,
  .F.,.F.,(2,2),(0.,1.),.PIECEWISE_BEZIER_KNOTS.);
#13289 = CARTESIAN_POINT('',(4.0815,-3.5,1.6));
#13290 = CARTESIAN_POINT('',(4.4815,-3.5,2.));
#13291 = PCURVE('',#12908,#13292);
#13292 = DEFINITIONAL_REPRESENTATION('',(#13293),#13296);
#13293 = B_SPLINE_CURVE_WITH_KNOTS('',1,(#13294,#13295),.UNSPECIFIED.,
  .F.,.F.,(2,2),(0.,1.),.PIECEWISE_BEZIER_KNOTS.);
#13294 = CARTESIAN_POINT('',(6.28318530718,0.));
#13295 = CARTESIAN_POINT('',(6.28318530718,-0.4));
#13296 = ( GEOMETRIC_REPRESENTATION_CONTEXT(2) 
PARAMETRIC_REPRESENTATION_CONTEXT() REPRESENTATION_CONTEXT('2D SPACE',''
  ) );
#13297 = PCURVE('',#12908,#13298);
#13298 = DEFINITIONAL_REPRESENTATION('',(#13299),#13302);
#13299 = B_SPLINE_CURVE_WITH_KNOTS('',1,(#13300,#13301),.UNSPECIFIED.,
  .F.,.F.,(2,2),(0.,1.),.PIECEWISE_BEZIER_KNOTS.);
#13300 = CARTESIAN_POINT('',(0.,0.));
#13301 = CARTESIAN_POINT('',(0.,-0.4));
#13302 = ( GEOMETRIC_REPRESENTATION_CONTEXT(2) 
PARAMETRIC_REPRESENTATION_CONTEXT() REPRESENTATION_CONTEXT('2D SPACE',''
  ) );
#13303 = ORIENTED_EDGE('',*,*,#13304,.F.);
#13304 = EDGE_CURVE('',#13285,#13285,#13305,.T.);
#13305 = SURFACE_CURVE('',#13306,(#13311,#13318),.PCURVE_S1.);
#13306 = CIRCLE('',#13307,0.8);
#13307 = AXIS2_PLACEMENT_3D('',#13308,#13309,#13310);
#13308 = CARTESIAN_POINT('',(5.2815,-3.5,2.));
#13309 = DIRECTION('',(-0.,0.,-1.));
#13310 = DIRECTION('',(-1.,-0.,0.));
#13311 = PCURVE('',#12908,#13312);
#13312 = DEFINITIONAL_REPRESENTATION('',(#13313),#13317);
#13313 = LINE('',#13314,#13315);
#13314 = CARTESIAN_POINT('',(0.,-0.4));
#13315 = VECTOR('',#13316,1.);
#13316 = DIRECTION('',(1.,-0.));
#13317 = ( GEOMETRIC_REPRESENTATION_CONTEXT(2) 
PARAMETRIC_REPRESENTATION_CONTEXT() REPRESENTATION_CONTEXT('2D SPACE',''
  ) );
#13318 = PCURVE('',#13319,#13324);
#13319 = CYLINDRICAL_SURFACE('',#13320,0.8);
#13320 = AXIS2_PLACEMENT_3D('',#13321,#13322,#13323);
#13321 = CARTESIAN_POINT('',(5.2815,-3.5,1.5));
#13322 = DIRECTION('',(0.,-0.,-1.));
#13323 = DIRECTION('',(-1.,-0.,-0.));
#13324 = DEFINITIONAL_REPRESENTATION('',(#13325),#13329);
#13325 = LINE('',#13326,#13327);
#13326 = CARTESIAN_POINT('',(0.,-0.5));
#13327 = VECTOR('',#13328,1.);
#13328 = DIRECTION('',(1.,0.));
#13329 = ( GEOMETRIC_REPRESENTATION_CONTEXT(2) 
PARAMETRIC_REPRESENTATION_CONTEXT() REPRESENTATION_CONTEXT('2D SPACE',''
  ) );
#13330 = ORIENTED_EDGE('',*,*,#13284,.F.);
#13331 = ADVANCED_FACE('',(#13332),#12980,.F.);
#13332 = FACE_BOUND('',#13333,.T.);
#13333 = EDGE_LOOP('',(#13334,#13335,#13355,#13382));
#13334 = ORIENTED_EDGE('',*,*,#12959,.T.);
#13335 = ORIENTED_EDGE('',*,*,#13336,.T.);
#13336 = EDGE_CURVE('',#12960,#13337,#13339,.T.);
#13337 = VERTEX_POINT('',#13338);
#13338 = CARTESIAN_POINT('',(22.5185,-3.5,2.));
#13339 = SEAM_CURVE('',#13340,(#13343,#13349),.PCURVE_S1.);
#13340 = B_SPLINE_CURVE_WITH_KNOTS('',1,(#13341,#13342),.UNSPECIFIED.,
  .F.,.F.,(2,2),(0.,1.),.PIECEWISE_BEZIER_KNOTS.);
#13341 = CARTESIAN_POINT('',(22.1185,-3.5,1.6));
#13342 = CARTESIAN_POINT('',(22.5185,-3.5,2.));
#13343 = PCURVE('',#12980,#13344);
#13344 = DEFINITIONAL_REPRESENTATION('',(#13345),#13348);
#13345 = B_SPLINE_CURVE_WITH_KNOTS('',1,(#13346,#13347),.UNSPECIFIED.,
  .F.,.F.,(2,2),(0.,1.),.PIECEWISE_BEZIER_KNOTS.);
#13346 = CARTESIAN_POINT('',(6.28318530718,0.));
#13347 = CARTESIAN_POINT('',(6.28318530718,-0.4));
#13348 = ( GEOMETRIC_REPRESENTATION_CONTEXT(2) 
PARAMETRIC_REPRESENTATION_CONTEXT() REPRESENTATION_CONTEXT('2D SPACE',''
  ) );
#13349 = PCURVE('',#12980,#13350);
#13350 = DEFINITIONAL_REPRESENTATION('',(#13351),#13354);
#13351 = B_SPLINE_CURVE_WITH_KNOTS('',1,(#13352,#13353),.UNSPECIFIED.,
  .F.,.F.,(2,2),(0.,1.),.PIECEWISE_BEZIER_KNOTS.);
#13352 = CARTESIAN_POINT('',(0.,0.));
#13353 = CARTESIAN_POINT('',(0.,-0.4));
#13354 = ( GEOMETRIC_REPRESENTATION_CONTEXT(2) 
PARAMETRIC_REPRESENTATION_CONTEXT() REPRESENTATION_CONTEXT('2D SPACE',''
  ) );
#13355 = ORIENTED_EDGE('',*,*,#13356,.F.);
#13356 = EDGE_CURVE('',#13337,#13337,#13357,.T.);
#13357 = SURFACE_CURVE('',#13358,(#13363,#13370),.PCURVE_S1.);
#13358 = CIRCLE('',#13359,0.8);
#13359 = AXIS2_PLACEMENT_3D('',#13360,#13361,#13362);
#13360 = CARTESIAN_POINT('',(23.3185,-3.5,2.));
#13361 = DIRECTION('',(-0.,0.,-1.));
#13362 = DIRECTION('',(-1.,-0.,0.));
#13363 = PCURVE('',#12980,#13364);
#13364 = DEFINITIONAL_REPRESENTATION('',(#13365),#13369);
#13365 = LINE('',#13366,#13367);
#13366 = CARTESIAN_POINT('',(0.,-0.4));
#13367 = VECTOR('',#13368,1.);
#13368 = DIRECTION('',(1.,-0.));
#13369 = ( GEOMETRIC_REPRESENTATION_CONTEXT(2) 
PARAMETRIC_REPRESENTATION_CONTEXT() REPRESENTATION_CONTEXT('2D SPACE',''
  ) );
#13370 = PCURVE('',#13371,#13376);
#13371 = CYLINDRICAL_SURFACE('',#13372,0.8);
#13372 = AXIS2_PLACEMENT_3D('',#13373,#13374,#13375);
#13373 = CARTESIAN_POINT('',(23.3185,-3.5,1.5));
#13374 = DIRECTION('',(0.,-0.,-1.));
#13375 = DIRECTION('',(-1.,-0.,-0.));
#13376 = DEFINITIONAL_REPRESENTATION('',(#13377),#13381);
#13377 = LINE('',#13378,#13379);
#13378 = CARTESIAN_POINT('',(0.,-0.5));
#13379 = VECTOR('',#13380,1.);
#13380 = DIRECTION('',(1.,0.));
#13381 = ( GEOMETRIC_REPRESENTATION_CONTEXT(2) 
PARAMETRIC_REPRESENTATION_CONTEXT() REPRESENTATION_CONTEXT('2D SPACE',''
  ) );
#13382 = ORIENTED_EDGE('',*,*,#13336,.F.);
#13383 = ADVANCED_FACE('',(#13384),#13031,.F.);
#13384 = FACE_BOUND('',#13385,.F.);
#13385 = EDGE_LOOP('',(#13386,#13387,#13410,#13441));
#13386 = ORIENTED_EDGE('',*,*,#13016,.F.);
#13387 = ORIENTED_EDGE('',*,*,#13388,.T.);
#13388 = EDGE_CURVE('',#12997,#13389,#13391,.T.);
#13389 = VERTEX_POINT('',#13390);
#13390 = CARTESIAN_POINT('',(26.7,-47.2,4.6));
#13391 = SEAM_CURVE('',#13392,(#13396,#13403),.PCURVE_S1.);
#13392 = LINE('',#13393,#13394);
#13393 = CARTESIAN_POINT('',(26.7,-47.2,1.5));
#13394 = VECTOR('',#13395,1.);
#13395 = DIRECTION('',(-0.,-0.,1.));
#13396 = PCURVE('',#13031,#13397);
#13397 = DEFINITIONAL_REPRESENTATION('',(#13398),#13402);
#13398 = LINE('',#13399,#13400);
#13399 = CARTESIAN_POINT('',(6.28318530718,0.));
#13400 = VECTOR('',#13401,1.);
#13401 = DIRECTION('',(0.,-1.));
#13402 = ( GEOMETRIC_REPRESENTATION_CONTEXT(2) 
PARAMETRIC_REPRESENTATION_CONTEXT() REPRESENTATION_CONTEXT('2D SPACE',''
  ) );
#13403 = PCURVE('',#13031,#13404);
#13404 = DEFINITIONAL_REPRESENTATION('',(#13405),#13409);
#13405 = LINE('',#13406,#13407);
#13406 = CARTESIAN_POINT('',(0.,0.));
#13407 = VECTOR('',#13408,1.);
#13408 = DIRECTION('',(0.,-1.));
#13409 = ( GEOMETRIC_REPRESENTATION_CONTEXT(2) 
PARAMETRIC_REPRESENTATION_CONTEXT() REPRESENTATION_CONTEXT('2D SPACE',''
  ) );
#13410 = ORIENTED_EDGE('',*,*,#13411,.T.);
#13411 = EDGE_CURVE('',#13389,#13389,#13412,.T.);
#13412 = SURFACE_CURVE('',#13413,(#13418,#13425),.PCURVE_S1.);
#13413 = CIRCLE('',#13414,0.8);
#13414 = AXIS2_PLACEMENT_3D('',#13415,#13416,#13417);
#13415 = CARTESIAN_POINT('',(27.5,-47.2,4.6));
#13416 = DIRECTION('',(0.,0.,-1.));
#13417 = DIRECTION('',(-1.,-0.,-0.));
#13418 = PCURVE('',#13031,#13419);
#13419 = DEFINITIONAL_REPRESENTATION('',(#13420),#13424);
#13420 = LINE('',#13421,#13422);
#13421 = CARTESIAN_POINT('',(0.,-3.1));
#13422 = VECTOR('',#13423,1.);
#13423 = DIRECTION('',(1.,0.));
#13424 = ( GEOMETRIC_REPRESENTATION_CONTEXT(2) 
PARAMETRIC_REPRESENTATION_CONTEXT() REPRESENTATION_CONTEXT('2D SPACE',''
  ) );
#13425 = PCURVE('',#13426,#13431);
#13426 = PLANE('',#13427);
#13427 = AXIS2_PLACEMENT_3D('',#13428,#13429,#13430);
#13428 = CARTESIAN_POINT('',(27.5,-47.2,4.6));
#13429 = DIRECTION('',(-0.,-0.,1.));
#13430 = DIRECTION('',(1.,0.,0.));
#13431 = DEFINITIONAL_REPRESENTATION('',(#13432),#13440);
#13432 = ( BOUNDED_CURVE() B_SPLINE_CURVE(2,(#13433,#13434,#13435,#13436
    ,#13437,#13438,#13439),.UNSPECIFIED.,.T.,.F.) 
B_SPLINE_CURVE_WITH_KNOTS((1,2,2,2,2,1),(-2.094395102393,0.,
    2.094395102393,4.188790204786,6.28318530718,8.377580409573),
.UNSPECIFIED.) CURVE() GEOMETRIC_REPRESENTATION_ITEM() 
RATIONAL_B_SPLINE_CURVE((1.,0.5,1.,0.5,1.,0.5,1.)) REPRESENTATION_ITEM(
  '') );
#13433 = CARTESIAN_POINT('',(-0.8,0.));
#13434 = CARTESIAN_POINT('',(-0.8,1.385640646055));
#13435 = CARTESIAN_POINT('',(0.4,0.692820323028));
#13436 = CARTESIAN_POINT('',(1.6,1.959434878636E-16));
#13437 = CARTESIAN_POINT('',(0.4,-0.692820323028));
#13438 = CARTESIAN_POINT('',(-0.8,-1.385640646055));
#13439 = CARTESIAN_POINT('',(-0.8,0.));
#13440 = ( GEOMETRIC_REPRESENTATION_CONTEXT(2) 
PARAMETRIC_REPRESENTATION_CONTEXT() REPRESENTATION_CONTEXT('2D SPACE',''
  ) );
#13441 = ORIENTED_EDGE('',*,*,#13388,.F.);
#13442 = ADVANCED_FACE('',(#13443,#13446),#13064,.F.);
#13443 = FACE_BOUND('',#13444,.T.);
#13444 = EDGE_LOOP('',(#13445));
#13445 = ORIENTED_EDGE('',*,*,#13047,.T.);
#13446 = FACE_BOUND('',#13447,.T.);
#13447 = EDGE_LOOP('',(#13448));
#13448 = ORIENTED_EDGE('',*,*,#13449,.F.);
#13449 = EDGE_CURVE('',#13450,#13450,#13452,.T.);
#13450 = VERTEX_POINT('',#13451);
#13451 = CARTESIAN_POINT('',(24.35,-90.9,1.6));
#13452 = SURFACE_CURVE('',#13453,(#13458,#13469),.PCURVE_S1.);
#13453 = CIRCLE('',#13454,1.2);
#13454 = AXIS2_PLACEMENT_3D('',#13455,#13456,#13457);
#13455 = CARTESIAN_POINT('',(25.55,-90.9,1.6));
#13456 = DIRECTION('',(-0.,0.,-1.));
#13457 = DIRECTION('',(-1.,-0.,0.));
#13458 = PCURVE('',#13064,#13459);
#13459 = DEFINITIONAL_REPRESENTATION('',(#13460),#13468);
#13460 = ( BOUNDED_CURVE() B_SPLINE_CURVE(2,(#13461,#13462,#13463,#13464
    ,#13465,#13466,#13467),.UNSPECIFIED.,.T.,.F.) 
B_SPLINE_CURVE_WITH_KNOTS((1,2,2,2,2,1),(-2.094395102393,0.,
    2.094395102393,4.188790204786,6.28318530718,8.377580409573),
.UNSPECIFIED.) CURVE() GEOMETRIC_REPRESENTATION_ITEM() 
RATIONAL_B_SPLINE_CURVE((1.,0.5,1.,0.5,1.,0.5,1.)) REPRESENTATION_ITEM(
  '') );
#13461 = CARTESIAN_POINT('',(-1.2,1.42108547152E-14));
#13462 = CARTESIAN_POINT('',(-1.2,2.078460969083));
#13463 = CARTESIAN_POINT('',(0.6,1.039230484541));
#13464 = CARTESIAN_POINT('',(2.4,1.4504769947E-14));
#13465 = CARTESIAN_POINT('',(0.6,-1.039230484541));
#13466 = CARTESIAN_POINT('',(-1.2,-2.078460969083));
#13467 = CARTESIAN_POINT('',(-1.2,1.42108547152E-14));
#13468 = ( GEOMETRIC_REPRESENTATION_CONTEXT(2) 
PARAMETRIC_REPRESENTATION_CONTEXT() REPRESENTATION_CONTEXT('2D SPACE',''
  ) );
#13469 = PCURVE('',#13470,#13475);
#13470 = CONICAL_SURFACE('',#13471,1.2,0.785398163397);
#13471 = AXIS2_PLACEMENT_3D('',#13472,#13473,#13474);
#13472 = CARTESIAN_POINT('',(25.55,-90.9,1.6));
#13473 = DIRECTION('',(0.,0.,-1.));
#13474 = DIRECTION('',(-1.,-0.,-0.));
#13475 = DEFINITIONAL_REPRESENTATION('',(#13476),#13480);
#13476 = LINE('',#13477,#13478);
#13477 = CARTESIAN_POINT('',(0.,-0.));
#13478 = VECTOR('',#13479,1.);
#13479 = DIRECTION('',(1.,-0.));
#13480 = ( GEOMETRIC_REPRESENTATION_CONTEXT(2) 
PARAMETRIC_REPRESENTATION_CONTEXT() REPRESENTATION_CONTEXT('2D SPACE',''
  ) );
#13481 = ADVANCED_FACE('',(#13482,#13485),#13123,.F.);
#13482 = FACE_BOUND('',#13483,.T.);
#13483 = EDGE_LOOP('',(#13484));
#13484 = ORIENTED_EDGE('',*,*,#13106,.T.);
#13485 = FACE_BOUND('',#13486,.T.);
#13486 = EDGE_LOOP('',(#13487));
#13487 = ORIENTED_EDGE('',*,*,#13488,.F.);
#13488 = EDGE_CURVE('',#13489,#13489,#13491,.T.);
#13489 = VERTEX_POINT('',#13490);
#13490 = CARTESIAN_POINT('',(1.85,-90.9,1.6));
#13491 = SURFACE_CURVE('',#13492,(#13497,#13508),.PCURVE_S1.);
#13492 = CIRCLE('',#13493,1.2);
#13493 = AXIS2_PLACEMENT_3D('',#13494,#13495,#13496);
#13494 = CARTESIAN_POINT('',(3.05,-90.9,1.6));
#13495 = DIRECTION('',(-0.,0.,-1.));
#13496 = DIRECTION('',(-1.,-0.,0.));
#13497 = PCURVE('',#13123,#13498);
#13498 = DEFINITIONAL_REPRESENTATION('',(#13499),#13507);
#13499 = ( BOUNDED_CURVE() B_SPLINE_CURVE(2,(#13500,#13501,#13502,#13503
    ,#13504,#13505,#13506),.UNSPECIFIED.,.T.,.F.) 
B_SPLINE_CURVE_WITH_KNOTS((1,2,2,2,2,1),(-2.094395102393,0.,
    2.094395102393,4.188790204786,6.28318530718,8.377580409573),
.UNSPECIFIED.) CURVE() GEOMETRIC_REPRESENTATION_ITEM() 
RATIONAL_B_SPLINE_CURVE((1.,0.5,1.,0.5,1.,0.5,1.)) REPRESENTATION_ITEM(
  '') );
#13500 = CARTESIAN_POINT('',(-1.2,1.42108547152E-14));
#13501 = CARTESIAN_POINT('',(-1.2,2.078460969083));
#13502 = CARTESIAN_POINT('',(0.6,1.039230484541));
#13503 = CARTESIAN_POINT('',(2.4,1.4504769947E-14));
#13504 = CARTESIAN_POINT('',(0.6,-1.039230484541));
#13505 = CARTESIAN_POINT('',(-1.2,-2.078460969083));
#13506 = CARTESIAN_POINT('',(-1.2,1.42108547152E-14));
#13507 = ( GEOMETRIC_REPRESENTATION_CONTEXT(2) 
PARAMETRIC_REPRESENTATION_CONTEXT() REPRESENTATION_CONTEXT('2D SPACE',''
  ) );
#13508 = PCURVE('',#13509,#13514);
#13509 = CONICAL_SURFACE('',#13510,1.2,0.785398163397);
#13510 = AXIS2_PLACEMENT_3D('',#13511,#13512,#13513);
#13511 = CARTESIAN_POINT('',(3.05,-90.9,1.6));
#13512 = DIRECTION('',(0.,0.,-1.));
#13513 = DIRECTION('',(-1.,-0.,-0.));
#13514 = DEFINITIONAL_REPRESENTATION('',(#13515),#13519);
#13515 = LINE('',#13516,#13517);
#13516 = CARTESIAN_POINT('',(0.,-0.));
#13517 = VECTOR('',#13518,1.);
#13518 = DIRECTION('',(1.,-0.));
#13519 = ( GEOMETRIC_REPRESENTATION_CONTEXT(2) 
PARAMETRIC_REPRESENTATION_CONTEXT() REPRESENTATION_CONTEXT('2D SPACE',''
  ) );
#13520 = ADVANCED_FACE('',(#13521),#13204,.F.);
#13521 = FACE_BOUND('',#13522,.T.);
#13522 = EDGE_LOOP('',(#13523));
#13523 = ORIENTED_EDGE('',*,*,#13189,.T.);
#13524 = ADVANCED_FACE('',(#13525),#13263,.F.);
#13525 = FACE_BOUND('',#13526,.T.);
#13526 = EDGE_LOOP('',(#13527));
#13527 = ORIENTED_EDGE('',*,*,#13248,.T.);
#13528 = ADVANCED_FACE('',(#13529),#13319,.F.);
#13529 = FACE_BOUND('',#13530,.F.);
#13530 = EDGE_LOOP('',(#13531,#13532,#13555,#13586));
#13531 = ORIENTED_EDGE('',*,*,#13304,.F.);
#13532 = ORIENTED_EDGE('',*,*,#13533,.T.);
#13533 = EDGE_CURVE('',#13285,#13534,#13536,.T.);
#13534 = VERTEX_POINT('',#13535);
#13535 = CARTESIAN_POINT('',(4.4815,-3.5,3.6));
#13536 = SEAM_CURVE('',#13537,(#13541,#13548),.PCURVE_S1.);
#13537 = LINE('',#13538,#13539);
#13538 = CARTESIAN_POINT('',(4.4815,-3.5,1.5));
#13539 = VECTOR('',#13540,1.);
#13540 = DIRECTION('',(-0.,-0.,1.));
#13541 = PCURVE('',#13319,#13542);
#13542 = DEFINITIONAL_REPRESENTATION('',(#13543),#13547);
#13543 = LINE('',#13544,#13545);
#13544 = CARTESIAN_POINT('',(6.28318530718,0.));
#13545 = VECTOR('',#13546,1.);
#13546 = DIRECTION('',(0.,-1.));
#13547 = ( GEOMETRIC_REPRESENTATION_CONTEXT(2) 
PARAMETRIC_REPRESENTATION_CONTEXT() REPRESENTATION_CONTEXT('2D SPACE',''
  ) );
#13548 = PCURVE('',#13319,#13549);
#13549 = DEFINITIONAL_REPRESENTATION('',(#13550),#13554);
#13550 = LINE('',#13551,#13552);
#13551 = CARTESIAN_POINT('',(0.,0.));
#13552 = VECTOR('',#13553,1.);
#13553 = DIRECTION('',(0.,-1.));
#13554 = ( GEOMETRIC_REPRESENTATION_CONTEXT(2) 
PARAMETRIC_REPRESENTATION_CONTEXT() REPRESENTATION_CONTEXT('2D SPACE',''
  ) );
#13555 = ORIENTED_EDGE('',*,*,#13556,.T.);
#13556 = EDGE_CURVE('',#13534,#13534,#13557,.T.);
#13557 = SURFACE_CURVE('',#13558,(#13563,#13570),.PCURVE_S1.);
#13558 = CIRCLE('',#13559,0.8);
#13559 = AXIS2_PLACEMENT_3D('',#13560,#13561,#13562);
#13560 = CARTESIAN_POINT('',(5.2815,-3.5,3.6));
#13561 = DIRECTION('',(0.,0.,-1.));
#13562 = DIRECTION('',(-1.,-0.,-0.));
#13563 = PCURVE('',#13319,#13564);
#13564 = DEFINITIONAL_REPRESENTATION('',(#13565),#13569);
#13565 = LINE('',#13566,#13567);
#13566 = CARTESIAN_POINT('',(0.,-2.1));
#13567 = VECTOR('',#13568,1.);
#13568 = DIRECTION('',(1.,0.));
#13569 = ( GEOMETRIC_REPRESENTATION_CONTEXT(2) 
PARAMETRIC_REPRESENTATION_CONTEXT() REPRESENTATION_CONTEXT('2D SPACE',''
  ) );
#13570 = PCURVE('',#13571,#13576);
#13571 = PLANE('',#13572);
#13572 = AXIS2_PLACEMENT_3D('',#13573,#13574,#13575);
#13573 = CARTESIAN_POINT('',(5.2815,-3.5,3.6));
#13574 = DIRECTION('',(-0.,-0.,1.));
#13575 = DIRECTION('',(1.,0.,0.));
#13576 = DEFINITIONAL_REPRESENTATION('',(#13577),#13585);
#13577 = ( BOUNDED_CURVE() B_SPLINE_CURVE(2,(#13578,#13579,#13580,#13581
    ,#13582,#13583,#13584),.UNSPECIFIED.,.T.,.F.) 
B_SPLINE_CURVE_WITH_KNOTS((1,2,2,2,2,1),(-2.094395102393,0.,
    2.094395102393,4.188790204786,6.28318530718,8.377580409573),
.UNSPECIFIED.) CURVE() GEOMETRIC_REPRESENTATION_ITEM() 
RATIONAL_B_SPLINE_CURVE((1.,0.5,1.,0.5,1.,0.5,1.)) REPRESENTATION_ITEM(
  '') );
#13578 = CARTESIAN_POINT('',(-0.8,0.));
#13579 = CARTESIAN_POINT('',(-0.8,1.385640646055));
#13580 = CARTESIAN_POINT('',(0.4,0.692820323028));
#13581 = CARTESIAN_POINT('',(1.6,1.959434878636E-16));
#13582 = CARTESIAN_POINT('',(0.4,-0.692820323028));
#13583 = CARTESIAN_POINT('',(-0.8,-1.385640646055));
#13584 = CARTESIAN_POINT('',(-0.8,0.));
#13585 = ( GEOMETRIC_REPRESENTATION_CONTEXT(2) 
PARAMETRIC_REPRESENTATION_CONTEXT() REPRESENTATION_CONTEXT('2D SPACE',''
  ) );
#13586 = ORIENTED_EDGE('',*,*,#13533,.F.);
#13587 = ADVANCED_FACE('',(#13588),#13371,.F.);
#13588 = FACE_BOUND('',#13589,.F.);
#13589 = EDGE_LOOP('',(#13590,#13591,#13614,#13645));
#13590 = ORIENTED_EDGE('',*,*,#13356,.F.);
#13591 = ORIENTED_EDGE('',*,*,#13592,.T.);
#13592 = EDGE_CURVE('',#13337,#13593,#13595,.T.);
#13593 = VERTEX_POINT('',#13594);
#13594 = CARTESIAN_POINT('',(22.5185,-3.5,3.6));
#13595 = SEAM_CURVE('',#13596,(#13600,#13607),.PCURVE_S1.);
#13596 = LINE('',#13597,#13598);
#13597 = CARTESIAN_POINT('',(22.5185,-3.5,1.5));
#13598 = VECTOR('',#13599,1.);
#13599 = DIRECTION('',(-0.,-0.,1.));
#13600 = PCURVE('',#13371,#13601);
#13601 = DEFINITIONAL_REPRESENTATION('',(#13602),#13606);
#13602 = LINE('',#13603,#13604);
#13603 = CARTESIAN_POINT('',(6.28318530718,0.));
#13604 = VECTOR('',#13605,1.);
#13605 = DIRECTION('',(0.,-1.));
#13606 = ( GEOMETRIC_REPRESENTATION_CONTEXT(2) 
PARAMETRIC_REPRESENTATION_CONTEXT() REPRESENTATION_CONTEXT('2D SPACE',''
  ) );
#13607 = PCURVE('',#13371,#13608);
#13608 = DEFINITIONAL_REPRESENTATION('',(#13609),#13613);
#13609 = LINE('',#13610,#13611);
#13610 = CARTESIAN_POINT('',(0.,0.));
#13611 = VECTOR('',#13612,1.);
#13612 = DIRECTION('',(0.,-1.));
#13613 = ( GEOMETRIC_REPRESENTATION_CONTEXT(2) 
PARAMETRIC_REPRESENTATION_CONTEXT() REPRESENTATION_CONTEXT('2D SPACE',''
  ) );
#13614 = ORIENTED_EDGE('',*,*,#13615,.T.);
#13615 = EDGE_CURVE('',#13593,#13593,#13616,.T.);
#13616 = SURFACE_CURVE('',#13617,(#13622,#13629),.PCURVE_S1.);
#13617 = CIRCLE('',#13618,0.8);
#13618 = AXIS2_PLACEMENT_3D('',#13619,#13620,#13621);
#13619 = CARTESIAN_POINT('',(23.3185,-3.5,3.6));
#13620 = DIRECTION('',(0.,0.,-1.));
#13621 = DIRECTION('',(-1.,-0.,-0.));
#13622 = PCURVE('',#13371,#13623);
#13623 = DEFINITIONAL_REPRESENTATION('',(#13624),#13628);
#13624 = LINE('',#13625,#13626);
#13625 = CARTESIAN_POINT('',(0.,-2.1));
#13626 = VECTOR('',#13627,1.);
#13627 = DIRECTION('',(1.,0.));
#13628 = ( GEOMETRIC_REPRESENTATION_CONTEXT(2) 
PARAMETRIC_REPRESENTATION_CONTEXT() REPRESENTATION_CONTEXT('2D SPACE',''
  ) );
#13629 = PCURVE('',#13630,#13635);
#13630 = PLANE('',#13631);
#13631 = AXIS2_PLACEMENT_3D('',#13632,#13633,#13634);
#13632 = CARTESIAN_POINT('',(23.3185,-3.5,3.6));
#13633 = DIRECTION('',(-0.,-0.,1.));
#13634 = DIRECTION('',(1.,0.,0.));
#13635 = DEFINITIONAL_REPRESENTATION('',(#13636),#13644);
#13636 = ( BOUNDED_CURVE() B_SPLINE_CURVE(2,(#13637,#13638,#13639,#13640
    ,#13641,#13642,#13643),.UNSPECIFIED.,.T.,.F.) 
B_SPLINE_CURVE_WITH_KNOTS((1,2,2,2,2,1),(-2.094395102393,0.,
    2.094395102393,4.188790204786,6.28318530718,8.377580409573),
.UNSPECIFIED.) CURVE() GEOMETRIC_REPRESENTATION_ITEM() 
RATIONAL_B_SPLINE_CURVE((1.,0.5,1.,0.5,1.,0.5,1.)) REPRESENTATION_ITEM(
  '') );
#13637 = CARTESIAN_POINT('',(-0.8,0.));
#13638 = CARTESIAN_POINT('',(-0.8,1.385640646055));
#13639 = CARTESIAN_POINT('',(0.4,0.692820323028));
#13640 = CARTESIAN_POINT('',(1.6,1.959434878636E-16));
#13641 = CARTESIAN_POINT('',(0.4,-0.692820323028));
#13642 = CARTESIAN_POINT('',(-0.8,-1.385640646055));
#13643 = CARTESIAN_POINT('',(-0.8,0.));
#13644 = ( GEOMETRIC_REPRESENTATION_CONTEXT(2) 
PARAMETRIC_REPRESENTATION_CONTEXT() REPRESENTATION_CONTEXT('2D SPACE',''
  ) );
#13645 = ORIENTED_EDGE('',*,*,#13592,.F.);
#13646 = ADVANCED_FACE('',(#13647),#13426,.F.);
#13647 = FACE_BOUND('',#13648,.T.);
#13648 = EDGE_LOOP('',(#13649));
#13649 = ORIENTED_EDGE('',*,*,#13411,.T.);
#13650 = ADVANCED_FACE('',(#13651),#13470,.F.);
#13651 = FACE_BOUND('',#13652,.T.);
#13652 = EDGE_LOOP('',(#13653,#13654,#13674,#13701));
#13653 = ORIENTED_EDGE('',*,*,#13449,.T.);
#13654 = ORIENTED_EDGE('',*,*,#13655,.T.);
#13655 = EDGE_CURVE('',#13450,#13656,#13658,.T.);
#13656 = VERTEX_POINT('',#13657);
#13657 = CARTESIAN_POINT('',(24.75,-90.9,2.));
#13658 = SEAM_CURVE('',#13659,(#13662,#13668),.PCURVE_S1.);
#13659 = B_SPLINE_CURVE_WITH_KNOTS('',1,(#13660,#13661),.UNSPECIFIED.,
  .F.,.F.,(2,2),(0.,1.),.PIECEWISE_BEZIER_KNOTS.);
#13660 = CARTESIAN_POINT('',(24.35,-90.9,1.6));
#13661 = CARTESIAN_POINT('',(24.75,-90.9,2.));
#13662 = PCURVE('',#13470,#13663);
#13663 = DEFINITIONAL_REPRESENTATION('',(#13664),#13667);
#13664 = B_SPLINE_CURVE_WITH_KNOTS('',1,(#13665,#13666),.UNSPECIFIED.,
  .F.,.F.,(2,2),(0.,1.),.PIECEWISE_BEZIER_KNOTS.);
#13665 = CARTESIAN_POINT('',(6.28318530718,0.));
#13666 = CARTESIAN_POINT('',(6.28318530718,-0.4));
#13667 = ( GEOMETRIC_REPRESENTATION_CONTEXT(2) 
PARAMETRIC_REPRESENTATION_CONTEXT() REPRESENTATION_CONTEXT('2D SPACE',''
  ) );
#13668 = PCURVE('',#13470,#13669);
#13669 = DEFINITIONAL_REPRESENTATION('',(#13670),#13673);
#13670 = B_SPLINE_CURVE_WITH_KNOTS('',1,(#13671,#13672),.UNSPECIFIED.,
  .F.,.F.,(2,2),(0.,1.),.PIECEWISE_BEZIER_KNOTS.);
#13671 = CARTESIAN_POINT('',(0.,0.));
#13672 = CARTESIAN_POINT('',(0.,-0.4));
#13673 = ( GEOMETRIC_REPRESENTATION_CONTEXT(2) 
PARAMETRIC_REPRESENTATION_CONTEXT() REPRESENTATION_CONTEXT('2D SPACE',''
  ) );
#13674 = ORIENTED_EDGE('',*,*,#13675,.F.);
#13675 = EDGE_CURVE('',#13656,#13656,#13676,.T.);
#13676 = SURFACE_CURVE('',#13677,(#13682,#13689),.PCURVE_S1.);
#13677 = CIRCLE('',#13678,0.8);
#13678 = AXIS2_PLACEMENT_3D('',#13679,#13680,#13681);
#13679 = CARTESIAN_POINT('',(25.55,-90.9,2.));
#13680 = DIRECTION('',(-0.,0.,-1.));
#13681 = DIRECTION('',(-1.,-0.,0.));
#13682 = PCURVE('',#13470,#13683);
#13683 = DEFINITIONAL_REPRESENTATION('',(#13684),#13688);
#13684 = LINE('',#13685,#13686);
#13685 = CARTESIAN_POINT('',(0.,-0.4));
#13686 = VECTOR('',#13687,1.);
#13687 = DIRECTION('',(1.,-0.));
#13688 = ( GEOMETRIC_REPRESENTATION_CONTEXT(2) 
PARAMETRIC_REPRESENTATION_CONTEXT() REPRESENTATION_CONTEXT('2D SPACE',''
  ) );
#13689 = PCURVE('',#13690,#13695);
#13690 = CYLINDRICAL_SURFACE('',#13691,0.8);
#13691 = AXIS2_PLACEMENT_3D('',#13692,#13693,#13694);
#13692 = CARTESIAN_POINT('',(25.55,-90.9,1.5));
#13693 = DIRECTION('',(0.,-0.,-1.));
#13694 = DIRECTION('',(-1.,-0.,-0.));
#13695 = DEFINITIONAL_REPRESENTATION('',(#13696),#13700);
#13696 = LINE('',#13697,#13698);
#13697 = CARTESIAN_POINT('',(0.,-0.5));
#13698 = VECTOR('',#13699,1.);
#13699 = DIRECTION('',(1.,0.));
#13700 = ( GEOMETRIC_REPRESENTATION_CONTEXT(2) 
PARAMETRIC_REPRESENTATION_CONTEXT() REPRESENTATION_CONTEXT('2D SPACE',''
  ) );
#13701 = ORIENTED_EDGE('',*,*,#13655,.F.);
#13702 = ADVANCED_FACE('',(#13703),#13509,.F.);
#13703 = FACE_BOUND('',#13704,.T.);
#13704 = EDGE_LOOP('',(#13705,#13706,#13726,#13753));
#13705 = ORIENTED_EDGE('',*,*,#13488,.T.);
#13706 = ORIENTED_EDGE('',*,*,#13707,.T.);
#13707 = EDGE_CURVE('',#13489,#13708,#13710,.T.);
#13708 = VERTEX_POINT('',#13709);
#13709 = CARTESIAN_POINT('',(2.25,-90.9,2.));
#13710 = SEAM_CURVE('',#13711,(#13714,#13720),.PCURVE_S1.);
#13711 = B_SPLINE_CURVE_WITH_KNOTS('',1,(#13712,#13713),.UNSPECIFIED.,
  .F.,.F.,(2,2),(0.,1.),.PIECEWISE_BEZIER_KNOTS.);
#13712 = CARTESIAN_POINT('',(1.85,-90.9,1.6));
#13713 = CARTESIAN_POINT('',(2.25,-90.9,2.));
#13714 = PCURVE('',#13509,#13715);
#13715 = DEFINITIONAL_REPRESENTATION('',(#13716),#13719);
#13716 = B_SPLINE_CURVE_WITH_KNOTS('',1,(#13717,#13718),.UNSPECIFIED.,
  .F.,.F.,(2,2),(0.,1.),.PIECEWISE_BEZIER_KNOTS.);
#13717 = CARTESIAN_POINT('',(6.28318530718,0.));
#13718 = CARTESIAN_POINT('',(6.28318530718,-0.4));
#13719 = ( GEOMETRIC_REPRESENTATION_CONTEXT(2) 
PARAMETRIC_REPRESENTATION_CONTEXT() REPRESENTATION_CONTEXT('2D SPACE',''
  ) );
#13720 = PCURVE('',#13509,#13721);
#13721 = DEFINITIONAL_REPRESENTATION('',(#13722),#13725);
#13722 = B_SPLINE_CURVE_WITH_KNOTS('',1,(#13723,#13724),.UNSPECIFIED.,
  .F.,.F.,(2,2),(0.,1.),.PIECEWISE_BEZIER_KNOTS.);
#13723 = CARTESIAN_POINT('',(0.,0.));
#13724 = CARTESIAN_POINT('',(0.,-0.4));
#13725 = ( GEOMETRIC_REPRESENTATION_CONTEXT(2) 
PARAMETRIC_REPRESENTATION_CONTEXT() REPRESENTATION_CONTEXT('2D SPACE',''
  ) );
#13726 = ORIENTED_EDGE('',*,*,#13727,.F.);
#13727 = EDGE_CURVE('',#13708,#13708,#13728,.T.);
#13728 = SURFACE_CURVE('',#13729,(#13734,#13741),.PCURVE_S1.);
#13729 = CIRCLE('',#13730,0.8);
#13730 = AXIS2_PLACEMENT_3D('',#13731,#13732,#13733);
#13731 = CARTESIAN_POINT('',(3.05,-90.9,2.));
#13732 = DIRECTION('',(-0.,0.,-1.));
#13733 = DIRECTION('',(-1.,-0.,0.));
#13734 = PCURVE('',#13509,#13735);
#13735 = DEFINITIONAL_REPRESENTATION('',(#13736),#13740);
#13736 = LINE('',#13737,#13738);
#13737 = CARTESIAN_POINT('',(0.,-0.4));
#13738 = VECTOR('',#13739,1.);
#13739 = DIRECTION('',(1.,-0.));
#13740 = ( GEOMETRIC_REPRESENTATION_CONTEXT(2) 
PARAMETRIC_REPRESENTATION_CONTEXT() REPRESENTATION_CONTEXT('2D SPACE',''
  ) );
#13741 = PCURVE('',#13742,#13747);
#13742 = CYLINDRICAL_SURFACE('',#13743,0.8);
#13743 = AXIS2_PLACEMENT_3D('',#13744,#13745,#13746);
#13744 = CARTESIAN_POINT('',(3.05,-90.9,1.5));
#13745 = DIRECTION('',(0.,-0.,-1.));
#13746 = DIRECTION('',(-1.,-0.,-0.));
#13747 = DEFINITIONAL_REPRESENTATION('',(#13748),#13752);
#13748 = LINE('',#13749,#13750);
#13749 = CARTESIAN_POINT('',(0.,-0.5));
#13750 = VECTOR('',#13751,1.);
#13751 = DIRECTION('',(1.,0.));
#13752 = ( GEOMETRIC_REPRESENTATION_CONTEXT(2) 
PARAMETRIC_REPRESENTATION_CONTEXT() REPRESENTATION_CONTEXT('2D SPACE',''
  ) );
#13753 = ORIENTED_EDGE('',*,*,#13707,.F.);
#13754 = ADVANCED_FACE('',(#13755),#13571,.F.);
#13755 = FACE_BOUND('',#13756,.T.);
#13756 = EDGE_LOOP('',(#13757));
#13757 = ORIENTED_EDGE('',*,*,#13556,.T.);
#13758 = ADVANCED_FACE('',(#13759),#13630,.F.);
#13759 = FACE_BOUND('',#13760,.T.);
#13760 = EDGE_LOOP('',(#13761));
#13761 = ORIENTED_EDGE('',*,*,#13615,.T.);
#13762 = ADVANCED_FACE('',(#13763),#13690,.F.);
#13763 = FACE_BOUND('',#13764,.F.);
#13764 = EDGE_LOOP('',(#13765,#13766,#13789,#13820));
#13765 = ORIENTED_EDGE('',*,*,#13675,.F.);
#13766 = ORIENTED_EDGE('',*,*,#13767,.T.);
#13767 = EDGE_CURVE('',#13656,#13768,#13770,.T.);
#13768 = VERTEX_POINT('',#13769);
#13769 = CARTESIAN_POINT('',(24.75,-90.9,4.6));
#13770 = SEAM_CURVE('',#13771,(#13775,#13782),.PCURVE_S1.);
#13771 = LINE('',#13772,#13773);
#13772 = CARTESIAN_POINT('',(24.75,-90.9,1.5));
#13773 = VECTOR('',#13774,1.);
#13774 = DIRECTION('',(-0.,-0.,1.));
#13775 = PCURVE('',#13690,#13776);
#13776 = DEFINITIONAL_REPRESENTATION('',(#13777),#13781);
#13777 = LINE('',#13778,#13779);
#13778 = CARTESIAN_POINT('',(6.28318530718,0.));
#13779 = VECTOR('',#13780,1.);
#13780 = DIRECTION('',(0.,-1.));
#13781 = ( GEOMETRIC_REPRESENTATION_CONTEXT(2) 
PARAMETRIC_REPRESENTATION_CONTEXT() REPRESENTATION_CONTEXT('2D SPACE',''
  ) );
#13782 = PCURVE('',#13690,#13783);
#13783 = DEFINITIONAL_REPRESENTATION('',(#13784),#13788);
#13784 = LINE('',#13785,#13786);
#13785 = CARTESIAN_POINT('',(0.,0.));
#13786 = VECTOR('',#13787,1.);
#13787 = DIRECTION('',(0.,-1.));
#13788 = ( GEOMETRIC_REPRESENTATION_CONTEXT(2) 
PARAMETRIC_REPRESENTATION_CONTEXT() REPRESENTATION_CONTEXT('2D SPACE',''
  ) );
#13789 = ORIENTED_EDGE('',*,*,#13790,.T.);
#13790 = EDGE_CURVE('',#13768,#13768,#13791,.T.);
#13791 = SURFACE_CURVE('',#13792,(#13797,#13804),.PCURVE_S1.);
#13792 = CIRCLE('',#13793,0.8);
#13793 = AXIS2_PLACEMENT_3D('',#13794,#13795,#13796);
#13794 = CARTESIAN_POINT('',(25.55,-90.9,4.6));
#13795 = DIRECTION('',(0.,0.,-1.));
#13796 = DIRECTION('',(-1.,-0.,-0.));
#13797 = PCURVE('',#13690,#13798);
#13798 = DEFINITIONAL_REPRESENTATION('',(#13799),#13803);
#13799 = LINE('',#13800,#13801);
#13800 = CARTESIAN_POINT('',(0.,-3.1));
#13801 = VECTOR('',#13802,1.);
#13802 = DIRECTION('',(1.,0.));
#13803 = ( GEOMETRIC_REPRESENTATION_CONTEXT(2) 
PARAMETRIC_REPRESENTATION_CONTEXT() REPRESENTATION_CONTEXT('2D SPACE',''
  ) );
#13804 = PCURVE('',#13805,#13810);
#13805 = PLANE('',#13806);
#13806 = AXIS2_PLACEMENT_3D('',#13807,#13808,#13809);
#13807 = CARTESIAN_POINT('',(25.55,-90.9,4.6));
#13808 = DIRECTION('',(-0.,-0.,1.));
#13809 = DIRECTION('',(1.,0.,0.));
#13810 = DEFINITIONAL_REPRESENTATION('',(#13811),#13819);
#13811 = ( BOUNDED_CURVE() B_SPLINE_CURVE(2,(#13812,#13813,#13814,#13815
    ,#13816,#13817,#13818),.UNSPECIFIED.,.T.,.F.) 
B_SPLINE_CURVE_WITH_KNOTS((1,2,2,2,2,1),(-2.094395102393,0.,
    2.094395102393,4.188790204786,6.28318530718,8.377580409573),
.UNSPECIFIED.) CURVE() GEOMETRIC_REPRESENTATION_ITEM() 
RATIONAL_B_SPLINE_CURVE((1.,0.5,1.,0.5,1.,0.5,1.)) REPRESENTATION_ITEM(
  '') );
#13812 = CARTESIAN_POINT('',(-0.8,0.));
#13813 = CARTESIAN_POINT('',(-0.8,1.385640646055));
#13814 = CARTESIAN_POINT('',(0.4,0.692820323028));
#13815 = CARTESIAN_POINT('',(1.6,1.959434878636E-16));
#13816 = CARTESIAN_POINT('',(0.4,-0.692820323028));
#13817 = CARTESIAN_POINT('',(-0.8,-1.385640646055));
#13818 = CARTESIAN_POINT('',(-0.8,0.));
#13819 = ( GEOMETRIC_REPRESENTATION_CONTEXT(2) 
PARAMETRIC_REPRESENTATION_CONTEXT() REPRESENTATION_CONTEXT('2D SPACE',''
  ) );
#13820 = ORIENTED_EDGE('',*,*,#13767,.F.);
#13821 = ADVANCED_FACE('',(#13822),#13742,.F.);
#13822 = FACE_BOUND('',#13823,.F.);
#13823 = EDGE_LOOP('',(#13824,#13825,#13848,#13879));
#13824 = ORIENTED_EDGE('',*,*,#13727,.F.);
#13825 = ORIENTED_EDGE('',*,*,#13826,.T.);
#13826 = EDGE_CURVE('',#13708,#13827,#13829,.T.);
#13827 = VERTEX_POINT('',#13828);
#13828 = CARTESIAN_POINT('',(2.25,-90.9,4.6));
#13829 = SEAM_CURVE('',#13830,(#13834,#13841),.PCURVE_S1.);
#13830 = LINE('',#13831,#13832);
#13831 = CARTESIAN_POINT('',(2.25,-90.9,1.5));
#13832 = VECTOR('',#13833,1.);
#13833 = DIRECTION('',(-0.,-0.,1.));
#13834 = PCURVE('',#13742,#13835);
#13835 = DEFINITIONAL_REPRESENTATION('',(#13836),#13840);
#13836 = LINE('',#13837,#13838);
#13837 = CARTESIAN_POINT('',(6.28318530718,0.));
#13838 = VECTOR('',#13839,1.);
#13839 = DIRECTION('',(0.,-1.));
#13840 = ( GEOMETRIC_REPRESENTATION_CONTEXT(2) 
PARAMETRIC_REPRESENTATION_CONTEXT() REPRESENTATION_CONTEXT('2D SPACE',''
  ) );
#13841 = PCURVE('',#13742,#13842);
#13842 = DEFINITIONAL_REPRESENTATION('',(#13843),#13847);
#13843 = LINE('',#13844,#13845);
#13844 = CARTESIAN_POINT('',(0.,0.));
#13845 = VECTOR('',#13846,1.);
#13846 = DIRECTION('',(0.,-1.));
#13847 = ( GEOMETRIC_REPRESENTATION_CONTEXT(2) 
PARAMETRIC_REPRESENTATION_CONTEXT() REPRESENTATION_CONTEXT('2D SPACE',''
  ) );
#13848 = ORIENTED_EDGE('',*,*,#13849,.T.);
#13849 = EDGE_CURVE('',#13827,#13827,#13850,.T.);
#13850 = SURFACE_CURVE('',#13851,(#13856,#13863),.PCURVE_S1.);
#13851 = CIRCLE('',#13852,0.8);
#13852 = AXIS2_PLACEMENT_3D('',#13853,#13854,#13855);
#13853 = CARTESIAN_POINT('',(3.05,-90.9,4.6));
#13854 = DIRECTION('',(0.,0.,-1.));
#13855 = DIRECTION('',(-1.,-0.,-0.));
#13856 = PCURVE('',#13742,#13857);
#13857 = DEFINITIONAL_REPRESENTATION('',(#13858),#13862);
#13858 = LINE('',#13859,#13860);
#13859 = CARTESIAN_POINT('',(0.,-3.1));
#13860 = VECTOR('',#13861,1.);
#13861 = DIRECTION('',(1.,0.));
#13862 = ( GEOMETRIC_REPRESENTATION_CONTEXT(2) 
PARAMETRIC_REPRESENTATION_CONTEXT() REPRESENTATION_CONTEXT('2D SPACE',''
  ) );
#13863 = PCURVE('',#13864,#13869);
#13864 = PLANE('',#13865);
#13865 = AXIS2_PLACEMENT_3D('',#13866,#13867,#13868);
#13866 = CARTESIAN_POINT('',(3.05,-90.9,4.6));
#13867 = DIRECTION('',(-0.,-0.,1.));
#13868 = DIRECTION('',(1.,0.,0.));
#13869 = DEFINITIONAL_REPRESENTATION('',(#13870),#13878);
#13870 = ( BOUNDED_CURVE() B_SPLINE_CURVE(2,(#13871,#13872,#13873,#13874
    ,#13875,#13876,#13877),.UNSPECIFIED.,.T.,.F.) 
B_SPLINE_CURVE_WITH_KNOTS((1,2,2,2,2,1),(-2.094395102393,0.,
    2.094395102393,4.188790204786,6.28318530718,8.377580409573),
.UNSPECIFIED.) CURVE() GEOMETRIC_REPRESENTATION_ITEM() 
RATIONAL_B_SPLINE_CURVE((1.,0.5,1.,0.5,1.,0.5,1.)) REPRESENTATION_ITEM(
  '') );
#13871 = CARTESIAN_POINT('',(-0.8,0.));
#13872 = CARTESIAN_POINT('',(-0.8,1.385640646055));
#13873 = CARTESIAN_POINT('',(0.4,0.692820323028));
#13874 = CARTESIAN_POINT('',(1.6,1.959434878636E-16));
#13875 = CARTESIAN_POINT('',(0.4,-0.692820323028));
#13876 = CARTESIAN_POINT('',(-0.8,-1.385640646055));
#13877 = CARTESIAN_POINT('',(-0.8,0.));
#13878 = ( GEOMETRIC_REPRESENTATION_CONTEXT(2) 
PARAMETRIC_REPRESENTATION_CONTEXT() REPRESENTATION_CONTEXT('2D SPACE',''
  ) );
#13879 = ORIENTED_EDGE('',*,*,#13826,.F.);
#13880 = ADVANCED_FACE('',(#13881),#13805,.F.);
#13881 = FACE_BOUND('',#13882,.T.);
#13882 = EDGE_LOOP('',(#13883));
#13883 = ORIENTED_EDGE('',*,*,#13790,.T.);
#13884 = ADVANCED_FACE('',(#13885),#13864,.F.);
#13885 = FACE_BOUND('',#13886,.T.);
#13886 = EDGE_LOOP('',(#13887));
#13887 = ORIENTED_EDGE('',*,*,#13849,.T.);
#13888 = ( GEOMETRIC_REPRESENTATION_CONTEXT(3) 
GLOBAL_UNCERTAINTY_ASSIGNED_CONTEXT((#13892)) 
GLOBAL_UNIT_ASSIGNED_CONTEXT((#13889,#13890,#13891)) 
REPRESENTATION_CONTEXT('Context #1',
  '3D Context with UNIT and UNCERTAINTY') );
#13889 = ( LENGTH_UNIT() NAMED_UNIT(*) SI_UNIT(.MILLI.,.METRE.) );
#13890 = ( NAMED_UNIT(*) PLANE_ANGLE_UNIT() SI_UNIT($,.RADIAN.) );
#13891 = ( NAMED_UNIT(*) SI_UNIT($,.STERADIAN.) SOLID_ANGLE_UNIT() );
#13892 = UNCERTAINTY_MEASURE_WITH_UNIT(LENGTH_MEASURE(1.E-06),#13889,
  'distance_accuracy_value','confusion accuracy');
#13893 = PRODUCT_RELATED_PRODUCT_CATEGORY('part',$,(#7));
ENDSEC;
END-ISO-10303-21;
