ISO-10303-21;
HEADER;
FILE_DESCRIPTION(('Open CASCADE Model'),'2;1');
FILE_NAME('Open CASCADE Shape Model','2026-09-28T21:09:42',('Author'),(
    'Open CASCADE'),'Open CASCADE STEP processor 7.9','Open CASCADE 7.9'
  ,'Unknown');
FILE_SCHEMA(('AUTOMOTIVE_DESIGN { 1 0 10303 214 1 1 1 1 }'));
ENDSEC;
DATA;
#1 = APPLICATION_PROTOCOL_DEFINITION('international standard',
  'automotive_design',2000,#2);
#2 = APPLICATION_CONTEXT(
  'core data for automotive mechanical design processes');
#3 = SHAPE_DEFINITION_REPRESENTATION(#4,#10);
#4 = PRODUCT_DEFINITION_SHAPE('','',#5);
#5 = PRODUCT_DEFINITION('design','',#6,#9);
#6 = PRODUCT_DEFINITION_FORMATION('','',#7);
#7 = PRODUCT('Open CASCADE STEP translator 7.9 1',
  'Open CASCADE STEP translator 7.9 1','',(#8));
#8 = PRODUCT_CONTEXT('',#2,'mechanical');
#9 = PRODUCT_DEFINITION_CONTEXT('part definition',#2,'design');
#10 = SHAPE_REPRESENTATION('',(#11,#15,#19,#23),#27);
#11 = AXIS2_PLACEMENT_3D('',#12,#13,#14);
#12 = CARTESIAN_POINT('',(0.,0.,0.));
#13 = DIRECTION('',(0.,0.,1.));
#14 = DIRECTION('',(1.,0.,-0.));
#15 = AXIS2_PLACEMENT_3D('',#16,#17,#18);
#16 = CARTESIAN_POINT('',(0.,0.,0.));
#17 = DIRECTION('',(0.,0.,1.));
#18 = DIRECTION('',(1.,0.,-0.));
#19 = AXIS2_PLACEMENT_3D('',#20,#21,#22);
#20 = CARTESIAN_POINT('',(0.,0.,0.));
#21 = DIRECTION('',(0.,0.,1.));
#22 = DIRECTION('',(1.,0.,-0.));
#23 = AXIS2_PLACEMENT_3D('',#24,#25,#26);
#24 = CARTESIAN_POINT('',(0.,0.,0.));
#25 = DIRECTION('',(0.,0.,1.));
#26 = DIRECTION('',(1.,0.,-0.));
#27 = ( GEOMETRIC_REPRESENTATION_CONTEXT(3) 
GLOBAL_UNCERTAINTY_ASSIGNED_CONTEXT((#31)) GLOBAL_UNIT_ASSIGNED_CONTEXT(
(#28,#29,#30)) REPRESENTATION_CONTEXT('Context #1',
  '3D Context with UNIT and UNCERTAINTY') );
#28 = ( LENGTH_UNIT() NAMED_UNIT(*) SI_UNIT(.MILLI.,.METRE.) );
#29 = ( NAMED_UNIT(*) PLANE_ANGLE_UNIT() SI_UNIT($,.RADIAN.) );
#30 = ( NAMED_UNIT(*) SI_UNIT($,.STERADIAN.) SOLID_ANGLE_UNIT() );
#31 = UNCERTAINTY_MEASURE_WITH_UNIT(LENGTH_MEASURE(5.E-07),#28,
  'distance_accuracy_value','confusion accuracy');
#32 = PRODUCT_RELATED_PRODUCT_CATEGORY('part',$,(#7));
#33 = SHAPE_DEFINITION_REPRESENTATION(#34,#40);
#34 = PRODUCT_DEFINITION_SHAPE('','',#35);
#35 = PRODUCT_DEFINITION('design','',#36,#39);
#36 = PRODUCT_DEFINITION_FORMATION('','',#37);
#37 = PRODUCT('Open CASCADE STEP translator 7.9 1.1',
  'Open CASCADE STEP translator 7.9 1.1','',(#38));
#38 = PRODUCT_CONTEXT('',#2,'mechanical');
#39 = PRODUCT_DEFINITION_CONTEXT('part definition',#2,'design');
#40 = ADVANCED_BREP_SHAPE_REPRESENTATION('',(#11,#41),#7282);
#41 = MANIFOLD_SOLID_BREP('',#42);
#42 = CLOSED_SHELL('',(#43,#157,#686,#733,#1032,#1056,#1217,#1264,#1376,
    #1475,#1524,#1574,#1623,#1673,#1722,#1772,#1877,#1927,#1974,#2043,
    #2090,#2322,#2519,#2775,#2829,#2980,#3034,#3377,#3466,#3971,#3996,
    #4211,#4282,#4329,#4407,#4433,#4459,#4541,#4694,#4742,#4790,#4927,
    #5080,#5128,#5176,#5201,#5249,#5297,#5495,#5522,#5549,#5556,#5583,
    #5870,#5898,#5926,#5980,#6048,#6204,#6303,#6357,#6454,#6528,#6555,
    #6586,#6593,#6645,#6697,#6733,#6769,#6775,#6782,#6818,#6825,#6831,
    #6886,#6941,#6993,#7045,#7097,#7101,#7105,#7160,#7215,#7270,#7274,
    #7278));
#43 = ADVANCED_FACE('',(#44),#58,.T.);
#44 = FACE_BOUND('',#45,.T.);
#45 = EDGE_LOOP('',(#46,#81,#106,#134));
#46 = ORIENTED_EDGE('',*,*,#47,.F.);
#47 = EDGE_CURVE('',#48,#50,#52,.T.);
#48 = VERTEX_POINT('',#49);
#49 = CARTESIAN_POINT('',(-1.19,-91.4,0.));
#50 = VERTEX_POINT('',#51);
#51 = CARTESIAN_POINT('',(-1.19,-3.,0.));
#52 = SURFACE_CURVE('',#53,(#57,#69),.PCURVE_S1.);
#53 = LINE('',#54,#55);
#54 = CARTESIAN_POINT('',(-1.19,-47.2,0.));
#55 = VECTOR('',#56,1.);
#56 = DIRECTION('',(0.,1.,0.));
#57 = PCURVE('',#58,#63);
#58 = PLANE('',#59);
#59 = AXIS2_PLACEMENT_3D('',#60,#61,#62);
#60 = CARTESIAN_POINT('',(0.,-47.2,4.11));
#61 = DIRECTION('',(-0.960547835842,0.,0.278114823516));
#62 = DIRECTION('',(-0.,-1.,0.));
#63 = DEFINITIONAL_REPRESENTATION('',(#64),#68);
#64 = LINE('',#65,#66);
#65 = CARTESIAN_POINT('',(0.,-4.278808245294));
#66 = VECTOR('',#67,1.);
#67 = DIRECTION('',(-1.,0.));
#68 = ( GEOMETRIC_REPRESENTATION_CONTEXT(2) 
PARAMETRIC_REPRESENTATION_CONTEXT() REPRESENTATION_CONTEXT('2D SPACE',''
  ) );
#69 = PCURVE('',#70,#75);
#70 = PLANE('',#71);
#71 = AXIS2_PLACEMENT_3D('',#72,#73,#74);
#72 = CARTESIAN_POINT('',(3.,-3.,0.));
#73 = DIRECTION('',(0.,-0.,1.));
#74 = DIRECTION('',(1.,0.,0.));
#75 = DEFINITIONAL_REPRESENTATION('',(#76),#80);
#76 = LINE('',#77,#78);
#77 = CARTESIAN_POINT('',(-4.19,-44.2));
#78 = VECTOR('',#79,1.);
#79 = DIRECTION('',(0.,1.));
#80 = ( GEOMETRIC_REPRESENTATION_CONTEXT(2) 
PARAMETRIC_REPRESENTATION_CONTEXT() REPRESENTATION_CONTEXT('2D SPACE',''
  ) );
#81 = ORIENTED_EDGE('',*,*,#82,.T.);
#82 = EDGE_CURVE('',#48,#83,#85,.T.);
#83 = VERTEX_POINT('',#84);
#84 = CARTESIAN_POINT('',(-8.975669099757E-02,-91.4,3.8));
#85 = SURFACE_CURVE('',#86,(#89,#95),.PCURVE_S1.);
#86 = B_SPLINE_CURVE_WITH_KNOTS('',1,(#87,#88),.UNSPECIFIED.,.F.,.F.,(2,
    2),(0.,1.),.PIECEWISE_BEZIER_KNOTS.);
#87 = CARTESIAN_POINT('',(-1.19,-91.4,0.));
#88 = CARTESIAN_POINT('',(0.,-91.4,4.11));
#89 = PCURVE('',#58,#90);
#90 = DEFINITIONAL_REPRESENTATION('',(#91),#94);
#91 = B_SPLINE_CURVE_WITH_KNOTS('',1,(#92,#93),.UNSPECIFIED.,.F.,.F.,(2,
    2),(0.,1.),.PIECEWISE_BEZIER_KNOTS.);
#92 = CARTESIAN_POINT('',(44.2,-4.278808245294));
#93 = CARTESIAN_POINT('',(44.2,0.));
#94 = ( GEOMETRIC_REPRESENTATION_CONTEXT(2) 
PARAMETRIC_REPRESENTATION_CONTEXT() REPRESENTATION_CONTEXT('2D SPACE',''
  ) );
#95 = PCURVE('',#96,#101);
#96 = CONICAL_SURFACE('',#97,4.19,0.281830944487);
#97 = AXIS2_PLACEMENT_3D('',#98,#99,#100);
#98 = CARTESIAN_POINT('',(3.,-91.4,0.));
#99 = DIRECTION('',(-0.,0.,-1.));
#100 = DIRECTION('',(1.,0.,0.));
#101 = DEFINITIONAL_REPRESENTATION('',(#102),#105);
#102 = B_SPLINE_CURVE_WITH_KNOTS('',1,(#103,#104),.UNSPECIFIED.,.F.,.F.,
  (2,2),(0.,1.),.PIECEWISE_BEZIER_KNOTS.);
#103 = CARTESIAN_POINT('',(-3.14159265359,0.));
#104 = CARTESIAN_POINT('',(-3.14159265359,-4.11));
#105 = ( GEOMETRIC_REPRESENTATION_CONTEXT(2) 
PARAMETRIC_REPRESENTATION_CONTEXT() REPRESENTATION_CONTEXT('2D SPACE',''
  ) );
#106 = ORIENTED_EDGE('',*,*,#107,.T.);
#107 = EDGE_CURVE('',#83,#108,#110,.T.);
#108 = VERTEX_POINT('',#109);
#109 = CARTESIAN_POINT('',(-8.975669099757E-02,-3.,3.8));
#110 = SURFACE_CURVE('',#111,(#115,#122),.PCURVE_S1.);
#111 = LINE('',#112,#113);
#112 = CARTESIAN_POINT('',(-8.975669099757E-02,-91.4,3.8));
#113 = VECTOR('',#114,1.);
#114 = DIRECTION('',(0.,1.,0.));
#115 = PCURVE('',#58,#116);
#116 = DEFINITIONAL_REPRESENTATION('',(#117),#121);
#117 = LINE('',#118,#119);
#118 = CARTESIAN_POINT('',(44.2,-0.322732495387));
#119 = VECTOR('',#120,1.);
#120 = DIRECTION('',(-1.,0.));
#121 = ( GEOMETRIC_REPRESENTATION_CONTEXT(2) 
PARAMETRIC_REPRESENTATION_CONTEXT() REPRESENTATION_CONTEXT('2D SPACE',''
  ) );
#122 = PCURVE('',#123,#128);
#123 = PLANE('',#124);
#124 = AXIS2_PLACEMENT_3D('',#125,#126,#127);
#125 = CARTESIAN_POINT('',(-10.,10.,3.8));
#126 = DIRECTION('',(-0.,0.,1.));
#127 = DIRECTION('',(1.,0.,0.));
#128 = DEFINITIONAL_REPRESENTATION('',(#129),#133);
#129 = LINE('',#130,#131);
#130 = CARTESIAN_POINT('',(9.910243309002,-101.4));
#131 = VECTOR('',#132,1.);
#132 = DIRECTION('',(0.,1.));
#133 = ( GEOMETRIC_REPRESENTATION_CONTEXT(2) 
PARAMETRIC_REPRESENTATION_CONTEXT() REPRESENTATION_CONTEXT('2D SPACE',''
  ) );
#134 = ORIENTED_EDGE('',*,*,#135,.F.);
#135 = EDGE_CURVE('',#50,#108,#136,.T.);
#136 = SURFACE_CURVE('',#137,(#140,#146),.PCURVE_S1.);
#137 = B_SPLINE_CURVE_WITH_KNOTS('',1,(#138,#139),.UNSPECIFIED.,.F.,.F.,
  (2,2),(0.,1.),.PIECEWISE_BEZIER_KNOTS.);
#138 = CARTESIAN_POINT('',(-1.19,-3.,0.));
#139 = CARTESIAN_POINT('',(0.,-3.,4.11));
#140 = PCURVE('',#58,#141);
#141 = DEFINITIONAL_REPRESENTATION('',(#142),#145);
#142 = B_SPLINE_CURVE_WITH_KNOTS('',1,(#143,#144),.UNSPECIFIED.,.F.,.F.,
  (2,2),(0.,1.),.PIECEWISE_BEZIER_KNOTS.);
#143 = CARTESIAN_POINT('',(-44.2,-4.278808245294));
#144 = CARTESIAN_POINT('',(-44.2,0.));
#145 = ( GEOMETRIC_REPRESENTATION_CONTEXT(2) 
PARAMETRIC_REPRESENTATION_CONTEXT() REPRESENTATION_CONTEXT('2D SPACE',''
  ) );
#146 = PCURVE('',#147,#152);
#147 = CONICAL_SURFACE('',#148,4.19,0.281830944487);
#148 = AXIS2_PLACEMENT_3D('',#149,#150,#151);
#149 = CARTESIAN_POINT('',(3.,-3.,0.));
#150 = DIRECTION('',(-0.,0.,-1.));
#151 = DIRECTION('',(1.,0.,0.));
#152 = DEFINITIONAL_REPRESENTATION('',(#153),#156);
#153 = B_SPLINE_CURVE_WITH_KNOTS('',1,(#154,#155),.UNSPECIFIED.,.F.,.F.,
  (2,2),(0.,1.),.PIECEWISE_BEZIER_KNOTS.);
#154 = CARTESIAN_POINT('',(-3.14159265359,0.));
#155 = CARTESIAN_POINT('',(-3.14159265359,-4.11));
#156 = ( GEOMETRIC_REPRESENTATION_CONTEXT(2) 
PARAMETRIC_REPRESENTATION_CONTEXT() REPRESENTATION_CONTEXT('2D SPACE',''
  ) );
#157 = ADVANCED_FACE('',(#158),#70,.F.);
#158 = FACE_BOUND('',#159,.F.);
#159 = EDGE_LOOP('',(#160,#161,#185,#213,#242,#270,#296,#322,#355,#381,
    #414,#440,#473,#499,#532,#558,#584,#607,#636,#664));
#160 = ORIENTED_EDGE('',*,*,#47,.F.);
#161 = ORIENTED_EDGE('',*,*,#162,.T.);
#162 = EDGE_CURVE('',#48,#163,#165,.T.);
#163 = VERTEX_POINT('',#164);
#164 = CARTESIAN_POINT('',(3.,-95.59,0.));
#165 = SURFACE_CURVE('',#166,(#171,#178),.PCURVE_S1.);
#166 = CIRCLE('',#167,4.19);
#167 = AXIS2_PLACEMENT_3D('',#168,#169,#170);
#168 = CARTESIAN_POINT('',(3.,-91.4,0.));
#169 = DIRECTION('',(0.,-0.,1.));
#170 = DIRECTION('',(1.,0.,0.));
#171 = PCURVE('',#70,#172);
#172 = DEFINITIONAL_REPRESENTATION('',(#173),#177);
#173 = CIRCLE('',#174,4.19);
#174 = AXIS2_PLACEMENT_2D('',#175,#176);
#175 = CARTESIAN_POINT('',(0.,-88.4));
#176 = DIRECTION('',(1.,0.));
#177 = ( GEOMETRIC_REPRESENTATION_CONTEXT(2) 
PARAMETRIC_REPRESENTATION_CONTEXT() REPRESENTATION_CONTEXT('2D SPACE',''
  ) );
#178 = PCURVE('',#96,#179);
#179 = DEFINITIONAL_REPRESENTATION('',(#180),#184);
#180 = LINE('',#181,#182);
#181 = CARTESIAN_POINT('',(-0.,-0.));
#182 = VECTOR('',#183,1.);
#183 = DIRECTION('',(-1.,-0.));
#184 = ( GEOMETRIC_REPRESENTATION_CONTEXT(2) 
PARAMETRIC_REPRESENTATION_CONTEXT() REPRESENTATION_CONTEXT('2D SPACE',''
  ) );
#185 = ORIENTED_EDGE('',*,*,#186,.T.);
#186 = EDGE_CURVE('',#163,#187,#189,.T.);
#187 = VERTEX_POINT('',#188);
#188 = CARTESIAN_POINT('',(134.,-95.59,0.));
#189 = SURFACE_CURVE('',#190,(#194,#201),.PCURVE_S1.);
#190 = LINE('',#191,#192);
#191 = CARTESIAN_POINT('',(68.5,-95.59,0.));
#192 = VECTOR('',#193,1.);
#193 = DIRECTION('',(1.,0.,0.));
#194 = PCURVE('',#70,#195);
#195 = DEFINITIONAL_REPRESENTATION('',(#196),#200);
#196 = LINE('',#197,#198);
#197 = CARTESIAN_POINT('',(65.5,-92.59));
#198 = VECTOR('',#199,1.);
#199 = DIRECTION('',(1.,0.));
#200 = ( GEOMETRIC_REPRESENTATION_CONTEXT(2) 
PARAMETRIC_REPRESENTATION_CONTEXT() REPRESENTATION_CONTEXT('2D SPACE',''
  ) );
#201 = PCURVE('',#202,#207);
#202 = PLANE('',#203);
#203 = AXIS2_PLACEMENT_3D('',#204,#205,#206);
#204 = CARTESIAN_POINT('',(68.5,-94.4,4.11));
#205 = DIRECTION('',(0.,-0.960547835842,0.278114823516));
#206 = DIRECTION('',(1.,0.,0.));
#207 = DEFINITIONAL_REPRESENTATION('',(#208),#212);
#208 = LINE('',#209,#210);
#209 = CARTESIAN_POINT('',(0.,-4.278808245294));
#210 = VECTOR('',#211,1.);
#211 = DIRECTION('',(1.,0.));
#212 = ( GEOMETRIC_REPRESENTATION_CONTEXT(2) 
PARAMETRIC_REPRESENTATION_CONTEXT() REPRESENTATION_CONTEXT('2D SPACE',''
  ) );
#213 = ORIENTED_EDGE('',*,*,#214,.T.);
#214 = EDGE_CURVE('',#187,#215,#217,.T.);
#215 = VERTEX_POINT('',#216);
#216 = CARTESIAN_POINT('',(138.19,-91.4,0.));
#217 = SURFACE_CURVE('',#218,(#223,#230),.PCURVE_S1.);
#218 = CIRCLE('',#219,4.19);
#219 = AXIS2_PLACEMENT_3D('',#220,#221,#222);
#220 = CARTESIAN_POINT('',(134.,-91.4,0.));
#221 = DIRECTION('',(0.,-0.,1.));
#222 = DIRECTION('',(1.,0.,0.));
#223 = PCURVE('',#70,#224);
#224 = DEFINITIONAL_REPRESENTATION('',(#225),#229);
#225 = CIRCLE('',#226,4.19);
#226 = AXIS2_PLACEMENT_2D('',#227,#228);
#227 = CARTESIAN_POINT('',(131.,-88.4));
#228 = DIRECTION('',(1.,0.));
#229 = ( GEOMETRIC_REPRESENTATION_CONTEXT(2) 
PARAMETRIC_REPRESENTATION_CONTEXT() REPRESENTATION_CONTEXT('2D SPACE',''
  ) );
#230 = PCURVE('',#231,#236);
#231 = CONICAL_SURFACE('',#232,4.19,0.281830944487);
#232 = AXIS2_PLACEMENT_3D('',#233,#234,#235);
#233 = CARTESIAN_POINT('',(134.,-91.4,0.));
#234 = DIRECTION('',(-0.,0.,-1.));
#235 = DIRECTION('',(1.,0.,0.));
#236 = DEFINITIONAL_REPRESENTATION('',(#237),#241);
#237 = LINE('',#238,#239);
#238 = CARTESIAN_POINT('',(-0.,-0.));
#239 = VECTOR('',#240,1.);
#240 = DIRECTION('',(-1.,-0.));
#241 = ( GEOMETRIC_REPRESENTATION_CONTEXT(2) 
PARAMETRIC_REPRESENTATION_CONTEXT() REPRESENTATION_CONTEXT('2D SPACE',''
  ) );
#242 = ORIENTED_EDGE('',*,*,#243,.T.);
#243 = EDGE_CURVE('',#215,#244,#246,.T.);
#244 = VERTEX_POINT('',#245);
#245 = CARTESIAN_POINT('',(138.19,-57.15,0.));
#246 = SURFACE_CURVE('',#247,(#251,#258),.PCURVE_S1.);
#247 = LINE('',#248,#249);
#248 = CARTESIAN_POINT('',(138.19,-47.2,0.));
#249 = VECTOR('',#250,1.);
#250 = DIRECTION('',(0.,1.,0.));
#251 = PCURVE('',#70,#252);
#252 = DEFINITIONAL_REPRESENTATION('',(#253),#257);
#253 = LINE('',#254,#255);
#254 = CARTESIAN_POINT('',(135.19,-44.2));
#255 = VECTOR('',#256,1.);
#256 = DIRECTION('',(0.,1.));
#257 = ( GEOMETRIC_REPRESENTATION_CONTEXT(2) 
PARAMETRIC_REPRESENTATION_CONTEXT() REPRESENTATION_CONTEXT('2D SPACE',''
  ) );
#258 = PCURVE('',#259,#264);
#259 = PLANE('',#260);
#260 = AXIS2_PLACEMENT_3D('',#261,#262,#263);
#261 = CARTESIAN_POINT('',(137.,-47.2,4.11));
#262 = DIRECTION('',(0.960547835842,-0.,0.278114823516));
#263 = DIRECTION('',(0.,1.,0.));
#264 = DEFINITIONAL_REPRESENTATION('',(#265),#269);
#265 = LINE('',#266,#267);
#266 = CARTESIAN_POINT('',(0.,-4.278808245294));
#267 = VECTOR('',#268,1.);
#268 = DIRECTION('',(1.,0.));
#269 = ( GEOMETRIC_REPRESENTATION_CONTEXT(2) 
PARAMETRIC_REPRESENTATION_CONTEXT() REPRESENTATION_CONTEXT('2D SPACE',''
  ) );
#270 = ORIENTED_EDGE('',*,*,#271,.T.);
#271 = EDGE_CURVE('',#244,#272,#274,.T.);
#272 = VERTEX_POINT('',#273);
#273 = CARTESIAN_POINT('',(137.2,-57.15,0.));
#274 = SURFACE_CURVE('',#275,(#279,#285),.PCURVE_S1.);
#275 = LINE('',#276,#277);
#276 = CARTESIAN_POINT('',(68.5,-57.15,0.));
#277 = VECTOR('',#278,1.);
#278 = DIRECTION('',(-1.,0.,0.));
#279 = PCURVE('',#70,#280);
#280 = DEFINITIONAL_REPRESENTATION('',(#281),#284);
#281 = B_SPLINE_CURVE_WITH_KNOTS('',1,(#282,#283),.UNSPECIFIED.,.F.,.F.,
  (2,2),(-69.69,-65.5),.PIECEWISE_BEZIER_KNOTS.);
#282 = CARTESIAN_POINT('',(135.19,-54.15));
#283 = CARTESIAN_POINT('',(131.,-54.15));
#284 = ( GEOMETRIC_REPRESENTATION_CONTEXT(2) 
PARAMETRIC_REPRESENTATION_CONTEXT() REPRESENTATION_CONTEXT('2D SPACE',''
  ) );
#285 = PCURVE('',#286,#291);
#286 = PLANE('',#287);
#287 = AXIS2_PLACEMENT_3D('',#288,#289,#290);
#288 = CARTESIAN_POINT('',(134.,-57.15,-1.));
#289 = DIRECTION('',(0.,1.,0.));
#290 = DIRECTION('',(1.,0.,0.));
#291 = DEFINITIONAL_REPRESENTATION('',(#292),#295);
#292 = B_SPLINE_CURVE_WITH_KNOTS('',1,(#293,#294),.UNSPECIFIED.,.F.,.F.,
  (2,2),(-69.69,-65.5),.PIECEWISE_BEZIER_KNOTS.);
#293 = CARTESIAN_POINT('',(4.19,-1.));
#294 = CARTESIAN_POINT('',(0.,-1.));
#295 = ( GEOMETRIC_REPRESENTATION_CONTEXT(2) 
PARAMETRIC_REPRESENTATION_CONTEXT() REPRESENTATION_CONTEXT('2D SPACE',''
  ) );
#296 = ORIENTED_EDGE('',*,*,#297,.T.);
#297 = EDGE_CURVE('',#272,#298,#300,.T.);
#298 = VERTEX_POINT('',#299);
#299 = CARTESIAN_POINT('',(137.2,-91.4,0.));
#300 = SURFACE_CURVE('',#301,(#305,#311),.PCURVE_S1.);
#301 = LINE('',#302,#303);
#302 = CARTESIAN_POINT('',(137.2,-47.2,0.));
#303 = VECTOR('',#304,1.);
#304 = DIRECTION('',(-0.,-1.,0.));
#305 = PCURVE('',#70,#306);
#306 = DEFINITIONAL_REPRESENTATION('',(#307),#310);
#307 = B_SPLINE_CURVE_WITH_KNOTS('',1,(#308,#309),.UNSPECIFIED.,.F.,.F.,
  (2,2),(-44.2,44.2),.PIECEWISE_BEZIER_KNOTS.);
#308 = CARTESIAN_POINT('',(134.2,0.));
#309 = CARTESIAN_POINT('',(134.2,-88.4));
#310 = ( GEOMETRIC_REPRESENTATION_CONTEXT(2) 
PARAMETRIC_REPRESENTATION_CONTEXT() REPRESENTATION_CONTEXT('2D SPACE',''
  ) );
#311 = PCURVE('',#312,#317);
#312 = PLANE('',#313);
#313 = AXIS2_PLACEMENT_3D('',#314,#315,#316);
#314 = CARTESIAN_POINT('',(137.2,-91.4,-1.));
#315 = DIRECTION('',(-1.,0.,0.));
#316 = DIRECTION('',(0.,1.,0.));
#317 = DEFINITIONAL_REPRESENTATION('',(#318),#321);
#318 = B_SPLINE_CURVE_WITH_KNOTS('',1,(#319,#320),.UNSPECIFIED.,.F.,.F.,
  (2,2),(-44.2,44.2),.PIECEWISE_BEZIER_KNOTS.);
#319 = CARTESIAN_POINT('',(88.4,-1.));
#320 = CARTESIAN_POINT('',(0.,-1.));
#321 = ( GEOMETRIC_REPRESENTATION_CONTEXT(2) 
PARAMETRIC_REPRESENTATION_CONTEXT() REPRESENTATION_CONTEXT('2D SPACE',''
  ) );
#322 = ORIENTED_EDGE('',*,*,#323,.T.);
#323 = EDGE_CURVE('',#298,#324,#326,.T.);
#324 = VERTEX_POINT('',#325);
#325 = CARTESIAN_POINT('',(134.,-94.6,0.));
#326 = SURFACE_CURVE('',#327,(#332,#343),.PCURVE_S1.);
#327 = CIRCLE('',#328,3.2);
#328 = AXIS2_PLACEMENT_3D('',#329,#330,#331);
#329 = CARTESIAN_POINT('',(134.,-91.4,0.));
#330 = DIRECTION('',(0.,0.,-1.));
#331 = DIRECTION('',(1.,0.,0.));
#332 = PCURVE('',#70,#333);
#333 = DEFINITIONAL_REPRESENTATION('',(#334),#342);
#334 = ( BOUNDED_CURVE() B_SPLINE_CURVE(2,(#335,#336,#337,#338,#339,#340
,#341),.UNSPECIFIED.,.T.,.F.) B_SPLINE_CURVE_WITH_KNOTS((1,2,2,2,2,1),(
    -2.094395102393,0.,2.094395102393,4.188790204786,6.28318530718,
8.377580409573),.UNSPECIFIED.) CURVE() GEOMETRIC_REPRESENTATION_ITEM() 
RATIONAL_B_SPLINE_CURVE((1.,0.5,1.,0.5,1.,0.5,1.)) REPRESENTATION_ITEM(
  '') );
#335 = CARTESIAN_POINT('',(134.2,-88.4));
#336 = CARTESIAN_POINT('',(134.2,-93.94256258422));
#337 = CARTESIAN_POINT('',(129.4,-91.17128129211));
#338 = CARTESIAN_POINT('',(124.6,-88.4));
#339 = CARTESIAN_POINT('',(129.4,-85.62871870789));
#340 = CARTESIAN_POINT('',(134.2,-82.85743741578));
#341 = CARTESIAN_POINT('',(134.2,-88.4));
#342 = ( GEOMETRIC_REPRESENTATION_CONTEXT(2) 
PARAMETRIC_REPRESENTATION_CONTEXT() REPRESENTATION_CONTEXT('2D SPACE',''
  ) );
#343 = PCURVE('',#344,#349);
#344 = CYLINDRICAL_SURFACE('',#345,3.2);
#345 = AXIS2_PLACEMENT_3D('',#346,#347,#348);
#346 = CARTESIAN_POINT('',(134.,-91.4,-1.));
#347 = DIRECTION('',(-0.,-0.,-1.));
#348 = DIRECTION('',(1.,0.,0.));
#349 = DEFINITIONAL_REPRESENTATION('',(#350),#354);
#350 = LINE('',#351,#352);
#351 = CARTESIAN_POINT('',(-6.28318530718,-1.));
#352 = VECTOR('',#353,1.);
#353 = DIRECTION('',(1.,-0.));
#354 = ( GEOMETRIC_REPRESENTATION_CONTEXT(2) 
PARAMETRIC_REPRESENTATION_CONTEXT() REPRESENTATION_CONTEXT('2D SPACE',''
  ) );
#355 = ORIENTED_EDGE('',*,*,#356,.T.);
#356 = EDGE_CURVE('',#324,#357,#359,.T.);
#357 = VERTEX_POINT('',#358);
#358 = CARTESIAN_POINT('',(3.,-94.6,0.));
#359 = SURFACE_CURVE('',#360,(#364,#370),.PCURVE_S1.);
#360 = LINE('',#361,#362);
#361 = CARTESIAN_POINT('',(3.,-94.6,0.));
#362 = VECTOR('',#363,1.);
#363 = DIRECTION('',(-1.,0.,0.));
#364 = PCURVE('',#70,#365);
#365 = DEFINITIONAL_REPRESENTATION('',(#366),#369);
#366 = B_SPLINE_CURVE_WITH_KNOTS('',1,(#367,#368),.UNSPECIFIED.,.F.,.F.,
  (2,2),(-131.,0.),.PIECEWISE_BEZIER_KNOTS.);
#367 = CARTESIAN_POINT('',(131.,-91.6));
#368 = CARTESIAN_POINT('',(0.,-91.6));
#369 = ( GEOMETRIC_REPRESENTATION_CONTEXT(2) 
PARAMETRIC_REPRESENTATION_CONTEXT() REPRESENTATION_CONTEXT('2D SPACE',''
  ) );
#370 = PCURVE('',#371,#376);
#371 = PLANE('',#372);
#372 = AXIS2_PLACEMENT_3D('',#373,#374,#375);
#373 = CARTESIAN_POINT('',(3.,-94.6,-1.));
#374 = DIRECTION('',(0.,1.,0.));
#375 = DIRECTION('',(1.,0.,0.));
#376 = DEFINITIONAL_REPRESENTATION('',(#377),#380);
#377 = B_SPLINE_CURVE_WITH_KNOTS('',1,(#378,#379),.UNSPECIFIED.,.F.,.F.,
  (2,2),(-131.,0.),.PIECEWISE_BEZIER_KNOTS.);
#378 = CARTESIAN_POINT('',(131.,-1.));
#379 = CARTESIAN_POINT('',(0.,-1.));
#380 = ( GEOMETRIC_REPRESENTATION_CONTEXT(2) 
PARAMETRIC_REPRESENTATION_CONTEXT() REPRESENTATION_CONTEXT('2D SPACE',''
  ) );
#381 = ORIENTED_EDGE('',*,*,#382,.T.);
#382 = EDGE_CURVE('',#357,#383,#385,.T.);
#383 = VERTEX_POINT('',#384);
#384 = CARTESIAN_POINT('',(-0.2,-91.4,0.));
#385 = SURFACE_CURVE('',#386,(#391,#402),.PCURVE_S1.);
#386 = CIRCLE('',#387,3.2);
#387 = AXIS2_PLACEMENT_3D('',#388,#389,#390);
#388 = CARTESIAN_POINT('',(3.,-91.4,0.));
#389 = DIRECTION('',(0.,0.,-1.));
#390 = DIRECTION('',(1.,0.,0.));
#391 = PCURVE('',#70,#392);
#392 = DEFINITIONAL_REPRESENTATION('',(#393),#401);
#393 = ( BOUNDED_CURVE() B_SPLINE_CURVE(2,(#394,#395,#396,#397,#398,#399
,#400),.UNSPECIFIED.,.T.,.F.) B_SPLINE_CURVE_WITH_KNOTS((1,2,2,2,2,1),(
    -2.094395102393,0.,2.094395102393,4.188790204786,6.28318530718,
8.377580409573),.UNSPECIFIED.) CURVE() GEOMETRIC_REPRESENTATION_ITEM() 
RATIONAL_B_SPLINE_CURVE((1.,0.5,1.,0.5,1.,0.5,1.)) REPRESENTATION_ITEM(
  '') );
#394 = CARTESIAN_POINT('',(3.2,-88.4));
#395 = CARTESIAN_POINT('',(3.2,-93.94256258422));
#396 = CARTESIAN_POINT('',(-1.6,-91.17128129211));
#397 = CARTESIAN_POINT('',(-6.4,-88.4));
#398 = CARTESIAN_POINT('',(-1.6,-85.62871870789));
#399 = CARTESIAN_POINT('',(3.2,-82.85743741578));
#400 = CARTESIAN_POINT('',(3.2,-88.4));
#401 = ( GEOMETRIC_REPRESENTATION_CONTEXT(2) 
PARAMETRIC_REPRESENTATION_CONTEXT() REPRESENTATION_CONTEXT('2D SPACE',''
  ) );
#402 = PCURVE('',#403,#408);
#403 = CYLINDRICAL_SURFACE('',#404,3.2);
#404 = AXIS2_PLACEMENT_3D('',#405,#406,#407);
#405 = CARTESIAN_POINT('',(3.,-91.4,-1.));
#406 = DIRECTION('',(-0.,-0.,-1.));
#407 = DIRECTION('',(1.,0.,0.));
#408 = DEFINITIONAL_REPRESENTATION('',(#409),#413);
#409 = LINE('',#410,#411);
#410 = CARTESIAN_POINT('',(-6.28318530718,-1.));
#411 = VECTOR('',#412,1.);
#412 = DIRECTION('',(1.,-0.));
#413 = ( GEOMETRIC_REPRESENTATION_CONTEXT(2) 
PARAMETRIC_REPRESENTATION_CONTEXT() REPRESENTATION_CONTEXT('2D SPACE',''
  ) );
#414 = ORIENTED_EDGE('',*,*,#415,.F.);
#415 = EDGE_CURVE('',#416,#383,#418,.T.);
#416 = VERTEX_POINT('',#417);
#417 = CARTESIAN_POINT('',(-0.2,-3.,0.));
#418 = SURFACE_CURVE('',#419,(#423,#429),.PCURVE_S1.);
#419 = LINE('',#420,#421);
#420 = CARTESIAN_POINT('',(-0.2,-47.2,0.));
#421 = VECTOR('',#422,1.);
#422 = DIRECTION('',(-0.,-1.,0.));
#423 = PCURVE('',#70,#424);
#424 = DEFINITIONAL_REPRESENTATION('',(#425),#428);
#425 = B_SPLINE_CURVE_WITH_KNOTS('',1,(#426,#427),.UNSPECIFIED.,.F.,.F.,
  (2,2),(-44.2,44.2),.PIECEWISE_BEZIER_KNOTS.);
#426 = CARTESIAN_POINT('',(-3.2,0.));
#427 = CARTESIAN_POINT('',(-3.2,-88.4));
#428 = ( GEOMETRIC_REPRESENTATION_CONTEXT(2) 
PARAMETRIC_REPRESENTATION_CONTEXT() REPRESENTATION_CONTEXT('2D SPACE',''
  ) );
#429 = PCURVE('',#430,#435);
#430 = PLANE('',#431);
#431 = AXIS2_PLACEMENT_3D('',#432,#433,#434);
#432 = CARTESIAN_POINT('',(-0.2,-91.4,-1.));
#433 = DIRECTION('',(-1.,0.,0.));
#434 = DIRECTION('',(0.,1.,0.));
#435 = DEFINITIONAL_REPRESENTATION('',(#436),#439);
#436 = B_SPLINE_CURVE_WITH_KNOTS('',1,(#437,#438),.UNSPECIFIED.,.F.,.F.,
  (2,2),(-44.2,44.2),.PIECEWISE_BEZIER_KNOTS.);
#437 = CARTESIAN_POINT('',(88.4,-1.));
#438 = CARTESIAN_POINT('',(0.,-1.));
#439 = ( GEOMETRIC_REPRESENTATION_CONTEXT(2) 
PARAMETRIC_REPRESENTATION_CONTEXT() REPRESENTATION_CONTEXT('2D SPACE',''
  ) );
#440 = ORIENTED_EDGE('',*,*,#441,.T.);
#441 = EDGE_CURVE('',#416,#442,#444,.T.);
#442 = VERTEX_POINT('',#443);
#443 = CARTESIAN_POINT('',(3.,0.2,0.));
#444 = SURFACE_CURVE('',#445,(#450,#461),.PCURVE_S1.);
#445 = CIRCLE('',#446,3.2);
#446 = AXIS2_PLACEMENT_3D('',#447,#448,#449);
#447 = CARTESIAN_POINT('',(3.,-3.,0.));
#448 = DIRECTION('',(0.,0.,-1.));
#449 = DIRECTION('',(1.,0.,0.));
#450 = PCURVE('',#70,#451);
#451 = DEFINITIONAL_REPRESENTATION('',(#452),#460);
#452 = ( BOUNDED_CURVE() B_SPLINE_CURVE(2,(#453,#454,#455,#456,#457,#458
,#459),.UNSPECIFIED.,.T.,.F.) B_SPLINE_CURVE_WITH_KNOTS((1,2,2,2,2,1),(
    -2.094395102393,0.,2.094395102393,4.188790204786,6.28318530718,
8.377580409573),.UNSPECIFIED.) CURVE() GEOMETRIC_REPRESENTATION_ITEM() 
RATIONAL_B_SPLINE_CURVE((1.,0.5,1.,0.5,1.,0.5,1.)) REPRESENTATION_ITEM(
  '') );
#453 = CARTESIAN_POINT('',(3.2,0.));
#454 = CARTESIAN_POINT('',(3.2,-5.54256258422));
#455 = CARTESIAN_POINT('',(-1.6,-2.77128129211));
#456 = CARTESIAN_POINT('',(-6.4,-7.837739514543E-16));
#457 = CARTESIAN_POINT('',(-1.6,2.77128129211));
#458 = CARTESIAN_POINT('',(3.2,5.54256258422));
#459 = CARTESIAN_POINT('',(3.2,0.));
#460 = ( GEOMETRIC_REPRESENTATION_CONTEXT(2) 
PARAMETRIC_REPRESENTATION_CONTEXT() REPRESENTATION_CONTEXT('2D SPACE',''
  ) );
#461 = PCURVE('',#462,#467);
#462 = CYLINDRICAL_SURFACE('',#463,3.2);
#463 = AXIS2_PLACEMENT_3D('',#464,#465,#466);
#464 = CARTESIAN_POINT('',(3.,-3.,-1.));
#465 = DIRECTION('',(-0.,-0.,-1.));
#466 = DIRECTION('',(1.,0.,0.));
#467 = DEFINITIONAL_REPRESENTATION('',(#468),#472);
#468 = LINE('',#469,#470);
#469 = CARTESIAN_POINT('',(-6.28318530718,-1.));
#470 = VECTOR('',#471,1.);
#471 = DIRECTION('',(1.,-0.));
#472 = ( GEOMETRIC_REPRESENTATION_CONTEXT(2) 
PARAMETRIC_REPRESENTATION_CONTEXT() REPRESENTATION_CONTEXT('2D SPACE',''
  ) );
#473 = ORIENTED_EDGE('',*,*,#474,.F.);
#474 = EDGE_CURVE('',#475,#442,#477,.T.);
#475 = VERTEX_POINT('',#476);
#476 = CARTESIAN_POINT('',(134.,0.2,0.));
#477 = SURFACE_CURVE('',#478,(#482,#488),.PCURVE_S1.);
#478 = LINE('',#479,#480);
#479 = CARTESIAN_POINT('',(3.,0.2,0.));
#480 = VECTOR('',#481,1.);
#481 = DIRECTION('',(-1.,0.,0.));
#482 = PCURVE('',#70,#483);
#483 = DEFINITIONAL_REPRESENTATION('',(#484),#487);
#484 = B_SPLINE_CURVE_WITH_KNOTS('',1,(#485,#486),.UNSPECIFIED.,.F.,.F.,
  (2,2),(-131.,0.),.PIECEWISE_BEZIER_KNOTS.);
#485 = CARTESIAN_POINT('',(131.,3.2));
#486 = CARTESIAN_POINT('',(0.,3.2));
#487 = ( GEOMETRIC_REPRESENTATION_CONTEXT(2) 
PARAMETRIC_REPRESENTATION_CONTEXT() REPRESENTATION_CONTEXT('2D SPACE',''
  ) );
#488 = PCURVE('',#489,#494);
#489 = PLANE('',#490);
#490 = AXIS2_PLACEMENT_3D('',#491,#492,#493);
#491 = CARTESIAN_POINT('',(3.,0.2,-1.));
#492 = DIRECTION('',(0.,1.,0.));
#493 = DIRECTION('',(1.,0.,0.));
#494 = DEFINITIONAL_REPRESENTATION('',(#495),#498);
#495 = B_SPLINE_CURVE_WITH_KNOTS('',1,(#496,#497),.UNSPECIFIED.,.F.,.F.,
  (2,2),(-131.,0.),.PIECEWISE_BEZIER_KNOTS.);
#496 = CARTESIAN_POINT('',(131.,-1.));
#497 = CARTESIAN_POINT('',(0.,-1.));
#498 = ( GEOMETRIC_REPRESENTATION_CONTEXT(2) 
PARAMETRIC_REPRESENTATION_CONTEXT() REPRESENTATION_CONTEXT('2D SPACE',''
  ) );
#499 = ORIENTED_EDGE('',*,*,#500,.T.);
#500 = EDGE_CURVE('',#475,#501,#503,.T.);
#501 = VERTEX_POINT('',#502);
#502 = CARTESIAN_POINT('',(137.2,-3.,0.));
#503 = SURFACE_CURVE('',#504,(#509,#520),.PCURVE_S1.);
#504 = CIRCLE('',#505,3.2);
#505 = AXIS2_PLACEMENT_3D('',#506,#507,#508);
#506 = CARTESIAN_POINT('',(134.,-3.,0.));
#507 = DIRECTION('',(0.,0.,-1.));
#508 = DIRECTION('',(1.,0.,0.));
#509 = PCURVE('',#70,#510);
#510 = DEFINITIONAL_REPRESENTATION('',(#511),#519);
#511 = ( BOUNDED_CURVE() B_SPLINE_CURVE(2,(#512,#513,#514,#515,#516,#517
,#518),.UNSPECIFIED.,.T.,.F.) B_SPLINE_CURVE_WITH_KNOTS((1,2,2,2,2,1),(
    -2.094395102393,0.,2.094395102393,4.188790204786,6.28318530718,
8.377580409573),.UNSPECIFIED.) CURVE() GEOMETRIC_REPRESENTATION_ITEM() 
RATIONAL_B_SPLINE_CURVE((1.,0.5,1.,0.5,1.,0.5,1.)) REPRESENTATION_ITEM(
  '') );
#512 = CARTESIAN_POINT('',(134.2,0.));
#513 = CARTESIAN_POINT('',(134.2,-5.54256258422));
#514 = CARTESIAN_POINT('',(129.4,-2.77128129211));
#515 = CARTESIAN_POINT('',(124.6,-7.837739514543E-16));
#516 = CARTESIAN_POINT('',(129.4,2.77128129211));
#517 = CARTESIAN_POINT('',(134.2,5.54256258422));
#518 = CARTESIAN_POINT('',(134.2,0.));
#519 = ( GEOMETRIC_REPRESENTATION_CONTEXT(2) 
PARAMETRIC_REPRESENTATION_CONTEXT() REPRESENTATION_CONTEXT('2D SPACE',''
  ) );
#520 = PCURVE('',#521,#526);
#521 = CYLINDRICAL_SURFACE('',#522,3.2);
#522 = AXIS2_PLACEMENT_3D('',#523,#524,#525);
#523 = CARTESIAN_POINT('',(134.,-3.,-1.));
#524 = DIRECTION('',(-0.,-0.,-1.));
#525 = DIRECTION('',(1.,0.,0.));
#526 = DEFINITIONAL_REPRESENTATION('',(#527),#531);
#527 = LINE('',#528,#529);
#528 = CARTESIAN_POINT('',(-6.28318530718,-1.));
#529 = VECTOR('',#530,1.);
#530 = DIRECTION('',(1.,-0.));
#531 = ( GEOMETRIC_REPRESENTATION_CONTEXT(2) 
PARAMETRIC_REPRESENTATION_CONTEXT() REPRESENTATION_CONTEXT('2D SPACE',''
  ) );
#532 = ORIENTED_EDGE('',*,*,#533,.T.);
#533 = EDGE_CURVE('',#501,#534,#536,.T.);
#534 = VERTEX_POINT('',#535);
#535 = CARTESIAN_POINT('',(137.2,-52.75,0.));
#536 = SURFACE_CURVE('',#537,(#541,#547),.PCURVE_S1.);
#537 = LINE('',#538,#539);
#538 = CARTESIAN_POINT('',(137.2,-47.2,0.));
#539 = VECTOR('',#540,1.);
#540 = DIRECTION('',(-0.,-1.,0.));
#541 = PCURVE('',#70,#542);
#542 = DEFINITIONAL_REPRESENTATION('',(#543),#546);
#543 = B_SPLINE_CURVE_WITH_KNOTS('',1,(#544,#545),.UNSPECIFIED.,.F.,.F.,
  (2,2),(-44.2,44.2),.PIECEWISE_BEZIER_KNOTS.);
#544 = CARTESIAN_POINT('',(134.2,0.));
#545 = CARTESIAN_POINT('',(134.2,-88.4));
#546 = ( GEOMETRIC_REPRESENTATION_CONTEXT(2) 
PARAMETRIC_REPRESENTATION_CONTEXT() REPRESENTATION_CONTEXT('2D SPACE',''
  ) );
#547 = PCURVE('',#548,#553);
#548 = PLANE('',#549);
#549 = AXIS2_PLACEMENT_3D('',#550,#551,#552);
#550 = CARTESIAN_POINT('',(137.2,-91.4,-1.));
#551 = DIRECTION('',(-1.,0.,0.));
#552 = DIRECTION('',(0.,1.,0.));
#553 = DEFINITIONAL_REPRESENTATION('',(#554),#557);
#554 = B_SPLINE_CURVE_WITH_KNOTS('',1,(#555,#556),.UNSPECIFIED.,.F.,.F.,
  (2,2),(-44.2,44.2),.PIECEWISE_BEZIER_KNOTS.);
#555 = CARTESIAN_POINT('',(88.4,-1.));
#556 = CARTESIAN_POINT('',(0.,-1.));
#557 = ( GEOMETRIC_REPRESENTATION_CONTEXT(2) 
PARAMETRIC_REPRESENTATION_CONTEXT() REPRESENTATION_CONTEXT('2D SPACE',''
  ) );
#558 = ORIENTED_EDGE('',*,*,#559,.T.);
#559 = EDGE_CURVE('',#534,#560,#562,.T.);
#560 = VERTEX_POINT('',#561);
#561 = CARTESIAN_POINT('',(138.19,-52.75,0.));
#562 = SURFACE_CURVE('',#563,(#567,#573),.PCURVE_S1.);
#563 = LINE('',#564,#565);
#564 = CARTESIAN_POINT('',(71.5,-52.75,0.));
#565 = VECTOR('',#566,1.);
#566 = DIRECTION('',(1.,0.,0.));
#567 = PCURVE('',#70,#568);
#568 = DEFINITIONAL_REPRESENTATION('',(#569),#572);
#569 = B_SPLINE_CURVE_WITH_KNOTS('',1,(#570,#571),.UNSPECIFIED.,.F.,.F.,
  (2,2),(62.5,66.69),.PIECEWISE_BEZIER_KNOTS.);
#570 = CARTESIAN_POINT('',(131.,-49.75));
#571 = CARTESIAN_POINT('',(135.19,-49.75));
#572 = ( GEOMETRIC_REPRESENTATION_CONTEXT(2) 
PARAMETRIC_REPRESENTATION_CONTEXT() REPRESENTATION_CONTEXT('2D SPACE',''
  ) );
#573 = PCURVE('',#574,#579);
#574 = PLANE('',#575);
#575 = AXIS2_PLACEMENT_3D('',#576,#577,#578);
#576 = CARTESIAN_POINT('',(140.,-52.75,-1.));
#577 = DIRECTION('',(0.,-1.,0.));
#578 = DIRECTION('',(-1.,0.,0.));
#579 = DEFINITIONAL_REPRESENTATION('',(#580),#583);
#580 = B_SPLINE_CURVE_WITH_KNOTS('',1,(#581,#582),.UNSPECIFIED.,.F.,.F.,
  (2,2),(62.5,66.69),.PIECEWISE_BEZIER_KNOTS.);
#581 = CARTESIAN_POINT('',(6.,-1.));
#582 = CARTESIAN_POINT('',(1.81,-1.));
#583 = ( GEOMETRIC_REPRESENTATION_CONTEXT(2) 
PARAMETRIC_REPRESENTATION_CONTEXT() REPRESENTATION_CONTEXT('2D SPACE',''
  ) );
#584 = ORIENTED_EDGE('',*,*,#585,.T.);
#585 = EDGE_CURVE('',#560,#586,#588,.T.);
#586 = VERTEX_POINT('',#587);
#587 = CARTESIAN_POINT('',(138.19,-3.,0.));
#588 = SURFACE_CURVE('',#589,(#593,#600),.PCURVE_S1.);
#589 = LINE('',#590,#591);
#590 = CARTESIAN_POINT('',(138.19,-47.2,0.));
#591 = VECTOR('',#592,1.);
#592 = DIRECTION('',(0.,1.,0.));
#593 = PCURVE('',#70,#594);
#594 = DEFINITIONAL_REPRESENTATION('',(#595),#599);
#595 = LINE('',#596,#597);
#596 = CARTESIAN_POINT('',(135.19,-44.2));
#597 = VECTOR('',#598,1.);
#598 = DIRECTION('',(0.,1.));
#599 = ( GEOMETRIC_REPRESENTATION_CONTEXT(2) 
PARAMETRIC_REPRESENTATION_CONTEXT() REPRESENTATION_CONTEXT('2D SPACE',''
  ) );
#600 = PCURVE('',#259,#601);
#601 = DEFINITIONAL_REPRESENTATION('',(#602),#606);
#602 = LINE('',#603,#604);
#603 = CARTESIAN_POINT('',(0.,-4.278808245294));
#604 = VECTOR('',#605,1.);
#605 = DIRECTION('',(1.,0.));
#606 = ( GEOMETRIC_REPRESENTATION_CONTEXT(2) 
PARAMETRIC_REPRESENTATION_CONTEXT() REPRESENTATION_CONTEXT('2D SPACE',''
  ) );
#607 = ORIENTED_EDGE('',*,*,#608,.T.);
#608 = EDGE_CURVE('',#586,#609,#611,.T.);
#609 = VERTEX_POINT('',#610);
#610 = CARTESIAN_POINT('',(134.,1.19,0.));
#611 = SURFACE_CURVE('',#612,(#617,#624),.PCURVE_S1.);
#612 = CIRCLE('',#613,4.19);
#613 = AXIS2_PLACEMENT_3D('',#614,#615,#616);
#614 = CARTESIAN_POINT('',(134.,-3.,0.));
#615 = DIRECTION('',(0.,-0.,1.));
#616 = DIRECTION('',(1.,0.,0.));
#617 = PCURVE('',#70,#618);
#618 = DEFINITIONAL_REPRESENTATION('',(#619),#623);
#619 = CIRCLE('',#620,4.19);
#620 = AXIS2_PLACEMENT_2D('',#621,#622);
#621 = CARTESIAN_POINT('',(131.,0.));
#622 = DIRECTION('',(1.,0.));
#623 = ( GEOMETRIC_REPRESENTATION_CONTEXT(2) 
PARAMETRIC_REPRESENTATION_CONTEXT() REPRESENTATION_CONTEXT('2D SPACE',''
  ) );
#624 = PCURVE('',#625,#630);
#625 = CONICAL_SURFACE('',#626,4.19,0.281830944487);
#626 = AXIS2_PLACEMENT_3D('',#627,#628,#629);
#627 = CARTESIAN_POINT('',(134.,-3.,0.));
#628 = DIRECTION('',(-0.,0.,-1.));
#629 = DIRECTION('',(1.,0.,0.));
#630 = DEFINITIONAL_REPRESENTATION('',(#631),#635);
#631 = LINE('',#632,#633);
#632 = CARTESIAN_POINT('',(-0.,-0.));
#633 = VECTOR('',#634,1.);
#634 = DIRECTION('',(-1.,-0.));
#635 = ( GEOMETRIC_REPRESENTATION_CONTEXT(2) 
PARAMETRIC_REPRESENTATION_CONTEXT() REPRESENTATION_CONTEXT('2D SPACE',''
  ) );
#636 = ORIENTED_EDGE('',*,*,#637,.F.);
#637 = EDGE_CURVE('',#638,#609,#640,.T.);
#638 = VERTEX_POINT('',#639);
#639 = CARTESIAN_POINT('',(3.,1.19,0.));
#640 = SURFACE_CURVE('',#641,(#645,#652),.PCURVE_S1.);
#641 = LINE('',#642,#643);
#642 = CARTESIAN_POINT('',(68.5,1.19,0.));
#643 = VECTOR('',#644,1.);
#644 = DIRECTION('',(1.,0.,0.));
#645 = PCURVE('',#70,#646);
#646 = DEFINITIONAL_REPRESENTATION('',(#647),#651);
#647 = LINE('',#648,#649);
#648 = CARTESIAN_POINT('',(65.5,4.19));
#649 = VECTOR('',#650,1.);
#650 = DIRECTION('',(1.,0.));
#651 = ( GEOMETRIC_REPRESENTATION_CONTEXT(2) 
PARAMETRIC_REPRESENTATION_CONTEXT() REPRESENTATION_CONTEXT('2D SPACE',''
  ) );
#652 = PCURVE('',#653,#658);
#653 = PLANE('',#654);
#654 = AXIS2_PLACEMENT_3D('',#655,#656,#657);
#655 = CARTESIAN_POINT('',(68.5,0.,4.11));
#656 = DIRECTION('',(-0.,0.960547835842,0.278114823516));
#657 = DIRECTION('',(-1.,0.,-0.));
#658 = DEFINITIONAL_REPRESENTATION('',(#659),#663);
#659 = LINE('',#660,#661);
#660 = CARTESIAN_POINT('',(0.,-4.278808245294));
#661 = VECTOR('',#662,1.);
#662 = DIRECTION('',(-1.,0.));
#663 = ( GEOMETRIC_REPRESENTATION_CONTEXT(2) 
PARAMETRIC_REPRESENTATION_CONTEXT() REPRESENTATION_CONTEXT('2D SPACE',''
  ) );
#664 = ORIENTED_EDGE('',*,*,#665,.T.);
#665 = EDGE_CURVE('',#638,#50,#666,.T.);
#666 = SURFACE_CURVE('',#667,(#672,#679),.PCURVE_S1.);
#667 = CIRCLE('',#668,4.19);
#668 = AXIS2_PLACEMENT_3D('',#669,#670,#671);
#669 = CARTESIAN_POINT('',(3.,-3.,0.));
#670 = DIRECTION('',(0.,-0.,1.));
#671 = DIRECTION('',(1.,0.,0.));
#672 = PCURVE('',#70,#673);
#673 = DEFINITIONAL_REPRESENTATION('',(#674),#678);
#674 = CIRCLE('',#675,4.19);
#675 = AXIS2_PLACEMENT_2D('',#676,#677);
#676 = CARTESIAN_POINT('',(0.,0.));
#677 = DIRECTION('',(1.,0.));
#678 = ( GEOMETRIC_REPRESENTATION_CONTEXT(2) 
PARAMETRIC_REPRESENTATION_CONTEXT() REPRESENTATION_CONTEXT('2D SPACE',''
  ) );
#679 = PCURVE('',#147,#680);
#680 = DEFINITIONAL_REPRESENTATION('',(#681),#685);
#681 = LINE('',#682,#683);
#682 = CARTESIAN_POINT('',(-0.,-0.));
#683 = VECTOR('',#684,1.);
#684 = DIRECTION('',(-1.,-0.));
#685 = ( GEOMETRIC_REPRESENTATION_CONTEXT(2) 
PARAMETRIC_REPRESENTATION_CONTEXT() REPRESENTATION_CONTEXT('2D SPACE',''
  ) );
#686 = ADVANCED_FACE('',(#687),#96,.T.);
#687 = FACE_BOUND('',#688,.T.);
#688 = EDGE_LOOP('',(#689,#690,#691,#711));
#689 = ORIENTED_EDGE('',*,*,#82,.F.);
#690 = ORIENTED_EDGE('',*,*,#162,.T.);
#691 = ORIENTED_EDGE('',*,*,#692,.T.);
#692 = EDGE_CURVE('',#163,#693,#695,.T.);
#693 = VERTEX_POINT('',#694);
#694 = CARTESIAN_POINT('',(3.,-94.48975669099,3.8));
#695 = SURFACE_CURVE('',#696,(#699,#705),.PCURVE_S1.);
#696 = B_SPLINE_CURVE_WITH_KNOTS('',1,(#697,#698),.UNSPECIFIED.,.F.,.F.,
  (2,2),(0.,1.),.PIECEWISE_BEZIER_KNOTS.);
#697 = CARTESIAN_POINT('',(3.,-95.59,0.));
#698 = CARTESIAN_POINT('',(3.,-94.4,4.11));
#699 = PCURVE('',#96,#700);
#700 = DEFINITIONAL_REPRESENTATION('',(#701),#704);
#701 = B_SPLINE_CURVE_WITH_KNOTS('',1,(#702,#703),.UNSPECIFIED.,.F.,.F.,
  (2,2),(0.,1.),.PIECEWISE_BEZIER_KNOTS.);
#702 = CARTESIAN_POINT('',(-4.712388980385,0.));
#703 = CARTESIAN_POINT('',(-4.712388980385,-4.11));
#704 = ( GEOMETRIC_REPRESENTATION_CONTEXT(2) 
PARAMETRIC_REPRESENTATION_CONTEXT() REPRESENTATION_CONTEXT('2D SPACE',''
  ) );
#705 = PCURVE('',#202,#706);
#706 = DEFINITIONAL_REPRESENTATION('',(#707),#710);
#707 = B_SPLINE_CURVE_WITH_KNOTS('',1,(#708,#709),.UNSPECIFIED.,.F.,.F.,
  (2,2),(0.,1.),.PIECEWISE_BEZIER_KNOTS.);
#708 = CARTESIAN_POINT('',(-65.5,-4.278808245294));
#709 = CARTESIAN_POINT('',(-65.5,0.));
#710 = ( GEOMETRIC_REPRESENTATION_CONTEXT(2) 
PARAMETRIC_REPRESENTATION_CONTEXT() REPRESENTATION_CONTEXT('2D SPACE',''
  ) );
#711 = ORIENTED_EDGE('',*,*,#712,.F.);
#712 = EDGE_CURVE('',#83,#693,#713,.T.);
#713 = SURFACE_CURVE('',#714,(#719,#726),.PCURVE_S1.);
#714 = CIRCLE('',#715,3.089756690998);
#715 = AXIS2_PLACEMENT_3D('',#716,#717,#718);
#716 = CARTESIAN_POINT('',(3.,-91.4,3.8));
#717 = DIRECTION('',(0.,-0.,1.));
#718 = DIRECTION('',(1.,0.,0.));
#719 = PCURVE('',#96,#720);
#720 = DEFINITIONAL_REPRESENTATION('',(#721),#725);
#721 = LINE('',#722,#723);
#722 = CARTESIAN_POINT('',(-0.,-3.8));
#723 = VECTOR('',#724,1.);
#724 = DIRECTION('',(-1.,-0.));
#725 = ( GEOMETRIC_REPRESENTATION_CONTEXT(2) 
PARAMETRIC_REPRESENTATION_CONTEXT() REPRESENTATION_CONTEXT('2D SPACE',''
  ) );
#726 = PCURVE('',#123,#727);
#727 = DEFINITIONAL_REPRESENTATION('',(#728),#732);
#728 = CIRCLE('',#729,3.089756690998);
#729 = AXIS2_PLACEMENT_2D('',#730,#731);
#730 = CARTESIAN_POINT('',(13.,-101.4));
#731 = DIRECTION('',(1.,0.));
#732 = ( GEOMETRIC_REPRESENTATION_CONTEXT(2) 
PARAMETRIC_REPRESENTATION_CONTEXT() REPRESENTATION_CONTEXT('2D SPACE',''
  ) );
#733 = ADVANCED_FACE('',(#734),#123,.T.);
#734 = FACE_BOUND('',#735,.T.);
#735 = EDGE_LOOP('',(#736,#780,#802,#824,#825,#826,#848,#890,#916,#949,
    #975,#1008));
#736 = ORIENTED_EDGE('',*,*,#737,.F.);
#737 = EDGE_CURVE('',#738,#740,#742,.T.);
#738 = VERTEX_POINT('',#739);
#739 = CARTESIAN_POINT('',(78.,8.975669099757E-02,3.8));
#740 = VERTEX_POINT('',#741);
#741 = CARTESIAN_POINT('',(78.,-4.2,3.8));
#742 = SURFACE_CURVE('',#743,(#747,#754),.PCURVE_S1.);
#743 = LINE('',#744,#745);
#744 = CARTESIAN_POINT('',(78.,10.,3.8));
#745 = VECTOR('',#746,1.);
#746 = DIRECTION('',(0.,-1.,0.));
#747 = PCURVE('',#123,#748);
#748 = DEFINITIONAL_REPRESENTATION('',(#749),#753);
#749 = LINE('',#750,#751);
#750 = CARTESIAN_POINT('',(88.,0.));
#751 = VECTOR('',#752,1.);
#752 = DIRECTION('',(0.,-1.));
#753 = ( GEOMETRIC_REPRESENTATION_CONTEXT(2) 
PARAMETRIC_REPRESENTATION_CONTEXT() REPRESENTATION_CONTEXT('2D SPACE',''
  ) );
#754 = PCURVE('',#755,#774);
#755 = SURFACE_OF_LINEAR_EXTRUSION('',#756,#772);
#756 = B_SPLINE_CURVE_WITH_KNOTS('',3,(#757,#758,#759,#760,#761,#762,
    #763,#764,#765,#766,#767,#768,#769,#770,#771),.UNSPECIFIED.,.F.,.F.,
  (4,1,1,1,1,1,1,1,1,1,1,1,4),(0.,2.433340492799,4.866728549682,
    7.30018676189,9.733716316423,12.167302348813,14.600919294844,
    17.034536240874,19.468122273265,21.901651827798,24.335110040006,
    26.768498096888,29.201838589687),.UNSPECIFIED.);
#757 = CARTESIAN_POINT('',(78.,10.,3.8));
#758 = CARTESIAN_POINT('',(78.811116528743,10.,3.799999991357));
#759 = CARTESIAN_POINT('',(80.433356869466,10.,3.804166772235));
#760 = CARTESIAN_POINT('',(82.866702602685,10.,3.820833639221));
#761 = CARTESIAN_POINT('',(85.300036043589,10.,3.845833758573));
#762 = CARTESIAN_POINT('',(87.733361885627,10.,3.877083732404));
#763 = CARTESIAN_POINT('',(90.166682265518,10.,3.912500238882));
#764 = CARTESIAN_POINT('',(92.6,10.,3.95));
#765 = CARTESIAN_POINT('',(95.033317734482,10.,3.987499761118));
#766 = CARTESIAN_POINT('',(97.466638114373,10.,4.022916267596));
#767 = CARTESIAN_POINT('',(99.899963956411,10.,4.054166241427));
#768 = CARTESIAN_POINT('',(102.33329739731,10.,4.079166360779));
#769 = CARTESIAN_POINT('',(104.76664313053,10.,4.095833227765));
#770 = CARTESIAN_POINT('',(106.38888347125,10.,4.100000008643));
#771 = CARTESIAN_POINT('',(107.2,10.,4.1));
#772 = VECTOR('',#773,1.);
#773 = DIRECTION('',(-0.,1.,-0.));
#774 = DEFINITIONAL_REPRESENTATION('',(#775),#779);
#775 = LINE('',#776,#777);
#776 = CARTESIAN_POINT('',(0.,0.));
#777 = VECTOR('',#778,1.);
#778 = DIRECTION('',(0.,-1.));
#779 = ( GEOMETRIC_REPRESENTATION_CONTEXT(2) 
PARAMETRIC_REPRESENTATION_CONTEXT() REPRESENTATION_CONTEXT('2D SPACE',''
  ) );
#780 = ORIENTED_EDGE('',*,*,#781,.F.);
#781 = EDGE_CURVE('',#782,#738,#784,.T.);
#782 = VERTEX_POINT('',#783);
#783 = CARTESIAN_POINT('',(3.,8.975669099757E-02,3.8));
#784 = SURFACE_CURVE('',#785,(#789,#796),.PCURVE_S1.);
#785 = LINE('',#786,#787);
#786 = CARTESIAN_POINT('',(29.25,8.975669099757E-02,3.8));
#787 = VECTOR('',#788,1.);
#788 = DIRECTION('',(1.,0.,0.));
#789 = PCURVE('',#123,#790);
#790 = DEFINITIONAL_REPRESENTATION('',(#791),#795);
#791 = LINE('',#792,#793);
#792 = CARTESIAN_POINT('',(39.25,-9.910243309002));
#793 = VECTOR('',#794,1.);
#794 = DIRECTION('',(1.,0.));
#795 = ( GEOMETRIC_REPRESENTATION_CONTEXT(2) 
PARAMETRIC_REPRESENTATION_CONTEXT() REPRESENTATION_CONTEXT('2D SPACE',''
  ) );
#796 = PCURVE('',#653,#797);
#797 = DEFINITIONAL_REPRESENTATION('',(#798),#801);
#798 = B_SPLINE_CURVE_WITH_KNOTS('',1,(#799,#800),.UNSPECIFIED.,.F.,.F.,
  (2,2),(-26.25,48.75),.PIECEWISE_BEZIER_KNOTS.);
#799 = CARTESIAN_POINT('',(65.5,-0.322732495387));
#800 = CARTESIAN_POINT('',(-9.5,-0.322732495387));
#801 = ( GEOMETRIC_REPRESENTATION_CONTEXT(2) 
PARAMETRIC_REPRESENTATION_CONTEXT() REPRESENTATION_CONTEXT('2D SPACE',''
  ) );
#802 = ORIENTED_EDGE('',*,*,#803,.T.);
#803 = EDGE_CURVE('',#782,#108,#804,.T.);
#804 = SURFACE_CURVE('',#805,(#810,#817),.PCURVE_S1.);
#805 = CIRCLE('',#806,3.089756690998);
#806 = AXIS2_PLACEMENT_3D('',#807,#808,#809);
#807 = CARTESIAN_POINT('',(3.,-3.,3.8));
#808 = DIRECTION('',(0.,-0.,1.));
#809 = DIRECTION('',(1.,0.,0.));
#810 = PCURVE('',#123,#811);
#811 = DEFINITIONAL_REPRESENTATION('',(#812),#816);
#812 = CIRCLE('',#813,3.089756690998);
#813 = AXIS2_PLACEMENT_2D('',#814,#815);
#814 = CARTESIAN_POINT('',(13.,-13.));
#815 = DIRECTION('',(1.,0.));
#816 = ( GEOMETRIC_REPRESENTATION_CONTEXT(2) 
PARAMETRIC_REPRESENTATION_CONTEXT() REPRESENTATION_CONTEXT('2D SPACE',''
  ) );
#817 = PCURVE('',#147,#818);
#818 = DEFINITIONAL_REPRESENTATION('',(#819),#823);
#819 = LINE('',#820,#821);
#820 = CARTESIAN_POINT('',(-0.,-3.8));
#821 = VECTOR('',#822,1.);
#822 = DIRECTION('',(-1.,-0.));
#823 = ( GEOMETRIC_REPRESENTATION_CONTEXT(2) 
PARAMETRIC_REPRESENTATION_CONTEXT() REPRESENTATION_CONTEXT('2D SPACE',''
  ) );
#824 = ORIENTED_EDGE('',*,*,#107,.F.);
#825 = ORIENTED_EDGE('',*,*,#712,.T.);
#826 = ORIENTED_EDGE('',*,*,#827,.F.);
#827 = EDGE_CURVE('',#828,#693,#830,.T.);
#828 = VERTEX_POINT('',#829);
#829 = CARTESIAN_POINT('',(78.,-94.48975669099,3.8));
#830 = SURFACE_CURVE('',#831,(#835,#842),.PCURVE_S1.);
#831 = LINE('',#832,#833);
#832 = CARTESIAN_POINT('',(29.25,-94.48975669099,3.8));
#833 = VECTOR('',#834,1.);
#834 = DIRECTION('',(-1.,-0.,0.));
#835 = PCURVE('',#123,#836);
#836 = DEFINITIONAL_REPRESENTATION('',(#837),#841);
#837 = LINE('',#838,#839);
#838 = CARTESIAN_POINT('',(39.25,-104.4897566909));
#839 = VECTOR('',#840,1.);
#840 = DIRECTION('',(-1.,-0.));
#841 = ( GEOMETRIC_REPRESENTATION_CONTEXT(2) 
PARAMETRIC_REPRESENTATION_CONTEXT() REPRESENTATION_CONTEXT('2D SPACE',''
  ) );
#842 = PCURVE('',#202,#843);
#843 = DEFINITIONAL_REPRESENTATION('',(#844),#847);
#844 = B_SPLINE_CURVE_WITH_KNOTS('',1,(#845,#846),.UNSPECIFIED.,.F.,.F.,
  (2,2),(-48.75,26.25),.PIECEWISE_BEZIER_KNOTS.);
#845 = CARTESIAN_POINT('',(9.5,-0.322732495387));
#846 = CARTESIAN_POINT('',(-65.5,-0.322732495387));
#847 = ( GEOMETRIC_REPRESENTATION_CONTEXT(2) 
PARAMETRIC_REPRESENTATION_CONTEXT() REPRESENTATION_CONTEXT('2D SPACE',''
  ) );
#848 = ORIENTED_EDGE('',*,*,#849,.F.);
#849 = EDGE_CURVE('',#850,#828,#852,.T.);
#850 = VERTEX_POINT('',#851);
#851 = CARTESIAN_POINT('',(78.,-90.2,3.8));
#852 = SURFACE_CURVE('',#853,(#857,#864),.PCURVE_S1.);
#853 = LINE('',#854,#855);
#854 = CARTESIAN_POINT('',(78.,10.,3.8));
#855 = VECTOR('',#856,1.);
#856 = DIRECTION('',(0.,-1.,0.));
#857 = PCURVE('',#123,#858);
#858 = DEFINITIONAL_REPRESENTATION('',(#859),#863);
#859 = LINE('',#860,#861);
#860 = CARTESIAN_POINT('',(88.,0.));
#861 = VECTOR('',#862,1.);
#862 = DIRECTION('',(0.,-1.));
#863 = ( GEOMETRIC_REPRESENTATION_CONTEXT(2) 
PARAMETRIC_REPRESENTATION_CONTEXT() REPRESENTATION_CONTEXT('2D SPACE',''
  ) );
#864 = PCURVE('',#865,#884);
#865 = SURFACE_OF_LINEAR_EXTRUSION('',#866,#882);
#866 = B_SPLINE_CURVE_WITH_KNOTS('',3,(#867,#868,#869,#870,#871,#872,
    #873,#874,#875,#876,#877,#878,#879,#880,#881),.UNSPECIFIED.,.F.,.F.,
  (4,1,1,1,1,1,1,1,1,1,1,1,4),(0.,2.433340492799,4.866728549682,
    7.30018676189,9.733716316423,12.167302348813,14.600919294844,
    17.034536240874,19.468122273265,21.901651827798,24.335110040006,
    26.768498096888,29.201838589687),.UNSPECIFIED.);
#867 = CARTESIAN_POINT('',(78.,10.,3.8));
#868 = CARTESIAN_POINT('',(78.811116528743,10.,3.799999991357));
#869 = CARTESIAN_POINT('',(80.433356869466,10.,3.804166772235));
#870 = CARTESIAN_POINT('',(82.866702602685,10.,3.820833639221));
#871 = CARTESIAN_POINT('',(85.300036043589,10.,3.845833758573));
#872 = CARTESIAN_POINT('',(87.733361885627,10.,3.877083732404));
#873 = CARTESIAN_POINT('',(90.166682265518,10.,3.912500238882));
#874 = CARTESIAN_POINT('',(92.6,10.,3.95));
#875 = CARTESIAN_POINT('',(95.033317734482,10.,3.987499761118));
#876 = CARTESIAN_POINT('',(97.466638114373,10.,4.022916267596));
#877 = CARTESIAN_POINT('',(99.899963956411,10.,4.054166241427));
#878 = CARTESIAN_POINT('',(102.33329739731,10.,4.079166360779));
#879 = CARTESIAN_POINT('',(104.76664313053,10.,4.095833227765));
#880 = CARTESIAN_POINT('',(106.38888347125,10.,4.100000008643));
#881 = CARTESIAN_POINT('',(107.2,10.,4.1));
#882 = VECTOR('',#883,1.);
#883 = DIRECTION('',(-0.,1.,-0.));
#884 = DEFINITIONAL_REPRESENTATION('',(#885),#889);
#885 = LINE('',#886,#887);
#886 = CARTESIAN_POINT('',(0.,0.));
#887 = VECTOR('',#888,1.);
#888 = DIRECTION('',(0.,-1.));
#889 = ( GEOMETRIC_REPRESENTATION_CONTEXT(2) 
PARAMETRIC_REPRESENTATION_CONTEXT() REPRESENTATION_CONTEXT('2D SPACE',''
  ) );
#890 = ORIENTED_EDGE('',*,*,#891,.T.);
#891 = EDGE_CURVE('',#850,#892,#894,.T.);
#892 = VERTEX_POINT('',#893);
#893 = CARTESIAN_POINT('',(5.2,-90.2,3.8));
#894 = SURFACE_CURVE('',#895,(#899,#905),.PCURVE_S1.);
#895 = LINE('',#896,#897);
#896 = CARTESIAN_POINT('',(-2.4,-90.2,3.8));
#897 = VECTOR('',#898,1.);
#898 = DIRECTION('',(-1.,0.,-0.));
#899 = PCURVE('',#123,#900);
#900 = DEFINITIONAL_REPRESENTATION('',(#901),#904);
#901 = B_SPLINE_CURVE_WITH_KNOTS('',1,(#902,#903),.UNSPECIFIED.,.F.,.F.,
  (2,2),(-80.4,-7.6),.PIECEWISE_BEZIER_KNOTS.);
#902 = CARTESIAN_POINT('',(88.,-100.2));
#903 = CARTESIAN_POINT('',(15.2,-100.2));
#904 = ( GEOMETRIC_REPRESENTATION_CONTEXT(2) 
PARAMETRIC_REPRESENTATION_CONTEXT() REPRESENTATION_CONTEXT('2D SPACE',''
  ) );
#905 = PCURVE('',#906,#911);
#906 = PLANE('',#907);
#907 = AXIS2_PLACEMENT_3D('',#908,#909,#910);
#908 = CARTESIAN_POINT('',(5.2,-90.2,-1.));
#909 = DIRECTION('',(0.,1.,0.));
#910 = DIRECTION('',(1.,0.,0.));
#911 = DEFINITIONAL_REPRESENTATION('',(#912),#915);
#912 = B_SPLINE_CURVE_WITH_KNOTS('',1,(#913,#914),.UNSPECIFIED.,.F.,.F.,
  (2,2),(-80.4,-7.6),.PIECEWISE_BEZIER_KNOTS.);
#913 = CARTESIAN_POINT('',(72.8,-4.8));
#914 = CARTESIAN_POINT('',(0.,-4.8));
#915 = ( GEOMETRIC_REPRESENTATION_CONTEXT(2) 
PARAMETRIC_REPRESENTATION_CONTEXT() REPRESENTATION_CONTEXT('2D SPACE',''
  ) );
#916 = ORIENTED_EDGE('',*,*,#917,.T.);
#917 = EDGE_CURVE('',#892,#918,#920,.T.);
#918 = VERTEX_POINT('',#919);
#919 = CARTESIAN_POINT('',(4.2,-89.2,3.8));
#920 = SURFACE_CURVE('',#921,(#926,#937),.PCURVE_S1.);
#921 = CIRCLE('',#922,1.);
#922 = AXIS2_PLACEMENT_3D('',#923,#924,#925);
#923 = CARTESIAN_POINT('',(5.2,-89.2,3.8));
#924 = DIRECTION('',(0.,0.,-1.));
#925 = DIRECTION('',(1.,0.,0.));
#926 = PCURVE('',#123,#927);
#927 = DEFINITIONAL_REPRESENTATION('',(#928),#936);
#928 = ( BOUNDED_CURVE() B_SPLINE_CURVE(2,(#929,#930,#931,#932,#933,#934
,#935),.UNSPECIFIED.,.T.,.F.) B_SPLINE_CURVE_WITH_KNOTS((1,2,2,2,2,1),(
    -2.094395102393,0.,2.094395102393,4.188790204786,6.28318530718,
8.377580409573),.UNSPECIFIED.) CURVE() GEOMETRIC_REPRESENTATION_ITEM() 
RATIONAL_B_SPLINE_CURVE((1.,0.5,1.,0.5,1.,0.5,1.)) REPRESENTATION_ITEM(
  '') );
#929 = CARTESIAN_POINT('',(16.2,-99.2));
#930 = CARTESIAN_POINT('',(16.2,-100.9320508075));
#931 = CARTESIAN_POINT('',(14.7,-100.0660254037));
#932 = CARTESIAN_POINT('',(13.2,-99.2));
#933 = CARTESIAN_POINT('',(14.7,-98.33397459621));
#934 = CARTESIAN_POINT('',(16.2,-97.46794919243));
#935 = CARTESIAN_POINT('',(16.2,-99.2));
#936 = ( GEOMETRIC_REPRESENTATION_CONTEXT(2) 
PARAMETRIC_REPRESENTATION_CONTEXT() REPRESENTATION_CONTEXT('2D SPACE',''
  ) );
#937 = PCURVE('',#938,#943);
#938 = CYLINDRICAL_SURFACE('',#939,1.);
#939 = AXIS2_PLACEMENT_3D('',#940,#941,#942);
#940 = CARTESIAN_POINT('',(5.2,-89.2,-1.));
#941 = DIRECTION('',(-0.,-0.,-1.));
#942 = DIRECTION('',(1.,0.,0.));
#943 = DEFINITIONAL_REPRESENTATION('',(#944),#948);
#944 = LINE('',#945,#946);
#945 = CARTESIAN_POINT('',(-6.28318530718,-4.8));
#946 = VECTOR('',#947,1.);
#947 = DIRECTION('',(1.,-0.));
#948 = ( GEOMETRIC_REPRESENTATION_CONTEXT(2) 
PARAMETRIC_REPRESENTATION_CONTEXT() REPRESENTATION_CONTEXT('2D SPACE',''
  ) );
#949 = ORIENTED_EDGE('',*,*,#950,.F.);
#950 = EDGE_CURVE('',#951,#918,#953,.T.);
#951 = VERTEX_POINT('',#952);
#952 = CARTESIAN_POINT('',(4.2,-5.2,3.8));
#953 = SURFACE_CURVE('',#954,(#958,#964),.PCURVE_S1.);
#954 = LINE('',#955,#956);
#955 = CARTESIAN_POINT('',(4.2,-39.6,3.8));
#956 = VECTOR('',#957,1.);
#957 = DIRECTION('',(0.,-1.,0.));
#958 = PCURVE('',#123,#959);
#959 = DEFINITIONAL_REPRESENTATION('',(#960),#963);
#960 = B_SPLINE_CURVE_WITH_KNOTS('',1,(#961,#962),.UNSPECIFIED.,.F.,.F.,
  (2,2),(-34.4,49.6),.PIECEWISE_BEZIER_KNOTS.);
#961 = CARTESIAN_POINT('',(14.2,-15.2));
#962 = CARTESIAN_POINT('',(14.2,-99.2));
#963 = ( GEOMETRIC_REPRESENTATION_CONTEXT(2) 
PARAMETRIC_REPRESENTATION_CONTEXT() REPRESENTATION_CONTEXT('2D SPACE',''
  ) );
#964 = PCURVE('',#965,#970);
#965 = PLANE('',#966);
#966 = AXIS2_PLACEMENT_3D('',#967,#968,#969);
#967 = CARTESIAN_POINT('',(4.2,-89.2,-1.));
#968 = DIRECTION('',(-1.,0.,0.));
#969 = DIRECTION('',(0.,1.,0.));
#970 = DEFINITIONAL_REPRESENTATION('',(#971),#974);
#971 = B_SPLINE_CURVE_WITH_KNOTS('',1,(#972,#973),.UNSPECIFIED.,.F.,.F.,
  (2,2),(-34.4,49.6),.PIECEWISE_BEZIER_KNOTS.);
#972 = CARTESIAN_POINT('',(84.,-4.8));
#973 = CARTESIAN_POINT('',(0.,-4.8));
#974 = ( GEOMETRIC_REPRESENTATION_CONTEXT(2) 
PARAMETRIC_REPRESENTATION_CONTEXT() REPRESENTATION_CONTEXT('2D SPACE',''
  ) );
#975 = ORIENTED_EDGE('',*,*,#976,.T.);
#976 = EDGE_CURVE('',#951,#977,#979,.T.);
#977 = VERTEX_POINT('',#978);
#978 = CARTESIAN_POINT('',(5.2,-4.2,3.8));
#979 = SURFACE_CURVE('',#980,(#985,#996),.PCURVE_S1.);
#980 = CIRCLE('',#981,1.);
#981 = AXIS2_PLACEMENT_3D('',#982,#983,#984);
#982 = CARTESIAN_POINT('',(5.2,-5.2,3.8));
#983 = DIRECTION('',(0.,0.,-1.));
#984 = DIRECTION('',(1.,0.,0.));
#985 = PCURVE('',#123,#986);
#986 = DEFINITIONAL_REPRESENTATION('',(#987),#995);
#987 = ( BOUNDED_CURVE() B_SPLINE_CURVE(2,(#988,#989,#990,#991,#992,#993
,#994),.UNSPECIFIED.,.T.,.F.) B_SPLINE_CURVE_WITH_KNOTS((1,2,2,2,2,1),(
    -2.094395102393,0.,2.094395102393,4.188790204786,6.28318530718,
8.377580409573),.UNSPECIFIED.) CURVE() GEOMETRIC_REPRESENTATION_ITEM() 
RATIONAL_B_SPLINE_CURVE((1.,0.5,1.,0.5,1.,0.5,1.)) REPRESENTATION_ITEM(
  '') );
#988 = CARTESIAN_POINT('',(16.2,-15.2));
#989 = CARTESIAN_POINT('',(16.2,-16.93205080756));
#990 = CARTESIAN_POINT('',(14.7,-16.06602540378));
#991 = CARTESIAN_POINT('',(13.2,-15.2));
#992 = CARTESIAN_POINT('',(14.7,-14.33397459621));
#993 = CARTESIAN_POINT('',(16.2,-13.46794919243));
#994 = CARTESIAN_POINT('',(16.2,-15.2));
#995 = ( GEOMETRIC_REPRESENTATION_CONTEXT(2) 
PARAMETRIC_REPRESENTATION_CONTEXT() REPRESENTATION_CONTEXT('2D SPACE',''
  ) );
#996 = PCURVE('',#997,#1002);
#997 = CYLINDRICAL_SURFACE('',#998,1.);
#998 = AXIS2_PLACEMENT_3D('',#999,#1000,#1001);
#999 = CARTESIAN_POINT('',(5.2,-5.2,-1.));
#1000 = DIRECTION('',(-0.,-0.,-1.));
#1001 = DIRECTION('',(1.,0.,0.));
#1002 = DEFINITIONAL_REPRESENTATION('',(#1003),#1007);
#1003 = LINE('',#1004,#1005);
#1004 = CARTESIAN_POINT('',(-6.28318530718,-4.8));
#1005 = VECTOR('',#1006,1.);
#1006 = DIRECTION('',(1.,-0.));
#1007 = ( GEOMETRIC_REPRESENTATION_CONTEXT(2) 
PARAMETRIC_REPRESENTATION_CONTEXT() REPRESENTATION_CONTEXT('2D SPACE',''
  ) );
#1008 = ORIENTED_EDGE('',*,*,#1009,.F.);
#1009 = EDGE_CURVE('',#740,#977,#1010,.T.);
#1010 = SURFACE_CURVE('',#1011,(#1015,#1021),.PCURVE_S1.);
#1011 = LINE('',#1012,#1013);
#1012 = CARTESIAN_POINT('',(-2.4,-4.2,3.8));
#1013 = VECTOR('',#1014,1.);
#1014 = DIRECTION('',(-1.,0.,-0.));
#1015 = PCURVE('',#123,#1016);
#1016 = DEFINITIONAL_REPRESENTATION('',(#1017),#1020);
#1017 = B_SPLINE_CURVE_WITH_KNOTS('',1,(#1018,#1019),.UNSPECIFIED.,.F.,
  .F.,(2,2),(-80.4,-7.6),.PIECEWISE_BEZIER_KNOTS.);
#1018 = CARTESIAN_POINT('',(88.,-14.2));
#1019 = CARTESIAN_POINT('',(15.2,-14.2));
#1020 = ( GEOMETRIC_REPRESENTATION_CONTEXT(2) 
PARAMETRIC_REPRESENTATION_CONTEXT() REPRESENTATION_CONTEXT('2D SPACE',''
  ) );
#1021 = PCURVE('',#1022,#1027);
#1022 = PLANE('',#1023);
#1023 = AXIS2_PLACEMENT_3D('',#1024,#1025,#1026);
#1024 = CARTESIAN_POINT('',(5.2,-4.2,-1.));
#1025 = DIRECTION('',(0.,1.,0.));
#1026 = DIRECTION('',(1.,0.,0.));
#1027 = DEFINITIONAL_REPRESENTATION('',(#1028),#1031);
#1028 = B_SPLINE_CURVE_WITH_KNOTS('',1,(#1029,#1030),.UNSPECIFIED.,.F.,
  .F.,(2,2),(-80.4,-7.6),.PIECEWISE_BEZIER_KNOTS.);
#1029 = CARTESIAN_POINT('',(72.8,-4.8));
#1030 = CARTESIAN_POINT('',(0.,-4.8));
#1031 = ( GEOMETRIC_REPRESENTATION_CONTEXT(2) 
PARAMETRIC_REPRESENTATION_CONTEXT() REPRESENTATION_CONTEXT('2D SPACE',''
  ) );
#1032 = ADVANCED_FACE('',(#1033),#147,.T.);
#1033 = FACE_BOUND('',#1034,.T.);
#1034 = EDGE_LOOP('',(#1035,#1053,#1054,#1055));
#1035 = ORIENTED_EDGE('',*,*,#1036,.F.);
#1036 = EDGE_CURVE('',#638,#782,#1037,.T.);
#1037 = SURFACE_CURVE('',#1038,(#1041,#1047),.PCURVE_S1.);
#1038 = B_SPLINE_CURVE_WITH_KNOTS('',1,(#1039,#1040),.UNSPECIFIED.,.F.,
  .F.,(2,2),(0.,1.),.PIECEWISE_BEZIER_KNOTS.);
#1039 = CARTESIAN_POINT('',(3.,1.19,0.));
#1040 = CARTESIAN_POINT('',(3.,0.,4.11));
#1041 = PCURVE('',#147,#1042);
#1042 = DEFINITIONAL_REPRESENTATION('',(#1043),#1046);
#1043 = B_SPLINE_CURVE_WITH_KNOTS('',1,(#1044,#1045),.UNSPECIFIED.,.F.,
  .F.,(2,2),(0.,1.),.PIECEWISE_BEZIER_KNOTS.);
#1044 = CARTESIAN_POINT('',(-1.570796326795,0.));
#1045 = CARTESIAN_POINT('',(-1.570796326795,-4.11));
#1046 = ( GEOMETRIC_REPRESENTATION_CONTEXT(2) 
PARAMETRIC_REPRESENTATION_CONTEXT() REPRESENTATION_CONTEXT('2D SPACE',''
  ) );
#1047 = PCURVE('',#653,#1048);
#1048 = DEFINITIONAL_REPRESENTATION('',(#1049),#1052);
#1049 = B_SPLINE_CURVE_WITH_KNOTS('',1,(#1050,#1051),.UNSPECIFIED.,.F.,
  .F.,(2,2),(0.,1.),.PIECEWISE_BEZIER_KNOTS.);
#1050 = CARTESIAN_POINT('',(65.5,-4.278808245294));
#1051 = CARTESIAN_POINT('',(65.5,0.));
#1052 = ( GEOMETRIC_REPRESENTATION_CONTEXT(2) 
PARAMETRIC_REPRESENTATION_CONTEXT() REPRESENTATION_CONTEXT('2D SPACE',''
  ) );
#1053 = ORIENTED_EDGE('',*,*,#665,.T.);
#1054 = ORIENTED_EDGE('',*,*,#135,.T.);
#1055 = ORIENTED_EDGE('',*,*,#803,.F.);
#1056 = ADVANCED_FACE('',(#1057),#653,.T.);
#1057 = FACE_BOUND('',#1058,.T.);
#1058 = EDGE_LOOP('',(#1059,#1060,#1061,#1062,#1172,#1199));
#1059 = ORIENTED_EDGE('',*,*,#637,.F.);
#1060 = ORIENTED_EDGE('',*,*,#1036,.T.);
#1061 = ORIENTED_EDGE('',*,*,#781,.T.);
#1062 = ORIENTED_EDGE('',*,*,#1063,.F.);
#1063 = EDGE_CURVE('',#1064,#738,#1066,.T.);
#1064 = VERTEX_POINT('',#1065);
#1065 = CARTESIAN_POINT('',(107.2,2.895377128954E-03,4.1));
#1066 = SURFACE_CURVE('',#1067,(#1100,#1136),.PCURVE_S1.);
#1067 = B_SPLINE_CURVE_WITH_KNOTS('',6,(#1068,#1069,#1070,#1071,#1072,
    #1073,#1074,#1075,#1076,#1077,#1078,#1079,#1080,#1081,#1082,#1083,
    #1084,#1085,#1086,#1087,#1088,#1089,#1090,#1091,#1092,#1093,#1094,
    #1095,#1096,#1097,#1098,#1099),.UNSPECIFIED.,.F.,.F.,(7,5,5,5,5,5,7)
  ,(0.,0.334633869863,0.44663424703,0.526634590478,0.579634808408,
    0.740635191172,1.),.UNSPECIFIED.);
#1068 = CARTESIAN_POINT('',(107.2,2.895377128954E-03,4.1));
#1069 = CARTESIAN_POINT('',(105.57133387372,2.895372104058E-03,
    4.100000017355));
#1070 = CARTESIAN_POINT('',(103.94267700682,4.840997957774E-03,
    4.093280250751));
#1071 = CARTESIAN_POINT('',(102.31404506776,8.40664227122E-03,
    4.080965294341));
#1072 = CARTESIAN_POINT('',(100.68547189134,1.326652500588E-02,
    4.064180321198));
#1073 = CARTESIAN_POINT('',(99.056942607571,1.909502973171E-02,
    4.04404993933));
#1074 = CARTESIAN_POINT('',(96.883395293153,2.773276506356E-02,
    4.01421708873));
#1075 = CARTESIAN_POINT('',(96.338348754041,2.99708587289E-02,
    4.006487202205));
#1076 = CARTESIAN_POINT('',(95.793305434664,3.226880016222E-02,
    3.998550614566));
#1077 = CARTESIAN_POINT('',(95.248264762374,3.461438877324E-02,
    3.990449463985));
#1078 = CARTESIAN_POINT('',(94.703226107657,3.69954248667E-02,
    3.982225885544));
#1079 = CARTESIAN_POINT('',(93.768876049873,4.111705750011E-02,
    3.967990666953));
#1080 = CARTESIAN_POINT('',(93.379563993468,4.284626711316E-02,
    3.96201835476));
#1081 = CARTESIAN_POINT('',(92.990252362178,4.458289300037E-02,
    3.956020428377));
#1082 = CARTESIAN_POINT('',(92.600940902032,4.632248968881E-02,
    3.950012241495));
#1083 = CARTESIAN_POINT('',(92.21162935783,4.806061171377E-02,
    3.944009147778));
#1084 = CARTESIAN_POINT('',(91.564398396282,5.094039717281E-02,
    3.934062998));
#1085 = CARTESIAN_POINT('',(91.306479170592,5.208538234656E-02,
    3.930108469375));
#1086 = CARTESIAN_POINT('',(91.048559721899,5.322647650855E-02,
    3.926167379454));
#1087 = CARTESIAN_POINT('',(90.790639976934,5.436238702165E-02,
    3.922244192724));
#1088 = CARTESIAN_POINT('',(90.532719863335,5.549182124293E-02,
    3.91834337369));
#1089 = CARTESIAN_POINT('',(89.491306156439,6.002080344807E-02,
    3.902701258679));
#1090 = CARTESIAN_POINT('',(88.707809024301,6.335642884208E-02,
    3.891180737361));
#1091 = CARTESIAN_POINT('',(87.924305824568,6.658412722626E-02,
    3.880032972353));
#1092 = CARTESIAN_POINT('',(87.140794916084,6.966765621579E-02,
    3.869383136935));
#1093 = CARTESIAN_POINT('',(86.357275105203,7.257076652055E-02,
    3.859356428236));
#1094 = CARTESIAN_POINT('',(84.311512817753,7.958493581977E-02,
    3.835131019984));
#1095 = CARTESIAN_POINT('',(83.049255676623,8.335036127365E-02,
    3.822126063164));
#1096 = CARTESIAN_POINT('',(81.786969336967,8.640188655694E-02,
    3.811586761555));
#1097 = CARTESIAN_POINT('',(80.524656921036,8.85878927756E-02,
    3.804036773691));
#1098 = CARTESIAN_POINT('',(79.26233097287,8.975669489222E-02,
    3.799999986549));
#1099 = CARTESIAN_POINT('',(78.,8.975669099757E-02,3.8));
#1100 = PCURVE('',#653,#1101);
#1101 = DEFINITIONAL_REPRESENTATION('',(#1102),#1135);
#1102 = B_SPLINE_CURVE_WITH_KNOTS('',6,(#1103,#1104,#1105,#1106,#1107,
    #1108,#1109,#1110,#1111,#1112,#1113,#1114,#1115,#1116,#1117,#1118,
    #1119,#1120,#1121,#1122,#1123,#1124,#1125,#1126,#1127,#1128,#1129,
    #1130,#1131,#1132,#1133,#1134),.UNSPECIFIED.,.F.,.F.,(7,5,5,5,5,5,7)
  ,(0.,0.334633869863,0.44663424703,0.526634590478,0.579634808408,
    0.740635191172,1.),.UNSPECIFIED.);
#1103 = CARTESIAN_POINT('',(-38.7,-1.041072565765E-02));
#1104 = CARTESIAN_POINT('',(-37.07133387372,-1.041070758995E-02));
#1105 = CARTESIAN_POINT('',(-35.44267700682,-1.740647224973E-02));
#1106 = CARTESIAN_POINT('',(-33.81404506776,-3.022723551709E-02));
#1107 = CARTESIAN_POINT('',(-32.18547189134,-4.770161057275E-02));
#1108 = CARTESIAN_POINT('',(-30.55694260757,-6.86587988741E-02));
#1109 = CARTESIAN_POINT('',(-28.38339529315,-9.971696119226E-02));
#1110 = CARTESIAN_POINT('',(-27.83834875404,-0.10776433399));
#1111 = CARTESIAN_POINT('',(-27.29330543466,-0.116026897647));
#1112 = CARTESIAN_POINT('',(-26.74826476237,-0.124460783268));
#1113 = CARTESIAN_POINT('',(-26.20322610765,-0.133022125175));
#1114 = CARTESIAN_POINT('',(-25.26887604987,-0.147842020717));
#1115 = CARTESIAN_POINT('',(-24.87956399346,-0.154059631096));
#1116 = CARTESIAN_POINT('',(-24.49025236217,-0.160303907705));
#1117 = CARTESIAN_POINT('',(-24.10094090203,-0.166558866238));
#1118 = CARTESIAN_POINT('',(-23.71162935783,-0.172808522416));
#1119 = CARTESIAN_POINT('',(-23.06439839628,-0.183163186085));
#1120 = CARTESIAN_POINT('',(-22.80647917059,-0.187280137348));
#1121 = CARTESIAN_POINT('',(-22.54855972189,-0.191383097944));
#1122 = CARTESIAN_POINT('',(-22.29063997693,-0.195467420019));
#1123 = CARTESIAN_POINT('',(-22.03271986333,-0.199528455698));
#1124 = CARTESIAN_POINT('',(-20.99130615643,-0.215813032507));
#1125 = CARTESIAN_POINT('',(-20.2078090243,-0.227806731195));
#1126 = CARTESIAN_POINT('',(-19.42430582456,-0.239412363514));
#1127 = CARTESIAN_POINT('',(-18.64079491608,-0.250499614997));
#1128 = CARTESIAN_POINT('',(-17.8572751052,-0.260938146349));
#1129 = CARTESIAN_POINT('',(-15.81151281775,-0.286158554275));
#1130 = CARTESIAN_POINT('',(-14.54925567662,-0.299697658039));
#1131 = CARTESIAN_POINT('',(-13.28696933696,-0.310669835806));
#1132 = CARTESIAN_POINT('',(-12.02465692103,-0.318529921043));
#1133 = CARTESIAN_POINT('',(-10.76233097287,-0.322732509391));
#1134 = CARTESIAN_POINT('',(-9.5,-0.322732495387));
#1135 = ( GEOMETRIC_REPRESENTATION_CONTEXT(2) 
PARAMETRIC_REPRESENTATION_CONTEXT() REPRESENTATION_CONTEXT('2D SPACE',''
  ) );
#1136 = PCURVE('',#755,#1137);
#1137 = DEFINITIONAL_REPRESENTATION('',(#1138),#1171);
#1138 = B_SPLINE_CURVE_WITH_KNOTS('',6,(#1139,#1140,#1141,#1142,#1143,
    #1144,#1145,#1146,#1147,#1148,#1149,#1150,#1151,#1152,#1153,#1154,
    #1155,#1156,#1157,#1158,#1159,#1160,#1161,#1162,#1163,#1164,#1165,
    #1166,#1167,#1168,#1169,#1170),.UNSPECIFIED.,.F.,.F.,(7,5,5,5,5,5,7)
  ,(0.,0.334633869863,0.44663424703,0.526634590478,0.579634808408,
    0.740635191172,1.),.UNSPECIFIED.);
#1139 = CARTESIAN_POINT('',(29.201838589687,-9.997104622871));
#1140 = CARTESIAN_POINT('',(27.573178549737,-9.997104627896));
#1141 = CARTESIAN_POINT('',(25.944511814698,-9.995159002042));
#1142 = CARTESIAN_POINT('',(24.315857506871,-9.991593357729));
#1143 = CARTESIAN_POINT('',(22.687198397855,-9.986733474994));
#1144 = CARTESIAN_POINT('',(21.058547788948,-9.980904970268));
#1145 = CARTESIAN_POINT('',(18.884796049452,-9.972267234936));
#1146 = CARTESIAN_POINT('',(18.339694775727,-9.970029141271));
#1147 = CARTESIAN_POINT('',(17.794593747653,-9.967731199838));
#1148 = CARTESIAN_POINT('',(17.24949292952,-9.965385611227));
#1149 = CARTESIAN_POINT('',(16.704392267884,-9.963004575133));
#1150 = CARTESIAN_POINT('',(15.769933776687,-9.9588829425));
#1151 = CARTESIAN_POINT('',(15.380575914712,-9.957153732887));
#1152 = CARTESIAN_POINT('',(14.991218087114,-9.955417107));
#1153 = CARTESIAN_POINT('',(14.601860274137,-9.953677510311));
#1154 = CARTESIAN_POINT('',(14.212502454799,-9.951939388286));
#1155 = CARTESIAN_POINT('',(13.565195079397,-9.949059602827));
#1156 = CARTESIAN_POINT('',(13.307245539977,-9.947914617653));
#1157 = CARTESIAN_POINT('',(13.049295982558,-9.946773523491));
#1158 = CARTESIAN_POINT('',(12.791346401977,-9.945637612978));
#1159 = CARTESIAN_POINT('',(12.533396793977,-9.944508178757));
#1160 = CARTESIAN_POINT('',(11.491865649354,-9.939979196552));
#1161 = CARTESIAN_POINT('',(10.70828385039,-9.936643571158));
#1162 = CARTESIAN_POINT('',(9.924701613901,-9.933415872774));
#1163 = CARTESIAN_POINT('',(9.141118812473,-9.930332343784));
#1164 = CARTESIAN_POINT('',(8.357535335689,-9.927429233479));
#1165 = CARTESIAN_POINT('',(6.311630003934,-9.92041506418));
#1166 = CARTESIAN_POINT('',(5.0493071638,-9.916649638726));
#1167 = CARTESIAN_POINT('',(3.786982899404,-9.913598113443));
#1168 = CARTESIAN_POINT('',(2.524656792345,-9.911412107224));
#1169 = CARTESIAN_POINT('',(1.262326255537,-9.910243305108));
#1170 = CARTESIAN_POINT('',(0.,-9.910243309002));
#1171 = ( GEOMETRIC_REPRESENTATION_CONTEXT(2) 
PARAMETRIC_REPRESENTATION_CONTEXT() REPRESENTATION_CONTEXT('2D SPACE',''
  ) );
#1172 = ORIENTED_EDGE('',*,*,#1173,.T.);
#1173 = EDGE_CURVE('',#1064,#1174,#1176,.T.);
#1174 = VERTEX_POINT('',#1175);
#1175 = CARTESIAN_POINT('',(134.,2.895377128954E-03,4.1));
#1176 = SURFACE_CURVE('',#1177,(#1181,#1187),.PCURVE_S1.);
#1177 = LINE('',#1178,#1179);
#1178 = CARTESIAN_POINT('',(87.85,2.895377128953E-03,4.1));
#1179 = VECTOR('',#1180,1.);
#1180 = DIRECTION('',(1.,0.,0.));
#1181 = PCURVE('',#653,#1182);
#1182 = DEFINITIONAL_REPRESENTATION('',(#1183),#1186);
#1183 = B_SPLINE_CURVE_WITH_KNOTS('',1,(#1184,#1185),.UNSPECIFIED.,.F.,
  .F.,(2,2),(19.35,46.15),.PIECEWISE_BEZIER_KNOTS.);
#1184 = CARTESIAN_POINT('',(-38.7,-1.041072565765E-02));
#1185 = CARTESIAN_POINT('',(-65.5,-1.041072565765E-02));
#1186 = ( GEOMETRIC_REPRESENTATION_CONTEXT(2) 
PARAMETRIC_REPRESENTATION_CONTEXT() REPRESENTATION_CONTEXT('2D SPACE',''
  ) );
#1187 = PCURVE('',#1188,#1193);
#1188 = PLANE('',#1189);
#1189 = AXIS2_PLACEMENT_3D('',#1190,#1191,#1192);
#1190 = CARTESIAN_POINT('',(107.2,10.,4.1));
#1191 = DIRECTION('',(-0.,0.,1.));
#1192 = DIRECTION('',(1.,0.,0.));
#1193 = DEFINITIONAL_REPRESENTATION('',(#1194),#1198);
#1194 = LINE('',#1195,#1196);
#1195 = CARTESIAN_POINT('',(-19.35,-9.997104622871));
#1196 = VECTOR('',#1197,1.);
#1197 = DIRECTION('',(1.,0.));
#1198 = ( GEOMETRIC_REPRESENTATION_CONTEXT(2) 
PARAMETRIC_REPRESENTATION_CONTEXT() REPRESENTATION_CONTEXT('2D SPACE',''
  ) );
#1199 = ORIENTED_EDGE('',*,*,#1200,.F.);
#1200 = EDGE_CURVE('',#609,#1174,#1201,.T.);
#1201 = SURFACE_CURVE('',#1202,(#1205,#1211),.PCURVE_S1.);
#1202 = B_SPLINE_CURVE_WITH_KNOTS('',1,(#1203,#1204),.UNSPECIFIED.,.F.,
  .F.,(2,2),(0.,1.),.PIECEWISE_BEZIER_KNOTS.);
#1203 = CARTESIAN_POINT('',(134.,1.19,0.));
#1204 = CARTESIAN_POINT('',(134.,0.,4.11));
#1205 = PCURVE('',#653,#1206);
#1206 = DEFINITIONAL_REPRESENTATION('',(#1207),#1210);
#1207 = B_SPLINE_CURVE_WITH_KNOTS('',1,(#1208,#1209),.UNSPECIFIED.,.F.,
  .F.,(2,2),(0.,1.),.PIECEWISE_BEZIER_KNOTS.);
#1208 = CARTESIAN_POINT('',(-65.5,-4.278808245294));
#1209 = CARTESIAN_POINT('',(-65.5,0.));
#1210 = ( GEOMETRIC_REPRESENTATION_CONTEXT(2) 
PARAMETRIC_REPRESENTATION_CONTEXT() REPRESENTATION_CONTEXT('2D SPACE',''
  ) );
#1211 = PCURVE('',#625,#1212);
#1212 = DEFINITIONAL_REPRESENTATION('',(#1213),#1216);
#1213 = B_SPLINE_CURVE_WITH_KNOTS('',1,(#1214,#1215),.UNSPECIFIED.,.F.,
  .F.,(2,2),(0.,1.),.PIECEWISE_BEZIER_KNOTS.);
#1214 = CARTESIAN_POINT('',(-1.570796326795,0.));
#1215 = CARTESIAN_POINT('',(-1.570796326795,-4.11));
#1216 = ( GEOMETRIC_REPRESENTATION_CONTEXT(2) 
PARAMETRIC_REPRESENTATION_CONTEXT() REPRESENTATION_CONTEXT('2D SPACE',''
  ) );
#1217 = ADVANCED_FACE('',(#1218),#625,.T.);
#1218 = FACE_BOUND('',#1219,.T.);
#1219 = EDGE_LOOP('',(#1220,#1240,#1241,#1242));
#1220 = ORIENTED_EDGE('',*,*,#1221,.F.);
#1221 = EDGE_CURVE('',#586,#1222,#1224,.T.);
#1222 = VERTEX_POINT('',#1223);
#1223 = CARTESIAN_POINT('',(137.00289537712,-3.,4.1));
#1224 = SURFACE_CURVE('',#1225,(#1228,#1234),.PCURVE_S1.);
#1225 = B_SPLINE_CURVE_WITH_KNOTS('',1,(#1226,#1227),.UNSPECIFIED.,.F.,
  .F.,(2,2),(0.,1.),.PIECEWISE_BEZIER_KNOTS.);
#1226 = CARTESIAN_POINT('',(138.19,-3.,0.));
#1227 = CARTESIAN_POINT('',(137.,-3.,4.11));
#1228 = PCURVE('',#625,#1229);
#1229 = DEFINITIONAL_REPRESENTATION('',(#1230),#1233);
#1230 = B_SPLINE_CURVE_WITH_KNOTS('',1,(#1231,#1232),.UNSPECIFIED.,.F.,
  .F.,(2,2),(0.,1.),.PIECEWISE_BEZIER_KNOTS.);
#1231 = CARTESIAN_POINT('',(0.,0.));
#1232 = CARTESIAN_POINT('',(0.,-4.11));
#1233 = ( GEOMETRIC_REPRESENTATION_CONTEXT(2) 
PARAMETRIC_REPRESENTATION_CONTEXT() REPRESENTATION_CONTEXT('2D SPACE',''
  ) );
#1234 = PCURVE('',#259,#1235);
#1235 = DEFINITIONAL_REPRESENTATION('',(#1236),#1239);
#1236 = B_SPLINE_CURVE_WITH_KNOTS('',1,(#1237,#1238),.UNSPECIFIED.,.F.,
  .F.,(2,2),(0.,1.),.PIECEWISE_BEZIER_KNOTS.);
#1237 = CARTESIAN_POINT('',(44.2,-4.278808245294));
#1238 = CARTESIAN_POINT('',(44.2,0.));
#1239 = ( GEOMETRIC_REPRESENTATION_CONTEXT(2) 
PARAMETRIC_REPRESENTATION_CONTEXT() REPRESENTATION_CONTEXT('2D SPACE',''
  ) );
#1240 = ORIENTED_EDGE('',*,*,#608,.T.);
#1241 = ORIENTED_EDGE('',*,*,#1200,.T.);
#1242 = ORIENTED_EDGE('',*,*,#1243,.F.);
#1243 = EDGE_CURVE('',#1222,#1174,#1244,.T.);
#1244 = SURFACE_CURVE('',#1245,(#1250,#1257),.PCURVE_S1.);
#1245 = CIRCLE('',#1246,3.002895377129);
#1246 = AXIS2_PLACEMENT_3D('',#1247,#1248,#1249);
#1247 = CARTESIAN_POINT('',(134.,-3.,4.1));
#1248 = DIRECTION('',(0.,-0.,1.));
#1249 = DIRECTION('',(1.,0.,0.));
#1250 = PCURVE('',#625,#1251);
#1251 = DEFINITIONAL_REPRESENTATION('',(#1252),#1256);
#1252 = LINE('',#1253,#1254);
#1253 = CARTESIAN_POINT('',(-0.,-4.1));
#1254 = VECTOR('',#1255,1.);
#1255 = DIRECTION('',(-1.,-0.));
#1256 = ( GEOMETRIC_REPRESENTATION_CONTEXT(2) 
PARAMETRIC_REPRESENTATION_CONTEXT() REPRESENTATION_CONTEXT('2D SPACE',''
  ) );
#1257 = PCURVE('',#1188,#1258);
#1258 = DEFINITIONAL_REPRESENTATION('',(#1259),#1263);
#1259 = CIRCLE('',#1260,3.002895377129);
#1260 = AXIS2_PLACEMENT_2D('',#1261,#1262);
#1261 = CARTESIAN_POINT('',(26.8,-13.));
#1262 = DIRECTION('',(1.,0.));
#1263 = ( GEOMETRIC_REPRESENTATION_CONTEXT(2) 
PARAMETRIC_REPRESENTATION_CONTEXT() REPRESENTATION_CONTEXT('2D SPACE',''
  ) );
#1264 = ADVANCED_FACE('',(#1265),#259,.T.);
#1265 = FACE_BOUND('',#1266,.T.);
#1266 = EDGE_LOOP('',(#1267,#1287,#1288,#1309,#1335,#1354,#1355,#1356));
#1267 = ORIENTED_EDGE('',*,*,#1268,.F.);
#1268 = EDGE_CURVE('',#215,#1269,#1271,.T.);
#1269 = VERTEX_POINT('',#1270);
#1270 = CARTESIAN_POINT('',(137.00289537712,-91.4,4.1));
#1271 = SURFACE_CURVE('',#1272,(#1275,#1281),.PCURVE_S1.);
#1272 = B_SPLINE_CURVE_WITH_KNOTS('',1,(#1273,#1274),.UNSPECIFIED.,.F.,
  .F.,(2,2),(0.,1.),.PIECEWISE_BEZIER_KNOTS.);
#1273 = CARTESIAN_POINT('',(138.19,-91.4,0.));
#1274 = CARTESIAN_POINT('',(137.,-91.4,4.11));
#1275 = PCURVE('',#259,#1276);
#1276 = DEFINITIONAL_REPRESENTATION('',(#1277),#1280);
#1277 = B_SPLINE_CURVE_WITH_KNOTS('',1,(#1278,#1279),.UNSPECIFIED.,.F.,
  .F.,(2,2),(0.,1.),.PIECEWISE_BEZIER_KNOTS.);
#1278 = CARTESIAN_POINT('',(-44.2,-4.278808245294));
#1279 = CARTESIAN_POINT('',(-44.2,0.));
#1280 = ( GEOMETRIC_REPRESENTATION_CONTEXT(2) 
PARAMETRIC_REPRESENTATION_CONTEXT() REPRESENTATION_CONTEXT('2D SPACE',''
  ) );
#1281 = PCURVE('',#231,#1282);
#1282 = DEFINITIONAL_REPRESENTATION('',(#1283),#1286);
#1283 = B_SPLINE_CURVE_WITH_KNOTS('',1,(#1284,#1285),.UNSPECIFIED.,.F.,
  .F.,(2,2),(0.,1.),.PIECEWISE_BEZIER_KNOTS.);
#1284 = CARTESIAN_POINT('',(-6.28318530718,0.));
#1285 = CARTESIAN_POINT('',(-6.28318530718,-4.11));
#1286 = ( GEOMETRIC_REPRESENTATION_CONTEXT(2) 
PARAMETRIC_REPRESENTATION_CONTEXT() REPRESENTATION_CONTEXT('2D SPACE',''
  ) );
#1287 = ORIENTED_EDGE('',*,*,#243,.T.);
#1288 = ORIENTED_EDGE('',*,*,#1289,.T.);
#1289 = EDGE_CURVE('',#244,#1290,#1292,.T.);
#1290 = VERTEX_POINT('',#1291);
#1291 = CARTESIAN_POINT('',(137.20557177615,-57.15,3.4));
#1292 = SURFACE_CURVE('',#1293,(#1297,#1303),.PCURVE_S1.);
#1293 = LINE('',#1294,#1295);
#1294 = CARTESIAN_POINT('',(137.56652753957,-57.15,2.153337657443));
#1295 = VECTOR('',#1296,1.);
#1296 = DIRECTION('',(-0.278114823516,0.,0.960547835842));
#1297 = PCURVE('',#259,#1298);
#1298 = DEFINITIONAL_REPRESENTATION('',(#1299),#1302);
#1299 = B_SPLINE_CURVE_WITH_KNOTS('',1,(#1300,#1301),.UNSPECIFIED.,.F.,
  .F.,(2,2),(-2.241780759993,1.297865963608),.PIECEWISE_BEZIER_KNOTS.);
#1300 = CARTESIAN_POINT('',(-9.95,-4.278808245294));
#1301 = CARTESIAN_POINT('',(-9.95,-0.739161521693));
#1302 = ( GEOMETRIC_REPRESENTATION_CONTEXT(2) 
PARAMETRIC_REPRESENTATION_CONTEXT() REPRESENTATION_CONTEXT('2D SPACE',''
  ) );
#1303 = PCURVE('',#286,#1304);
#1304 = DEFINITIONAL_REPRESENTATION('',(#1305),#1308);
#1305 = B_SPLINE_CURVE_WITH_KNOTS('',1,(#1306,#1307),.UNSPECIFIED.,.F.,
  .F.,(2,2),(-2.241780759993,1.297865963608),.PIECEWISE_BEZIER_KNOTS.);
#1306 = CARTESIAN_POINT('',(4.19,-1.));
#1307 = CARTESIAN_POINT('',(3.205571776156,-4.4));
#1308 = ( GEOMETRIC_REPRESENTATION_CONTEXT(2) 
PARAMETRIC_REPRESENTATION_CONTEXT() REPRESENTATION_CONTEXT('2D SPACE',''
  ) );
#1309 = ORIENTED_EDGE('',*,*,#1310,.F.);
#1310 = EDGE_CURVE('',#1311,#1290,#1313,.T.);
#1311 = VERTEX_POINT('',#1312);
#1312 = CARTESIAN_POINT('',(137.20557177615,-52.75,3.4));
#1313 = SURFACE_CURVE('',#1314,(#1318,#1324),.PCURVE_S1.);
#1314 = LINE('',#1315,#1316);
#1315 = CARTESIAN_POINT('',(137.20557177615,-51.075,3.4));
#1316 = VECTOR('',#1317,1.);
#1317 = DIRECTION('',(-0.,-1.,0.));
#1318 = PCURVE('',#259,#1319);
#1319 = DEFINITIONAL_REPRESENTATION('',(#1320),#1323);
#1320 = B_SPLINE_CURVE_WITH_KNOTS('',1,(#1321,#1322),.UNSPECIFIED.,.F.,
  .F.,(2,2),(1.675,6.075),.PIECEWISE_BEZIER_KNOTS.);
#1321 = CARTESIAN_POINT('',(-5.55,-0.739161521693));
#1322 = CARTESIAN_POINT('',(-9.95,-0.739161521693));
#1323 = ( GEOMETRIC_REPRESENTATION_CONTEXT(2) 
PARAMETRIC_REPRESENTATION_CONTEXT() REPRESENTATION_CONTEXT('2D SPACE',''
  ) );
#1324 = PCURVE('',#1325,#1330);
#1325 = PLANE('',#1326);
#1326 = AXIS2_PLACEMENT_3D('',#1327,#1328,#1329);
#1327 = CARTESIAN_POINT('',(137.,-54.95,3.4));
#1328 = DIRECTION('',(0.,0.,1.));
#1329 = DIRECTION('',(1.,0.,-0.));
#1330 = DEFINITIONAL_REPRESENTATION('',(#1331),#1334);
#1331 = B_SPLINE_CURVE_WITH_KNOTS('',1,(#1332,#1333),.UNSPECIFIED.,.F.,
  .F.,(2,2),(1.675,6.075),.PIECEWISE_BEZIER_KNOTS.);
#1332 = CARTESIAN_POINT('',(0.205571776156,2.2));
#1333 = CARTESIAN_POINT('',(0.205571776156,-2.2));
#1334 = ( GEOMETRIC_REPRESENTATION_CONTEXT(2) 
PARAMETRIC_REPRESENTATION_CONTEXT() REPRESENTATION_CONTEXT('2D SPACE',''
  ) );
#1335 = ORIENTED_EDGE('',*,*,#1336,.T.);
#1336 = EDGE_CURVE('',#1311,#560,#1337,.T.);
#1337 = SURFACE_CURVE('',#1338,(#1342,#1348),.PCURVE_S1.);
#1338 = LINE('',#1339,#1340);
#1339 = CARTESIAN_POINT('',(137.79857110475,-52.75,1.351909881911));
#1340 = VECTOR('',#1341,1.);
#1341 = DIRECTION('',(0.278114823516,0.,-0.960547835842));
#1342 = PCURVE('',#259,#1343);
#1343 = DEFINITIONAL_REPRESENTATION('',(#1344),#1347);
#1344 = B_SPLINE_CURVE_WITH_KNOTS('',1,(#1345,#1346),.UNSPECIFIED.,.F.,
  .F.,(2,2),(-2.132210434157,1.407436289444),.PIECEWISE_BEZIER_KNOTS.);
#1345 = CARTESIAN_POINT('',(-5.55,-0.739161521693));
#1346 = CARTESIAN_POINT('',(-5.55,-4.278808245294));
#1347 = ( GEOMETRIC_REPRESENTATION_CONTEXT(2) 
PARAMETRIC_REPRESENTATION_CONTEXT() REPRESENTATION_CONTEXT('2D SPACE',''
  ) );
#1348 = PCURVE('',#574,#1349);
#1349 = DEFINITIONAL_REPRESENTATION('',(#1350),#1353);
#1350 = B_SPLINE_CURVE_WITH_KNOTS('',1,(#1351,#1352),.UNSPECIFIED.,.F.,
  .F.,(2,2),(-2.132210434157,1.407436289444),.PIECEWISE_BEZIER_KNOTS.);
#1351 = CARTESIAN_POINT('',(2.794428223844,-4.4));
#1352 = CARTESIAN_POINT('',(1.81,-1.));
#1353 = ( GEOMETRIC_REPRESENTATION_CONTEXT(2) 
PARAMETRIC_REPRESENTATION_CONTEXT() REPRESENTATION_CONTEXT('2D SPACE',''
  ) );
#1354 = ORIENTED_EDGE('',*,*,#585,.T.);
#1355 = ORIENTED_EDGE('',*,*,#1221,.T.);
#1356 = ORIENTED_EDGE('',*,*,#1357,.T.);
#1357 = EDGE_CURVE('',#1222,#1269,#1358,.T.);
#1358 = SURFACE_CURVE('',#1359,(#1363,#1369),.PCURVE_S1.);
#1359 = LINE('',#1360,#1361);
#1360 = CARTESIAN_POINT('',(137.00289537712,-18.6,4.1));
#1361 = VECTOR('',#1362,1.);
#1362 = DIRECTION('',(-0.,-1.,0.));
#1363 = PCURVE('',#259,#1364);
#1364 = DEFINITIONAL_REPRESENTATION('',(#1365),#1368);
#1365 = B_SPLINE_CURVE_WITH_KNOTS('',1,(#1366,#1367),.UNSPECIFIED.,.F.,
  .F.,(2,2),(-15.6,72.8),.PIECEWISE_BEZIER_KNOTS.);
#1366 = CARTESIAN_POINT('',(44.2,-1.041072565765E-02));
#1367 = CARTESIAN_POINT('',(-44.2,-1.041072565765E-02));
#1368 = ( GEOMETRIC_REPRESENTATION_CONTEXT(2) 
PARAMETRIC_REPRESENTATION_CONTEXT() REPRESENTATION_CONTEXT('2D SPACE',''
  ) );
#1369 = PCURVE('',#1188,#1370);
#1370 = DEFINITIONAL_REPRESENTATION('',(#1371),#1375);
#1371 = LINE('',#1372,#1373);
#1372 = CARTESIAN_POINT('',(29.802895377129,-28.6));
#1373 = VECTOR('',#1374,1.);
#1374 = DIRECTION('',(0.,-1.));
#1375 = ( GEOMETRIC_REPRESENTATION_CONTEXT(2) 
PARAMETRIC_REPRESENTATION_CONTEXT() REPRESENTATION_CONTEXT('2D SPACE',''
  ) );
#1376 = ADVANCED_FACE('',(#1377),#574,.T.);
#1377 = FACE_BOUND('',#1378,.T.);
#1378 = EDGE_LOOP('',(#1379,#1380,#1403,#1429,#1455,#1474));
#1379 = ORIENTED_EDGE('',*,*,#1336,.F.);
#1380 = ORIENTED_EDGE('',*,*,#1381,.T.);
#1381 = EDGE_CURVE('',#1311,#1382,#1384,.T.);
#1382 = VERTEX_POINT('',#1383);
#1383 = CARTESIAN_POINT('',(136.2,-52.75,3.4));
#1384 = SURFACE_CURVE('',#1385,(#1389,#1396),.PCURVE_S1.);
#1385 = LINE('',#1386,#1387);
#1386 = CARTESIAN_POINT('',(140.,-52.75,3.4));
#1387 = VECTOR('',#1388,1.);
#1388 = DIRECTION('',(-1.,0.,0.));
#1389 = PCURVE('',#574,#1390);
#1390 = DEFINITIONAL_REPRESENTATION('',(#1391),#1395);
#1391 = LINE('',#1392,#1393);
#1392 = CARTESIAN_POINT('',(0.,-4.4));
#1393 = VECTOR('',#1394,1.);
#1394 = DIRECTION('',(1.,0.));
#1395 = ( GEOMETRIC_REPRESENTATION_CONTEXT(2) 
PARAMETRIC_REPRESENTATION_CONTEXT() REPRESENTATION_CONTEXT('2D SPACE',''
  ) );
#1396 = PCURVE('',#1325,#1397);
#1397 = DEFINITIONAL_REPRESENTATION('',(#1398),#1402);
#1398 = LINE('',#1399,#1400);
#1399 = CARTESIAN_POINT('',(3.,2.2));
#1400 = VECTOR('',#1401,1.);
#1401 = DIRECTION('',(-1.,0.));
#1402 = ( GEOMETRIC_REPRESENTATION_CONTEXT(2) 
PARAMETRIC_REPRESENTATION_CONTEXT() REPRESENTATION_CONTEXT('2D SPACE',''
  ) );
#1403 = ORIENTED_EDGE('',*,*,#1404,.F.);
#1404 = EDGE_CURVE('',#1405,#1382,#1407,.T.);
#1405 = VERTEX_POINT('',#1406);
#1406 = CARTESIAN_POINT('',(136.2,-52.75,0.8));
#1407 = SURFACE_CURVE('',#1408,(#1412,#1418),.PCURVE_S1.);
#1408 = LINE('',#1409,#1410);
#1409 = CARTESIAN_POINT('',(136.2,-52.75,-1.));
#1410 = VECTOR('',#1411,1.);
#1411 = DIRECTION('',(0.,0.,1.));
#1412 = PCURVE('',#574,#1413);
#1413 = DEFINITIONAL_REPRESENTATION('',(#1414),#1417);
#1414 = B_SPLINE_CURVE_WITH_KNOTS('',1,(#1415,#1416),.UNSPECIFIED.,.F.,
  .F.,(2,2),(1.8,4.4),.PIECEWISE_BEZIER_KNOTS.);
#1415 = CARTESIAN_POINT('',(3.8,-1.8));
#1416 = CARTESIAN_POINT('',(3.8,-4.4));
#1417 = ( GEOMETRIC_REPRESENTATION_CONTEXT(2) 
PARAMETRIC_REPRESENTATION_CONTEXT() REPRESENTATION_CONTEXT('2D SPACE',''
  ) );
#1418 = PCURVE('',#1419,#1424);
#1419 = PLANE('',#1420);
#1420 = AXIS2_PLACEMENT_3D('',#1421,#1422,#1423);
#1421 = CARTESIAN_POINT('',(136.2,-92.6,-1.));
#1422 = DIRECTION('',(-1.,0.,0.));
#1423 = DIRECTION('',(0.,1.,0.));
#1424 = DEFINITIONAL_REPRESENTATION('',(#1425),#1428);
#1425 = B_SPLINE_CURVE_WITH_KNOTS('',1,(#1426,#1427),.UNSPECIFIED.,.F.,
  .F.,(2,2),(1.8,4.4),.PIECEWISE_BEZIER_KNOTS.);
#1426 = CARTESIAN_POINT('',(39.85,-1.8));
#1427 = CARTESIAN_POINT('',(39.85,-4.4));
#1428 = ( GEOMETRIC_REPRESENTATION_CONTEXT(2) 
PARAMETRIC_REPRESENTATION_CONTEXT() REPRESENTATION_CONTEXT('2D SPACE',''
  ) );
#1429 = ORIENTED_EDGE('',*,*,#1430,.T.);
#1430 = EDGE_CURVE('',#1405,#1431,#1433,.T.);
#1431 = VERTEX_POINT('',#1432);
#1432 = CARTESIAN_POINT('',(137.2,-52.75,0.8));
#1433 = SURFACE_CURVE('',#1434,(#1438,#1444),.PCURVE_S1.);
#1434 = LINE('',#1435,#1436);
#1435 = CARTESIAN_POINT('',(104.25,-52.75,0.8));
#1436 = VECTOR('',#1437,1.);
#1437 = DIRECTION('',(1.,0.,-0.));
#1438 = PCURVE('',#574,#1439);
#1439 = DEFINITIONAL_REPRESENTATION('',(#1440),#1443);
#1440 = B_SPLINE_CURVE_WITH_KNOTS('',1,(#1441,#1442),.UNSPECIFIED.,.F.,
  .F.,(2,2),(29.75,32.95),.PIECEWISE_BEZIER_KNOTS.);
#1441 = CARTESIAN_POINT('',(6.,-1.8));
#1442 = CARTESIAN_POINT('',(2.8,-1.8));
#1443 = ( GEOMETRIC_REPRESENTATION_CONTEXT(2) 
PARAMETRIC_REPRESENTATION_CONTEXT() REPRESENTATION_CONTEXT('2D SPACE',''
  ) );
#1444 = PCURVE('',#1445,#1450);
#1445 = PLANE('',#1446);
#1446 = AXIS2_PLACEMENT_3D('',#1447,#1448,#1449);
#1447 = CARTESIAN_POINT('',(68.5,-47.2,0.8));
#1448 = DIRECTION('',(0.,0.,1.));
#1449 = DIRECTION('',(1.,0.,0.));
#1450 = DEFINITIONAL_REPRESENTATION('',(#1451),#1454);
#1451 = B_SPLINE_CURVE_WITH_KNOTS('',1,(#1452,#1453),.UNSPECIFIED.,.F.,
  .F.,(2,2),(29.75,32.95),.PIECEWISE_BEZIER_KNOTS.);
#1452 = CARTESIAN_POINT('',(65.5,-5.55));
#1453 = CARTESIAN_POINT('',(68.7,-5.55));
#1454 = ( GEOMETRIC_REPRESENTATION_CONTEXT(2) 
PARAMETRIC_REPRESENTATION_CONTEXT() REPRESENTATION_CONTEXT('2D SPACE',''
  ) );
#1455 = ORIENTED_EDGE('',*,*,#1456,.F.);
#1456 = EDGE_CURVE('',#534,#1431,#1457,.T.);
#1457 = SURFACE_CURVE('',#1458,(#1462,#1468),.PCURVE_S1.);
#1458 = LINE('',#1459,#1460);
#1459 = CARTESIAN_POINT('',(137.2,-52.75,-1.));
#1460 = VECTOR('',#1461,1.);
#1461 = DIRECTION('',(0.,0.,1.));
#1462 = PCURVE('',#574,#1463);
#1463 = DEFINITIONAL_REPRESENTATION('',(#1464),#1467);
#1464 = B_SPLINE_CURVE_WITH_KNOTS('',1,(#1465,#1466),.UNSPECIFIED.,.F.,
  .F.,(2,2),(1.,1.8),.PIECEWISE_BEZIER_KNOTS.);
#1465 = CARTESIAN_POINT('',(2.8,-1.));
#1466 = CARTESIAN_POINT('',(2.8,-1.8));
#1467 = ( GEOMETRIC_REPRESENTATION_CONTEXT(2) 
PARAMETRIC_REPRESENTATION_CONTEXT() REPRESENTATION_CONTEXT('2D SPACE',''
  ) );
#1468 = PCURVE('',#548,#1469);
#1469 = DEFINITIONAL_REPRESENTATION('',(#1470),#1473);
#1470 = B_SPLINE_CURVE_WITH_KNOTS('',1,(#1471,#1472),.UNSPECIFIED.,.F.,
  .F.,(2,2),(1.,1.8),.PIECEWISE_BEZIER_KNOTS.);
#1471 = CARTESIAN_POINT('',(38.65,-1.));
#1472 = CARTESIAN_POINT('',(38.65,-1.8));
#1473 = ( GEOMETRIC_REPRESENTATION_CONTEXT(2) 
PARAMETRIC_REPRESENTATION_CONTEXT() REPRESENTATION_CONTEXT('2D SPACE',''
  ) );
#1474 = ORIENTED_EDGE('',*,*,#559,.T.);
#1475 = ADVANCED_FACE('',(#1476),#548,.T.);
#1476 = FACE_BOUND('',#1477,.T.);
#1477 = EDGE_LOOP('',(#1478,#1501,#1502,#1503));
#1478 = ORIENTED_EDGE('',*,*,#1479,.F.);
#1479 = EDGE_CURVE('',#501,#1480,#1482,.T.);
#1480 = VERTEX_POINT('',#1481);
#1481 = CARTESIAN_POINT('',(137.2,-3.,0.8));
#1482 = SURFACE_CURVE('',#1483,(#1487,#1494),.PCURVE_S1.);
#1483 = LINE('',#1484,#1485);
#1484 = CARTESIAN_POINT('',(137.2,-3.,-1.));
#1485 = VECTOR('',#1486,1.);
#1486 = DIRECTION('',(0.,0.,1.));
#1487 = PCURVE('',#548,#1488);
#1488 = DEFINITIONAL_REPRESENTATION('',(#1489),#1493);
#1489 = LINE('',#1490,#1491);
#1490 = CARTESIAN_POINT('',(88.4,0.));
#1491 = VECTOR('',#1492,1.);
#1492 = DIRECTION('',(0.,-1.));
#1493 = ( GEOMETRIC_REPRESENTATION_CONTEXT(2) 
PARAMETRIC_REPRESENTATION_CONTEXT() REPRESENTATION_CONTEXT('2D SPACE',''
  ) );
#1494 = PCURVE('',#521,#1495);
#1495 = DEFINITIONAL_REPRESENTATION('',(#1496),#1500);
#1496 = LINE('',#1497,#1498);
#1497 = CARTESIAN_POINT('',(-0.,0.));
#1498 = VECTOR('',#1499,1.);
#1499 = DIRECTION('',(-0.,-1.));
#1500 = ( GEOMETRIC_REPRESENTATION_CONTEXT(2) 
PARAMETRIC_REPRESENTATION_CONTEXT() REPRESENTATION_CONTEXT('2D SPACE',''
  ) );
#1501 = ORIENTED_EDGE('',*,*,#533,.T.);
#1502 = ORIENTED_EDGE('',*,*,#1456,.T.);
#1503 = ORIENTED_EDGE('',*,*,#1504,.T.);
#1504 = EDGE_CURVE('',#1431,#1480,#1505,.T.);
#1505 = SURFACE_CURVE('',#1506,(#1510,#1517),.PCURVE_S1.);
#1506 = LINE('',#1507,#1508);
#1507 = CARTESIAN_POINT('',(137.2,-47.2,0.8));
#1508 = VECTOR('',#1509,1.);
#1509 = DIRECTION('',(0.,1.,0.));
#1510 = PCURVE('',#548,#1511);
#1511 = DEFINITIONAL_REPRESENTATION('',(#1512),#1516);
#1512 = LINE('',#1513,#1514);
#1513 = CARTESIAN_POINT('',(44.2,-1.8));
#1514 = VECTOR('',#1515,1.);
#1515 = DIRECTION('',(1.,0.));
#1516 = ( GEOMETRIC_REPRESENTATION_CONTEXT(2) 
PARAMETRIC_REPRESENTATION_CONTEXT() REPRESENTATION_CONTEXT('2D SPACE',''
  ) );
#1517 = PCURVE('',#1445,#1518);
#1518 = DEFINITIONAL_REPRESENTATION('',(#1519),#1523);
#1519 = LINE('',#1520,#1521);
#1520 = CARTESIAN_POINT('',(68.7,0.));
#1521 = VECTOR('',#1522,1.);
#1522 = DIRECTION('',(0.,1.));
#1523 = ( GEOMETRIC_REPRESENTATION_CONTEXT(2) 
PARAMETRIC_REPRESENTATION_CONTEXT() REPRESENTATION_CONTEXT('2D SPACE',''
  ) );
#1524 = ADVANCED_FACE('',(#1525),#521,.F.);
#1525 = FACE_BOUND('',#1526,.T.);
#1526 = EDGE_LOOP('',(#1527,#1528,#1529,#1553));
#1527 = ORIENTED_EDGE('',*,*,#500,.T.);
#1528 = ORIENTED_EDGE('',*,*,#1479,.T.);
#1529 = ORIENTED_EDGE('',*,*,#1530,.T.);
#1530 = EDGE_CURVE('',#1480,#1531,#1533,.T.);
#1531 = VERTEX_POINT('',#1532);
#1532 = CARTESIAN_POINT('',(134.,0.2,0.8));
#1533 = SURFACE_CURVE('',#1534,(#1539,#1546),.PCURVE_S1.);
#1534 = CIRCLE('',#1535,3.2);
#1535 = AXIS2_PLACEMENT_3D('',#1536,#1537,#1538);
#1536 = CARTESIAN_POINT('',(134.,-3.,0.8));
#1537 = DIRECTION('',(0.,0.,1.));
#1538 = DIRECTION('',(1.,0.,0.));
#1539 = PCURVE('',#521,#1540);
#1540 = DEFINITIONAL_REPRESENTATION('',(#1541),#1545);
#1541 = LINE('',#1542,#1543);
#1542 = CARTESIAN_POINT('',(-0.,-1.8));
#1543 = VECTOR('',#1544,1.);
#1544 = DIRECTION('',(-1.,0.));
#1545 = ( GEOMETRIC_REPRESENTATION_CONTEXT(2) 
PARAMETRIC_REPRESENTATION_CONTEXT() REPRESENTATION_CONTEXT('2D SPACE',''
  ) );
#1546 = PCURVE('',#1445,#1547);
#1547 = DEFINITIONAL_REPRESENTATION('',(#1548),#1552);
#1548 = CIRCLE('',#1549,3.2);
#1549 = AXIS2_PLACEMENT_2D('',#1550,#1551);
#1550 = CARTESIAN_POINT('',(65.5,44.2));
#1551 = DIRECTION('',(1.,0.));
#1552 = ( GEOMETRIC_REPRESENTATION_CONTEXT(2) 
PARAMETRIC_REPRESENTATION_CONTEXT() REPRESENTATION_CONTEXT('2D SPACE',''
  ) );
#1553 = ORIENTED_EDGE('',*,*,#1554,.F.);
#1554 = EDGE_CURVE('',#475,#1531,#1555,.T.);
#1555 = SURFACE_CURVE('',#1556,(#1560,#1567),.PCURVE_S1.);
#1556 = LINE('',#1557,#1558);
#1557 = CARTESIAN_POINT('',(134.,0.2,-1.));
#1558 = VECTOR('',#1559,1.);
#1559 = DIRECTION('',(0.,0.,1.));
#1560 = PCURVE('',#521,#1561);
#1561 = DEFINITIONAL_REPRESENTATION('',(#1562),#1566);
#1562 = LINE('',#1563,#1564);
#1563 = CARTESIAN_POINT('',(-1.570796326795,0.));
#1564 = VECTOR('',#1565,1.);
#1565 = DIRECTION('',(-0.,-1.));
#1566 = ( GEOMETRIC_REPRESENTATION_CONTEXT(2) 
PARAMETRIC_REPRESENTATION_CONTEXT() REPRESENTATION_CONTEXT('2D SPACE',''
  ) );
#1567 = PCURVE('',#489,#1568);
#1568 = DEFINITIONAL_REPRESENTATION('',(#1569),#1573);
#1569 = LINE('',#1570,#1571);
#1570 = CARTESIAN_POINT('',(131.,0.));
#1571 = VECTOR('',#1572,1.);
#1572 = DIRECTION('',(0.,-1.));
#1573 = ( GEOMETRIC_REPRESENTATION_CONTEXT(2) 
PARAMETRIC_REPRESENTATION_CONTEXT() REPRESENTATION_CONTEXT('2D SPACE',''
  ) );
#1574 = ADVANCED_FACE('',(#1575),#489,.F.);
#1575 = FACE_BOUND('',#1576,.F.);
#1576 = EDGE_LOOP('',(#1577,#1578,#1601,#1622));
#1577 = ORIENTED_EDGE('',*,*,#474,.T.);
#1578 = ORIENTED_EDGE('',*,*,#1579,.T.);
#1579 = EDGE_CURVE('',#442,#1580,#1582,.T.);
#1580 = VERTEX_POINT('',#1581);
#1581 = CARTESIAN_POINT('',(3.,0.2,0.8));
#1582 = SURFACE_CURVE('',#1583,(#1587,#1594),.PCURVE_S1.);
#1583 = LINE('',#1584,#1585);
#1584 = CARTESIAN_POINT('',(3.,0.2,-1.));
#1585 = VECTOR('',#1586,1.);
#1586 = DIRECTION('',(0.,0.,1.));
#1587 = PCURVE('',#489,#1588);
#1588 = DEFINITIONAL_REPRESENTATION('',(#1589),#1593);
#1589 = LINE('',#1590,#1591);
#1590 = CARTESIAN_POINT('',(0.,0.));
#1591 = VECTOR('',#1592,1.);
#1592 = DIRECTION('',(0.,-1.));
#1593 = ( GEOMETRIC_REPRESENTATION_CONTEXT(2) 
PARAMETRIC_REPRESENTATION_CONTEXT() REPRESENTATION_CONTEXT('2D SPACE',''
  ) );
#1594 = PCURVE('',#462,#1595);
#1595 = DEFINITIONAL_REPRESENTATION('',(#1596),#1600);
#1596 = LINE('',#1597,#1598);
#1597 = CARTESIAN_POINT('',(-1.570796326795,0.));
#1598 = VECTOR('',#1599,1.);
#1599 = DIRECTION('',(-0.,-1.));
#1600 = ( GEOMETRIC_REPRESENTATION_CONTEXT(2) 
PARAMETRIC_REPRESENTATION_CONTEXT() REPRESENTATION_CONTEXT('2D SPACE',''
  ) );
#1601 = ORIENTED_EDGE('',*,*,#1602,.T.);
#1602 = EDGE_CURVE('',#1580,#1531,#1603,.T.);
#1603 = SURFACE_CURVE('',#1604,(#1608,#1615),.PCURVE_S1.);
#1604 = LINE('',#1605,#1606);
#1605 = CARTESIAN_POINT('',(68.5,0.2,0.8));
#1606 = VECTOR('',#1607,1.);
#1607 = DIRECTION('',(1.,0.,0.));
#1608 = PCURVE('',#489,#1609);
#1609 = DEFINITIONAL_REPRESENTATION('',(#1610),#1614);
#1610 = LINE('',#1611,#1612);
#1611 = CARTESIAN_POINT('',(65.5,-1.8));
#1612 = VECTOR('',#1613,1.);
#1613 = DIRECTION('',(1.,0.));
#1614 = ( GEOMETRIC_REPRESENTATION_CONTEXT(2) 
PARAMETRIC_REPRESENTATION_CONTEXT() REPRESENTATION_CONTEXT('2D SPACE',''
  ) );
#1615 = PCURVE('',#1445,#1616);
#1616 = DEFINITIONAL_REPRESENTATION('',(#1617),#1621);
#1617 = LINE('',#1618,#1619);
#1618 = CARTESIAN_POINT('',(0.,47.4));
#1619 = VECTOR('',#1620,1.);
#1620 = DIRECTION('',(1.,0.));
#1621 = ( GEOMETRIC_REPRESENTATION_CONTEXT(2) 
PARAMETRIC_REPRESENTATION_CONTEXT() REPRESENTATION_CONTEXT('2D SPACE',''
  ) );
#1622 = ORIENTED_EDGE('',*,*,#1554,.F.);
#1623 = ADVANCED_FACE('',(#1624),#462,.F.);
#1624 = FACE_BOUND('',#1625,.T.);
#1625 = EDGE_LOOP('',(#1626,#1627,#1628,#1652));
#1626 = ORIENTED_EDGE('',*,*,#441,.T.);
#1627 = ORIENTED_EDGE('',*,*,#1579,.T.);
#1628 = ORIENTED_EDGE('',*,*,#1629,.T.);
#1629 = EDGE_CURVE('',#1580,#1630,#1632,.T.);
#1630 = VERTEX_POINT('',#1631);
#1631 = CARTESIAN_POINT('',(-0.2,-3.,0.8));
#1632 = SURFACE_CURVE('',#1633,(#1638,#1645),.PCURVE_S1.);
#1633 = CIRCLE('',#1634,3.2);
#1634 = AXIS2_PLACEMENT_3D('',#1635,#1636,#1637);
#1635 = CARTESIAN_POINT('',(3.,-3.,0.8));
#1636 = DIRECTION('',(0.,0.,1.));
#1637 = DIRECTION('',(1.,0.,0.));
#1638 = PCURVE('',#462,#1639);
#1639 = DEFINITIONAL_REPRESENTATION('',(#1640),#1644);
#1640 = LINE('',#1641,#1642);
#1641 = CARTESIAN_POINT('',(-0.,-1.8));
#1642 = VECTOR('',#1643,1.);
#1643 = DIRECTION('',(-1.,0.));
#1644 = ( GEOMETRIC_REPRESENTATION_CONTEXT(2) 
PARAMETRIC_REPRESENTATION_CONTEXT() REPRESENTATION_CONTEXT('2D SPACE',''
  ) );
#1645 = PCURVE('',#1445,#1646);
#1646 = DEFINITIONAL_REPRESENTATION('',(#1647),#1651);
#1647 = CIRCLE('',#1648,3.2);
#1648 = AXIS2_PLACEMENT_2D('',#1649,#1650);
#1649 = CARTESIAN_POINT('',(-65.5,44.2));
#1650 = DIRECTION('',(1.,0.));
#1651 = ( GEOMETRIC_REPRESENTATION_CONTEXT(2) 
PARAMETRIC_REPRESENTATION_CONTEXT() REPRESENTATION_CONTEXT('2D SPACE',''
  ) );
#1652 = ORIENTED_EDGE('',*,*,#1653,.F.);
#1653 = EDGE_CURVE('',#416,#1630,#1654,.T.);
#1654 = SURFACE_CURVE('',#1655,(#1659,#1666),.PCURVE_S1.);
#1655 = LINE('',#1656,#1657);
#1656 = CARTESIAN_POINT('',(-0.2,-3.,-1.));
#1657 = VECTOR('',#1658,1.);
#1658 = DIRECTION('',(0.,0.,1.));
#1659 = PCURVE('',#462,#1660);
#1660 = DEFINITIONAL_REPRESENTATION('',(#1661),#1665);
#1661 = LINE('',#1662,#1663);
#1662 = CARTESIAN_POINT('',(-3.14159265359,0.));
#1663 = VECTOR('',#1664,1.);
#1664 = DIRECTION('',(-0.,-1.));
#1665 = ( GEOMETRIC_REPRESENTATION_CONTEXT(2) 
PARAMETRIC_REPRESENTATION_CONTEXT() REPRESENTATION_CONTEXT('2D SPACE',''
  ) );
#1666 = PCURVE('',#430,#1667);
#1667 = DEFINITIONAL_REPRESENTATION('',(#1668),#1672);
#1668 = LINE('',#1669,#1670);
#1669 = CARTESIAN_POINT('',(88.4,0.));
#1670 = VECTOR('',#1671,1.);
#1671 = DIRECTION('',(0.,-1.));
#1672 = ( GEOMETRIC_REPRESENTATION_CONTEXT(2) 
PARAMETRIC_REPRESENTATION_CONTEXT() REPRESENTATION_CONTEXT('2D SPACE',''
  ) );
#1673 = ADVANCED_FACE('',(#1674),#430,.F.);
#1674 = FACE_BOUND('',#1675,.F.);
#1675 = EDGE_LOOP('',(#1676,#1677,#1700,#1721));
#1676 = ORIENTED_EDGE('',*,*,#415,.T.);
#1677 = ORIENTED_EDGE('',*,*,#1678,.T.);
#1678 = EDGE_CURVE('',#383,#1679,#1681,.T.);
#1679 = VERTEX_POINT('',#1680);
#1680 = CARTESIAN_POINT('',(-0.2,-91.4,0.8));
#1681 = SURFACE_CURVE('',#1682,(#1686,#1693),.PCURVE_S1.);
#1682 = LINE('',#1683,#1684);
#1683 = CARTESIAN_POINT('',(-0.2,-91.4,-1.));
#1684 = VECTOR('',#1685,1.);
#1685 = DIRECTION('',(0.,0.,1.));
#1686 = PCURVE('',#430,#1687);
#1687 = DEFINITIONAL_REPRESENTATION('',(#1688),#1692);
#1688 = LINE('',#1689,#1690);
#1689 = CARTESIAN_POINT('',(0.,0.));
#1690 = VECTOR('',#1691,1.);
#1691 = DIRECTION('',(0.,-1.));
#1692 = ( GEOMETRIC_REPRESENTATION_CONTEXT(2) 
PARAMETRIC_REPRESENTATION_CONTEXT() REPRESENTATION_CONTEXT('2D SPACE',''
  ) );
#1693 = PCURVE('',#403,#1694);
#1694 = DEFINITIONAL_REPRESENTATION('',(#1695),#1699);
#1695 = LINE('',#1696,#1697);
#1696 = CARTESIAN_POINT('',(-3.14159265359,0.));
#1697 = VECTOR('',#1698,1.);
#1698 = DIRECTION('',(-0.,-1.));
#1699 = ( GEOMETRIC_REPRESENTATION_CONTEXT(2) 
PARAMETRIC_REPRESENTATION_CONTEXT() REPRESENTATION_CONTEXT('2D SPACE',''
  ) );
#1700 = ORIENTED_EDGE('',*,*,#1701,.T.);
#1701 = EDGE_CURVE('',#1679,#1630,#1702,.T.);
#1702 = SURFACE_CURVE('',#1703,(#1707,#1714),.PCURVE_S1.);
#1703 = LINE('',#1704,#1705);
#1704 = CARTESIAN_POINT('',(-0.2,-47.2,0.8));
#1705 = VECTOR('',#1706,1.);
#1706 = DIRECTION('',(0.,1.,0.));
#1707 = PCURVE('',#430,#1708);
#1708 = DEFINITIONAL_REPRESENTATION('',(#1709),#1713);
#1709 = LINE('',#1710,#1711);
#1710 = CARTESIAN_POINT('',(44.2,-1.8));
#1711 = VECTOR('',#1712,1.);
#1712 = DIRECTION('',(1.,0.));
#1713 = ( GEOMETRIC_REPRESENTATION_CONTEXT(2) 
PARAMETRIC_REPRESENTATION_CONTEXT() REPRESENTATION_CONTEXT('2D SPACE',''
  ) );
#1714 = PCURVE('',#1445,#1715);
#1715 = DEFINITIONAL_REPRESENTATION('',(#1716),#1720);
#1716 = LINE('',#1717,#1718);
#1717 = CARTESIAN_POINT('',(-68.7,0.));
#1718 = VECTOR('',#1719,1.);
#1719 = DIRECTION('',(0.,1.));
#1720 = ( GEOMETRIC_REPRESENTATION_CONTEXT(2) 
PARAMETRIC_REPRESENTATION_CONTEXT() REPRESENTATION_CONTEXT('2D SPACE',''
  ) );
#1721 = ORIENTED_EDGE('',*,*,#1653,.F.);
#1722 = ADVANCED_FACE('',(#1723),#403,.F.);
#1723 = FACE_BOUND('',#1724,.T.);
#1724 = EDGE_LOOP('',(#1725,#1726,#1727,#1751));
#1725 = ORIENTED_EDGE('',*,*,#382,.T.);
#1726 = ORIENTED_EDGE('',*,*,#1678,.T.);
#1727 = ORIENTED_EDGE('',*,*,#1728,.T.);
#1728 = EDGE_CURVE('',#1679,#1729,#1731,.T.);
#1729 = VERTEX_POINT('',#1730);
#1730 = CARTESIAN_POINT('',(3.,-94.6,0.8));
#1731 = SURFACE_CURVE('',#1732,(#1737,#1744),.PCURVE_S1.);
#1732 = CIRCLE('',#1733,3.2);
#1733 = AXIS2_PLACEMENT_3D('',#1734,#1735,#1736);
#1734 = CARTESIAN_POINT('',(3.,-91.4,0.8));
#1735 = DIRECTION('',(0.,0.,1.));
#1736 = DIRECTION('',(1.,0.,0.));
#1737 = PCURVE('',#403,#1738);
#1738 = DEFINITIONAL_REPRESENTATION('',(#1739),#1743);
#1739 = LINE('',#1740,#1741);
#1740 = CARTESIAN_POINT('',(-0.,-1.8));
#1741 = VECTOR('',#1742,1.);
#1742 = DIRECTION('',(-1.,0.));
#1743 = ( GEOMETRIC_REPRESENTATION_CONTEXT(2) 
PARAMETRIC_REPRESENTATION_CONTEXT() REPRESENTATION_CONTEXT('2D SPACE',''
  ) );
#1744 = PCURVE('',#1445,#1745);
#1745 = DEFINITIONAL_REPRESENTATION('',(#1746),#1750);
#1746 = CIRCLE('',#1747,3.2);
#1747 = AXIS2_PLACEMENT_2D('',#1748,#1749);
#1748 = CARTESIAN_POINT('',(-65.5,-44.2));
#1749 = DIRECTION('',(1.,0.));
#1750 = ( GEOMETRIC_REPRESENTATION_CONTEXT(2) 
PARAMETRIC_REPRESENTATION_CONTEXT() REPRESENTATION_CONTEXT('2D SPACE',''
  ) );
#1751 = ORIENTED_EDGE('',*,*,#1752,.F.);
#1752 = EDGE_CURVE('',#357,#1729,#1753,.T.);
#1753 = SURFACE_CURVE('',#1754,(#1758,#1765),.PCURVE_S1.);
#1754 = LINE('',#1755,#1756);
#1755 = CARTESIAN_POINT('',(3.,-94.6,-1.));
#1756 = VECTOR('',#1757,1.);
#1757 = DIRECTION('',(0.,0.,1.));
#1758 = PCURVE('',#403,#1759);
#1759 = DEFINITIONAL_REPRESENTATION('',(#1760),#1764);
#1760 = LINE('',#1761,#1762);
#1761 = CARTESIAN_POINT('',(-4.712388980385,0.));
#1762 = VECTOR('',#1763,1.);
#1763 = DIRECTION('',(-0.,-1.));
#1764 = ( GEOMETRIC_REPRESENTATION_CONTEXT(2) 
PARAMETRIC_REPRESENTATION_CONTEXT() REPRESENTATION_CONTEXT('2D SPACE',''
  ) );
#1765 = PCURVE('',#371,#1766);
#1766 = DEFINITIONAL_REPRESENTATION('',(#1767),#1771);
#1767 = LINE('',#1768,#1769);
#1768 = CARTESIAN_POINT('',(0.,0.));
#1769 = VECTOR('',#1770,1.);
#1770 = DIRECTION('',(0.,-1.));
#1771 = ( GEOMETRIC_REPRESENTATION_CONTEXT(2) 
PARAMETRIC_REPRESENTATION_CONTEXT() REPRESENTATION_CONTEXT('2D SPACE',''
  ) );
#1772 = ADVANCED_FACE('',(#1773),#371,.T.);
#1773 = FACE_BOUND('',#1774,.T.);
#1774 = EDGE_LOOP('',(#1775,#1776,#1777,#1800,#1828,#1856));
#1775 = ORIENTED_EDGE('',*,*,#356,.T.);
#1776 = ORIENTED_EDGE('',*,*,#1752,.T.);
#1777 = ORIENTED_EDGE('',*,*,#1778,.T.);
#1778 = EDGE_CURVE('',#1729,#1779,#1781,.T.);
#1779 = VERTEX_POINT('',#1780);
#1780 = CARTESIAN_POINT('',(117.7,-94.6,0.8));
#1781 = SURFACE_CURVE('',#1782,(#1786,#1793),.PCURVE_S1.);
#1782 = LINE('',#1783,#1784);
#1783 = CARTESIAN_POINT('',(68.5,-94.6,0.8));
#1784 = VECTOR('',#1785,1.);
#1785 = DIRECTION('',(1.,0.,0.));
#1786 = PCURVE('',#371,#1787);
#1787 = DEFINITIONAL_REPRESENTATION('',(#1788),#1792);
#1788 = LINE('',#1789,#1790);
#1789 = CARTESIAN_POINT('',(65.5,-1.8));
#1790 = VECTOR('',#1791,1.);
#1791 = DIRECTION('',(1.,0.));
#1792 = ( GEOMETRIC_REPRESENTATION_CONTEXT(2) 
PARAMETRIC_REPRESENTATION_CONTEXT() REPRESENTATION_CONTEXT('2D SPACE',''
  ) );
#1793 = PCURVE('',#1445,#1794);
#1794 = DEFINITIONAL_REPRESENTATION('',(#1795),#1799);
#1795 = LINE('',#1796,#1797);
#1796 = CARTESIAN_POINT('',(0.,-47.4));
#1797 = VECTOR('',#1798,1.);
#1798 = DIRECTION('',(1.,0.));
#1799 = ( GEOMETRIC_REPRESENTATION_CONTEXT(2) 
PARAMETRIC_REPRESENTATION_CONTEXT() REPRESENTATION_CONTEXT('2D SPACE',''
  ) );
#1800 = ORIENTED_EDGE('',*,*,#1801,.T.);
#1801 = EDGE_CURVE('',#1779,#1802,#1804,.T.);
#1802 = VERTEX_POINT('',#1803);
#1803 = CARTESIAN_POINT('',(127.7,-94.6,0.8));
#1804 = SURFACE_CURVE('',#1805,(#1809,#1816),.PCURVE_S1.);
#1805 = LINE('',#1806,#1807);
#1806 = CARTESIAN_POINT('',(68.5,-94.6,0.8));
#1807 = VECTOR('',#1808,1.);
#1808 = DIRECTION('',(1.,0.,0.));
#1809 = PCURVE('',#371,#1810);
#1810 = DEFINITIONAL_REPRESENTATION('',(#1811),#1815);
#1811 = LINE('',#1812,#1813);
#1812 = CARTESIAN_POINT('',(65.5,-1.8));
#1813 = VECTOR('',#1814,1.);
#1814 = DIRECTION('',(1.,0.));
#1815 = ( GEOMETRIC_REPRESENTATION_CONTEXT(2) 
PARAMETRIC_REPRESENTATION_CONTEXT() REPRESENTATION_CONTEXT('2D SPACE',''
  ) );
#1816 = PCURVE('',#1817,#1822);
#1817 = PLANE('',#1818);
#1818 = AXIS2_PLACEMENT_3D('',#1819,#1820,#1821);
#1819 = CARTESIAN_POINT('',(122.7,-94.4,0.8));
#1820 = DIRECTION('',(0.,0.,1.));
#1821 = DIRECTION('',(1.,0.,0.));
#1822 = DEFINITIONAL_REPRESENTATION('',(#1823),#1827);
#1823 = LINE('',#1824,#1825);
#1824 = CARTESIAN_POINT('',(-54.2,-0.2));
#1825 = VECTOR('',#1826,1.);
#1826 = DIRECTION('',(1.,0.));
#1827 = ( GEOMETRIC_REPRESENTATION_CONTEXT(2) 
PARAMETRIC_REPRESENTATION_CONTEXT() REPRESENTATION_CONTEXT('2D SPACE',''
  ) );
#1828 = ORIENTED_EDGE('',*,*,#1829,.T.);
#1829 = EDGE_CURVE('',#1802,#1830,#1832,.T.);
#1830 = VERTEX_POINT('',#1831);
#1831 = CARTESIAN_POINT('',(134.,-94.6,0.8));
#1832 = SURFACE_CURVE('',#1833,(#1837,#1844),.PCURVE_S1.);
#1833 = LINE('',#1834,#1835);
#1834 = CARTESIAN_POINT('',(68.5,-94.6,0.8));
#1835 = VECTOR('',#1836,1.);
#1836 = DIRECTION('',(1.,0.,0.));
#1837 = PCURVE('',#371,#1838);
#1838 = DEFINITIONAL_REPRESENTATION('',(#1839),#1843);
#1839 = LINE('',#1840,#1841);
#1840 = CARTESIAN_POINT('',(65.5,-1.8));
#1841 = VECTOR('',#1842,1.);
#1842 = DIRECTION('',(1.,0.));
#1843 = ( GEOMETRIC_REPRESENTATION_CONTEXT(2) 
PARAMETRIC_REPRESENTATION_CONTEXT() REPRESENTATION_CONTEXT('2D SPACE',''
  ) );
#1844 = PCURVE('',#1845,#1850);
#1845 = PLANE('',#1846);
#1846 = AXIS2_PLACEMENT_3D('',#1847,#1848,#1849);
#1847 = CARTESIAN_POINT('',(68.5,-47.2,0.8));
#1848 = DIRECTION('',(0.,0.,1.));
#1849 = DIRECTION('',(1.,0.,0.));
#1850 = DEFINITIONAL_REPRESENTATION('',(#1851),#1855);
#1851 = LINE('',#1852,#1853);
#1852 = CARTESIAN_POINT('',(0.,-47.4));
#1853 = VECTOR('',#1854,1.);
#1854 = DIRECTION('',(1.,0.));
#1855 = ( GEOMETRIC_REPRESENTATION_CONTEXT(2) 
PARAMETRIC_REPRESENTATION_CONTEXT() REPRESENTATION_CONTEXT('2D SPACE',''
  ) );
#1856 = ORIENTED_EDGE('',*,*,#1857,.F.);
#1857 = EDGE_CURVE('',#324,#1830,#1858,.T.);
#1858 = SURFACE_CURVE('',#1859,(#1863,#1870),.PCURVE_S1.);
#1859 = LINE('',#1860,#1861);
#1860 = CARTESIAN_POINT('',(134.,-94.6,-1.));
#1861 = VECTOR('',#1862,1.);
#1862 = DIRECTION('',(0.,0.,1.));
#1863 = PCURVE('',#371,#1864);
#1864 = DEFINITIONAL_REPRESENTATION('',(#1865),#1869);
#1865 = LINE('',#1866,#1867);
#1866 = CARTESIAN_POINT('',(131.,0.));
#1867 = VECTOR('',#1868,1.);
#1868 = DIRECTION('',(0.,-1.));
#1869 = ( GEOMETRIC_REPRESENTATION_CONTEXT(2) 
PARAMETRIC_REPRESENTATION_CONTEXT() REPRESENTATION_CONTEXT('2D SPACE',''
  ) );
#1870 = PCURVE('',#344,#1871);
#1871 = DEFINITIONAL_REPRESENTATION('',(#1872),#1876);
#1872 = LINE('',#1873,#1874);
#1873 = CARTESIAN_POINT('',(-4.712388980385,0.));
#1874 = VECTOR('',#1875,1.);
#1875 = DIRECTION('',(-0.,-1.));
#1876 = ( GEOMETRIC_REPRESENTATION_CONTEXT(2) 
PARAMETRIC_REPRESENTATION_CONTEXT() REPRESENTATION_CONTEXT('2D SPACE',''
  ) );
#1877 = ADVANCED_FACE('',(#1878),#344,.F.);
#1878 = FACE_BOUND('',#1879,.T.);
#1879 = EDGE_LOOP('',(#1880,#1881,#1882,#1906));
#1880 = ORIENTED_EDGE('',*,*,#323,.T.);
#1881 = ORIENTED_EDGE('',*,*,#1857,.T.);
#1882 = ORIENTED_EDGE('',*,*,#1883,.T.);
#1883 = EDGE_CURVE('',#1830,#1884,#1886,.T.);
#1884 = VERTEX_POINT('',#1885);
#1885 = CARTESIAN_POINT('',(137.2,-91.4,0.8));
#1886 = SURFACE_CURVE('',#1887,(#1892,#1899),.PCURVE_S1.);
#1887 = CIRCLE('',#1888,3.2);
#1888 = AXIS2_PLACEMENT_3D('',#1889,#1890,#1891);
#1889 = CARTESIAN_POINT('',(134.,-91.4,0.8));
#1890 = DIRECTION('',(0.,0.,1.));
#1891 = DIRECTION('',(1.,0.,0.));
#1892 = PCURVE('',#344,#1893);
#1893 = DEFINITIONAL_REPRESENTATION('',(#1894),#1898);
#1894 = LINE('',#1895,#1896);
#1895 = CARTESIAN_POINT('',(-0.,-1.8));
#1896 = VECTOR('',#1897,1.);
#1897 = DIRECTION('',(-1.,0.));
#1898 = ( GEOMETRIC_REPRESENTATION_CONTEXT(2) 
PARAMETRIC_REPRESENTATION_CONTEXT() REPRESENTATION_CONTEXT('2D SPACE',''
  ) );
#1899 = PCURVE('',#1845,#1900);
#1900 = DEFINITIONAL_REPRESENTATION('',(#1901),#1905);
#1901 = CIRCLE('',#1902,3.2);
#1902 = AXIS2_PLACEMENT_2D('',#1903,#1904);
#1903 = CARTESIAN_POINT('',(65.5,-44.2));
#1904 = DIRECTION('',(1.,0.));
#1905 = ( GEOMETRIC_REPRESENTATION_CONTEXT(2) 
PARAMETRIC_REPRESENTATION_CONTEXT() REPRESENTATION_CONTEXT('2D SPACE',''
  ) );
#1906 = ORIENTED_EDGE('',*,*,#1907,.F.);
#1907 = EDGE_CURVE('',#298,#1884,#1908,.T.);
#1908 = SURFACE_CURVE('',#1909,(#1913,#1920),.PCURVE_S1.);
#1909 = LINE('',#1910,#1911);
#1910 = CARTESIAN_POINT('',(137.2,-91.4,-1.));
#1911 = VECTOR('',#1912,1.);
#1912 = DIRECTION('',(0.,0.,1.));
#1913 = PCURVE('',#344,#1914);
#1914 = DEFINITIONAL_REPRESENTATION('',(#1915),#1919);
#1915 = LINE('',#1916,#1917);
#1916 = CARTESIAN_POINT('',(-6.28318530718,0.));
#1917 = VECTOR('',#1918,1.);
#1918 = DIRECTION('',(-0.,-1.));
#1919 = ( GEOMETRIC_REPRESENTATION_CONTEXT(2) 
PARAMETRIC_REPRESENTATION_CONTEXT() REPRESENTATION_CONTEXT('2D SPACE',''
  ) );
#1920 = PCURVE('',#312,#1921);
#1921 = DEFINITIONAL_REPRESENTATION('',(#1922),#1926);
#1922 = LINE('',#1923,#1924);
#1923 = CARTESIAN_POINT('',(0.,0.));
#1924 = VECTOR('',#1925,1.);
#1925 = DIRECTION('',(0.,-1.));
#1926 = ( GEOMETRIC_REPRESENTATION_CONTEXT(2) 
PARAMETRIC_REPRESENTATION_CONTEXT() REPRESENTATION_CONTEXT('2D SPACE',''
  ) );
#1927 = ADVANCED_FACE('',(#1928),#312,.T.);
#1928 = FACE_BOUND('',#1929,.T.);
#1929 = EDGE_LOOP('',(#1930,#1951,#1952,#1953));
#1930 = ORIENTED_EDGE('',*,*,#1931,.T.);
#1931 = EDGE_CURVE('',#1932,#272,#1934,.T.);
#1932 = VERTEX_POINT('',#1933);
#1933 = CARTESIAN_POINT('',(137.2,-57.15,0.8));
#1934 = SURFACE_CURVE('',#1935,(#1939,#1945),.PCURVE_S1.);
#1935 = LINE('',#1936,#1937);
#1936 = CARTESIAN_POINT('',(137.2,-57.15,-1.));
#1937 = VECTOR('',#1938,1.);
#1938 = DIRECTION('',(0.,0.,-1.));
#1939 = PCURVE('',#312,#1940);
#1940 = DEFINITIONAL_REPRESENTATION('',(#1941),#1944);
#1941 = B_SPLINE_CURVE_WITH_KNOTS('',1,(#1942,#1943),.UNSPECIFIED.,.F.,
  .F.,(2,2),(-1.8,-1.),.PIECEWISE_BEZIER_KNOTS.);
#1942 = CARTESIAN_POINT('',(34.25,-1.8));
#1943 = CARTESIAN_POINT('',(34.25,-1.));
#1944 = ( GEOMETRIC_REPRESENTATION_CONTEXT(2) 
PARAMETRIC_REPRESENTATION_CONTEXT() REPRESENTATION_CONTEXT('2D SPACE',''
  ) );
#1945 = PCURVE('',#286,#1946);
#1946 = DEFINITIONAL_REPRESENTATION('',(#1947),#1950);
#1947 = B_SPLINE_CURVE_WITH_KNOTS('',1,(#1948,#1949),.UNSPECIFIED.,.F.,
  .F.,(2,2),(-1.8,-1.),.PIECEWISE_BEZIER_KNOTS.);
#1948 = CARTESIAN_POINT('',(3.2,-1.8));
#1949 = CARTESIAN_POINT('',(3.2,-1.));
#1950 = ( GEOMETRIC_REPRESENTATION_CONTEXT(2) 
PARAMETRIC_REPRESENTATION_CONTEXT() REPRESENTATION_CONTEXT('2D SPACE',''
  ) );
#1951 = ORIENTED_EDGE('',*,*,#297,.T.);
#1952 = ORIENTED_EDGE('',*,*,#1907,.T.);
#1953 = ORIENTED_EDGE('',*,*,#1954,.T.);
#1954 = EDGE_CURVE('',#1884,#1932,#1955,.T.);
#1955 = SURFACE_CURVE('',#1956,(#1960,#1967),.PCURVE_S1.);
#1956 = LINE('',#1957,#1958);
#1957 = CARTESIAN_POINT('',(137.2,-47.2,0.8));
#1958 = VECTOR('',#1959,1.);
#1959 = DIRECTION('',(0.,1.,0.));
#1960 = PCURVE('',#312,#1961);
#1961 = DEFINITIONAL_REPRESENTATION('',(#1962),#1966);
#1962 = LINE('',#1963,#1964);
#1963 = CARTESIAN_POINT('',(44.2,-1.8));
#1964 = VECTOR('',#1965,1.);
#1965 = DIRECTION('',(1.,0.));
#1966 = ( GEOMETRIC_REPRESENTATION_CONTEXT(2) 
PARAMETRIC_REPRESENTATION_CONTEXT() REPRESENTATION_CONTEXT('2D SPACE',''
  ) );
#1967 = PCURVE('',#1845,#1968);
#1968 = DEFINITIONAL_REPRESENTATION('',(#1969),#1973);
#1969 = LINE('',#1970,#1971);
#1970 = CARTESIAN_POINT('',(68.7,0.));
#1971 = VECTOR('',#1972,1.);
#1972 = DIRECTION('',(0.,1.));
#1973 = ( GEOMETRIC_REPRESENTATION_CONTEXT(2) 
PARAMETRIC_REPRESENTATION_CONTEXT() REPRESENTATION_CONTEXT('2D SPACE',''
  ) );
#1974 = ADVANCED_FACE('',(#1975),#286,.T.);
#1975 = FACE_BOUND('',#1976,.T.);
#1976 = EDGE_LOOP('',(#1977,#2000,#2021,#2022,#2023,#2024));
#1977 = ORIENTED_EDGE('',*,*,#1978,.F.);
#1978 = EDGE_CURVE('',#1979,#1981,#1983,.T.);
#1979 = VERTEX_POINT('',#1980);
#1980 = CARTESIAN_POINT('',(136.2,-57.15,3.4));
#1981 = VERTEX_POINT('',#1982);
#1982 = CARTESIAN_POINT('',(136.2,-57.15,0.8));
#1983 = SURFACE_CURVE('',#1984,(#1988,#1994),.PCURVE_S1.);
#1984 = LINE('',#1985,#1986);
#1985 = CARTESIAN_POINT('',(136.2,-57.15,-1.));
#1986 = VECTOR('',#1987,1.);
#1987 = DIRECTION('',(0.,0.,-1.));
#1988 = PCURVE('',#286,#1989);
#1989 = DEFINITIONAL_REPRESENTATION('',(#1990),#1993);
#1990 = B_SPLINE_CURVE_WITH_KNOTS('',1,(#1991,#1992),.UNSPECIFIED.,.F.,
  .F.,(2,2),(-4.4,-1.8),.PIECEWISE_BEZIER_KNOTS.);
#1991 = CARTESIAN_POINT('',(2.2,-4.4));
#1992 = CARTESIAN_POINT('',(2.2,-1.8));
#1993 = ( GEOMETRIC_REPRESENTATION_CONTEXT(2) 
PARAMETRIC_REPRESENTATION_CONTEXT() REPRESENTATION_CONTEXT('2D SPACE',''
  ) );
#1994 = PCURVE('',#1419,#1995);
#1995 = DEFINITIONAL_REPRESENTATION('',(#1996),#1999);
#1996 = B_SPLINE_CURVE_WITH_KNOTS('',1,(#1997,#1998),.UNSPECIFIED.,.F.,
  .F.,(2,2),(-4.4,-1.8),.PIECEWISE_BEZIER_KNOTS.);
#1997 = CARTESIAN_POINT('',(35.45,-4.4));
#1998 = CARTESIAN_POINT('',(35.45,-1.8));
#1999 = ( GEOMETRIC_REPRESENTATION_CONTEXT(2) 
PARAMETRIC_REPRESENTATION_CONTEXT() REPRESENTATION_CONTEXT('2D SPACE',''
  ) );
#2000 = ORIENTED_EDGE('',*,*,#2001,.T.);
#2001 = EDGE_CURVE('',#1979,#1290,#2002,.T.);
#2002 = SURFACE_CURVE('',#2003,(#2007,#2014),.PCURVE_S1.);
#2003 = LINE('',#2004,#2005);
#2004 = CARTESIAN_POINT('',(134.,-57.15,3.4));
#2005 = VECTOR('',#2006,1.);
#2006 = DIRECTION('',(1.,0.,0.));
#2007 = PCURVE('',#286,#2008);
#2008 = DEFINITIONAL_REPRESENTATION('',(#2009),#2013);
#2009 = LINE('',#2010,#2011);
#2010 = CARTESIAN_POINT('',(0.,-4.4));
#2011 = VECTOR('',#2012,1.);
#2012 = DIRECTION('',(1.,0.));
#2013 = ( GEOMETRIC_REPRESENTATION_CONTEXT(2) 
PARAMETRIC_REPRESENTATION_CONTEXT() REPRESENTATION_CONTEXT('2D SPACE',''
  ) );
#2014 = PCURVE('',#1325,#2015);
#2015 = DEFINITIONAL_REPRESENTATION('',(#2016),#2020);
#2016 = LINE('',#2017,#2018);
#2017 = CARTESIAN_POINT('',(-3.,-2.2));
#2018 = VECTOR('',#2019,1.);
#2019 = DIRECTION('',(1.,0.));
#2020 = ( GEOMETRIC_REPRESENTATION_CONTEXT(2) 
PARAMETRIC_REPRESENTATION_CONTEXT() REPRESENTATION_CONTEXT('2D SPACE',''
  ) );
#2021 = ORIENTED_EDGE('',*,*,#1289,.F.);
#2022 = ORIENTED_EDGE('',*,*,#271,.T.);
#2023 = ORIENTED_EDGE('',*,*,#1931,.F.);
#2024 = ORIENTED_EDGE('',*,*,#2025,.T.);
#2025 = EDGE_CURVE('',#1932,#1981,#2026,.T.);
#2026 = SURFACE_CURVE('',#2027,(#2031,#2037),.PCURVE_S1.);
#2027 = LINE('',#2028,#2029);
#2028 = CARTESIAN_POINT('',(101.25,-57.15,0.8));
#2029 = VECTOR('',#2030,1.);
#2030 = DIRECTION('',(-1.,0.,0.));
#2031 = PCURVE('',#286,#2032);
#2032 = DEFINITIONAL_REPRESENTATION('',(#2033),#2036);
#2033 = B_SPLINE_CURVE_WITH_KNOTS('',1,(#2034,#2035),.UNSPECIFIED.,.F.,
  .F.,(2,2),(-35.95,-32.75),.PIECEWISE_BEZIER_KNOTS.);
#2034 = CARTESIAN_POINT('',(3.2,-1.8));
#2035 = CARTESIAN_POINT('',(0.,-1.8));
#2036 = ( GEOMETRIC_REPRESENTATION_CONTEXT(2) 
PARAMETRIC_REPRESENTATION_CONTEXT() REPRESENTATION_CONTEXT('2D SPACE',''
  ) );
#2037 = PCURVE('',#1845,#2038);
#2038 = DEFINITIONAL_REPRESENTATION('',(#2039),#2042);
#2039 = B_SPLINE_CURVE_WITH_KNOTS('',1,(#2040,#2041),.UNSPECIFIED.,.F.,
  .F.,(2,2),(-35.95,-32.75),.PIECEWISE_BEZIER_KNOTS.);
#2040 = CARTESIAN_POINT('',(68.7,-9.95));
#2041 = CARTESIAN_POINT('',(65.5,-9.95));
#2042 = ( GEOMETRIC_REPRESENTATION_CONTEXT(2) 
PARAMETRIC_REPRESENTATION_CONTEXT() REPRESENTATION_CONTEXT('2D SPACE',''
  ) );
#2043 = ADVANCED_FACE('',(#2044),#231,.T.);
#2044 = FACE_BOUND('',#2045,.T.);
#2045 = EDGE_LOOP('',(#2046,#2066,#2067,#2068));
#2046 = ORIENTED_EDGE('',*,*,#2047,.F.);
#2047 = EDGE_CURVE('',#187,#2048,#2050,.T.);
#2048 = VERTEX_POINT('',#2049);
#2049 = CARTESIAN_POINT('',(134.,-94.40289537712,4.1));
#2050 = SURFACE_CURVE('',#2051,(#2054,#2060),.PCURVE_S1.);
#2051 = B_SPLINE_CURVE_WITH_KNOTS('',1,(#2052,#2053),.UNSPECIFIED.,.F.,
  .F.,(2,2),(0.,1.),.PIECEWISE_BEZIER_KNOTS.);
#2052 = CARTESIAN_POINT('',(134.,-95.59,0.));
#2053 = CARTESIAN_POINT('',(134.,-94.4,4.11));
#2054 = PCURVE('',#231,#2055);
#2055 = DEFINITIONAL_REPRESENTATION('',(#2056),#2059);
#2056 = B_SPLINE_CURVE_WITH_KNOTS('',1,(#2057,#2058),.UNSPECIFIED.,.F.,
  .F.,(2,2),(0.,1.),.PIECEWISE_BEZIER_KNOTS.);
#2057 = CARTESIAN_POINT('',(-4.712388980385,0.));
#2058 = CARTESIAN_POINT('',(-4.712388980385,-4.11));
#2059 = ( GEOMETRIC_REPRESENTATION_CONTEXT(2) 
PARAMETRIC_REPRESENTATION_CONTEXT() REPRESENTATION_CONTEXT('2D SPACE',''
  ) );
#2060 = PCURVE('',#202,#2061);
#2061 = DEFINITIONAL_REPRESENTATION('',(#2062),#2065);
#2062 = B_SPLINE_CURVE_WITH_KNOTS('',1,(#2063,#2064),.UNSPECIFIED.,.F.,
  .F.,(2,2),(0.,1.),.PIECEWISE_BEZIER_KNOTS.);
#2063 = CARTESIAN_POINT('',(65.5,-4.278808245294));
#2064 = CARTESIAN_POINT('',(65.5,0.));
#2065 = ( GEOMETRIC_REPRESENTATION_CONTEXT(2) 
PARAMETRIC_REPRESENTATION_CONTEXT() REPRESENTATION_CONTEXT('2D SPACE',''
  ) );
#2066 = ORIENTED_EDGE('',*,*,#214,.T.);
#2067 = ORIENTED_EDGE('',*,*,#1268,.T.);
#2068 = ORIENTED_EDGE('',*,*,#2069,.F.);
#2069 = EDGE_CURVE('',#2048,#1269,#2070,.T.);
#2070 = SURFACE_CURVE('',#2071,(#2076,#2083),.PCURVE_S1.);
#2071 = CIRCLE('',#2072,3.002895377129);
#2072 = AXIS2_PLACEMENT_3D('',#2073,#2074,#2075);
#2073 = CARTESIAN_POINT('',(134.,-91.4,4.1));
#2074 = DIRECTION('',(0.,-0.,1.));
#2075 = DIRECTION('',(1.,0.,0.));
#2076 = PCURVE('',#231,#2077);
#2077 = DEFINITIONAL_REPRESENTATION('',(#2078),#2082);
#2078 = LINE('',#2079,#2080);
#2079 = CARTESIAN_POINT('',(-0.,-4.1));
#2080 = VECTOR('',#2081,1.);
#2081 = DIRECTION('',(-1.,-0.));
#2082 = ( GEOMETRIC_REPRESENTATION_CONTEXT(2) 
PARAMETRIC_REPRESENTATION_CONTEXT() REPRESENTATION_CONTEXT('2D SPACE',''
  ) );
#2083 = PCURVE('',#1188,#2084);
#2084 = DEFINITIONAL_REPRESENTATION('',(#2085),#2089);
#2085 = CIRCLE('',#2086,3.002895377129);
#2086 = AXIS2_PLACEMENT_2D('',#2087,#2088);
#2087 = CARTESIAN_POINT('',(26.8,-101.4));
#2088 = DIRECTION('',(1.,0.));
#2089 = ( GEOMETRIC_REPRESENTATION_CONTEXT(2) 
PARAMETRIC_REPRESENTATION_CONTEXT() REPRESENTATION_CONTEXT('2D SPACE',''
  ) );
#2090 = ADVANCED_FACE('',(#2091),#202,.T.);
#2091 = FACE_BOUND('',#2092,.T.);
#2092 = EDGE_LOOP('',(#2093,#2094,#2095,#2096,#2118,#2144,#2165,#2191,
    #2213,#2321));
#2093 = ORIENTED_EDGE('',*,*,#692,.F.);
#2094 = ORIENTED_EDGE('',*,*,#186,.T.);
#2095 = ORIENTED_EDGE('',*,*,#2047,.T.);
#2096 = ORIENTED_EDGE('',*,*,#2097,.T.);
#2097 = EDGE_CURVE('',#2048,#2098,#2100,.T.);
#2098 = VERTEX_POINT('',#2099);
#2099 = CARTESIAN_POINT('',(127.7,-94.40289537712,4.1));
#2100 = SURFACE_CURVE('',#2101,(#2105,#2111),.PCURVE_S1.);
#2101 = LINE('',#2102,#2103);
#2102 = CARTESIAN_POINT('',(87.85,-94.40289537712,4.1));
#2103 = VECTOR('',#2104,1.);
#2104 = DIRECTION('',(-1.,-0.,0.));
#2105 = PCURVE('',#202,#2106);
#2106 = DEFINITIONAL_REPRESENTATION('',(#2107),#2110);
#2107 = B_SPLINE_CURVE_WITH_KNOTS('',1,(#2108,#2109),.UNSPECIFIED.,.F.,
  .F.,(2,2),(-46.15,-19.35),.PIECEWISE_BEZIER_KNOTS.);
#2108 = CARTESIAN_POINT('',(65.5,-1.041072565765E-02));
#2109 = CARTESIAN_POINT('',(38.7,-1.041072565765E-02));
#2110 = ( GEOMETRIC_REPRESENTATION_CONTEXT(2) 
PARAMETRIC_REPRESENTATION_CONTEXT() REPRESENTATION_CONTEXT('2D SPACE',''
  ) );
#2111 = PCURVE('',#1188,#2112);
#2112 = DEFINITIONAL_REPRESENTATION('',(#2113),#2117);
#2113 = LINE('',#2114,#2115);
#2114 = CARTESIAN_POINT('',(-19.35,-104.4028953771));
#2115 = VECTOR('',#2116,1.);
#2116 = DIRECTION('',(-1.,-0.));
#2117 = ( GEOMETRIC_REPRESENTATION_CONTEXT(2) 
PARAMETRIC_REPRESENTATION_CONTEXT() REPRESENTATION_CONTEXT('2D SPACE',''
  ) );
#2118 = ORIENTED_EDGE('',*,*,#2119,.T.);
#2119 = EDGE_CURVE('',#2098,#2120,#2122,.T.);
#2120 = VERTEX_POINT('',#2121);
#2121 = CARTESIAN_POINT('',(127.7,-95.35836982968,0.8));
#2122 = SURFACE_CURVE('',#2123,(#2127,#2133),.PCURVE_S1.);
#2123 = LINE('',#2124,#2125);
#2124 = CARTESIAN_POINT('',(127.7,-94.91173405905,2.342582367464));
#2125 = VECTOR('',#2126,1.);
#2126 = DIRECTION('',(-0.,-0.278114823516,-0.960547835842));
#2127 = PCURVE('',#202,#2128);
#2128 = DEFINITIONAL_REPRESENTATION('',(#2129),#2132);
#2129 = B_SPLINE_CURVE_WITH_KNOTS('',1,(#2130,#2131),.UNSPECIFIED.,.F.,
  .F.,(2,2),(-1.829599301893,1.605940183199),.PIECEWISE_BEZIER_KNOTS.);
#2130 = CARTESIAN_POINT('',(59.2,-1.041070758994E-02));
#2131 = CARTESIAN_POINT('',(59.2,-3.445950192682));
#2132 = ( GEOMETRIC_REPRESENTATION_CONTEXT(2) 
PARAMETRIC_REPRESENTATION_CONTEXT() REPRESENTATION_CONTEXT('2D SPACE',''
  ) );
#2133 = PCURVE('',#2134,#2139);
#2134 = PLANE('',#2135);
#2135 = AXIS2_PLACEMENT_3D('',#2136,#2137,#2138);
#2136 = CARTESIAN_POINT('',(127.7,-96.2,0.8));
#2137 = DIRECTION('',(-1.,0.,0.));
#2138 = DIRECTION('',(0.,1.,0.));
#2139 = DEFINITIONAL_REPRESENTATION('',(#2140),#2143);
#2140 = B_SPLINE_CURVE_WITH_KNOTS('',1,(#2141,#2142),.UNSPECIFIED.,.F.,
  .F.,(2,2),(-1.829599301893,1.605940183199),.PIECEWISE_BEZIER_KNOTS.);
#2141 = CARTESIAN_POINT('',(1.797104627896,-3.300000017355));
#2142 = CARTESIAN_POINT('',(0.841630170316,4.440892098501E-16));
#2143 = ( GEOMETRIC_REPRESENTATION_CONTEXT(2) 
PARAMETRIC_REPRESENTATION_CONTEXT() REPRESENTATION_CONTEXT('2D SPACE',''
  ) );
#2144 = ORIENTED_EDGE('',*,*,#2145,.T.);
#2145 = EDGE_CURVE('',#2120,#2146,#2148,.T.);
#2146 = VERTEX_POINT('',#2147);
#2147 = CARTESIAN_POINT('',(117.7,-95.35836982968,0.8));
#2148 = SURFACE_CURVE('',#2149,(#2153,#2159),.PCURVE_S1.);
#2149 = LINE('',#2150,#2151);
#2150 = CARTESIAN_POINT('',(95.6,-95.35836982968,0.8));
#2151 = VECTOR('',#2152,1.);
#2152 = DIRECTION('',(-1.,0.,0.));
#2153 = PCURVE('',#202,#2154);
#2154 = DEFINITIONAL_REPRESENTATION('',(#2155),#2158);
#2155 = B_SPLINE_CURVE_WITH_KNOTS('',1,(#2156,#2157),.UNSPECIFIED.,.F.,
  .F.,(2,2),(-32.1,-22.1),.PIECEWISE_BEZIER_KNOTS.);
#2156 = CARTESIAN_POINT('',(59.2,-3.445950192682));
#2157 = CARTESIAN_POINT('',(49.2,-3.445950192682));
#2158 = ( GEOMETRIC_REPRESENTATION_CONTEXT(2) 
PARAMETRIC_REPRESENTATION_CONTEXT() REPRESENTATION_CONTEXT('2D SPACE',''
  ) );
#2159 = PCURVE('',#1817,#2160);
#2160 = DEFINITIONAL_REPRESENTATION('',(#2161),#2164);
#2161 = B_SPLINE_CURVE_WITH_KNOTS('',1,(#2162,#2163),.UNSPECIFIED.,.F.,
  .F.,(2,2),(-32.1,-22.1),.PIECEWISE_BEZIER_KNOTS.);
#2162 = CARTESIAN_POINT('',(5.,-0.958369829684));
#2163 = CARTESIAN_POINT('',(-5.,-0.958369829684));
#2164 = ( GEOMETRIC_REPRESENTATION_CONTEXT(2) 
PARAMETRIC_REPRESENTATION_CONTEXT() REPRESENTATION_CONTEXT('2D SPACE',''
  ) );
#2165 = ORIENTED_EDGE('',*,*,#2166,.F.);
#2166 = EDGE_CURVE('',#2167,#2146,#2169,.T.);
#2167 = VERTEX_POINT('',#2168);
#2168 = CARTESIAN_POINT('',(117.7,-94.40289537712,4.1));
#2169 = SURFACE_CURVE('',#2170,(#2174,#2180),.PCURVE_S1.);
#2170 = LINE('',#2171,#2172);
#2171 = CARTESIAN_POINT('',(117.7,-94.91173405905,2.342582367464));
#2172 = VECTOR('',#2173,1.);
#2173 = DIRECTION('',(-0.,-0.278114823516,-0.960547835842));
#2174 = PCURVE('',#202,#2175);
#2175 = DEFINITIONAL_REPRESENTATION('',(#2176),#2179);
#2176 = B_SPLINE_CURVE_WITH_KNOTS('',1,(#2177,#2178),.UNSPECIFIED.,.F.,
  .F.,(2,2),(-1.829599301893,1.605940183199),.PIECEWISE_BEZIER_KNOTS.);
#2177 = CARTESIAN_POINT('',(49.2,-1.041070758994E-02));
#2178 = CARTESIAN_POINT('',(49.2,-3.445950192682));
#2179 = ( GEOMETRIC_REPRESENTATION_CONTEXT(2) 
PARAMETRIC_REPRESENTATION_CONTEXT() REPRESENTATION_CONTEXT('2D SPACE',''
  ) );
#2180 = PCURVE('',#2181,#2186);
#2181 = PLANE('',#2182);
#2182 = AXIS2_PLACEMENT_3D('',#2183,#2184,#2185);
#2183 = CARTESIAN_POINT('',(117.7,-96.2,0.8));
#2184 = DIRECTION('',(-1.,0.,0.));
#2185 = DIRECTION('',(0.,1.,0.));
#2186 = DEFINITIONAL_REPRESENTATION('',(#2187),#2190);
#2187 = B_SPLINE_CURVE_WITH_KNOTS('',1,(#2188,#2189),.UNSPECIFIED.,.F.,
  .F.,(2,2),(-1.829599301893,1.605940183199),.PIECEWISE_BEZIER_KNOTS.);
#2188 = CARTESIAN_POINT('',(1.797104627896,-3.300000017355));
#2189 = CARTESIAN_POINT('',(0.841630170316,4.440892098501E-16));
#2190 = ( GEOMETRIC_REPRESENTATION_CONTEXT(2) 
PARAMETRIC_REPRESENTATION_CONTEXT() REPRESENTATION_CONTEXT('2D SPACE',''
  ) );
#2191 = ORIENTED_EDGE('',*,*,#2192,.T.);
#2192 = EDGE_CURVE('',#2167,#2193,#2195,.T.);
#2193 = VERTEX_POINT('',#2194);
#2194 = CARTESIAN_POINT('',(107.2,-94.40289537712,4.1));
#2195 = SURFACE_CURVE('',#2196,(#2200,#2206),.PCURVE_S1.);
#2196 = LINE('',#2197,#2198);
#2197 = CARTESIAN_POINT('',(87.85,-94.40289537712,4.1));
#2198 = VECTOR('',#2199,1.);
#2199 = DIRECTION('',(-1.,-0.,0.));
#2200 = PCURVE('',#202,#2201);
#2201 = DEFINITIONAL_REPRESENTATION('',(#2202),#2205);
#2202 = B_SPLINE_CURVE_WITH_KNOTS('',1,(#2203,#2204),.UNSPECIFIED.,.F.,
  .F.,(2,2),(-46.15,-19.35),.PIECEWISE_BEZIER_KNOTS.);
#2203 = CARTESIAN_POINT('',(65.5,-1.041072565765E-02));
#2204 = CARTESIAN_POINT('',(38.7,-1.041072565765E-02));
#2205 = ( GEOMETRIC_REPRESENTATION_CONTEXT(2) 
PARAMETRIC_REPRESENTATION_CONTEXT() REPRESENTATION_CONTEXT('2D SPACE',''
  ) );
#2206 = PCURVE('',#1188,#2207);
#2207 = DEFINITIONAL_REPRESENTATION('',(#2208),#2212);
#2208 = LINE('',#2209,#2210);
#2209 = CARTESIAN_POINT('',(-19.35,-104.4028953771));
#2210 = VECTOR('',#2211,1.);
#2211 = DIRECTION('',(-1.,-0.));
#2212 = ( GEOMETRIC_REPRESENTATION_CONTEXT(2) 
PARAMETRIC_REPRESENTATION_CONTEXT() REPRESENTATION_CONTEXT('2D SPACE',''
  ) );
#2213 = ORIENTED_EDGE('',*,*,#2214,.T.);
#2214 = EDGE_CURVE('',#2193,#828,#2215,.T.);
#2215 = SURFACE_CURVE('',#2216,(#2249,#2285),.PCURVE_S1.);
#2216 = B_SPLINE_CURVE_WITH_KNOTS('',6,(#2217,#2218,#2219,#2220,#2221,
    #2222,#2223,#2224,#2225,#2226,#2227,#2228,#2229,#2230,#2231,#2232,
    #2233,#2234,#2235,#2236,#2237,#2238,#2239,#2240,#2241,#2242,#2243,
    #2244,#2245,#2246,#2247,#2248),.UNSPECIFIED.,.F.,.F.,(7,5,5,5,5,5,7)
  ,(0.,0.334633869883,0.44663424705,0.526634590498,0.579634808428,
    0.740635191193,1.),.UNSPECIFIED.);
#2217 = CARTESIAN_POINT('',(107.2,-94.40289537712,4.1));
#2218 = CARTESIAN_POINT('',(105.57133387362,-94.4028953721,
    4.100000017355));
#2219 = CARTESIAN_POINT('',(103.94267700662,-94.40484099795,
    4.09328025075));
#2220 = CARTESIAN_POINT('',(102.31404506747,-94.40840664227,
    4.080965294338));
#2221 = CARTESIAN_POINT('',(100.68547189095,-94.413266525,4.064180321194
    ));
#2222 = CARTESIAN_POINT('',(99.056942607082,-94.41909502973,
    4.044049939324));
#2223 = CARTESIAN_POINT('',(96.883395292566,-94.42773276506,
    4.014217088722));
#2224 = CARTESIAN_POINT('',(96.338348753454,-94.42997085873,
    4.006487202197));
#2225 = CARTESIAN_POINT('',(95.793305434077,-94.43226880016,
    3.998550614557));
#2226 = CARTESIAN_POINT('',(95.248264761787,-94.43461438877,
    3.990449463976));
#2227 = CARTESIAN_POINT('',(94.70322610707,-94.43699542486,
    3.982225885536));
#2228 = CARTESIAN_POINT('',(93.768876049286,-94.4411170575,
    3.967990666944));
#2229 = CARTESIAN_POINT('',(93.379563992881,-94.44284626711,
    3.962018354751));
#2230 = CARTESIAN_POINT('',(92.990252361591,-94.444582893,3.956020428368
    ));
#2231 = CARTESIAN_POINT('',(92.600940901445,-94.44632248969,
    3.950012241486));
#2232 = CARTESIAN_POINT('',(92.211629357243,-94.44806061171,
    3.944009147769));
#2233 = CARTESIAN_POINT('',(91.564398395695,-94.45094039717,
    3.934062997991));
#2234 = CARTESIAN_POINT('',(91.306479170005,-94.45208538234,
    3.930108469366));
#2235 = CARTESIAN_POINT('',(91.048559721312,-94.45322647651,
    3.926167379445));
#2236 = CARTESIAN_POINT('',(90.790639976347,-94.45436238702,
    3.922244192715));
#2237 = CARTESIAN_POINT('',(90.532719862748,-94.45549182124,
    3.918343373682));
#2238 = CARTESIAN_POINT('',(89.491306155852,-94.46002080345,
    3.902701258671));
#2239 = CARTESIAN_POINT('',(88.707809023714,-94.46335642884,
    3.891180737352));
#2240 = CARTESIAN_POINT('',(87.924305823981,-94.46658412722,
    3.880032972345));
#2241 = CARTESIAN_POINT('',(87.140794915497,-94.46966765621,
    3.869383136928));
#2242 = CARTESIAN_POINT('',(86.357275104617,-94.47257076652,
    3.859356428228));
#2243 = CARTESIAN_POINT('',(84.311512817266,-94.47958493582,
    3.835131019979));
#2244 = CARTESIAN_POINT('',(83.049255676228,-94.48335036127,
    3.822126063161));
#2245 = CARTESIAN_POINT('',(81.786969336678,-94.48640188655,
    3.811586761554));
#2246 = CARTESIAN_POINT('',(80.524656920838,-94.48858789277,
    3.80403677369));
#2247 = CARTESIAN_POINT('',(79.262330972773,-94.48975669489,
    3.799999986549));
#2248 = CARTESIAN_POINT('',(78.,-94.48975669099,3.8));
#2249 = PCURVE('',#202,#2250);
#2250 = DEFINITIONAL_REPRESENTATION('',(#2251),#2284);
#2251 = B_SPLINE_CURVE_WITH_KNOTS('',6,(#2252,#2253,#2254,#2255,#2256,
    #2257,#2258,#2259,#2260,#2261,#2262,#2263,#2264,#2265,#2266,#2267,
    #2268,#2269,#2270,#2271,#2272,#2273,#2274,#2275,#2276,#2277,#2278,
    #2279,#2280,#2281,#2282,#2283),.UNSPECIFIED.,.F.,.F.,(7,5,5,5,5,5,7)
  ,(0.,0.334633869883,0.44663424705,0.526634590498,0.579634808428,
    0.740635191193,1.),.UNSPECIFIED.);
#2252 = CARTESIAN_POINT('',(38.7,-1.041072565765E-02));
#2253 = CARTESIAN_POINT('',(37.071333873624,-1.041070758994E-02));
#2254 = CARTESIAN_POINT('',(35.442677006629,-1.740647225058E-02));
#2255 = CARTESIAN_POINT('',(33.814045067472,-3.022723551938E-02));
#2256 = CARTESIAN_POINT('',(32.185471890954,-4.770161057695E-02));
#2257 = CARTESIAN_POINT('',(30.556942607082,-6.86587988804E-02));
#2258 = CARTESIAN_POINT('',(28.383395292566,-9.971696120088E-02));
#2259 = CARTESIAN_POINT('',(27.838348753454,-0.107764333999));
#2260 = CARTESIAN_POINT('',(27.293305434077,-0.116026897656));
#2261 = CARTESIAN_POINT('',(26.748264761787,-0.124460783277));
#2262 = CARTESIAN_POINT('',(26.20322610707,-0.133022125184));
#2263 = CARTESIAN_POINT('',(25.268876049286,-0.147842020727));
#2264 = CARTESIAN_POINT('',(24.879563992881,-0.154059631105));
#2265 = CARTESIAN_POINT('',(24.490252361591,-0.160303907715));
#2266 = CARTESIAN_POINT('',(24.100940901445,-0.166558866247));
#2267 = CARTESIAN_POINT('',(23.711629357243,-0.172808522425));
#2268 = CARTESIAN_POINT('',(23.064398395695,-0.183163186095));
#2269 = CARTESIAN_POINT('',(22.806479170005,-0.187280137357));
#2270 = CARTESIAN_POINT('',(22.548559721312,-0.191383097953));
#2271 = CARTESIAN_POINT('',(22.290639976347,-0.195467420028));
#2272 = CARTESIAN_POINT('',(22.032719862748,-0.199528455707));
#2273 = CARTESIAN_POINT('',(20.991306155852,-0.215813032516));
#2274 = CARTESIAN_POINT('',(20.207809023714,-0.227806731204));
#2275 = CARTESIAN_POINT('',(19.424305823981,-0.239412363522));
#2276 = CARTESIAN_POINT('',(18.640794915497,-0.250499615005));
#2277 = CARTESIAN_POINT('',(17.857275104617,-0.260938146357));
#2278 = CARTESIAN_POINT('',(15.811512817266,-0.28615855428));
#2279 = CARTESIAN_POINT('',(14.549255676228,-0.299697658042));
#2280 = CARTESIAN_POINT('',(13.286969336678,-0.310669835808));
#2281 = CARTESIAN_POINT('',(12.024656920838,-0.318529921044));
#2282 = CARTESIAN_POINT('',(10.762330972773,-0.322732509391));
#2283 = CARTESIAN_POINT('',(9.5,-0.322732495387));
#2284 = ( GEOMETRIC_REPRESENTATION_CONTEXT(2) 
PARAMETRIC_REPRESENTATION_CONTEXT() REPRESENTATION_CONTEXT('2D SPACE',''
  ) );
#2285 = PCURVE('',#865,#2286);
#2286 = DEFINITIONAL_REPRESENTATION('',(#2287),#2320);
#2287 = B_SPLINE_CURVE_WITH_KNOTS('',6,(#2288,#2289,#2290,#2291,#2292,
    #2293,#2294,#2295,#2296,#2297,#2298,#2299,#2300,#2301,#2302,#2303,
    #2304,#2305,#2306,#2307,#2308,#2309,#2310,#2311,#2312,#2313,#2314,
    #2315,#2316,#2317,#2318,#2319),.UNSPECIFIED.,.F.,.F.,(7,5,5,5,5,5,7)
  ,(0.,0.334633869883,0.44663424705,0.526634590498,0.579634808428,
    0.740635191193,1.),.UNSPECIFIED.);
#2288 = CARTESIAN_POINT('',(29.201838589687,-104.4028953771));
#2289 = CARTESIAN_POINT('',(27.573178549639,-104.4028953721));
#2290 = CARTESIAN_POINT('',(25.944511814502,-104.4048409979));
#2291 = CARTESIAN_POINT('',(24.315857506578,-104.4084066422));
#2292 = CARTESIAN_POINT('',(22.687198397464,-104.413266525));
#2293 = CARTESIAN_POINT('',(21.058547788459,-104.4190950297));
#2294 = CARTESIAN_POINT('',(18.884796048865,-104.427732765));
#2295 = CARTESIAN_POINT('',(18.33969477514,-104.4299708587));
#2296 = CARTESIAN_POINT('',(17.794593747066,-104.4322688001));
#2297 = CARTESIAN_POINT('',(17.249492928933,-104.4346143887));
#2298 = CARTESIAN_POINT('',(16.704392267297,-104.4369954248));
#2299 = CARTESIAN_POINT('',(15.769933776101,-104.4411170575));
#2300 = CARTESIAN_POINT('',(15.380575914126,-104.4428462671));
#2301 = CARTESIAN_POINT('',(14.991218086527,-104.444582893));
#2302 = CARTESIAN_POINT('',(14.60186027355,-104.4463224896));
#2303 = CARTESIAN_POINT('',(14.212502454212,-104.4480606117));
#2304 = CARTESIAN_POINT('',(13.56519507881,-104.4509403971));
#2305 = CARTESIAN_POINT('',(13.30724553939,-104.4520853823));
#2306 = CARTESIAN_POINT('',(13.049295981971,-104.4532264765));
#2307 = CARTESIAN_POINT('',(12.79134640139,-104.454362387));
#2308 = CARTESIAN_POINT('',(12.53339679339,-104.4554918212));
#2309 = CARTESIAN_POINT('',(11.491865648768,-104.4600208034));
#2310 = CARTESIAN_POINT('',(10.708283849804,-104.4633564288));
#2311 = CARTESIAN_POINT('',(9.924701613314,-104.4665841272));
#2312 = CARTESIAN_POINT('',(9.141118811886,-104.4696676562));
#2313 = CARTESIAN_POINT('',(8.357535335103,-104.4725707665));
#2314 = CARTESIAN_POINT('',(6.311630003446,-104.4795849358));
#2315 = CARTESIAN_POINT('',(5.049307163405,-104.4833503612));
#2316 = CARTESIAN_POINT('',(3.786982899115,-104.4864018865));
#2317 = CARTESIAN_POINT('',(2.524656792147,-104.4885878927));
#2318 = CARTESIAN_POINT('',(1.26232625544,-104.4897566948));
#2319 = CARTESIAN_POINT('',(0.,-104.4897566909));
#2320 = ( GEOMETRIC_REPRESENTATION_CONTEXT(2) 
PARAMETRIC_REPRESENTATION_CONTEXT() REPRESENTATION_CONTEXT('2D SPACE',''
  ) );
#2321 = ORIENTED_EDGE('',*,*,#827,.T.);
#2322 = ADVANCED_FACE('',(#2323),#755,.T.);
#2323 = FACE_BOUND('',#2324,.T.);
#2324 = EDGE_LOOP('',(#2325,#2388,#2409,#2410,#2411));
#2325 = ORIENTED_EDGE('',*,*,#2326,.F.);
#2326 = EDGE_CURVE('',#2327,#2329,#2331,.T.);
#2327 = VERTEX_POINT('',#2328);
#2328 = CARTESIAN_POINT('',(107.2,-5.2,4.1));
#2329 = VERTEX_POINT('',#2330);
#2330 = CARTESIAN_POINT('',(106.2,-4.2,4.098968558094));
#2331 = SURFACE_CURVE('',#2332,(#2347,#2365),.PCURVE_S1.);
#2332 = B_SPLINE_CURVE_WITH_KNOTS('',7,(#2333,#2334,#2335,#2336,#2337,
    #2338,#2339,#2340,#2341,#2342,#2343,#2344,#2345,#2346),
  .UNSPECIFIED.,.F.,.F.,(8,6,8),(0.,0.659529532291,1.),.UNSPECIFIED.);
#2333 = CARTESIAN_POINT('',(107.2,-5.19999999992,4.1));
#2334 = CARTESIAN_POINT('',(107.19999999999,-5.051913933621,4.1));
#2335 = CARTESIAN_POINT('',(107.17441422879,-4.90370830209,4.09999999713
    ));
#2336 = CARTESIAN_POINT('',(107.12317788816,-4.761049669168,
    4.100000014544));
#2337 = CARTESIAN_POINT('',(107.0479327933,-4.629083919568,
    4.099991256871));
#2338 = CARTESIAN_POINT('',(106.95125750818,-4.512355633655,
    4.099956451339));
#2339 = CARTESIAN_POINT('',(106.83680293017,-4.414909001843,
    4.099878497817));
#2340 = CARTESIAN_POINT('',(106.64379217208,-4.300621884413,
    4.099681997714));
#2341 = CARTESIAN_POINT('',(106.57460346696,-4.267561323198,
    4.099601279443));
#2342 = CARTESIAN_POINT('',(106.50257853619,-4.240732331622,
    4.099505506061));
#2343 = CARTESIAN_POINT('',(106.4283925279,-4.220415889265,
    4.099393949986));
#2344 = CARTESIAN_POINT('',(106.35274816819,-4.206804399358,
    4.09926659924));
#2345 = CARTESIAN_POINT('',(106.27636965504,-4.2,4.099124260036));
#2346 = CARTESIAN_POINT('',(106.2,-4.2,4.098968558094));
#2347 = PCURVE('',#755,#2348);
#2348 = DEFINITIONAL_REPRESENTATION('',(#2349),#2364);
#2349 = B_SPLINE_CURVE_WITH_KNOTS('',7,(#2350,#2351,#2352,#2353,#2354,
    #2355,#2356,#2357,#2358,#2359,#2360,#2361,#2362,#2363),
  .UNSPECIFIED.,.F.,.F.,(8,6,8),(0.,0.659529532291,1.),.UNSPECIFIED.);
#2350 = CARTESIAN_POINT('',(29.201838589687,-15.19999999992));
#2351 = CARTESIAN_POINT('',(29.201838589682,-15.05191393362));
#2352 = CARTESIAN_POINT('',(29.176252914084,-14.90370830209));
#2353 = CARTESIAN_POINT('',(29.125016764991,-14.76104966916));
#2354 = CARTESIAN_POINT('',(29.049771933205,-14.62908391956));
#2355 = CARTESIAN_POINT('',(28.953096938078,-14.51235563365));
#2356 = CARTESIAN_POINT('',(28.838642619724,-14.41490900184));
#2357 = CARTESIAN_POINT('',(28.645632138954,-14.30062188441));
#2358 = CARTESIAN_POINT('',(28.57644350787,-14.26756132319));
#2359 = CARTESIAN_POINT('',(28.504418624363,-14.24073233162));
#2360 = CARTESIAN_POINT('',(28.430232630867,-14.22041588926));
#2361 = CARTESIAN_POINT('',(28.354588249177,-14.20680439935));
#2362 = CARTESIAN_POINT('',(28.27820967493,-14.2));
#2363 = CARTESIAN_POINT('',(28.201839919627,-14.2));
#2364 = ( GEOMETRIC_REPRESENTATION_CONTEXT(2) 
PARAMETRIC_REPRESENTATION_CONTEXT() REPRESENTATION_CONTEXT('2D SPACE',''
  ) );
#2365 = PCURVE('',#2366,#2371);
#2366 = CYLINDRICAL_SURFACE('',#2367,1.);
#2367 = AXIS2_PLACEMENT_3D('',#2368,#2369,#2370);
#2368 = CARTESIAN_POINT('',(106.2,-5.2,-1.));
#2369 = DIRECTION('',(-0.,-0.,-1.));
#2370 = DIRECTION('',(1.,0.,0.));
#2371 = DEFINITIONAL_REPRESENTATION('',(#2372),#2387);
#2372 = B_SPLINE_CURVE_WITH_KNOTS('',7,(#2373,#2374,#2375,#2376,#2377,
    #2378,#2379,#2380,#2381,#2382,#2383,#2384,#2385,#2386),
  .UNSPECIFIED.,.F.,.F.,(8,6,8),(0.,0.659529532291,1.),.UNSPECIFIED.);
#2373 = CARTESIAN_POINT('',(0.,-5.1));
#2374 = CARTESIAN_POINT('',(-0.148086066298,-5.100000000006));
#2375 = CARTESIAN_POINT('',(-0.296291687634,-5.099999997118));
#2376 = CARTESIAN_POINT('',(-0.444255522822,-5.100000014557));
#2377 = CARTESIAN_POINT('',(-0.592164489067,-5.099991256864));
#2378 = CARTESIAN_POINT('',(-0.740112101367,-5.099956451341));
#2379 = CARTESIAN_POINT('',(-0.88824634232,-5.099878497817));
#2380 = CARTESIAN_POINT('',(-1.112555722304,-5.099681997714));
#2381 = CARTESIAN_POINT('',(-1.188934731727,-5.099601279443));
#2382 = CARTESIAN_POINT('',(-1.265307379491,-5.099505506061));
#2383 = CARTESIAN_POINT('',(-1.341675937415,-5.099393949986));
#2384 = CARTESIAN_POINT('',(-1.418048295987,-5.09926659924));
#2385 = CARTESIAN_POINT('',(-1.494426671751,-5.099124260036));
#2386 = CARTESIAN_POINT('',(-1.570796326795,-5.098968558094));
#2387 = ( GEOMETRIC_REPRESENTATION_CONTEXT(2) 
PARAMETRIC_REPRESENTATION_CONTEXT() REPRESENTATION_CONTEXT('2D SPACE',''
  ) );
#2388 = ORIENTED_EDGE('',*,*,#2389,.T.);
#2389 = EDGE_CURVE('',#2327,#1064,#2390,.T.);
#2390 = SURFACE_CURVE('',#2391,(#2395,#2402),.PCURVE_S1.);
#2391 = LINE('',#2392,#2393);
#2392 = CARTESIAN_POINT('',(107.2,-94.40289537712,4.1));
#2393 = VECTOR('',#2394,1.);
#2394 = DIRECTION('',(0.,1.,0.));
#2395 = PCURVE('',#755,#2396);
#2396 = DEFINITIONAL_REPRESENTATION('',(#2397),#2401);
#2397 = LINE('',#2398,#2399);
#2398 = CARTESIAN_POINT('',(29.201838589687,-104.4028953771));
#2399 = VECTOR('',#2400,1.);
#2400 = DIRECTION('',(-0.,1.));
#2401 = ( GEOMETRIC_REPRESENTATION_CONTEXT(2) 
PARAMETRIC_REPRESENTATION_CONTEXT() REPRESENTATION_CONTEXT('2D SPACE',''
  ) );
#2402 = PCURVE('',#1188,#2403);
#2403 = DEFINITIONAL_REPRESENTATION('',(#2404),#2408);
#2404 = LINE('',#2405,#2406);
#2405 = CARTESIAN_POINT('',(0.,-104.4028953771));
#2406 = VECTOR('',#2407,1.);
#2407 = DIRECTION('',(0.,1.));
#2408 = ( GEOMETRIC_REPRESENTATION_CONTEXT(2) 
PARAMETRIC_REPRESENTATION_CONTEXT() REPRESENTATION_CONTEXT('2D SPACE',''
  ) );
#2409 = ORIENTED_EDGE('',*,*,#1063,.T.);
#2410 = ORIENTED_EDGE('',*,*,#737,.T.);
#2411 = ORIENTED_EDGE('',*,*,#2412,.F.);
#2412 = EDGE_CURVE('',#2329,#740,#2413,.T.);
#2413 = SURFACE_CURVE('',#2414,(#2447,#2483),.PCURVE_S1.);
#2414 = B_SPLINE_CURVE_WITH_KNOTS('',6,(#2415,#2416,#2417,#2418,#2419,
    #2420,#2421,#2422,#2423,#2424,#2425,#2426,#2427,#2428,#2429,#2430,
    #2431,#2432,#2433,#2434,#2435,#2436,#2437,#2438,#2439,#2440,#2441,
    #2442,#2443,#2444,#2445,#2446),.UNSPECIFIED.,.F.,.F.,(7,5,5,5,5,5,7)
  ,(0.,0.32281009393,0.430497770758,0.515405360394,0.582710157337,
    0.783589109932,1.),.UNSPECIFIED.);
#2415 = CARTESIAN_POINT('',(106.2,-4.2,4.098968558094));
#2416 = CARTESIAN_POINT('',(104.68269585831,-4.2,4.09587508856));
#2417 = CARTESIAN_POINT('',(103.16540610337,-4.2,4.087348886586));
#2418 = CARTESIAN_POINT('',(101.64814224721,-4.2,4.074299370066));
#2419 = CARTESIAN_POINT('',(100.13092579643,-4.2,4.057636232885));
#2420 = CARTESIAN_POINT('',(98.613741391917,-4.2,4.038268691041));
#2421 = CARTESIAN_POINT('',(96.590466159481,-4.2,4.010045713174));
#2422 = CARTESIAN_POINT('',(96.084352959549,-4.2,4.0027860055));
#2423 = CARTESIAN_POINT('',(95.578242169316,-4.2,3.995360221013));
#2424 = CARTESIAN_POINT('',(95.072133357666,-4.2,3.987802097927));
#2425 = CARTESIAN_POINT('',(94.566026051851,-4.2,3.980145371835));
#2426 = CARTESIAN_POINT('',(93.660874382267,-4.2,3.966335594278));
#2427 = CARTESIAN_POINT('',(93.261829643243,-4.2,3.960207084647));
#2428 = CARTESIAN_POINT('',(92.862785268561,-4.2,3.954054781394));
#2429 = CARTESIAN_POINT('',(92.463741005575,-4.2,3.947895219078));
#2430 = CARTESIAN_POINT('',(92.064696600846,-4.2,3.941744932247));
#2431 = CARTESIAN_POINT('',(91.349335798271,-4.2,3.930765687211));
#2432 = CARTESIAN_POINT('',(91.033019549919,-4.2,3.925927136786));
#2433 = CARTESIAN_POINT('',(90.716702925904,-4.2,3.92111303933));
#2434 = CARTESIAN_POINT('',(90.400385801941,-4.2,3.916331630368));
#2435 = CARTESIAN_POINT('',(90.084068058644,-4.2,3.911591145777));
#2436 = CARTESIAN_POINT('',(88.823660493431,-4.2,3.892898022646));
#2437 = CARTESIAN_POINT('',(87.879565031019,-4.2,3.879334151272));
#2438 = CARTESIAN_POINT('',(86.935459868475,-4.2,3.86642717364));
#2439 = CARTESIAN_POINT('',(85.991342700756,-4.2,3.854396107131));
#2440 = CARTESIAN_POINT('',(85.047212243595,-4.2,3.843460020534));
#2441 = CARTESIAN_POINT('',(83.085923117308,-4.2,3.823472076675));
#2442 = CARTESIAN_POINT('',(82.068762431049,-4.2,3.814631295885));
#2443 = CARTESIAN_POINT('',(81.051585574113,-4.2,3.807589652972));
#2444 = CARTESIAN_POINT('',(80.034396232953,-4.2,3.802621198808));
#2445 = CARTESIAN_POINT('',(79.017199667902,-4.2,3.799999989161));
#2446 = CARTESIAN_POINT('',(78.,-4.2,3.8));
#2447 = PCURVE('',#755,#2448);
#2448 = DEFINITIONAL_REPRESENTATION('',(#2449),#2482);
#2449 = B_SPLINE_CURVE_WITH_KNOTS('',6,(#2450,#2451,#2452,#2453,#2454,
    #2455,#2456,#2457,#2458,#2459,#2460,#2461,#2462,#2463,#2464,#2465,
    #2466,#2467,#2468,#2469,#2470,#2471,#2472,#2473,#2474,#2475,#2476,
    #2477,#2478,#2479,#2480,#2481),.UNSPECIFIED.,.F.,.F.,(7,5,5,5,5,5,7)
  ,(0.,0.32281009393,0.430497770758,0.515405360394,0.582710157337,
    0.783589109932,1.),.UNSPECIFIED.);
#2450 = CARTESIAN_POINT('',(28.201839919173,-14.2));
#2451 = CARTESIAN_POINT('',(26.684533785544,-14.2));
#2452 = CARTESIAN_POINT('',(25.167225870082,-14.2));
#2453 = CARTESIAN_POINT('',(23.649923717543,-14.2));
#2454 = CARTESIAN_POINT('',(22.132613949862,-14.2));
#2455 = CARTESIAN_POINT('',(20.615309135865,-14.2));
#2456 = CARTESIAN_POINT('',(18.591837245062,-14.2));
#2457 = CARTESIAN_POINT('',(18.085672047069,-14.2));
#2458 = CARTESIAN_POINT('',(17.579506846843,-14.2));
#2459 = CARTESIAN_POINT('',(17.073341644875,-14.2));
#2460 = CARTESIAN_POINT('',(16.567176438987,-14.2));
#2461 = CARTESIAN_POINT('',(15.661919428491,-14.2));
#2462 = CARTESIAN_POINT('',(15.262827633657,-14.2));
#2463 = CARTESIAN_POINT('',(14.863735840202,-14.2));
#2464 = CARTESIAN_POINT('',(14.464644047709,-14.2));
#2465 = CARTESIAN_POINT('',(14.065552254966,-14.2));
#2466 = CARTESIAN_POINT('',(13.35010720653,-14.2));
#2467 = CARTESIAN_POINT('',(13.033753951338,-14.2));
#2468 = CARTESIAN_POINT('',(12.71740069679,-14.2));
#2469 = CARTESIAN_POINT('',(12.40104744466,-14.2));
#2470 = CARTESIAN_POINT('',(12.0846941961,-14.2));
#2471 = CARTESIAN_POINT('',(10.824148096407,-14.2));
#2472 = CARTESIAN_POINT('',(9.879955276503,-14.2));
#2473 = CARTESIAN_POINT('',(8.93576248909,-14.2));
#2474 = CARTESIAN_POINT('',(7.99156972945,-14.2));
#2475 = CARTESIAN_POINT('',(7.047376990991,-14.2));
#2476 = CARTESIAN_POINT('',(5.085986666714,-14.2));
#2477 = CARTESIAN_POINT('',(4.068789316078,-14.2));
#2478 = CARTESIAN_POINT('',(3.051592401249,-14.2));
#2479 = CARTESIAN_POINT('',(2.034394614574,-14.2));
#2480 = CARTESIAN_POINT('',(1.017195866625,-14.2));
#2481 = CARTESIAN_POINT('',(0.,-14.2));
#2482 = ( GEOMETRIC_REPRESENTATION_CONTEXT(2) 
PARAMETRIC_REPRESENTATION_CONTEXT() REPRESENTATION_CONTEXT('2D SPACE',''
  ) );
#2483 = PCURVE('',#1022,#2484);
#2484 = DEFINITIONAL_REPRESENTATION('',(#2485),#2518);
#2485 = B_SPLINE_CURVE_WITH_KNOTS('',6,(#2486,#2487,#2488,#2489,#2490,
    #2491,#2492,#2493,#2494,#2495,#2496,#2497,#2498,#2499,#2500,#2501,
    #2502,#2503,#2504,#2505,#2506,#2507,#2508,#2509,#2510,#2511,#2512,
    #2513,#2514,#2515,#2516,#2517),.UNSPECIFIED.,.F.,.F.,(7,5,5,5,5,5,7)
  ,(0.,0.32281009393,0.430497770758,0.515405360394,0.582710157337,
    0.783589109932,1.),.UNSPECIFIED.);
#2486 = CARTESIAN_POINT('',(101.,-5.098968558094));
#2487 = CARTESIAN_POINT('',(99.482695858312,-5.09587508856));
#2488 = CARTESIAN_POINT('',(97.965406103379,-5.087348886586));
#2489 = CARTESIAN_POINT('',(96.448142247214,-5.074299370066));
#2490 = CARTESIAN_POINT('',(94.930925796439,-5.057636232885));
#2491 = CARTESIAN_POINT('',(93.413741391917,-5.038268691041));
#2492 = CARTESIAN_POINT('',(91.390466159481,-5.010045713174));
#2493 = CARTESIAN_POINT('',(90.884352959549,-5.0027860055));
#2494 = CARTESIAN_POINT('',(90.378242169316,-4.995360221013));
#2495 = CARTESIAN_POINT('',(89.872133357666,-4.987802097927));
#2496 = CARTESIAN_POINT('',(89.366026051851,-4.980145371835));
#2497 = CARTESIAN_POINT('',(88.460874382267,-4.966335594278));
#2498 = CARTESIAN_POINT('',(88.061829643243,-4.960207084647));
#2499 = CARTESIAN_POINT('',(87.662785268561,-4.954054781394));
#2500 = CARTESIAN_POINT('',(87.263741005575,-4.947895219078));
#2501 = CARTESIAN_POINT('',(86.864696600846,-4.941744932247));
#2502 = CARTESIAN_POINT('',(86.149335798271,-4.930765687211));
#2503 = CARTESIAN_POINT('',(85.833019549919,-4.925927136786));
#2504 = CARTESIAN_POINT('',(85.516702925904,-4.92111303933));
#2505 = CARTESIAN_POINT('',(85.200385801941,-4.916331630368));
#2506 = CARTESIAN_POINT('',(84.884068058644,-4.911591145777));
#2507 = CARTESIAN_POINT('',(83.623660493431,-4.892898022646));
#2508 = CARTESIAN_POINT('',(82.679565031019,-4.879334151272));
#2509 = CARTESIAN_POINT('',(81.735459868475,-4.86642717364));
#2510 = CARTESIAN_POINT('',(80.791342700756,-4.854396107131));
#2511 = CARTESIAN_POINT('',(79.847212243595,-4.843460020534));
#2512 = CARTESIAN_POINT('',(77.885923117308,-4.823472076675));
#2513 = CARTESIAN_POINT('',(76.868762431049,-4.814631295885));
#2514 = CARTESIAN_POINT('',(75.851585574113,-4.807589652972));
#2515 = CARTESIAN_POINT('',(74.834396232953,-4.802621198808));
#2516 = CARTESIAN_POINT('',(73.817199667902,-4.799999989161));
#2517 = CARTESIAN_POINT('',(72.8,-4.8));
#2518 = ( GEOMETRIC_REPRESENTATION_CONTEXT(2) 
PARAMETRIC_REPRESENTATION_CONTEXT() REPRESENTATION_CONTEXT('2D SPACE',''
  ) );
#2519 = ADVANCED_FACE('',(#2520),#1022,.F.);
#2520 = FACE_BOUND('',#2521,.F.);
#2521 = EDGE_LOOP('',(#2522,#2550,#2571,#2572,#2573,#2596,#2725,#2751));
#2522 = ORIENTED_EDGE('',*,*,#2523,.T.);
#2523 = EDGE_CURVE('',#2524,#2526,#2528,.T.);
#2524 = VERTEX_POINT('',#2525);
#2525 = CARTESIAN_POINT('',(5.817190429163,-4.2,1.6));
#2526 = VERTEX_POINT('',#2527);
#2527 = CARTESIAN_POINT('',(5.2,-4.2,1.6));
#2528 = SURFACE_CURVE('',#2529,(#2533,#2539),.PCURVE_S1.);
#2529 = LINE('',#2530,#2531);
#2530 = CARTESIAN_POINT('',(4.05,-4.2,1.6));
#2531 = VECTOR('',#2532,1.);
#2532 = DIRECTION('',(-1.,0.,0.));
#2533 = PCURVE('',#1022,#2534);
#2534 = DEFINITIONAL_REPRESENTATION('',(#2535),#2538);
#2535 = B_SPLINE_CURVE_WITH_KNOTS('',1,(#2536,#2537),.UNSPECIFIED.,.F.,
  .F.,(2,2),(-1.85,-1.15),.PIECEWISE_BEZIER_KNOTS.);
#2536 = CARTESIAN_POINT('',(0.7,-2.6));
#2537 = CARTESIAN_POINT('',(0.,-2.6));
#2538 = ( GEOMETRIC_REPRESENTATION_CONTEXT(2) 
PARAMETRIC_REPRESENTATION_CONTEXT() REPRESENTATION_CONTEXT('2D SPACE',''
  ) );
#2539 = PCURVE('',#2540,#2545);
#2540 = PLANE('',#2541);
#2541 = AXIS2_PLACEMENT_3D('',#2542,#2543,#2544);
#2542 = CARTESIAN_POINT('',(2.9,-3.5,1.6));
#2543 = DIRECTION('',(0.,0.,1.));
#2544 = DIRECTION('',(1.,0.,-0.));
#2545 = DEFINITIONAL_REPRESENTATION('',(#2546),#2549);
#2546 = B_SPLINE_CURVE_WITH_KNOTS('',1,(#2547,#2548),.UNSPECIFIED.,.F.,
  .F.,(2,2),(-1.85,-1.15),.PIECEWISE_BEZIER_KNOTS.);
#2547 = CARTESIAN_POINT('',(3.,-0.7));
#2548 = CARTESIAN_POINT('',(2.3,-0.7));
#2549 = ( GEOMETRIC_REPRESENTATION_CONTEXT(2) 
PARAMETRIC_REPRESENTATION_CONTEXT() REPRESENTATION_CONTEXT('2D SPACE',''
  ) );
#2550 = ORIENTED_EDGE('',*,*,#2551,.T.);
#2551 = EDGE_CURVE('',#2526,#977,#2552,.T.);
#2552 = SURFACE_CURVE('',#2553,(#2557,#2564),.PCURVE_S1.);
#2553 = LINE('',#2554,#2555);
#2554 = CARTESIAN_POINT('',(5.2,-4.2,-1.));
#2555 = VECTOR('',#2556,1.);
#2556 = DIRECTION('',(0.,0.,1.));
#2557 = PCURVE('',#1022,#2558);
#2558 = DEFINITIONAL_REPRESENTATION('',(#2559),#2563);
#2559 = LINE('',#2560,#2561);
#2560 = CARTESIAN_POINT('',(0.,0.));
#2561 = VECTOR('',#2562,1.);
#2562 = DIRECTION('',(0.,-1.));
#2563 = ( GEOMETRIC_REPRESENTATION_CONTEXT(2) 
PARAMETRIC_REPRESENTATION_CONTEXT() REPRESENTATION_CONTEXT('2D SPACE',''
  ) );
#2564 = PCURVE('',#997,#2565);
#2565 = DEFINITIONAL_REPRESENTATION('',(#2566),#2570);
#2566 = LINE('',#2567,#2568);
#2567 = CARTESIAN_POINT('',(-1.570796326795,0.));
#2568 = VECTOR('',#2569,1.);
#2569 = DIRECTION('',(-0.,-1.));
#2570 = ( GEOMETRIC_REPRESENTATION_CONTEXT(2) 
PARAMETRIC_REPRESENTATION_CONTEXT() REPRESENTATION_CONTEXT('2D SPACE',''
  ) );
#2571 = ORIENTED_EDGE('',*,*,#1009,.F.);
#2572 = ORIENTED_EDGE('',*,*,#2412,.F.);
#2573 = ORIENTED_EDGE('',*,*,#2574,.F.);
#2574 = EDGE_CURVE('',#2575,#2329,#2577,.T.);
#2575 = VERTEX_POINT('',#2576);
#2576 = CARTESIAN_POINT('',(106.2,-4.2,3.298968558094));
#2577 = SURFACE_CURVE('',#2578,(#2582,#2589),.PCURVE_S1.);
#2578 = LINE('',#2579,#2580);
#2579 = CARTESIAN_POINT('',(106.2,-4.2,-1.));
#2580 = VECTOR('',#2581,1.);
#2581 = DIRECTION('',(0.,0.,1.));
#2582 = PCURVE('',#1022,#2583);
#2583 = DEFINITIONAL_REPRESENTATION('',(#2584),#2588);
#2584 = LINE('',#2585,#2586);
#2585 = CARTESIAN_POINT('',(101.,0.));
#2586 = VECTOR('',#2587,1.);
#2587 = DIRECTION('',(0.,-1.));
#2588 = ( GEOMETRIC_REPRESENTATION_CONTEXT(2) 
PARAMETRIC_REPRESENTATION_CONTEXT() REPRESENTATION_CONTEXT('2D SPACE',''
  ) );
#2589 = PCURVE('',#2366,#2590);
#2590 = DEFINITIONAL_REPRESENTATION('',(#2591),#2595);
#2591 = LINE('',#2592,#2593);
#2592 = CARTESIAN_POINT('',(-1.570796326795,0.));
#2593 = VECTOR('',#2594,1.);
#2594 = DIRECTION('',(-0.,-1.));
#2595 = ( GEOMETRIC_REPRESENTATION_CONTEXT(2) 
PARAMETRIC_REPRESENTATION_CONTEXT() REPRESENTATION_CONTEXT('2D SPACE',''
  ) );
#2596 = ORIENTED_EDGE('',*,*,#2597,.T.);
#2597 = EDGE_CURVE('',#2575,#2598,#2600,.T.);
#2598 = VERTEX_POINT('',#2599);
#2599 = CARTESIAN_POINT('',(78.,-4.2,3.));
#2600 = SURFACE_CURVE('',#2601,(#2634,#2670),.PCURVE_S1.);
#2601 = B_SPLINE_CURVE_WITH_KNOTS('',6,(#2602,#2603,#2604,#2605,#2606,
    #2607,#2608,#2609,#2610,#2611,#2612,#2613,#2614,#2615,#2616,#2617,
    #2618,#2619,#2620,#2621,#2622,#2623,#2624,#2625,#2626,#2627,#2628,
    #2629,#2630,#2631,#2632,#2633),.UNSPECIFIED.,.F.,.F.,(7,5,5,5,5,5,7)
  ,(0.,0.32281009393,0.430497770758,0.515405360394,0.582710157337,
    0.783589109932,1.),.UNSPECIFIED.);
#2602 = CARTESIAN_POINT('',(106.2,-4.2,3.298968558094));
#2603 = CARTESIAN_POINT('',(104.68269585831,-4.2,3.29587508856));
#2604 = CARTESIAN_POINT('',(103.16540610337,-4.2,3.287348886586));
#2605 = CARTESIAN_POINT('',(101.64814224721,-4.2,3.274299370066));
#2606 = CARTESIAN_POINT('',(100.13092579643,-4.2,3.257636232885));
#2607 = CARTESIAN_POINT('',(98.613741391917,-4.2,3.238268691041));
#2608 = CARTESIAN_POINT('',(96.590466159481,-4.2,3.210045713174));
#2609 = CARTESIAN_POINT('',(96.084352959549,-4.2,3.2027860055));
#2610 = CARTESIAN_POINT('',(95.578242169316,-4.2,3.195360221013));
#2611 = CARTESIAN_POINT('',(95.072133357666,-4.2,3.187802097927));
#2612 = CARTESIAN_POINT('',(94.566026051851,-4.2,3.180145371835));
#2613 = CARTESIAN_POINT('',(93.660874382267,-4.2,3.166335594278));
#2614 = CARTESIAN_POINT('',(93.261829643243,-4.2,3.160207084647));
#2615 = CARTESIAN_POINT('',(92.862785268561,-4.2,3.154054781394));
#2616 = CARTESIAN_POINT('',(92.463741005575,-4.2,3.147895219078));
#2617 = CARTESIAN_POINT('',(92.064696600846,-4.2,3.141744932247));
#2618 = CARTESIAN_POINT('',(91.349335798271,-4.2,3.130765687211));
#2619 = CARTESIAN_POINT('',(91.033019549919,-4.2,3.125927136786));
#2620 = CARTESIAN_POINT('',(90.716702925904,-4.2,3.12111303933));
#2621 = CARTESIAN_POINT('',(90.400385801941,-4.2,3.116331630368));
#2622 = CARTESIAN_POINT('',(90.084068058644,-4.2,3.111591145777));
#2623 = CARTESIAN_POINT('',(88.823660493431,-4.2,3.092898022646));
#2624 = CARTESIAN_POINT('',(87.879565031019,-4.2,3.079334151272));
#2625 = CARTESIAN_POINT('',(86.935459868475,-4.2,3.06642717364));
#2626 = CARTESIAN_POINT('',(85.991342700756,-4.2,3.054396107131));
#2627 = CARTESIAN_POINT('',(85.047212243595,-4.2,3.043460020534));
#2628 = CARTESIAN_POINT('',(83.085923117308,-4.2,3.023472076675));
#2629 = CARTESIAN_POINT('',(82.068762431049,-4.2,3.014631295885));
#2630 = CARTESIAN_POINT('',(81.051585574113,-4.2,3.007589652972));
#2631 = CARTESIAN_POINT('',(80.034396232953,-4.2,3.002621198808));
#2632 = CARTESIAN_POINT('',(79.017199667902,-4.2,2.999999989161));
#2633 = CARTESIAN_POINT('',(78.,-4.2,3.));
#2634 = PCURVE('',#1022,#2635);
#2635 = DEFINITIONAL_REPRESENTATION('',(#2636),#2669);
#2636 = B_SPLINE_CURVE_WITH_KNOTS('',6,(#2637,#2638,#2639,#2640,#2641,
    #2642,#2643,#2644,#2645,#2646,#2647,#2648,#2649,#2650,#2651,#2652,
    #2653,#2654,#2655,#2656,#2657,#2658,#2659,#2660,#2661,#2662,#2663,
    #2664,#2665,#2666,#2667,#2668),.UNSPECIFIED.,.F.,.F.,(7,5,5,5,5,5,7)
  ,(0.,0.32281009393,0.430497770758,0.515405360394,0.582710157337,
    0.783589109932,1.),.UNSPECIFIED.);
#2637 = CARTESIAN_POINT('',(101.,-4.298968558094));
#2638 = CARTESIAN_POINT('',(99.482695858313,-4.29587508856));
#2639 = CARTESIAN_POINT('',(97.965406103376,-4.287348886586));
#2640 = CARTESIAN_POINT('',(96.448142247217,-4.274299370066));
#2641 = CARTESIAN_POINT('',(94.930925796437,-4.257636232885));
#2642 = CARTESIAN_POINT('',(93.413741391917,-4.238268691041));
#2643 = CARTESIAN_POINT('',(91.390466159481,-4.210045713174));
#2644 = CARTESIAN_POINT('',(90.884352959549,-4.2027860055));
#2645 = CARTESIAN_POINT('',(90.378242169316,-4.195360221013));
#2646 = CARTESIAN_POINT('',(89.872133357666,-4.187802097927));
#2647 = CARTESIAN_POINT('',(89.366026051851,-4.180145371835));
#2648 = CARTESIAN_POINT('',(88.460874382267,-4.166335594278));
#2649 = CARTESIAN_POINT('',(88.061829643243,-4.160207084647));
#2650 = CARTESIAN_POINT('',(87.662785268561,-4.154054781394));
#2651 = CARTESIAN_POINT('',(87.263741005575,-4.147895219078));
#2652 = CARTESIAN_POINT('',(86.864696600846,-4.141744932247));
#2653 = CARTESIAN_POINT('',(86.149335798271,-4.130765687211));
#2654 = CARTESIAN_POINT('',(85.833019549919,-4.125927136786));
#2655 = CARTESIAN_POINT('',(85.516702925904,-4.12111303933));
#2656 = CARTESIAN_POINT('',(85.200385801941,-4.116331630368));
#2657 = CARTESIAN_POINT('',(84.884068058644,-4.111591145777));
#2658 = CARTESIAN_POINT('',(83.623660493431,-4.092898022646));
#2659 = CARTESIAN_POINT('',(82.679565031019,-4.079334151272));
#2660 = CARTESIAN_POINT('',(81.735459868475,-4.06642717364));
#2661 = CARTESIAN_POINT('',(80.791342700756,-4.054396107131));
#2662 = CARTESIAN_POINT('',(79.847212243595,-4.043460020534));
#2663 = CARTESIAN_POINT('',(77.885923117308,-4.023472076675));
#2664 = CARTESIAN_POINT('',(76.868762431049,-4.014631295885));
#2665 = CARTESIAN_POINT('',(75.851585574113,-4.007589652972));
#2666 = CARTESIAN_POINT('',(74.834396232953,-4.002621198808));
#2667 = CARTESIAN_POINT('',(73.817199667902,-3.999999989161));
#2668 = CARTESIAN_POINT('',(72.8,-4.));
#2669 = ( GEOMETRIC_REPRESENTATION_CONTEXT(2) 
PARAMETRIC_REPRESENTATION_CONTEXT() REPRESENTATION_CONTEXT('2D SPACE',''
  ) );
#2670 = PCURVE('',#2671,#2690);
#2671 = SURFACE_OF_LINEAR_EXTRUSION('',#2672,#2688);
#2672 = B_SPLINE_CURVE_WITH_KNOTS('',3,(#2673,#2674,#2675,#2676,#2677,
    #2678,#2679,#2680,#2681,#2682,#2683,#2684,#2685,#2686,#2687),
  .UNSPECIFIED.,.F.,.F.,(4,1,1,1,1,1,1,1,1,1,1,1,4),(0.,2.433340492799,
    4.866728549682,7.30018676189,9.733716316423,12.167302348813,
    14.600919294844,17.034536240874,19.468122273265,21.901651827798,
    24.335110040006,26.768498096888,29.201838589687),.UNSPECIFIED.);
#2673 = CARTESIAN_POINT('',(78.,10.,3.));
#2674 = CARTESIAN_POINT('',(78.811116528743,10.,2.999999991357));
#2675 = CARTESIAN_POINT('',(80.433356869466,10.,3.004166772235));
#2676 = CARTESIAN_POINT('',(82.866702602685,10.,3.020833639221));
#2677 = CARTESIAN_POINT('',(85.300036043589,10.,3.045833758573));
#2678 = CARTESIAN_POINT('',(87.733361885627,10.,3.077083732404));
#2679 = CARTESIAN_POINT('',(90.166682265518,10.,3.112500238882));
#2680 = CARTESIAN_POINT('',(92.6,10.,3.15));
#2681 = CARTESIAN_POINT('',(95.033317734482,10.,3.187499761118));
#2682 = CARTESIAN_POINT('',(97.466638114373,10.,3.222916267596));
#2683 = CARTESIAN_POINT('',(99.899963956411,10.,3.254166241427));
#2684 = CARTESIAN_POINT('',(102.33329739731,10.,3.279166360779));
#2685 = CARTESIAN_POINT('',(104.76664313053,10.,3.295833227765));
#2686 = CARTESIAN_POINT('',(106.38888347125,10.,3.300000008643));
#2687 = CARTESIAN_POINT('',(107.2,10.,3.3));
#2688 = VECTOR('',#2689,1.);
#2689 = DIRECTION('',(-0.,1.,-0.));
#2690 = DEFINITIONAL_REPRESENTATION('',(#2691),#2724);
#2691 = B_SPLINE_CURVE_WITH_KNOTS('',6,(#2692,#2693,#2694,#2695,#2696,
    #2697,#2698,#2699,#2700,#2701,#2702,#2703,#2704,#2705,#2706,#2707,
    #2708,#2709,#2710,#2711,#2712,#2713,#2714,#2715,#2716,#2717,#2718,
    #2719,#2720,#2721,#2722,#2723),.UNSPECIFIED.,.F.,.F.,(7,5,5,5,5,5,7)
  ,(0.,0.32281009393,0.430497770758,0.515405360394,0.582710157337,
    0.783589109932,1.),.UNSPECIFIED.);
#2692 = CARTESIAN_POINT('',(28.201839919173,-14.2));
#2693 = CARTESIAN_POINT('',(26.684533785545,-14.2));
#2694 = CARTESIAN_POINT('',(25.16722587008,-14.2));
#2695 = CARTESIAN_POINT('',(23.649923717545,-14.2));
#2696 = CARTESIAN_POINT('',(22.132613949861,-14.2));
#2697 = CARTESIAN_POINT('',(20.615309135865,-14.2));
#2698 = CARTESIAN_POINT('',(18.591837245062,-14.2));
#2699 = CARTESIAN_POINT('',(18.085672047069,-14.2));
#2700 = CARTESIAN_POINT('',(17.579506846843,-14.2));
#2701 = CARTESIAN_POINT('',(17.073341644875,-14.2));
#2702 = CARTESIAN_POINT('',(16.567176438987,-14.2));
#2703 = CARTESIAN_POINT('',(15.661919428491,-14.2));
#2704 = CARTESIAN_POINT('',(15.262827633657,-14.2));
#2705 = CARTESIAN_POINT('',(14.863735840202,-14.2));
#2706 = CARTESIAN_POINT('',(14.464644047709,-14.2));
#2707 = CARTESIAN_POINT('',(14.065552254966,-14.2));
#2708 = CARTESIAN_POINT('',(13.35010720653,-14.2));
#2709 = CARTESIAN_POINT('',(13.033753951338,-14.2));
#2710 = CARTESIAN_POINT('',(12.71740069679,-14.2));
#2711 = CARTESIAN_POINT('',(12.40104744466,-14.2));
#2712 = CARTESIAN_POINT('',(12.0846941961,-14.2));
#2713 = CARTESIAN_POINT('',(10.824148096407,-14.2));
#2714 = CARTESIAN_POINT('',(9.879955276503,-14.2));
#2715 = CARTESIAN_POINT('',(8.93576248909,-14.2));
#2716 = CARTESIAN_POINT('',(7.99156972945,-14.2));
#2717 = CARTESIAN_POINT('',(7.047376990991,-14.2));
#2718 = CARTESIAN_POINT('',(5.085986666714,-14.2));
#2719 = CARTESIAN_POINT('',(4.068789316078,-14.2));
#2720 = CARTESIAN_POINT('',(3.051592401249,-14.2));
#2721 = CARTESIAN_POINT('',(2.034394614574,-14.2));
#2722 = CARTESIAN_POINT('',(1.017195866625,-14.2));
#2723 = CARTESIAN_POINT('',(0.,-14.2));
#2724 = ( GEOMETRIC_REPRESENTATION_CONTEXT(2) 
PARAMETRIC_REPRESENTATION_CONTEXT() REPRESENTATION_CONTEXT('2D SPACE',''
  ) );
#2725 = ORIENTED_EDGE('',*,*,#2726,.T.);
#2726 = EDGE_CURVE('',#2598,#2727,#2729,.T.);
#2727 = VERTEX_POINT('',#2728);
#2728 = CARTESIAN_POINT('',(5.817190429163,-4.2,3.));
#2729 = SURFACE_CURVE('',#2730,(#2734,#2740),.PCURVE_S1.);
#2730 = LINE('',#2731,#2732);
#2731 = CARTESIAN_POINT('',(-2.4,-4.2,3.));
#2732 = VECTOR('',#2733,1.);
#2733 = DIRECTION('',(-1.,0.,-0.));
#2734 = PCURVE('',#1022,#2735);
#2735 = DEFINITIONAL_REPRESENTATION('',(#2736),#2739);
#2736 = B_SPLINE_CURVE_WITH_KNOTS('',1,(#2737,#2738),.UNSPECIFIED.,.F.,
  .F.,(2,2),(-80.4,-7.6),.PIECEWISE_BEZIER_KNOTS.);
#2737 = CARTESIAN_POINT('',(72.8,-4.));
#2738 = CARTESIAN_POINT('',(0.,-4.));
#2739 = ( GEOMETRIC_REPRESENTATION_CONTEXT(2) 
PARAMETRIC_REPRESENTATION_CONTEXT() REPRESENTATION_CONTEXT('2D SPACE',''
  ) );
#2740 = PCURVE('',#2741,#2746);
#2741 = PLANE('',#2742);
#2742 = AXIS2_PLACEMENT_3D('',#2743,#2744,#2745);
#2743 = CARTESIAN_POINT('',(-10.,10.,3.));
#2744 = DIRECTION('',(-0.,0.,1.));
#2745 = DIRECTION('',(1.,0.,0.));
#2746 = DEFINITIONAL_REPRESENTATION('',(#2747),#2750);
#2747 = B_SPLINE_CURVE_WITH_KNOTS('',1,(#2748,#2749),.UNSPECIFIED.,.F.,
  .F.,(2,2),(-80.4,-7.6),.PIECEWISE_BEZIER_KNOTS.);
#2748 = CARTESIAN_POINT('',(88.,-14.2));
#2749 = CARTESIAN_POINT('',(15.2,-14.2));
#2750 = ( GEOMETRIC_REPRESENTATION_CONTEXT(2) 
PARAMETRIC_REPRESENTATION_CONTEXT() REPRESENTATION_CONTEXT('2D SPACE',''
  ) );
#2751 = ORIENTED_EDGE('',*,*,#2752,.T.);
#2752 = EDGE_CURVE('',#2727,#2524,#2753,.T.);
#2753 = SURFACE_CURVE('',#2754,(#2758,#2764),.PCURVE_S1.);
#2754 = LINE('',#2755,#2756);
#2755 = CARTESIAN_POINT('',(5.817190429163,-4.2,1.6));
#2756 = VECTOR('',#2757,1.);
#2757 = DIRECTION('',(-0.,-0.,-1.));
#2758 = PCURVE('',#1022,#2759);
#2759 = DEFINITIONAL_REPRESENTATION('',(#2760),#2763);
#2760 = B_SPLINE_CURVE_WITH_KNOTS('',1,(#2761,#2762),.UNSPECIFIED.,.F.,
  .F.,(2,2),(-1.4000006,5.999999999062E-07),.PIECEWISE_BEZIER_KNOTS.);
#2761 = CARTESIAN_POINT('',(0.617190429163,-4.0000006));
#2762 = CARTESIAN_POINT('',(0.617190429163,-2.5999994));
#2763 = ( GEOMETRIC_REPRESENTATION_CONTEXT(2) 
PARAMETRIC_REPRESENTATION_CONTEXT() REPRESENTATION_CONTEXT('2D SPACE',''
  ) );
#2764 = PCURVE('',#2765,#2770);
#2765 = CYLINDRICAL_SURFACE('',#2766,3.);
#2766 = AXIS2_PLACEMENT_3D('',#2767,#2768,#2769);
#2767 = CARTESIAN_POINT('',(2.9,-3.5,1.6));
#2768 = DIRECTION('',(-0.,-0.,-1.));
#2769 = DIRECTION('',(1.,0.,0.));
#2770 = DEFINITIONAL_REPRESENTATION('',(#2771),#2774);
#2771 = B_SPLINE_CURVE_WITH_KNOTS('',1,(#2772,#2773),.UNSPECIFIED.,.F.,
  .F.,(2,2),(-1.4000006,5.999999999062E-07),.PIECEWISE_BEZIER_KNOTS.);
#2772 = CARTESIAN_POINT('',(-6.047681070459,-1.4000006));
#2773 = CARTESIAN_POINT('',(-6.047681070459,5.999999999062E-07));
#2774 = ( GEOMETRIC_REPRESENTATION_CONTEXT(2) 
PARAMETRIC_REPRESENTATION_CONTEXT() REPRESENTATION_CONTEXT('2D SPACE',''
  ) );
#2775 = ADVANCED_FACE('',(#2776),#997,.F.);
#2776 = FACE_BOUND('',#2777,.T.);
#2777 = EDGE_LOOP('',(#2778,#2806,#2807,#2808));
#2778 = ORIENTED_EDGE('',*,*,#2779,.T.);
#2779 = EDGE_CURVE('',#2780,#2526,#2782,.T.);
#2780 = VERTEX_POINT('',#2781);
#2781 = CARTESIAN_POINT('',(4.2,-5.2,1.6));
#2782 = SURFACE_CURVE('',#2783,(#2788,#2795),.PCURVE_S1.);
#2783 = CIRCLE('',#2784,1.);
#2784 = AXIS2_PLACEMENT_3D('',#2785,#2786,#2787);
#2785 = CARTESIAN_POINT('',(5.2,-5.2,1.6));
#2786 = DIRECTION('',(0.,0.,-1.));
#2787 = DIRECTION('',(1.,0.,0.));
#2788 = PCURVE('',#997,#2789);
#2789 = DEFINITIONAL_REPRESENTATION('',(#2790),#2794);
#2790 = LINE('',#2791,#2792);
#2791 = CARTESIAN_POINT('',(-6.28318530718,-2.6));
#2792 = VECTOR('',#2793,1.);
#2793 = DIRECTION('',(1.,-0.));
#2794 = ( GEOMETRIC_REPRESENTATION_CONTEXT(2) 
PARAMETRIC_REPRESENTATION_CONTEXT() REPRESENTATION_CONTEXT('2D SPACE',''
  ) );
#2795 = PCURVE('',#2540,#2796);
#2796 = DEFINITIONAL_REPRESENTATION('',(#2797),#2805);
#2797 = ( BOUNDED_CURVE() B_SPLINE_CURVE(2,(#2798,#2799,#2800,#2801,
#2802,#2803,#2804),.UNSPECIFIED.,.T.,.F.) B_SPLINE_CURVE_WITH_KNOTS((1,2
    ,2,2,2,1),(-2.094395102393,0.,2.094395102393,4.188790204786,
6.28318530718,8.377580409573),.UNSPECIFIED.) CURVE() 
GEOMETRIC_REPRESENTATION_ITEM() RATIONAL_B_SPLINE_CURVE((1.,0.5,1.,0.5,
1.,0.5,1.)) REPRESENTATION_ITEM('') );
#2798 = CARTESIAN_POINT('',(3.3,-1.7));
#2799 = CARTESIAN_POINT('',(3.3,-3.432050807569));
#2800 = CARTESIAN_POINT('',(1.8,-2.566025403784));
#2801 = CARTESIAN_POINT('',(0.3,-1.7));
#2802 = CARTESIAN_POINT('',(1.8,-0.833974596216));
#2803 = CARTESIAN_POINT('',(3.3,3.205080756887E-02));
#2804 = CARTESIAN_POINT('',(3.3,-1.7));
#2805 = ( GEOMETRIC_REPRESENTATION_CONTEXT(2) 
PARAMETRIC_REPRESENTATION_CONTEXT() REPRESENTATION_CONTEXT('2D SPACE',''
  ) );
#2806 = ORIENTED_EDGE('',*,*,#2551,.T.);
#2807 = ORIENTED_EDGE('',*,*,#976,.F.);
#2808 = ORIENTED_EDGE('',*,*,#2809,.F.);
#2809 = EDGE_CURVE('',#2780,#951,#2810,.T.);
#2810 = SURFACE_CURVE('',#2811,(#2815,#2822),.PCURVE_S1.);
#2811 = LINE('',#2812,#2813);
#2812 = CARTESIAN_POINT('',(4.2,-5.2,-1.));
#2813 = VECTOR('',#2814,1.);
#2814 = DIRECTION('',(0.,0.,1.));
#2815 = PCURVE('',#997,#2816);
#2816 = DEFINITIONAL_REPRESENTATION('',(#2817),#2821);
#2817 = LINE('',#2818,#2819);
#2818 = CARTESIAN_POINT('',(-3.14159265359,0.));
#2819 = VECTOR('',#2820,1.);
#2820 = DIRECTION('',(-0.,-1.));
#2821 = ( GEOMETRIC_REPRESENTATION_CONTEXT(2) 
PARAMETRIC_REPRESENTATION_CONTEXT() REPRESENTATION_CONTEXT('2D SPACE',''
  ) );
#2822 = PCURVE('',#965,#2823);
#2823 = DEFINITIONAL_REPRESENTATION('',(#2824),#2828);
#2824 = LINE('',#2825,#2826);
#2825 = CARTESIAN_POINT('',(84.,0.));
#2826 = VECTOR('',#2827,1.);
#2827 = DIRECTION('',(0.,-1.));
#2828 = ( GEOMETRIC_REPRESENTATION_CONTEXT(2) 
PARAMETRIC_REPRESENTATION_CONTEXT() REPRESENTATION_CONTEXT('2D SPACE',''
  ) );
#2829 = ADVANCED_FACE('',(#2830),#965,.F.);
#2830 = FACE_BOUND('',#2831,.F.);
#2831 = EDGE_LOOP('',(#2832,#2860,#2881,#2882,#2883,#2904,#2930,#2956));
#2832 = ORIENTED_EDGE('',*,*,#2833,.T.);
#2833 = EDGE_CURVE('',#2834,#2836,#2838,.T.);
#2834 = VERTEX_POINT('',#2835);
#2835 = CARTESIAN_POINT('',(4.2,-88.19629883308,1.6));
#2836 = VERTEX_POINT('',#2837);
#2837 = CARTESIAN_POINT('',(4.2,-89.2,1.6));
#2838 = SURFACE_CURVE('',#2839,(#2843,#2849),.PCURVE_S1.);
#2839 = LINE('',#2840,#2841);
#2840 = CARTESIAN_POINT('',(4.2,-90.05,1.6));
#2841 = VECTOR('',#2842,1.);
#2842 = DIRECTION('',(0.,-1.,0.));
#2843 = PCURVE('',#965,#2844);
#2844 = DEFINITIONAL_REPRESENTATION('',(#2845),#2848);
#2845 = B_SPLINE_CURVE_WITH_KNOTS('',1,(#2846,#2847),.UNSPECIFIED.,.F.,
  .F.,(2,2),(-2.15,-0.85),.PIECEWISE_BEZIER_KNOTS.);
#2846 = CARTESIAN_POINT('',(1.3,-2.6));
#2847 = CARTESIAN_POINT('',(0.,-2.6));
#2848 = ( GEOMETRIC_REPRESENTATION_CONTEXT(2) 
PARAMETRIC_REPRESENTATION_CONTEXT() REPRESENTATION_CONTEXT('2D SPACE',''
  ) );
#2849 = PCURVE('',#2850,#2855);
#2850 = PLANE('',#2851);
#2851 = AXIS2_PLACEMENT_3D('',#2852,#2853,#2854);
#2852 = CARTESIAN_POINT('',(2.9,-90.9,1.6));
#2853 = DIRECTION('',(0.,0.,1.));
#2854 = DIRECTION('',(1.,0.,-0.));
#2855 = DEFINITIONAL_REPRESENTATION('',(#2856),#2859);
#2856 = B_SPLINE_CURVE_WITH_KNOTS('',1,(#2857,#2858),.UNSPECIFIED.,.F.,
  .F.,(2,2),(-2.15,-0.85),.PIECEWISE_BEZIER_KNOTS.);
#2857 = CARTESIAN_POINT('',(1.3,3.));
#2858 = CARTESIAN_POINT('',(1.3,1.7));
#2859 = ( GEOMETRIC_REPRESENTATION_CONTEXT(2) 
PARAMETRIC_REPRESENTATION_CONTEXT() REPRESENTATION_CONTEXT('2D SPACE',''
  ) );
#2860 = ORIENTED_EDGE('',*,*,#2861,.T.);
#2861 = EDGE_CURVE('',#2836,#918,#2862,.T.);
#2862 = SURFACE_CURVE('',#2863,(#2867,#2874),.PCURVE_S1.);
#2863 = LINE('',#2864,#2865);
#2864 = CARTESIAN_POINT('',(4.2,-89.2,-1.));
#2865 = VECTOR('',#2866,1.);
#2866 = DIRECTION('',(0.,0.,1.));
#2867 = PCURVE('',#965,#2868);
#2868 = DEFINITIONAL_REPRESENTATION('',(#2869),#2873);
#2869 = LINE('',#2870,#2871);
#2870 = CARTESIAN_POINT('',(0.,0.));
#2871 = VECTOR('',#2872,1.);
#2872 = DIRECTION('',(0.,-1.));
#2873 = ( GEOMETRIC_REPRESENTATION_CONTEXT(2) 
PARAMETRIC_REPRESENTATION_CONTEXT() REPRESENTATION_CONTEXT('2D SPACE',''
  ) );
#2874 = PCURVE('',#938,#2875);
#2875 = DEFINITIONAL_REPRESENTATION('',(#2876),#2880);
#2876 = LINE('',#2877,#2878);
#2877 = CARTESIAN_POINT('',(-3.14159265359,0.));
#2878 = VECTOR('',#2879,1.);
#2879 = DIRECTION('',(-0.,-1.));
#2880 = ( GEOMETRIC_REPRESENTATION_CONTEXT(2) 
PARAMETRIC_REPRESENTATION_CONTEXT() REPRESENTATION_CONTEXT('2D SPACE',''
  ) );
#2881 = ORIENTED_EDGE('',*,*,#950,.F.);
#2882 = ORIENTED_EDGE('',*,*,#2809,.F.);
#2883 = ORIENTED_EDGE('',*,*,#2884,.T.);
#2884 = EDGE_CURVE('',#2780,#2885,#2887,.T.);
#2885 = VERTEX_POINT('',#2886);
#2886 = CARTESIAN_POINT('',(4.2,-6.203701166919,1.6));
#2887 = SURFACE_CURVE('',#2888,(#2892,#2898),.PCURVE_S1.);
#2888 = LINE('',#2889,#2890);
#2889 = CARTESIAN_POINT('',(4.2,-46.35,1.6));
#2890 = VECTOR('',#2891,1.);
#2891 = DIRECTION('',(0.,-1.,0.));
#2892 = PCURVE('',#965,#2893);
#2893 = DEFINITIONAL_REPRESENTATION('',(#2894),#2897);
#2894 = B_SPLINE_CURVE_WITH_KNOTS('',1,(#2895,#2896),.UNSPECIFIED.,.F.,
  .F.,(2,2),(-41.15,-39.85),.PIECEWISE_BEZIER_KNOTS.);
#2895 = CARTESIAN_POINT('',(84.,-2.6));
#2896 = CARTESIAN_POINT('',(82.7,-2.6));
#2897 = ( GEOMETRIC_REPRESENTATION_CONTEXT(2) 
PARAMETRIC_REPRESENTATION_CONTEXT() REPRESENTATION_CONTEXT('2D SPACE',''
  ) );
#2898 = PCURVE('',#2540,#2899);
#2899 = DEFINITIONAL_REPRESENTATION('',(#2900),#2903);
#2900 = B_SPLINE_CURVE_WITH_KNOTS('',1,(#2901,#2902),.UNSPECIFIED.,.F.,
  .F.,(2,2),(-41.15,-39.85),.PIECEWISE_BEZIER_KNOTS.);
#2901 = CARTESIAN_POINT('',(1.3,-1.7));
#2902 = CARTESIAN_POINT('',(1.3,-3.));
#2903 = ( GEOMETRIC_REPRESENTATION_CONTEXT(2) 
PARAMETRIC_REPRESENTATION_CONTEXT() REPRESENTATION_CONTEXT('2D SPACE',''
  ) );
#2904 = ORIENTED_EDGE('',*,*,#2905,.F.);
#2905 = EDGE_CURVE('',#2906,#2885,#2908,.T.);
#2906 = VERTEX_POINT('',#2907);
#2907 = CARTESIAN_POINT('',(4.2,-6.203701166919,3.));
#2908 = SURFACE_CURVE('',#2909,(#2913,#2919),.PCURVE_S1.);
#2909 = LINE('',#2910,#2911);
#2910 = CARTESIAN_POINT('',(4.2,-6.203701166919,1.6));
#2911 = VECTOR('',#2912,1.);
#2912 = DIRECTION('',(-0.,-0.,-1.));
#2913 = PCURVE('',#965,#2914);
#2914 = DEFINITIONAL_REPRESENTATION('',(#2915),#2918);
#2915 = B_SPLINE_CURVE_WITH_KNOTS('',1,(#2916,#2917),.UNSPECIFIED.,.F.,
  .F.,(2,2),(-1.4000006,5.999999999062E-07),.PIECEWISE_BEZIER_KNOTS.);
#2916 = CARTESIAN_POINT('',(82.996298833081,-4.0000006));
#2917 = CARTESIAN_POINT('',(82.996298833081,-2.5999994));
#2918 = ( GEOMETRIC_REPRESENTATION_CONTEXT(2) 
PARAMETRIC_REPRESENTATION_CONTEXT() REPRESENTATION_CONTEXT('2D SPACE',''
  ) );
#2919 = PCURVE('',#2920,#2925);
#2920 = CYLINDRICAL_SURFACE('',#2921,3.);
#2921 = AXIS2_PLACEMENT_3D('',#2922,#2923,#2924);
#2922 = CARTESIAN_POINT('',(2.9,-3.5,1.6));
#2923 = DIRECTION('',(-0.,-0.,-1.));
#2924 = DIRECTION('',(1.,0.,0.));
#2925 = DEFINITIONAL_REPRESENTATION('',(#2926),#2929);
#2926 = B_SPLINE_CURVE_WITH_KNOTS('',1,(#2927,#2928),.UNSPECIFIED.,.F.,
  .F.,(2,2),(-1.4000006,5.999999999062E-07),.PIECEWISE_BEZIER_KNOTS.);
#2927 = CARTESIAN_POINT('',(-5.160577116364,-1.4000006));
#2928 = CARTESIAN_POINT('',(-5.160577116364,5.999999999062E-07));
#2929 = ( GEOMETRIC_REPRESENTATION_CONTEXT(2) 
PARAMETRIC_REPRESENTATION_CONTEXT() REPRESENTATION_CONTEXT('2D SPACE',''
  ) );
#2930 = ORIENTED_EDGE('',*,*,#2931,.T.);
#2931 = EDGE_CURVE('',#2906,#2932,#2934,.T.);
#2932 = VERTEX_POINT('',#2933);
#2933 = CARTESIAN_POINT('',(4.2,-88.19629883308,3.));
#2934 = SURFACE_CURVE('',#2935,(#2939,#2945),.PCURVE_S1.);
#2935 = LINE('',#2936,#2937);
#2936 = CARTESIAN_POINT('',(4.2,-39.6,3.));
#2937 = VECTOR('',#2938,1.);
#2938 = DIRECTION('',(0.,-1.,0.));
#2939 = PCURVE('',#965,#2940);
#2940 = DEFINITIONAL_REPRESENTATION('',(#2941),#2944);
#2941 = B_SPLINE_CURVE_WITH_KNOTS('',1,(#2942,#2943),.UNSPECIFIED.,.F.,
  .F.,(2,2),(-34.4,49.6),.PIECEWISE_BEZIER_KNOTS.);
#2942 = CARTESIAN_POINT('',(84.,-4.));
#2943 = CARTESIAN_POINT('',(0.,-4.));
#2944 = ( GEOMETRIC_REPRESENTATION_CONTEXT(2) 
PARAMETRIC_REPRESENTATION_CONTEXT() REPRESENTATION_CONTEXT('2D SPACE',''
  ) );
#2945 = PCURVE('',#2946,#2951);
#2946 = PLANE('',#2947);
#2947 = AXIS2_PLACEMENT_3D('',#2948,#2949,#2950);
#2948 = CARTESIAN_POINT('',(-10.,10.,3.));
#2949 = DIRECTION('',(-0.,0.,1.));
#2950 = DIRECTION('',(1.,0.,0.));
#2951 = DEFINITIONAL_REPRESENTATION('',(#2952),#2955);
#2952 = B_SPLINE_CURVE_WITH_KNOTS('',1,(#2953,#2954),.UNSPECIFIED.,.F.,
  .F.,(2,2),(-34.4,49.6),.PIECEWISE_BEZIER_KNOTS.);
#2953 = CARTESIAN_POINT('',(14.2,-15.2));
#2954 = CARTESIAN_POINT('',(14.2,-99.2));
#2955 = ( GEOMETRIC_REPRESENTATION_CONTEXT(2) 
PARAMETRIC_REPRESENTATION_CONTEXT() REPRESENTATION_CONTEXT('2D SPACE',''
  ) );
#2956 = ORIENTED_EDGE('',*,*,#2957,.T.);
#2957 = EDGE_CURVE('',#2932,#2834,#2958,.T.);
#2958 = SURFACE_CURVE('',#2959,(#2963,#2969),.PCURVE_S1.);
#2959 = LINE('',#2960,#2961);
#2960 = CARTESIAN_POINT('',(4.2,-88.19629883308,1.6));
#2961 = VECTOR('',#2962,1.);
#2962 = DIRECTION('',(-0.,-0.,-1.));
#2963 = PCURVE('',#965,#2964);
#2964 = DEFINITIONAL_REPRESENTATION('',(#2965),#2968);
#2965 = B_SPLINE_CURVE_WITH_KNOTS('',1,(#2966,#2967),.UNSPECIFIED.,.F.,
  .F.,(2,2),(-1.4000006,5.999999999062E-07),.PIECEWISE_BEZIER_KNOTS.);
#2966 = CARTESIAN_POINT('',(1.003701166919,-4.0000006));
#2967 = CARTESIAN_POINT('',(1.003701166919,-2.5999994));
#2968 = ( GEOMETRIC_REPRESENTATION_CONTEXT(2) 
PARAMETRIC_REPRESENTATION_CONTEXT() REPRESENTATION_CONTEXT('2D SPACE',''
  ) );
#2969 = PCURVE('',#2970,#2975);
#2970 = CYLINDRICAL_SURFACE('',#2971,3.);
#2971 = AXIS2_PLACEMENT_3D('',#2972,#2973,#2974);
#2972 = CARTESIAN_POINT('',(2.9,-90.9,1.6));
#2973 = DIRECTION('',(-0.,-0.,-1.));
#2974 = DIRECTION('',(1.,0.,0.));
#2975 = DEFINITIONAL_REPRESENTATION('',(#2976),#2979);
#2976 = B_SPLINE_CURVE_WITH_KNOTS('',1,(#2977,#2978),.UNSPECIFIED.,.F.,
  .F.,(2,2),(-1.4000006,5.999999999062E-07),.PIECEWISE_BEZIER_KNOTS.);
#2977 = CARTESIAN_POINT('',(-7.405793497995,-1.4000006));
#2978 = CARTESIAN_POINT('',(-7.405793497995,5.999999999062E-07));
#2979 = ( GEOMETRIC_REPRESENTATION_CONTEXT(2) 
PARAMETRIC_REPRESENTATION_CONTEXT() REPRESENTATION_CONTEXT('2D SPACE',''
  ) );
#2980 = ADVANCED_FACE('',(#2981),#938,.F.);
#2981 = FACE_BOUND('',#2982,.T.);
#2982 = EDGE_LOOP('',(#2983,#3011,#3012,#3013));
#2983 = ORIENTED_EDGE('',*,*,#2984,.T.);
#2984 = EDGE_CURVE('',#2985,#2836,#2987,.T.);
#2985 = VERTEX_POINT('',#2986);
#2986 = CARTESIAN_POINT('',(5.2,-90.2,1.6));
#2987 = SURFACE_CURVE('',#2988,(#2993,#3000),.PCURVE_S1.);
#2988 = CIRCLE('',#2989,1.);
#2989 = AXIS2_PLACEMENT_3D('',#2990,#2991,#2992);
#2990 = CARTESIAN_POINT('',(5.2,-89.2,1.6));
#2991 = DIRECTION('',(0.,0.,-1.));
#2992 = DIRECTION('',(1.,0.,0.));
#2993 = PCURVE('',#938,#2994);
#2994 = DEFINITIONAL_REPRESENTATION('',(#2995),#2999);
#2995 = LINE('',#2996,#2997);
#2996 = CARTESIAN_POINT('',(-6.28318530718,-2.6));
#2997 = VECTOR('',#2998,1.);
#2998 = DIRECTION('',(1.,-0.));
#2999 = ( GEOMETRIC_REPRESENTATION_CONTEXT(2) 
PARAMETRIC_REPRESENTATION_CONTEXT() REPRESENTATION_CONTEXT('2D SPACE',''
  ) );
#3000 = PCURVE('',#2850,#3001);
#3001 = DEFINITIONAL_REPRESENTATION('',(#3002),#3010);
#3002 = ( BOUNDED_CURVE() B_SPLINE_CURVE(2,(#3003,#3004,#3005,#3006,
#3007,#3008,#3009),.UNSPECIFIED.,.T.,.F.) B_SPLINE_CURVE_WITH_KNOTS((1,2
    ,2,2,2,1),(-2.094395102393,0.,2.094395102393,4.188790204786,
6.28318530718,8.377580409573),.UNSPECIFIED.) CURVE() 
GEOMETRIC_REPRESENTATION_ITEM() RATIONAL_B_SPLINE_CURVE((1.,0.5,1.,0.5,
1.,0.5,1.)) REPRESENTATION_ITEM('') );
#3003 = CARTESIAN_POINT('',(3.3,1.7));
#3004 = CARTESIAN_POINT('',(3.3,-3.205080756886E-02));
#3005 = CARTESIAN_POINT('',(1.8,0.833974596216));
#3006 = CARTESIAN_POINT('',(0.3,1.7));
#3007 = CARTESIAN_POINT('',(1.8,2.566025403784));
#3008 = CARTESIAN_POINT('',(3.3,3.432050807569));
#3009 = CARTESIAN_POINT('',(3.3,1.7));
#3010 = ( GEOMETRIC_REPRESENTATION_CONTEXT(2) 
PARAMETRIC_REPRESENTATION_CONTEXT() REPRESENTATION_CONTEXT('2D SPACE',''
  ) );
#3011 = ORIENTED_EDGE('',*,*,#2861,.T.);
#3012 = ORIENTED_EDGE('',*,*,#917,.F.);
#3013 = ORIENTED_EDGE('',*,*,#3014,.F.);
#3014 = EDGE_CURVE('',#2985,#892,#3015,.T.);
#3015 = SURFACE_CURVE('',#3016,(#3020,#3027),.PCURVE_S1.);
#3016 = LINE('',#3017,#3018);
#3017 = CARTESIAN_POINT('',(5.2,-90.2,-1.));
#3018 = VECTOR('',#3019,1.);
#3019 = DIRECTION('',(0.,0.,1.));
#3020 = PCURVE('',#938,#3021);
#3021 = DEFINITIONAL_REPRESENTATION('',(#3022),#3026);
#3022 = LINE('',#3023,#3024);
#3023 = CARTESIAN_POINT('',(-4.712388980385,0.));
#3024 = VECTOR('',#3025,1.);
#3025 = DIRECTION('',(-0.,-1.));
#3026 = ( GEOMETRIC_REPRESENTATION_CONTEXT(2) 
PARAMETRIC_REPRESENTATION_CONTEXT() REPRESENTATION_CONTEXT('2D SPACE',''
  ) );
#3027 = PCURVE('',#906,#3028);
#3028 = DEFINITIONAL_REPRESENTATION('',(#3029),#3033);
#3029 = LINE('',#3030,#3031);
#3030 = CARTESIAN_POINT('',(0.,0.));
#3031 = VECTOR('',#3032,1.);
#3032 = DIRECTION('',(0.,-1.));
#3033 = ( GEOMETRIC_REPRESENTATION_CONTEXT(2) 
PARAMETRIC_REPRESENTATION_CONTEXT() REPRESENTATION_CONTEXT('2D SPACE',''
  ) );
#3034 = ADVANCED_FACE('',(#3035),#906,.T.);
#3035 = FACE_BOUND('',#3036,.T.);
#3036 = EDGE_LOOP('',(#3037,#3058,#3059,#3060,#3170,#3198,#3327,#3353));
#3037 = ORIENTED_EDGE('',*,*,#3038,.T.);
#3038 = EDGE_CURVE('',#3039,#2985,#3041,.T.);
#3039 = VERTEX_POINT('',#3040);
#3040 = CARTESIAN_POINT('',(5.817190429163,-90.2,1.6));
#3041 = SURFACE_CURVE('',#3042,(#3046,#3052),.PCURVE_S1.);
#3042 = LINE('',#3043,#3044);
#3043 = CARTESIAN_POINT('',(4.05,-90.2,1.6));
#3044 = VECTOR('',#3045,1.);
#3045 = DIRECTION('',(-1.,0.,0.));
#3046 = PCURVE('',#906,#3047);
#3047 = DEFINITIONAL_REPRESENTATION('',(#3048),#3051);
#3048 = B_SPLINE_CURVE_WITH_KNOTS('',1,(#3049,#3050),.UNSPECIFIED.,.F.,
  .F.,(2,2),(-1.85,-1.15),.PIECEWISE_BEZIER_KNOTS.);
#3049 = CARTESIAN_POINT('',(0.7,-2.6));
#3050 = CARTESIAN_POINT('',(0.,-2.6));
#3051 = ( GEOMETRIC_REPRESENTATION_CONTEXT(2) 
PARAMETRIC_REPRESENTATION_CONTEXT() REPRESENTATION_CONTEXT('2D SPACE',''
  ) );
#3052 = PCURVE('',#2850,#3053);
#3053 = DEFINITIONAL_REPRESENTATION('',(#3054),#3057);
#3054 = B_SPLINE_CURVE_WITH_KNOTS('',1,(#3055,#3056),.UNSPECIFIED.,.F.,
  .F.,(2,2),(-1.85,-1.15),.PIECEWISE_BEZIER_KNOTS.);
#3055 = CARTESIAN_POINT('',(3.,0.7));
#3056 = CARTESIAN_POINT('',(2.3,0.7));
#3057 = ( GEOMETRIC_REPRESENTATION_CONTEXT(2) 
PARAMETRIC_REPRESENTATION_CONTEXT() REPRESENTATION_CONTEXT('2D SPACE',''
  ) );
#3058 = ORIENTED_EDGE('',*,*,#3014,.T.);
#3059 = ORIENTED_EDGE('',*,*,#891,.F.);
#3060 = ORIENTED_EDGE('',*,*,#3061,.F.);
#3061 = EDGE_CURVE('',#3062,#850,#3064,.T.);
#3062 = VERTEX_POINT('',#3063);
#3063 = CARTESIAN_POINT('',(106.2,-90.2,4.098968558094));
#3064 = SURFACE_CURVE('',#3065,(#3098,#3134),.PCURVE_S1.);
#3065 = B_SPLINE_CURVE_WITH_KNOTS('',6,(#3066,#3067,#3068,#3069,#3070,
    #3071,#3072,#3073,#3074,#3075,#3076,#3077,#3078,#3079,#3080,#3081,
    #3082,#3083,#3084,#3085,#3086,#3087,#3088,#3089,#3090,#3091,#3092,
    #3093,#3094,#3095,#3096,#3097),.UNSPECIFIED.,.F.,.F.,(7,5,5,5,5,5,7)
  ,(0.,0.32281009393,0.430497770758,0.515405360394,0.582710157337,
    0.783589109932,1.),.UNSPECIFIED.);
#3066 = CARTESIAN_POINT('',(106.2,-90.2,4.098968558094));
#3067 = CARTESIAN_POINT('',(104.68269585831,-90.2,4.09587508856));
#3068 = CARTESIAN_POINT('',(103.16540610337,-90.2,4.087348886586));
#3069 = CARTESIAN_POINT('',(101.64814224721,-90.2,4.074299370066));
#3070 = CARTESIAN_POINT('',(100.13092579643,-90.2,4.057636232885));
#3071 = CARTESIAN_POINT('',(98.613741391917,-90.2,4.038268691041));
#3072 = CARTESIAN_POINT('',(96.590466159481,-90.2,4.010045713174));
#3073 = CARTESIAN_POINT('',(96.084352959549,-90.2,4.0027860055));
#3074 = CARTESIAN_POINT('',(95.578242169316,-90.2,3.995360221013));
#3075 = CARTESIAN_POINT('',(95.072133357666,-90.2,3.987802097927));
#3076 = CARTESIAN_POINT('',(94.566026051851,-90.2,3.980145371835));
#3077 = CARTESIAN_POINT('',(93.660874382267,-90.2,3.966335594278));
#3078 = CARTESIAN_POINT('',(93.261829643243,-90.2,3.960207084647));
#3079 = CARTESIAN_POINT('',(92.862785268561,-90.2,3.954054781394));
#3080 = CARTESIAN_POINT('',(92.463741005575,-90.2,3.947895219078));
#3081 = CARTESIAN_POINT('',(92.064696600846,-90.2,3.941744932247));
#3082 = CARTESIAN_POINT('',(91.349335798271,-90.2,3.930765687211));
#3083 = CARTESIAN_POINT('',(91.033019549919,-90.2,3.925927136786));
#3084 = CARTESIAN_POINT('',(90.716702925904,-90.2,3.92111303933));
#3085 = CARTESIAN_POINT('',(90.400385801941,-90.2,3.916331630368));
#3086 = CARTESIAN_POINT('',(90.084068058644,-90.2,3.911591145777));
#3087 = CARTESIAN_POINT('',(88.823660493431,-90.2,3.892898022646));
#3088 = CARTESIAN_POINT('',(87.879565031019,-90.2,3.879334151272));
#3089 = CARTESIAN_POINT('',(86.935459868475,-90.2,3.86642717364));
#3090 = CARTESIAN_POINT('',(85.991342700756,-90.2,3.854396107131));
#3091 = CARTESIAN_POINT('',(85.047212243595,-90.2,3.843460020534));
#3092 = CARTESIAN_POINT('',(83.085923117308,-90.2,3.823472076675));
#3093 = CARTESIAN_POINT('',(82.068762431049,-90.2,3.814631295885));
#3094 = CARTESIAN_POINT('',(81.051585574113,-90.2,3.807589652972));
#3095 = CARTESIAN_POINT('',(80.034396232953,-90.2,3.802621198808));
#3096 = CARTESIAN_POINT('',(79.017199667902,-90.2,3.799999989161));
#3097 = CARTESIAN_POINT('',(78.,-90.2,3.8));
#3098 = PCURVE('',#906,#3099);
#3099 = DEFINITIONAL_REPRESENTATION('',(#3100),#3133);
#3100 = B_SPLINE_CURVE_WITH_KNOTS('',6,(#3101,#3102,#3103,#3104,#3105,
    #3106,#3107,#3108,#3109,#3110,#3111,#3112,#3113,#3114,#3115,#3116,
    #3117,#3118,#3119,#3120,#3121,#3122,#3123,#3124,#3125,#3126,#3127,
    #3128,#3129,#3130,#3131,#3132),.UNSPECIFIED.,.F.,.F.,(7,5,5,5,5,5,7)
  ,(0.,0.32281009393,0.430497770758,0.515405360394,0.582710157337,
    0.783589109932,1.),.UNSPECIFIED.);
#3101 = CARTESIAN_POINT('',(101.,-5.098968558094));
#3102 = CARTESIAN_POINT('',(99.482695858312,-5.09587508856));
#3103 = CARTESIAN_POINT('',(97.965406103379,-5.087348886586));
#3104 = CARTESIAN_POINT('',(96.448142247214,-5.074299370066));
#3105 = CARTESIAN_POINT('',(94.930925796439,-5.057636232885));
#3106 = CARTESIAN_POINT('',(93.413741391917,-5.038268691041));
#3107 = CARTESIAN_POINT('',(91.390466159481,-5.010045713174));
#3108 = CARTESIAN_POINT('',(90.884352959549,-5.0027860055));
#3109 = CARTESIAN_POINT('',(90.378242169316,-4.995360221013));
#3110 = CARTESIAN_POINT('',(89.872133357666,-4.987802097927));
#3111 = CARTESIAN_POINT('',(89.366026051851,-4.980145371835));
#3112 = CARTESIAN_POINT('',(88.460874382267,-4.966335594278));
#3113 = CARTESIAN_POINT('',(88.061829643243,-4.960207084647));
#3114 = CARTESIAN_POINT('',(87.662785268561,-4.954054781394));
#3115 = CARTESIAN_POINT('',(87.263741005575,-4.947895219078));
#3116 = CARTESIAN_POINT('',(86.864696600846,-4.941744932247));
#3117 = CARTESIAN_POINT('',(86.149335798271,-4.930765687211));
#3118 = CARTESIAN_POINT('',(85.833019549919,-4.925927136786));
#3119 = CARTESIAN_POINT('',(85.516702925904,-4.92111303933));
#3120 = CARTESIAN_POINT('',(85.200385801941,-4.916331630368));
#3121 = CARTESIAN_POINT('',(84.884068058644,-4.911591145777));
#3122 = CARTESIAN_POINT('',(83.623660493431,-4.892898022646));
#3123 = CARTESIAN_POINT('',(82.679565031019,-4.879334151272));
#3124 = CARTESIAN_POINT('',(81.735459868475,-4.86642717364));
#3125 = CARTESIAN_POINT('',(80.791342700756,-4.854396107131));
#3126 = CARTESIAN_POINT('',(79.847212243595,-4.843460020534));
#3127 = CARTESIAN_POINT('',(77.885923117308,-4.823472076675));
#3128 = CARTESIAN_POINT('',(76.868762431049,-4.814631295885));
#3129 = CARTESIAN_POINT('',(75.851585574113,-4.807589652972));
#3130 = CARTESIAN_POINT('',(74.834396232953,-4.802621198808));
#3131 = CARTESIAN_POINT('',(73.817199667902,-4.799999989161));
#3132 = CARTESIAN_POINT('',(72.8,-4.8));
#3133 = ( GEOMETRIC_REPRESENTATION_CONTEXT(2) 
PARAMETRIC_REPRESENTATION_CONTEXT() REPRESENTATION_CONTEXT('2D SPACE',''
  ) );
#3134 = PCURVE('',#865,#3135);
#3135 = DEFINITIONAL_REPRESENTATION('',(#3136),#3169);
#3136 = B_SPLINE_CURVE_WITH_KNOTS('',6,(#3137,#3138,#3139,#3140,#3141,
    #3142,#3143,#3144,#3145,#3146,#3147,#3148,#3149,#3150,#3151,#3152,
    #3153,#3154,#3155,#3156,#3157,#3158,#3159,#3160,#3161,#3162,#3163,
    #3164,#3165,#3166,#3167,#3168),.UNSPECIFIED.,.F.,.F.,(7,5,5,5,5,5,7)
  ,(0.,0.32281009393,0.430497770758,0.515405360394,0.582710157337,
    0.783589109932,1.),.UNSPECIFIED.);
#3137 = CARTESIAN_POINT('',(28.201839919173,-100.2));
#3138 = CARTESIAN_POINT('',(26.684533785544,-100.2));
#3139 = CARTESIAN_POINT('',(25.167225870082,-100.2));
#3140 = CARTESIAN_POINT('',(23.649923717543,-100.2));
#3141 = CARTESIAN_POINT('',(22.132613949862,-100.2));
#3142 = CARTESIAN_POINT('',(20.615309135865,-100.2));
#3143 = CARTESIAN_POINT('',(18.591837245062,-100.2));
#3144 = CARTESIAN_POINT('',(18.085672047069,-100.2));
#3145 = CARTESIAN_POINT('',(17.579506846843,-100.2));
#3146 = CARTESIAN_POINT('',(17.073341644875,-100.2));
#3147 = CARTESIAN_POINT('',(16.567176438987,-100.2));
#3148 = CARTESIAN_POINT('',(15.661919428491,-100.2));
#3149 = CARTESIAN_POINT('',(15.262827633657,-100.2));
#3150 = CARTESIAN_POINT('',(14.863735840202,-100.2));
#3151 = CARTESIAN_POINT('',(14.464644047709,-100.2));
#3152 = CARTESIAN_POINT('',(14.065552254966,-100.2));
#3153 = CARTESIAN_POINT('',(13.35010720653,-100.2));
#3154 = CARTESIAN_POINT('',(13.033753951338,-100.2));
#3155 = CARTESIAN_POINT('',(12.71740069679,-100.2));
#3156 = CARTESIAN_POINT('',(12.40104744466,-100.2));
#3157 = CARTESIAN_POINT('',(12.0846941961,-100.2));
#3158 = CARTESIAN_POINT('',(10.824148096407,-100.2));
#3159 = CARTESIAN_POINT('',(9.879955276503,-100.2));
#3160 = CARTESIAN_POINT('',(8.93576248909,-100.2));
#3161 = CARTESIAN_POINT('',(7.99156972945,-100.2));
#3162 = CARTESIAN_POINT('',(7.047376990991,-100.2));
#3163 = CARTESIAN_POINT('',(5.085986666714,-100.2));
#3164 = CARTESIAN_POINT('',(4.068789316078,-100.2));
#3165 = CARTESIAN_POINT('',(3.051592401249,-100.2));
#3166 = CARTESIAN_POINT('',(2.034394614574,-100.2));
#3167 = CARTESIAN_POINT('',(1.017195866625,-100.2));
#3168 = CARTESIAN_POINT('',(0.,-100.2));
#3169 = ( GEOMETRIC_REPRESENTATION_CONTEXT(2) 
PARAMETRIC_REPRESENTATION_CONTEXT() REPRESENTATION_CONTEXT('2D SPACE',''
  ) );
#3170 = ORIENTED_EDGE('',*,*,#3171,.F.);
#3171 = EDGE_CURVE('',#3172,#3062,#3174,.T.);
#3172 = VERTEX_POINT('',#3173);
#3173 = CARTESIAN_POINT('',(106.2,-90.2,3.298968558094));
#3174 = SURFACE_CURVE('',#3175,(#3179,#3186),.PCURVE_S1.);
#3175 = LINE('',#3176,#3177);
#3176 = CARTESIAN_POINT('',(106.2,-90.2,-1.));
#3177 = VECTOR('',#3178,1.);
#3178 = DIRECTION('',(0.,0.,1.));
#3179 = PCURVE('',#906,#3180);
#3180 = DEFINITIONAL_REPRESENTATION('',(#3181),#3185);
#3181 = LINE('',#3182,#3183);
#3182 = CARTESIAN_POINT('',(101.,0.));
#3183 = VECTOR('',#3184,1.);
#3184 = DIRECTION('',(0.,-1.));
#3185 = ( GEOMETRIC_REPRESENTATION_CONTEXT(2) 
PARAMETRIC_REPRESENTATION_CONTEXT() REPRESENTATION_CONTEXT('2D SPACE',''
  ) );
#3186 = PCURVE('',#3187,#3192);
#3187 = CYLINDRICAL_SURFACE('',#3188,1.);
#3188 = AXIS2_PLACEMENT_3D('',#3189,#3190,#3191);
#3189 = CARTESIAN_POINT('',(106.2,-89.2,-1.));
#3190 = DIRECTION('',(-0.,-0.,-1.));
#3191 = DIRECTION('',(1.,0.,0.));
#3192 = DEFINITIONAL_REPRESENTATION('',(#3193),#3197);
#3193 = LINE('',#3194,#3195);
#3194 = CARTESIAN_POINT('',(-4.712388980385,0.));
#3195 = VECTOR('',#3196,1.);
#3196 = DIRECTION('',(-0.,-1.));
#3197 = ( GEOMETRIC_REPRESENTATION_CONTEXT(2) 
PARAMETRIC_REPRESENTATION_CONTEXT() REPRESENTATION_CONTEXT('2D SPACE',''
  ) );
#3198 = ORIENTED_EDGE('',*,*,#3199,.T.);
#3199 = EDGE_CURVE('',#3172,#3200,#3202,.T.);
#3200 = VERTEX_POINT('',#3201);
#3201 = CARTESIAN_POINT('',(78.,-90.2,3.));
#3202 = SURFACE_CURVE('',#3203,(#3236,#3272),.PCURVE_S1.);
#3203 = B_SPLINE_CURVE_WITH_KNOTS('',6,(#3204,#3205,#3206,#3207,#3208,
    #3209,#3210,#3211,#3212,#3213,#3214,#3215,#3216,#3217,#3218,#3219,
    #3220,#3221,#3222,#3223,#3224,#3225,#3226,#3227,#3228,#3229,#3230,
    #3231,#3232,#3233,#3234,#3235),.UNSPECIFIED.,.F.,.F.,(7,5,5,5,5,5,7)
  ,(0.,0.32281009393,0.430497770758,0.515405360394,0.582710157337,
    0.783589109932,1.),.UNSPECIFIED.);
#3204 = CARTESIAN_POINT('',(106.2,-90.2,3.298968558094));
#3205 = CARTESIAN_POINT('',(104.68269585831,-90.2,3.29587508856));
#3206 = CARTESIAN_POINT('',(103.16540610337,-90.2,3.287348886586));
#3207 = CARTESIAN_POINT('',(101.64814224721,-90.2,3.274299370066));
#3208 = CARTESIAN_POINT('',(100.13092579643,-90.2,3.257636232885));
#3209 = CARTESIAN_POINT('',(98.613741391917,-90.2,3.238268691041));
#3210 = CARTESIAN_POINT('',(96.590466159481,-90.2,3.210045713174));
#3211 = CARTESIAN_POINT('',(96.084352959549,-90.2,3.2027860055));
#3212 = CARTESIAN_POINT('',(95.578242169316,-90.2,3.195360221013));
#3213 = CARTESIAN_POINT('',(95.072133357666,-90.2,3.187802097927));
#3214 = CARTESIAN_POINT('',(94.566026051851,-90.2,3.180145371835));
#3215 = CARTESIAN_POINT('',(93.660874382267,-90.2,3.166335594278));
#3216 = CARTESIAN_POINT('',(93.261829643243,-90.2,3.160207084647));
#3217 = CARTESIAN_POINT('',(92.862785268561,-90.2,3.154054781394));
#3218 = CARTESIAN_POINT('',(92.463741005575,-90.2,3.147895219078));
#3219 = CARTESIAN_POINT('',(92.064696600846,-90.2,3.141744932247));
#3220 = CARTESIAN_POINT('',(91.349335798271,-90.2,3.130765687211));
#3221 = CARTESIAN_POINT('',(91.033019549919,-90.2,3.125927136786));
#3222 = CARTESIAN_POINT('',(90.716702925904,-90.2,3.12111303933));
#3223 = CARTESIAN_POINT('',(90.400385801941,-90.2,3.116331630368));
#3224 = CARTESIAN_POINT('',(90.084068058644,-90.2,3.111591145777));
#3225 = CARTESIAN_POINT('',(88.823660493431,-90.2,3.092898022646));
#3226 = CARTESIAN_POINT('',(87.879565031019,-90.2,3.079334151272));
#3227 = CARTESIAN_POINT('',(86.935459868475,-90.2,3.06642717364));
#3228 = CARTESIAN_POINT('',(85.991342700756,-90.2,3.054396107131));
#3229 = CARTESIAN_POINT('',(85.047212243595,-90.2,3.043460020534));
#3230 = CARTESIAN_POINT('',(83.085923117308,-90.2,3.023472076675));
#3231 = CARTESIAN_POINT('',(82.068762431049,-90.2,3.014631295885));
#3232 = CARTESIAN_POINT('',(81.051585574113,-90.2,3.007589652972));
#3233 = CARTESIAN_POINT('',(80.034396232953,-90.2,3.002621198808));
#3234 = CARTESIAN_POINT('',(79.017199667902,-90.2,2.999999989161));
#3235 = CARTESIAN_POINT('',(78.,-90.2,3.));
#3236 = PCURVE('',#906,#3237);
#3237 = DEFINITIONAL_REPRESENTATION('',(#3238),#3271);
#3238 = B_SPLINE_CURVE_WITH_KNOTS('',6,(#3239,#3240,#3241,#3242,#3243,
    #3244,#3245,#3246,#3247,#3248,#3249,#3250,#3251,#3252,#3253,#3254,
    #3255,#3256,#3257,#3258,#3259,#3260,#3261,#3262,#3263,#3264,#3265,
    #3266,#3267,#3268,#3269,#3270),.UNSPECIFIED.,.F.,.F.,(7,5,5,5,5,5,7)
  ,(0.,0.32281009393,0.430497770758,0.515405360394,0.582710157337,
    0.783589109932,1.),.UNSPECIFIED.);
#3239 = CARTESIAN_POINT('',(101.,-4.298968558094));
#3240 = CARTESIAN_POINT('',(99.482695858313,-4.29587508856));
#3241 = CARTESIAN_POINT('',(97.965406103376,-4.287348886586));
#3242 = CARTESIAN_POINT('',(96.448142247217,-4.274299370066));
#3243 = CARTESIAN_POINT('',(94.930925796437,-4.257636232885));
#3244 = CARTESIAN_POINT('',(93.413741391917,-4.238268691041));
#3245 = CARTESIAN_POINT('',(91.390466159481,-4.210045713174));
#3246 = CARTESIAN_POINT('',(90.884352959549,-4.2027860055));
#3247 = CARTESIAN_POINT('',(90.378242169316,-4.195360221013));
#3248 = CARTESIAN_POINT('',(89.872133357666,-4.187802097927));
#3249 = CARTESIAN_POINT('',(89.366026051851,-4.180145371835));
#3250 = CARTESIAN_POINT('',(88.460874382267,-4.166335594278));
#3251 = CARTESIAN_POINT('',(88.061829643243,-4.160207084647));
#3252 = CARTESIAN_POINT('',(87.662785268561,-4.154054781394));
#3253 = CARTESIAN_POINT('',(87.263741005575,-4.147895219078));
#3254 = CARTESIAN_POINT('',(86.864696600846,-4.141744932247));
#3255 = CARTESIAN_POINT('',(86.149335798271,-4.130765687211));
#3256 = CARTESIAN_POINT('',(85.833019549919,-4.125927136786));
#3257 = CARTESIAN_POINT('',(85.516702925904,-4.12111303933));
#3258 = CARTESIAN_POINT('',(85.200385801941,-4.116331630368));
#3259 = CARTESIAN_POINT('',(84.884068058644,-4.111591145777));
#3260 = CARTESIAN_POINT('',(83.623660493431,-4.092898022646));
#3261 = CARTESIAN_POINT('',(82.679565031019,-4.079334151272));
#3262 = CARTESIAN_POINT('',(81.735459868475,-4.06642717364));
#3263 = CARTESIAN_POINT('',(80.791342700756,-4.054396107131));
#3264 = CARTESIAN_POINT('',(79.847212243595,-4.043460020534));
#3265 = CARTESIAN_POINT('',(77.885923117308,-4.023472076675));
#3266 = CARTESIAN_POINT('',(76.868762431049,-4.014631295885));
#3267 = CARTESIAN_POINT('',(75.851585574113,-4.007589652972));
#3268 = CARTESIAN_POINT('',(74.834396232953,-4.002621198808));
#3269 = CARTESIAN_POINT('',(73.817199667902,-3.999999989161));
#3270 = CARTESIAN_POINT('',(72.8,-4.));
#3271 = ( GEOMETRIC_REPRESENTATION_CONTEXT(2) 
PARAMETRIC_REPRESENTATION_CONTEXT() REPRESENTATION_CONTEXT('2D SPACE',''
  ) );
#3272 = PCURVE('',#3273,#3292);
#3273 = SURFACE_OF_LINEAR_EXTRUSION('',#3274,#3290);
#3274 = B_SPLINE_CURVE_WITH_KNOTS('',3,(#3275,#3276,#3277,#3278,#3279,
    #3280,#3281,#3282,#3283,#3284,#3285,#3286,#3287,#3288,#3289),
  .UNSPECIFIED.,.F.,.F.,(4,1,1,1,1,1,1,1,1,1,1,1,4),(0.,2.433340492799,
    4.866728549682,7.30018676189,9.733716316423,12.167302348813,
    14.600919294844,17.034536240874,19.468122273265,21.901651827798,
    24.335110040006,26.768498096888,29.201838589687),.UNSPECIFIED.);
#3275 = CARTESIAN_POINT('',(78.,10.,3.));
#3276 = CARTESIAN_POINT('',(78.811116528743,10.,2.999999991357));
#3277 = CARTESIAN_POINT('',(80.433356869466,10.,3.004166772235));
#3278 = CARTESIAN_POINT('',(82.866702602685,10.,3.020833639221));
#3279 = CARTESIAN_POINT('',(85.300036043589,10.,3.045833758573));
#3280 = CARTESIAN_POINT('',(87.733361885627,10.,3.077083732404));
#3281 = CARTESIAN_POINT('',(90.166682265518,10.,3.112500238882));
#3282 = CARTESIAN_POINT('',(92.6,10.,3.15));
#3283 = CARTESIAN_POINT('',(95.033317734482,10.,3.187499761118));
#3284 = CARTESIAN_POINT('',(97.466638114373,10.,3.222916267596));
#3285 = CARTESIAN_POINT('',(99.899963956411,10.,3.254166241427));
#3286 = CARTESIAN_POINT('',(102.33329739731,10.,3.279166360779));
#3287 = CARTESIAN_POINT('',(104.76664313053,10.,3.295833227765));
#3288 = CARTESIAN_POINT('',(106.38888347125,10.,3.300000008643));
#3289 = CARTESIAN_POINT('',(107.2,10.,3.3));
#3290 = VECTOR('',#3291,1.);
#3291 = DIRECTION('',(-0.,1.,-0.));
#3292 = DEFINITIONAL_REPRESENTATION('',(#3293),#3326);
#3293 = B_SPLINE_CURVE_WITH_KNOTS('',6,(#3294,#3295,#3296,#3297,#3298,
    #3299,#3300,#3301,#3302,#3303,#3304,#3305,#3306,#3307,#3308,#3309,
    #3310,#3311,#3312,#3313,#3314,#3315,#3316,#3317,#3318,#3319,#3320,
    #3321,#3322,#3323,#3324,#3325),.UNSPECIFIED.,.F.,.F.,(7,5,5,5,5,5,7)
  ,(0.,0.32281009393,0.430497770758,0.515405360394,0.582710157337,
    0.783589109932,1.),.UNSPECIFIED.);
#3294 = CARTESIAN_POINT('',(28.201839919173,-100.2));
#3295 = CARTESIAN_POINT('',(26.684533785545,-100.2));
#3296 = CARTESIAN_POINT('',(25.16722587008,-100.2));
#3297 = CARTESIAN_POINT('',(23.649923717545,-100.2));
#3298 = CARTESIAN_POINT('',(22.132613949861,-100.2));
#3299 = CARTESIAN_POINT('',(20.615309135865,-100.2));
#3300 = CARTESIAN_POINT('',(18.591837245062,-100.2));
#3301 = CARTESIAN_POINT('',(18.085672047069,-100.2));
#3302 = CARTESIAN_POINT('',(17.579506846843,-100.2));
#3303 = CARTESIAN_POINT('',(17.073341644875,-100.2));
#3304 = CARTESIAN_POINT('',(16.567176438987,-100.2));
#3305 = CARTESIAN_POINT('',(15.661919428491,-100.2));
#3306 = CARTESIAN_POINT('',(15.262827633657,-100.2));
#3307 = CARTESIAN_POINT('',(14.863735840202,-100.2));
#3308 = CARTESIAN_POINT('',(14.464644047709,-100.2));
#3309 = CARTESIAN_POINT('',(14.065552254966,-100.2));
#3310 = CARTESIAN_POINT('',(13.35010720653,-100.2));
#3311 = CARTESIAN_POINT('',(13.033753951338,-100.2));
#3312 = CARTESIAN_POINT('',(12.71740069679,-100.2));
#3313 = CARTESIAN_POINT('',(12.40104744466,-100.2));
#3314 = CARTESIAN_POINT('',(12.0846941961,-100.2));
#3315 = CARTESIAN_POINT('',(10.824148096407,-100.2));
#3316 = CARTESIAN_POINT('',(9.879955276503,-100.2));
#3317 = CARTESIAN_POINT('',(8.93576248909,-100.2));
#3318 = CARTESIAN_POINT('',(7.99156972945,-100.2));
#3319 = CARTESIAN_POINT('',(7.047376990991,-100.2));
#3320 = CARTESIAN_POINT('',(5.085986666714,-100.2));
#3321 = CARTESIAN_POINT('',(4.068789316078,-100.2));
#3322 = CARTESIAN_POINT('',(3.051592401249,-100.2));
#3323 = CARTESIAN_POINT('',(2.034394614574,-100.2));
#3324 = CARTESIAN_POINT('',(1.017195866625,-100.2));
#3325 = CARTESIAN_POINT('',(0.,-100.2));
#3326 = ( GEOMETRIC_REPRESENTATION_CONTEXT(2) 
PARAMETRIC_REPRESENTATION_CONTEXT() REPRESENTATION_CONTEXT('2D SPACE',''
  ) );
#3327 = ORIENTED_EDGE('',*,*,#3328,.T.);
#3328 = EDGE_CURVE('',#3200,#3329,#3331,.T.);
#3329 = VERTEX_POINT('',#3330);
#3330 = CARTESIAN_POINT('',(5.817190429163,-90.2,3.));
#3331 = SURFACE_CURVE('',#3332,(#3336,#3342),.PCURVE_S1.);
#3332 = LINE('',#3333,#3334);
#3333 = CARTESIAN_POINT('',(-2.4,-90.2,3.));
#3334 = VECTOR('',#3335,1.);
#3335 = DIRECTION('',(-1.,0.,-0.));
#3336 = PCURVE('',#906,#3337);
#3337 = DEFINITIONAL_REPRESENTATION('',(#3338),#3341);
#3338 = B_SPLINE_CURVE_WITH_KNOTS('',1,(#3339,#3340),.UNSPECIFIED.,.F.,
  .F.,(2,2),(-80.4,-7.6),.PIECEWISE_BEZIER_KNOTS.);
#3339 = CARTESIAN_POINT('',(72.8,-4.));
#3340 = CARTESIAN_POINT('',(0.,-4.));
#3341 = ( GEOMETRIC_REPRESENTATION_CONTEXT(2) 
PARAMETRIC_REPRESENTATION_CONTEXT() REPRESENTATION_CONTEXT('2D SPACE',''
  ) );
#3342 = PCURVE('',#3343,#3348);
#3343 = PLANE('',#3344);
#3344 = AXIS2_PLACEMENT_3D('',#3345,#3346,#3347);
#3345 = CARTESIAN_POINT('',(-10.,10.,3.));
#3346 = DIRECTION('',(-0.,0.,1.));
#3347 = DIRECTION('',(1.,0.,0.));
#3348 = DEFINITIONAL_REPRESENTATION('',(#3349),#3352);
#3349 = B_SPLINE_CURVE_WITH_KNOTS('',1,(#3350,#3351),.UNSPECIFIED.,.F.,
  .F.,(2,2),(-80.4,-7.6),.PIECEWISE_BEZIER_KNOTS.);
#3350 = CARTESIAN_POINT('',(88.,-100.2));
#3351 = CARTESIAN_POINT('',(15.2,-100.2));
#3352 = ( GEOMETRIC_REPRESENTATION_CONTEXT(2) 
PARAMETRIC_REPRESENTATION_CONTEXT() REPRESENTATION_CONTEXT('2D SPACE',''
  ) );
#3353 = ORIENTED_EDGE('',*,*,#3354,.T.);
#3354 = EDGE_CURVE('',#3329,#3039,#3355,.T.);
#3355 = SURFACE_CURVE('',#3356,(#3360,#3366),.PCURVE_S1.);
#3356 = LINE('',#3357,#3358);
#3357 = CARTESIAN_POINT('',(5.817190429163,-90.2,1.6));
#3358 = VECTOR('',#3359,1.);
#3359 = DIRECTION('',(-0.,-0.,-1.));
#3360 = PCURVE('',#906,#3361);
#3361 = DEFINITIONAL_REPRESENTATION('',(#3362),#3365);
#3362 = B_SPLINE_CURVE_WITH_KNOTS('',1,(#3363,#3364),.UNSPECIFIED.,.F.,
  .F.,(2,2),(-1.4000006,5.999999999062E-07),.PIECEWISE_BEZIER_KNOTS.);
#3363 = CARTESIAN_POINT('',(0.617190429163,-4.0000006));
#3364 = CARTESIAN_POINT('',(0.617190429163,-2.5999994));
#3365 = ( GEOMETRIC_REPRESENTATION_CONTEXT(2) 
PARAMETRIC_REPRESENTATION_CONTEXT() REPRESENTATION_CONTEXT('2D SPACE',''
  ) );
#3366 = PCURVE('',#3367,#3372);
#3367 = CYLINDRICAL_SURFACE('',#3368,3.);
#3368 = AXIS2_PLACEMENT_3D('',#3369,#3370,#3371);
#3369 = CARTESIAN_POINT('',(2.9,-90.9,1.6));
#3370 = DIRECTION('',(-0.,-0.,-1.));
#3371 = DIRECTION('',(1.,0.,0.));
#3372 = DEFINITIONAL_REPRESENTATION('',(#3373),#3376);
#3373 = B_SPLINE_CURVE_WITH_KNOTS('',1,(#3374,#3375),.UNSPECIFIED.,.F.,
  .F.,(2,2),(-1.4000006,5.999999999062E-07),.PIECEWISE_BEZIER_KNOTS.);
#3374 = CARTESIAN_POINT('',(-6.5186895439,-1.4000006));
#3375 = CARTESIAN_POINT('',(-6.5186895439,5.999999999062E-07));
#3376 = ( GEOMETRIC_REPRESENTATION_CONTEXT(2) 
PARAMETRIC_REPRESENTATION_CONTEXT() REPRESENTATION_CONTEXT('2D SPACE',''
  ) );
#3377 = ADVANCED_FACE('',(#3378),#865,.T.);
#3378 = FACE_BOUND('',#3379,.T.);
#3379 = EDGE_LOOP('',(#3380,#3403,#3463,#3464,#3465));
#3380 = ORIENTED_EDGE('',*,*,#3381,.T.);
#3381 = EDGE_CURVE('',#2193,#3382,#3384,.T.);
#3382 = VERTEX_POINT('',#3383);
#3383 = CARTESIAN_POINT('',(107.2,-89.2,4.1));
#3384 = SURFACE_CURVE('',#3385,(#3389,#3396),.PCURVE_S1.);
#3385 = LINE('',#3386,#3387);
#3386 = CARTESIAN_POINT('',(107.2,-94.40289537712,4.1));
#3387 = VECTOR('',#3388,1.);
#3388 = DIRECTION('',(0.,1.,0.));
#3389 = PCURVE('',#865,#3390);
#3390 = DEFINITIONAL_REPRESENTATION('',(#3391),#3395);
#3391 = LINE('',#3392,#3393);
#3392 = CARTESIAN_POINT('',(29.201838589687,-104.4028953771));
#3393 = VECTOR('',#3394,1.);
#3394 = DIRECTION('',(-0.,1.));
#3395 = ( GEOMETRIC_REPRESENTATION_CONTEXT(2) 
PARAMETRIC_REPRESENTATION_CONTEXT() REPRESENTATION_CONTEXT('2D SPACE',''
  ) );
#3396 = PCURVE('',#1188,#3397);
#3397 = DEFINITIONAL_REPRESENTATION('',(#3398),#3402);
#3398 = LINE('',#3399,#3400);
#3399 = CARTESIAN_POINT('',(0.,-104.4028953771));
#3400 = VECTOR('',#3401,1.);
#3401 = DIRECTION('',(0.,1.));
#3402 = ( GEOMETRIC_REPRESENTATION_CONTEXT(2) 
PARAMETRIC_REPRESENTATION_CONTEXT() REPRESENTATION_CONTEXT('2D SPACE',''
  ) );
#3403 = ORIENTED_EDGE('',*,*,#3404,.F.);
#3404 = EDGE_CURVE('',#3062,#3382,#3405,.T.);
#3405 = SURFACE_CURVE('',#3406,(#3423,#3443),.PCURVE_S1.);
#3406 = B_SPLINE_CURVE_WITH_KNOTS('',8,(#3407,#3408,#3409,#3410,#3411,
    #3412,#3413,#3414,#3415,#3416,#3417,#3418,#3419,#3420,#3421,#3422),
  .UNSPECIFIED.,.F.,.F.,(9,7,9),(0.,0.325217058274,1.),.UNSPECIFIED.);
#3407 = CARTESIAN_POINT('',(106.2,-90.2,4.098968558094));
#3408 = CARTESIAN_POINT('',(106.26382926451,-90.2,4.099098692772));
#3409 = CARTESIAN_POINT('',(106.32766421605,-90.19534378927,
    4.09921968263));
#3410 = CARTESIAN_POINT('',(106.39110067747,-90.1860299799,
    4.099330643449));
#3411 = CARTESIAN_POINT('',(106.4537419623,-90.1721006475,4.099431030958
    ));
#3412 = CARTESIAN_POINT('',(106.51519975873,-90.15363711027,
    4.099520641072));
#3413 = CARTESIAN_POINT('',(106.57509562611,-90.13075817927,
    4.09959959068));
#3414 = CARTESIAN_POINT('',(106.633063104,-90.10362087969,4.099668279001
    ));
#3415 = CARTESIAN_POINT('',(106.80429437394,-90.00769345025,
    4.099849851561));
#3416 = CARTESIAN_POINT('',(106.91018647302,-89.92539279986,
    4.099931056491));
#3417 = CARTESIAN_POINT('',(107.00305491158,-89.82730984848,
    4.099976116157));
#3418 = CARTESIAN_POINT('',(107.08025769186,-89.7159470225,
    4.099995232199));
#3419 = CARTESIAN_POINT('',(107.13971057205,-89.59416896522,
    4.100000002961));
#3420 = CARTESIAN_POINT('',(107.17992985645,-89.46518993046,
    4.099999999748));
#3421 = CARTESIAN_POINT('',(107.19999999998,-89.33251850811,4.1));
#3422 = CARTESIAN_POINT('',(107.2,-89.20000000024,4.1));
#3423 = PCURVE('',#865,#3424);
#3424 = DEFINITIONAL_REPRESENTATION('',(#3425),#3442);
#3425 = B_SPLINE_CURVE_WITH_KNOTS('',8,(#3426,#3427,#3428,#3429,#3430,
    #3431,#3432,#3433,#3434,#3435,#3436,#3437,#3438,#3439,#3440,#3441),
  .UNSPECIFIED.,.F.,.F.,(9,7,9),(0.,0.325217058274,1.),.UNSPECIFIED.);
#3426 = CARTESIAN_POINT('',(28.201839919627,-100.2));
#3427 = CARTESIAN_POINT('',(28.265669267939,-100.2));
#3428 = CARTESIAN_POINT('',(28.329504276479,-100.1953437892));
#3429 = CARTESIAN_POINT('',(28.392940768116,-100.1860299799));
#3430 = CARTESIAN_POINT('',(28.455582057378,-100.1721006475));
#3431 = CARTESIAN_POINT('',(28.517039834286,-100.1536371102));
#3432 = CARTESIAN_POINT('',(28.57693566073,-100.1307581792));
#3433 = CARTESIAN_POINT('',(28.634903079371,-100.1036208796));
#3434 = CARTESIAN_POINT('',(28.806134121237,-100.0076934502));
#3435 = CARTESIAN_POINT('',(28.912026001977,-99.92539279986));
#3436 = CARTESIAN_POINT('',(29.004894188171,-99.82730984848));
#3437 = CARTESIAN_POINT('',(29.082096719195,-99.7159470225));
#3438 = CARTESIAN_POINT('',(29.141549387058,-99.59416896522));
#3439 = CARTESIAN_POINT('',(29.181768521142,-99.46518993046));
#3440 = CARTESIAN_POINT('',(29.201838589671,-99.33251850811));
#3441 = CARTESIAN_POINT('',(29.201838589687,-99.20000000024));
#3442 = ( GEOMETRIC_REPRESENTATION_CONTEXT(2) 
PARAMETRIC_REPRESENTATION_CONTEXT() REPRESENTATION_CONTEXT('2D SPACE',''
  ) );
#3443 = PCURVE('',#3187,#3444);
#3444 = DEFINITIONAL_REPRESENTATION('',(#3445),#3462);
#3445 = B_SPLINE_CURVE_WITH_KNOTS('',8,(#3446,#3447,#3448,#3449,#3450,
    #3451,#3452,#3453,#3454,#3455,#3456,#3457,#3458,#3459,#3460,#3461),
  .UNSPECIFIED.,.F.,.F.,(9,7,9),(0.,0.325217058274,1.),.UNSPECIFIED.);
#3446 = CARTESIAN_POINT('',(-4.712388980385,-5.098968558094));
#3447 = CARTESIAN_POINT('',(-4.776218244901,-5.099098692772));
#3448 = CARTESIAN_POINT('',(-4.840053122587,-5.09921968263));
#3449 = CARTESIAN_POINT('',(-4.903886051058,-5.099330643449));
#3450 = CARTESIAN_POINT('',(-4.967716306702,-5.099431030958));
#3451 = CARTESIAN_POINT('',(-5.031546616387,-5.099520641072));
#3452 = CARTESIAN_POINT('',(-5.095379773579,-5.09959959068));
#3453 = CARTESIAN_POINT('',(-5.159215258874,-5.099668279001));
#3454 = CARTESIAN_POINT('',(-5.35548604,-5.099849851561));
#3455 = CARTESIAN_POINT('',(-5.488092943804,-5.099931056486));
#3456 = CARTESIAN_POINT('',(-5.620593744343,-5.099976116177));
#3457 = CARTESIAN_POINT('',(-5.753025759731,-5.099995232157));
#3458 = CARTESIAN_POINT('',(-5.885467662489,-5.100000003014));
#3459 = CARTESIAN_POINT('',(-6.017995932111,-5.099999999707));
#3460 = CARTESIAN_POINT('',(-6.150666799314,-5.100000000016));
#3461 = CARTESIAN_POINT('',(-6.28318530718,-5.1));
#3462 = ( GEOMETRIC_REPRESENTATION_CONTEXT(2) 
PARAMETRIC_REPRESENTATION_CONTEXT() REPRESENTATION_CONTEXT('2D SPACE',''
  ) );
#3463 = ORIENTED_EDGE('',*,*,#3061,.T.);
#3464 = ORIENTED_EDGE('',*,*,#849,.T.);
#3465 = ORIENTED_EDGE('',*,*,#2214,.F.);
#3466 = ADVANCED_FACE('',(#3467),#1188,.T.);
#3467 = FACE_BOUND('',#3468,.T.);
#3468 = EDGE_LOOP('',(#3469,#3470,#3471,#3497,#3498,#3499,#3520,#3548,
    #3581,#3609,#3638,#3666,#3699,#3727,#3756,#3779,#3808,#3831,#3864,
    #3887,#3920,#3948,#3967,#3968,#3969,#3970));
#3469 = ORIENTED_EDGE('',*,*,#1173,.F.);
#3470 = ORIENTED_EDGE('',*,*,#2389,.F.);
#3471 = ORIENTED_EDGE('',*,*,#3472,.T.);
#3472 = EDGE_CURVE('',#2327,#3382,#3473,.T.);
#3473 = SURFACE_CURVE('',#3474,(#3478,#3485),.PCURVE_S1.);
#3474 = LINE('',#3475,#3476);
#3475 = CARTESIAN_POINT('',(107.2,-5.2,4.1));
#3476 = VECTOR('',#3477,1.);
#3477 = DIRECTION('',(0.,-1.,0.));
#3478 = PCURVE('',#1188,#3479);
#3479 = DEFINITIONAL_REPRESENTATION('',(#3480),#3484);
#3480 = LINE('',#3481,#3482);
#3481 = CARTESIAN_POINT('',(0.,-15.2));
#3482 = VECTOR('',#3483,1.);
#3483 = DIRECTION('',(0.,-1.));
#3484 = ( GEOMETRIC_REPRESENTATION_CONTEXT(2) 
PARAMETRIC_REPRESENTATION_CONTEXT() REPRESENTATION_CONTEXT('2D SPACE',''
  ) );
#3485 = PCURVE('',#3486,#3491);
#3486 = PLANE('',#3487);
#3487 = AXIS2_PLACEMENT_3D('',#3488,#3489,#3490);
#3488 = CARTESIAN_POINT('',(107.2,-89.2,-1.));
#3489 = DIRECTION('',(-1.,0.,0.));
#3490 = DIRECTION('',(0.,1.,0.));
#3491 = DEFINITIONAL_REPRESENTATION('',(#3492),#3496);
#3492 = LINE('',#3493,#3494);
#3493 = CARTESIAN_POINT('',(84.,-5.1));
#3494 = VECTOR('',#3495,1.);
#3495 = DIRECTION('',(-1.,0.));
#3496 = ( GEOMETRIC_REPRESENTATION_CONTEXT(2) 
PARAMETRIC_REPRESENTATION_CONTEXT() REPRESENTATION_CONTEXT('2D SPACE',''
  ) );
#3497 = ORIENTED_EDGE('',*,*,#3381,.F.);
#3498 = ORIENTED_EDGE('',*,*,#2192,.F.);
#3499 = ORIENTED_EDGE('',*,*,#3500,.F.);
#3500 = EDGE_CURVE('',#3501,#2167,#3503,.T.);
#3501 = VERTEX_POINT('',#3502);
#3502 = CARTESIAN_POINT('',(117.7,-93.6,4.1));
#3503 = SURFACE_CURVE('',#3504,(#3508,#3514),.PCURVE_S1.);
#3504 = LINE('',#3505,#3506);
#3505 = CARTESIAN_POINT('',(117.7,-43.1,4.1));
#3506 = VECTOR('',#3507,1.);
#3507 = DIRECTION('',(0.,-1.,0.));
#3508 = PCURVE('',#1188,#3509);
#3509 = DEFINITIONAL_REPRESENTATION('',(#3510),#3513);
#3510 = B_SPLINE_CURVE_WITH_KNOTS('',1,(#3511,#3512),.UNSPECIFIED.,.F.,
  .F.,(2,2),(49.5,51.302895377129),.PIECEWISE_BEZIER_KNOTS.);
#3511 = CARTESIAN_POINT('',(10.5,-102.6));
#3512 = CARTESIAN_POINT('',(10.5,-104.4028953771));
#3513 = ( GEOMETRIC_REPRESENTATION_CONTEXT(2) 
PARAMETRIC_REPRESENTATION_CONTEXT() REPRESENTATION_CONTEXT('2D SPACE',''
  ) );
#3514 = PCURVE('',#2181,#3515);
#3515 = DEFINITIONAL_REPRESENTATION('',(#3516),#3519);
#3516 = B_SPLINE_CURVE_WITH_KNOTS('',1,(#3517,#3518),.UNSPECIFIED.,.F.,
  .F.,(2,2),(49.5,51.302895377129),.PIECEWISE_BEZIER_KNOTS.);
#3517 = CARTESIAN_POINT('',(3.6,-3.3));
#3518 = CARTESIAN_POINT('',(1.797104622871,-3.3));
#3519 = ( GEOMETRIC_REPRESENTATION_CONTEXT(2) 
PARAMETRIC_REPRESENTATION_CONTEXT() REPRESENTATION_CONTEXT('2D SPACE',''
  ) );
#3520 = ORIENTED_EDGE('',*,*,#3521,.T.);
#3521 = EDGE_CURVE('',#3501,#3522,#3524,.T.);
#3522 = VERTEX_POINT('',#3523);
#3523 = CARTESIAN_POINT('',(110.2,-93.6,4.1));
#3524 = SURFACE_CURVE('',#3525,(#3529,#3536),.PCURVE_S1.);
#3525 = LINE('',#3526,#3527);
#3526 = CARTESIAN_POINT('',(108.7,-93.6,4.1));
#3527 = VECTOR('',#3528,1.);
#3528 = DIRECTION('',(-1.,0.,-0.));
#3529 = PCURVE('',#1188,#3530);
#3530 = DEFINITIONAL_REPRESENTATION('',(#3531),#3535);
#3531 = LINE('',#3532,#3533);
#3532 = CARTESIAN_POINT('',(1.5,-103.6));
#3533 = VECTOR('',#3534,1.);
#3534 = DIRECTION('',(-1.,0.));
#3535 = ( GEOMETRIC_REPRESENTATION_CONTEXT(2) 
PARAMETRIC_REPRESENTATION_CONTEXT() REPRESENTATION_CONTEXT('2D SPACE',''
  ) );
#3536 = PCURVE('',#3537,#3542);
#3537 = PLANE('',#3538);
#3538 = AXIS2_PLACEMENT_3D('',#3539,#3540,#3541);
#3539 = CARTESIAN_POINT('',(3.,-93.6,-1.));
#3540 = DIRECTION('',(0.,1.,0.));
#3541 = DIRECTION('',(1.,0.,0.));
#3542 = DEFINITIONAL_REPRESENTATION('',(#3543),#3547);
#3543 = LINE('',#3544,#3545);
#3544 = CARTESIAN_POINT('',(105.7,-5.1));
#3545 = VECTOR('',#3546,1.);
#3546 = DIRECTION('',(-1.,0.));
#3547 = ( GEOMETRIC_REPRESENTATION_CONTEXT(2) 
PARAMETRIC_REPRESENTATION_CONTEXT() REPRESENTATION_CONTEXT('2D SPACE',''
  ) );
#3548 = ORIENTED_EDGE('',*,*,#3549,.T.);
#3549 = EDGE_CURVE('',#3522,#3550,#3552,.T.);
#3550 = VERTEX_POINT('',#3551);
#3551 = CARTESIAN_POINT('',(109.2,-92.6,4.1));
#3552 = SURFACE_CURVE('',#3553,(#3558,#3569),.PCURVE_S1.);
#3553 = CIRCLE('',#3554,1.);
#3554 = AXIS2_PLACEMENT_3D('',#3555,#3556,#3557);
#3555 = CARTESIAN_POINT('',(110.2,-92.6,4.1));
#3556 = DIRECTION('',(0.,0.,-1.));
#3557 = DIRECTION('',(1.,0.,0.));
#3558 = PCURVE('',#1188,#3559);
#3559 = DEFINITIONAL_REPRESENTATION('',(#3560),#3568);
#3560 = ( BOUNDED_CURVE() B_SPLINE_CURVE(2,(#3561,#3562,#3563,#3564,
#3565,#3566,#3567),.UNSPECIFIED.,.T.,.F.) B_SPLINE_CURVE_WITH_KNOTS((1,2
    ,2,2,2,1),(-2.094395102393,0.,2.094395102393,4.188790204786,
6.28318530718,8.377580409573),.UNSPECIFIED.) CURVE() 
GEOMETRIC_REPRESENTATION_ITEM() RATIONAL_B_SPLINE_CURVE((1.,0.5,1.,0.5,
1.,0.5,1.)) REPRESENTATION_ITEM('') );
#3561 = CARTESIAN_POINT('',(4.,-102.6));
#3562 = CARTESIAN_POINT('',(4.,-104.3320508075));
#3563 = CARTESIAN_POINT('',(2.5,-103.4660254037));
#3564 = CARTESIAN_POINT('',(1.,-102.6));
#3565 = CARTESIAN_POINT('',(2.5,-101.7339745962));
#3566 = CARTESIAN_POINT('',(4.,-100.8679491924));
#3567 = CARTESIAN_POINT('',(4.,-102.6));
#3568 = ( GEOMETRIC_REPRESENTATION_CONTEXT(2) 
PARAMETRIC_REPRESENTATION_CONTEXT() REPRESENTATION_CONTEXT('2D SPACE',''
  ) );
#3569 = PCURVE('',#3570,#3575);
#3570 = CYLINDRICAL_SURFACE('',#3571,1.);
#3571 = AXIS2_PLACEMENT_3D('',#3572,#3573,#3574);
#3572 = CARTESIAN_POINT('',(110.2,-92.6,-1.));
#3573 = DIRECTION('',(-0.,-0.,-1.));
#3574 = DIRECTION('',(1.,0.,0.));
#3575 = DEFINITIONAL_REPRESENTATION('',(#3576),#3580);
#3576 = LINE('',#3577,#3578);
#3577 = CARTESIAN_POINT('',(-6.28318530718,-5.1));
#3578 = VECTOR('',#3579,1.);
#3579 = DIRECTION('',(1.,-0.));
#3580 = ( GEOMETRIC_REPRESENTATION_CONTEXT(2) 
PARAMETRIC_REPRESENTATION_CONTEXT() REPRESENTATION_CONTEXT('2D SPACE',''
  ) );
#3581 = ORIENTED_EDGE('',*,*,#3582,.F.);
#3582 = EDGE_CURVE('',#3583,#3550,#3585,.T.);
#3583 = VERTEX_POINT('',#3584);
#3584 = CARTESIAN_POINT('',(109.2,-50.18496231132,4.1));
#3585 = SURFACE_CURVE('',#3586,(#3590,#3597),.PCURVE_S1.);
#3586 = LINE('',#3587,#3588);
#3587 = CARTESIAN_POINT('',(109.2,-41.3,4.1));
#3588 = VECTOR('',#3589,1.);
#3589 = DIRECTION('',(0.,-1.,0.));
#3590 = PCURVE('',#1188,#3591);
#3591 = DEFINITIONAL_REPRESENTATION('',(#3592),#3596);
#3592 = LINE('',#3593,#3594);
#3593 = CARTESIAN_POINT('',(2.,-51.3));
#3594 = VECTOR('',#3595,1.);
#3595 = DIRECTION('',(0.,-1.));
#3596 = ( GEOMETRIC_REPRESENTATION_CONTEXT(2) 
PARAMETRIC_REPRESENTATION_CONTEXT() REPRESENTATION_CONTEXT('2D SPACE',''
  ) );
#3597 = PCURVE('',#3598,#3603);
#3598 = PLANE('',#3599);
#3599 = AXIS2_PLACEMENT_3D('',#3600,#3601,#3602);
#3600 = CARTESIAN_POINT('',(109.2,-92.6,-1.));
#3601 = DIRECTION('',(-1.,0.,0.));
#3602 = DIRECTION('',(0.,1.,0.));
#3603 = DEFINITIONAL_REPRESENTATION('',(#3604),#3608);
#3604 = LINE('',#3605,#3606);
#3605 = CARTESIAN_POINT('',(51.3,-5.1));
#3606 = VECTOR('',#3607,1.);
#3607 = DIRECTION('',(-1.,0.));
#3608 = ( GEOMETRIC_REPRESENTATION_CONTEXT(2) 
PARAMETRIC_REPRESENTATION_CONTEXT() REPRESENTATION_CONTEXT('2D SPACE',''
  ) );
#3609 = ORIENTED_EDGE('',*,*,#3610,.T.);
#3610 = EDGE_CURVE('',#3583,#3611,#3613,.T.);
#3611 = VERTEX_POINT('',#3612);
#3612 = CARTESIAN_POINT('',(109.2,-44.21503768868,4.1));
#3613 = SURFACE_CURVE('',#3614,(#3619,#3626),.PCURVE_S1.);
#3614 = CIRCLE('',#3615,3.);
#3615 = AXIS2_PLACEMENT_3D('',#3616,#3617,#3618);
#3616 = CARTESIAN_POINT('',(109.5,-47.2,4.1));
#3617 = DIRECTION('',(0.,0.,1.));
#3618 = DIRECTION('',(-9.999999999999E-02,-0.994987437107,0.));
#3619 = PCURVE('',#1188,#3620);
#3620 = DEFINITIONAL_REPRESENTATION('',(#3621),#3625);
#3621 = CIRCLE('',#3622,3.);
#3622 = AXIS2_PLACEMENT_2D('',#3623,#3624);
#3623 = CARTESIAN_POINT('',(2.3,-57.2));
#3624 = DIRECTION('',(-9.999999999999E-02,-0.994987437107));
#3625 = ( GEOMETRIC_REPRESENTATION_CONTEXT(2) 
PARAMETRIC_REPRESENTATION_CONTEXT() REPRESENTATION_CONTEXT('2D SPACE',''
  ) );
#3626 = PCURVE('',#3627,#3632);
#3627 = CYLINDRICAL_SURFACE('',#3628,3.);
#3628 = AXIS2_PLACEMENT_3D('',#3629,#3630,#3631);
#3629 = CARTESIAN_POINT('',(109.5,-47.2,1.6));
#3630 = DIRECTION('',(-0.,-0.,-1.));
#3631 = DIRECTION('',(1.,0.,0.));
#3632 = DEFINITIONAL_REPRESENTATION('',(#3633),#3637);
#3633 = LINE('',#3634,#3635);
#3634 = CARTESIAN_POINT('',(-4.612221559223,-2.5));
#3635 = VECTOR('',#3636,1.);
#3636 = DIRECTION('',(-1.,-0.));
#3637 = ( GEOMETRIC_REPRESENTATION_CONTEXT(2) 
PARAMETRIC_REPRESENTATION_CONTEXT() REPRESENTATION_CONTEXT('2D SPACE',''
  ) );
#3638 = ORIENTED_EDGE('',*,*,#3639,.F.);
#3639 = EDGE_CURVE('',#3640,#3611,#3642,.T.);
#3640 = VERTEX_POINT('',#3641);
#3641 = CARTESIAN_POINT('',(109.2,-1.8,4.1));
#3642 = SURFACE_CURVE('',#3643,(#3647,#3654),.PCURVE_S1.);
#3643 = LINE('',#3644,#3645);
#3644 = CARTESIAN_POINT('',(109.2,-41.3,4.1));
#3645 = VECTOR('',#3646,1.);
#3646 = DIRECTION('',(0.,-1.,0.));
#3647 = PCURVE('',#1188,#3648);
#3648 = DEFINITIONAL_REPRESENTATION('',(#3649),#3653);
#3649 = LINE('',#3650,#3651);
#3650 = CARTESIAN_POINT('',(2.,-51.3));
#3651 = VECTOR('',#3652,1.);
#3652 = DIRECTION('',(0.,-1.));
#3653 = ( GEOMETRIC_REPRESENTATION_CONTEXT(2) 
PARAMETRIC_REPRESENTATION_CONTEXT() REPRESENTATION_CONTEXT('2D SPACE',''
  ) );
#3654 = PCURVE('',#3655,#3660);
#3655 = PLANE('',#3656);
#3656 = AXIS2_PLACEMENT_3D('',#3657,#3658,#3659);
#3657 = CARTESIAN_POINT('',(109.2,-92.6,-1.));
#3658 = DIRECTION('',(-1.,0.,0.));
#3659 = DIRECTION('',(0.,1.,0.));
#3660 = DEFINITIONAL_REPRESENTATION('',(#3661),#3665);
#3661 = LINE('',#3662,#3663);
#3662 = CARTESIAN_POINT('',(51.3,-5.1));
#3663 = VECTOR('',#3664,1.);
#3664 = DIRECTION('',(-1.,0.));
#3665 = ( GEOMETRIC_REPRESENTATION_CONTEXT(2) 
PARAMETRIC_REPRESENTATION_CONTEXT() REPRESENTATION_CONTEXT('2D SPACE',''
  ) );
#3666 = ORIENTED_EDGE('',*,*,#3667,.T.);
#3667 = EDGE_CURVE('',#3640,#3668,#3670,.T.);
#3668 = VERTEX_POINT('',#3669);
#3669 = CARTESIAN_POINT('',(110.2,-0.8,4.1));
#3670 = SURFACE_CURVE('',#3671,(#3676,#3687),.PCURVE_S1.);
#3671 = CIRCLE('',#3672,1.);
#3672 = AXIS2_PLACEMENT_3D('',#3673,#3674,#3675);
#3673 = CARTESIAN_POINT('',(110.2,-1.8,4.1));
#3674 = DIRECTION('',(0.,0.,-1.));
#3675 = DIRECTION('',(1.,0.,0.));
#3676 = PCURVE('',#1188,#3677);
#3677 = DEFINITIONAL_REPRESENTATION('',(#3678),#3686);
#3678 = ( BOUNDED_CURVE() B_SPLINE_CURVE(2,(#3679,#3680,#3681,#3682,
#3683,#3684,#3685),.UNSPECIFIED.,.T.,.F.) B_SPLINE_CURVE_WITH_KNOTS((1,2
    ,2,2,2,1),(-2.094395102393,0.,2.094395102393,4.188790204786,
6.28318530718,8.377580409573),.UNSPECIFIED.) CURVE() 
GEOMETRIC_REPRESENTATION_ITEM() RATIONAL_B_SPLINE_CURVE((1.,0.5,1.,0.5,
1.,0.5,1.)) REPRESENTATION_ITEM('') );
#3679 = CARTESIAN_POINT('',(4.,-11.8));
#3680 = CARTESIAN_POINT('',(4.,-13.53205080756));
#3681 = CARTESIAN_POINT('',(2.5,-12.66602540378));
#3682 = CARTESIAN_POINT('',(1.,-11.8));
#3683 = CARTESIAN_POINT('',(2.5,-10.93397459621));
#3684 = CARTESIAN_POINT('',(4.,-10.06794919243));
#3685 = CARTESIAN_POINT('',(4.,-11.8));
#3686 = ( GEOMETRIC_REPRESENTATION_CONTEXT(2) 
PARAMETRIC_REPRESENTATION_CONTEXT() REPRESENTATION_CONTEXT('2D SPACE',''
  ) );
#3687 = PCURVE('',#3688,#3693);
#3688 = CYLINDRICAL_SURFACE('',#3689,1.);
#3689 = AXIS2_PLACEMENT_3D('',#3690,#3691,#3692);
#3690 = CARTESIAN_POINT('',(110.2,-1.8,-1.));
#3691 = DIRECTION('',(-0.,-0.,-1.));
#3692 = DIRECTION('',(1.,0.,0.));
#3693 = DEFINITIONAL_REPRESENTATION('',(#3694),#3698);
#3694 = LINE('',#3695,#3696);
#3695 = CARTESIAN_POINT('',(-6.28318530718,-5.1));
#3696 = VECTOR('',#3697,1.);
#3697 = DIRECTION('',(1.,-0.));
#3698 = ( GEOMETRIC_REPRESENTATION_CONTEXT(2) 
PARAMETRIC_REPRESENTATION_CONTEXT() REPRESENTATION_CONTEXT('2D SPACE',''
  ) );
#3699 = ORIENTED_EDGE('',*,*,#3700,.F.);
#3700 = EDGE_CURVE('',#3701,#3668,#3703,.T.);
#3701 = VERTEX_POINT('',#3702);
#3702 = CARTESIAN_POINT('',(112.37383031693,-0.8,4.1));
#3703 = SURFACE_CURVE('',#3704,(#3708,#3715),.PCURVE_S1.);
#3704 = LINE('',#3705,#3706);
#3705 = CARTESIAN_POINT('',(108.7,-0.8,4.1));
#3706 = VECTOR('',#3707,1.);
#3707 = DIRECTION('',(-1.,0.,-0.));
#3708 = PCURVE('',#1188,#3709);
#3709 = DEFINITIONAL_REPRESENTATION('',(#3710),#3714);
#3710 = LINE('',#3711,#3712);
#3711 = CARTESIAN_POINT('',(1.5,-10.8));
#3712 = VECTOR('',#3713,1.);
#3713 = DIRECTION('',(-1.,0.));
#3714 = ( GEOMETRIC_REPRESENTATION_CONTEXT(2) 
PARAMETRIC_REPRESENTATION_CONTEXT() REPRESENTATION_CONTEXT('2D SPACE',''
  ) );
#3715 = PCURVE('',#3716,#3721);
#3716 = PLANE('',#3717);
#3717 = AXIS2_PLACEMENT_3D('',#3718,#3719,#3720);
#3718 = CARTESIAN_POINT('',(110.2,-0.8,-1.));
#3719 = DIRECTION('',(0.,1.,0.));
#3720 = DIRECTION('',(1.,0.,0.));
#3721 = DEFINITIONAL_REPRESENTATION('',(#3722),#3726);
#3722 = LINE('',#3723,#3724);
#3723 = CARTESIAN_POINT('',(-1.5,-5.1));
#3724 = VECTOR('',#3725,1.);
#3725 = DIRECTION('',(-1.,0.));
#3726 = ( GEOMETRIC_REPRESENTATION_CONTEXT(2) 
PARAMETRIC_REPRESENTATION_CONTEXT() REPRESENTATION_CONTEXT('2D SPACE',''
  ) );
#3727 = ORIENTED_EDGE('',*,*,#3728,.T.);
#3728 = EDGE_CURVE('',#3701,#3729,#3731,.T.);
#3729 = VERTEX_POINT('',#3730);
#3730 = CARTESIAN_POINT('',(114.98916968306,-0.8,4.1));
#3731 = SURFACE_CURVE('',#3732,(#3737,#3744),.PCURVE_S1.);
#3732 = CIRCLE('',#3733,3.);
#3733 = AXIS2_PLACEMENT_3D('',#3734,#3735,#3736);
#3734 = CARTESIAN_POINT('',(113.6815,-3.5,4.1));
#3735 = DIRECTION('',(0.,0.,1.));
#3736 = DIRECTION('',(-0.435889894354,0.9,0.));
#3737 = PCURVE('',#1188,#3738);
#3738 = DEFINITIONAL_REPRESENTATION('',(#3739),#3743);
#3739 = CIRCLE('',#3740,3.);
#3740 = AXIS2_PLACEMENT_2D('',#3741,#3742);
#3741 = CARTESIAN_POINT('',(6.4815,-13.5));
#3742 = DIRECTION('',(-0.435889894354,0.9));
#3743 = ( GEOMETRIC_REPRESENTATION_CONTEXT(2) 
PARAMETRIC_REPRESENTATION_CONTEXT() REPRESENTATION_CONTEXT('2D SPACE',''
  ) );
#3744 = PCURVE('',#3745,#3750);
#3745 = CYLINDRICAL_SURFACE('',#3746,3.);
#3746 = AXIS2_PLACEMENT_3D('',#3747,#3748,#3749);
#3747 = CARTESIAN_POINT('',(113.6815,-3.5,1.6));
#3748 = DIRECTION('',(-0.,-0.,-1.));
#3749 = DIRECTION('',(1.,0.,0.));
#3750 = DEFINITIONAL_REPRESENTATION('',(#3751),#3755);
#3751 = LINE('',#3752,#3753);
#3752 = CARTESIAN_POINT('',(-2.021823138591,-2.5));
#3753 = VECTOR('',#3754,1.);
#3754 = DIRECTION('',(-1.,-0.));
#3755 = ( GEOMETRIC_REPRESENTATION_CONTEXT(2) 
PARAMETRIC_REPRESENTATION_CONTEXT() REPRESENTATION_CONTEXT('2D SPACE',''
  ) );
#3756 = ORIENTED_EDGE('',*,*,#3757,.F.);
#3757 = EDGE_CURVE('',#3758,#3729,#3760,.T.);
#3758 = VERTEX_POINT('',#3759);
#3759 = CARTESIAN_POINT('',(130.41083031693,-0.8,4.1));
#3760 = SURFACE_CURVE('',#3761,(#3765,#3772),.PCURVE_S1.);
#3761 = LINE('',#3762,#3763);
#3762 = CARTESIAN_POINT('',(108.7,-0.8,4.1));
#3763 = VECTOR('',#3764,1.);
#3764 = DIRECTION('',(-1.,0.,-0.));
#3765 = PCURVE('',#1188,#3766);
#3766 = DEFINITIONAL_REPRESENTATION('',(#3767),#3771);
#3767 = LINE('',#3768,#3769);
#3768 = CARTESIAN_POINT('',(1.5,-10.8));
#3769 = VECTOR('',#3770,1.);
#3770 = DIRECTION('',(-1.,0.));
#3771 = ( GEOMETRIC_REPRESENTATION_CONTEXT(2) 
PARAMETRIC_REPRESENTATION_CONTEXT() REPRESENTATION_CONTEXT('2D SPACE',''
  ) );
#3772 = PCURVE('',#3716,#3773);
#3773 = DEFINITIONAL_REPRESENTATION('',(#3774),#3778);
#3774 = LINE('',#3775,#3776);
#3775 = CARTESIAN_POINT('',(-1.5,-5.1));
#3776 = VECTOR('',#3777,1.);
#3777 = DIRECTION('',(-1.,0.));
#3778 = ( GEOMETRIC_REPRESENTATION_CONTEXT(2) 
PARAMETRIC_REPRESENTATION_CONTEXT() REPRESENTATION_CONTEXT('2D SPACE',''
  ) );
#3779 = ORIENTED_EDGE('',*,*,#3780,.T.);
#3780 = EDGE_CURVE('',#3758,#3781,#3783,.T.);
#3781 = VERTEX_POINT('',#3782);
#3782 = CARTESIAN_POINT('',(133.02616968306,-0.8,4.1));
#3783 = SURFACE_CURVE('',#3784,(#3789,#3796),.PCURVE_S1.);
#3784 = CIRCLE('',#3785,3.);
#3785 = AXIS2_PLACEMENT_3D('',#3786,#3787,#3788);
#3786 = CARTESIAN_POINT('',(131.7185,-3.5,4.1));
#3787 = DIRECTION('',(0.,0.,1.));
#3788 = DIRECTION('',(-0.435889894354,0.9,0.));
#3789 = PCURVE('',#1188,#3790);
#3790 = DEFINITIONAL_REPRESENTATION('',(#3791),#3795);
#3791 = CIRCLE('',#3792,3.);
#3792 = AXIS2_PLACEMENT_2D('',#3793,#3794);
#3793 = CARTESIAN_POINT('',(24.5185,-13.5));
#3794 = DIRECTION('',(-0.435889894354,0.9));
#3795 = ( GEOMETRIC_REPRESENTATION_CONTEXT(2) 
PARAMETRIC_REPRESENTATION_CONTEXT() REPRESENTATION_CONTEXT('2D SPACE',''
  ) );
#3796 = PCURVE('',#3797,#3802);
#3797 = CYLINDRICAL_SURFACE('',#3798,3.);
#3798 = AXIS2_PLACEMENT_3D('',#3799,#3800,#3801);
#3799 = CARTESIAN_POINT('',(131.7185,-3.5,1.6));
#3800 = DIRECTION('',(-0.,-0.,-1.));
#3801 = DIRECTION('',(1.,0.,0.));
#3802 = DEFINITIONAL_REPRESENTATION('',(#3803),#3807);
#3803 = LINE('',#3804,#3805);
#3804 = CARTESIAN_POINT('',(-2.021823138591,-2.5));
#3805 = VECTOR('',#3806,1.);
#3806 = DIRECTION('',(-1.,-0.));
#3807 = ( GEOMETRIC_REPRESENTATION_CONTEXT(2) 
PARAMETRIC_REPRESENTATION_CONTEXT() REPRESENTATION_CONTEXT('2D SPACE',''
  ) );
#3808 = ORIENTED_EDGE('',*,*,#3809,.F.);
#3809 = EDGE_CURVE('',#3810,#3781,#3812,.T.);
#3810 = VERTEX_POINT('',#3811);
#3811 = CARTESIAN_POINT('',(135.2,-0.8,4.1));
#3812 = SURFACE_CURVE('',#3813,(#3817,#3824),.PCURVE_S1.);
#3813 = LINE('',#3814,#3815);
#3814 = CARTESIAN_POINT('',(108.7,-0.8,4.1));
#3815 = VECTOR('',#3816,1.);
#3816 = DIRECTION('',(-1.,0.,-0.));
#3817 = PCURVE('',#1188,#3818);
#3818 = DEFINITIONAL_REPRESENTATION('',(#3819),#3823);
#3819 = LINE('',#3820,#3821);
#3820 = CARTESIAN_POINT('',(1.5,-10.8));
#3821 = VECTOR('',#3822,1.);
#3822 = DIRECTION('',(-1.,0.));
#3823 = ( GEOMETRIC_REPRESENTATION_CONTEXT(2) 
PARAMETRIC_REPRESENTATION_CONTEXT() REPRESENTATION_CONTEXT('2D SPACE',''
  ) );
#3824 = PCURVE('',#3716,#3825);
#3825 = DEFINITIONAL_REPRESENTATION('',(#3826),#3830);
#3826 = LINE('',#3827,#3828);
#3827 = CARTESIAN_POINT('',(-1.5,-5.1));
#3828 = VECTOR('',#3829,1.);
#3829 = DIRECTION('',(-1.,0.));
#3830 = ( GEOMETRIC_REPRESENTATION_CONTEXT(2) 
PARAMETRIC_REPRESENTATION_CONTEXT() REPRESENTATION_CONTEXT('2D SPACE',''
  ) );
#3831 = ORIENTED_EDGE('',*,*,#3832,.T.);
#3832 = EDGE_CURVE('',#3810,#3833,#3835,.T.);
#3833 = VERTEX_POINT('',#3834);
#3834 = CARTESIAN_POINT('',(136.2,-1.8,4.1));
#3835 = SURFACE_CURVE('',#3836,(#3841,#3852),.PCURVE_S1.);
#3836 = CIRCLE('',#3837,1.);
#3837 = AXIS2_PLACEMENT_3D('',#3838,#3839,#3840);
#3838 = CARTESIAN_POINT('',(135.2,-1.8,4.1));
#3839 = DIRECTION('',(0.,0.,-1.));
#3840 = DIRECTION('',(1.,0.,0.));
#3841 = PCURVE('',#1188,#3842);
#3842 = DEFINITIONAL_REPRESENTATION('',(#3843),#3851);
#3843 = ( BOUNDED_CURVE() B_SPLINE_CURVE(2,(#3844,#3845,#3846,#3847,
#3848,#3849,#3850),.UNSPECIFIED.,.T.,.F.) B_SPLINE_CURVE_WITH_KNOTS((1,2
    ,2,2,2,1),(-2.094395102393,0.,2.094395102393,4.188790204786,
6.28318530718,8.377580409573),.UNSPECIFIED.) CURVE() 
GEOMETRIC_REPRESENTATION_ITEM() RATIONAL_B_SPLINE_CURVE((1.,0.5,1.,0.5,
1.,0.5,1.)) REPRESENTATION_ITEM('') );
#3844 = CARTESIAN_POINT('',(29.,-11.8));
#3845 = CARTESIAN_POINT('',(29.,-13.53205080756));
#3846 = CARTESIAN_POINT('',(27.5,-12.66602540378));
#3847 = CARTESIAN_POINT('',(26.,-11.8));
#3848 = CARTESIAN_POINT('',(27.5,-10.93397459621));
#3849 = CARTESIAN_POINT('',(29.,-10.06794919243));
#3850 = CARTESIAN_POINT('',(29.,-11.8));
#3851 = ( GEOMETRIC_REPRESENTATION_CONTEXT(2) 
PARAMETRIC_REPRESENTATION_CONTEXT() REPRESENTATION_CONTEXT('2D SPACE',''
  ) );
#3852 = PCURVE('',#3853,#3858);
#3853 = CYLINDRICAL_SURFACE('',#3854,1.);
#3854 = AXIS2_PLACEMENT_3D('',#3855,#3856,#3857);
#3855 = CARTESIAN_POINT('',(135.2,-1.8,-1.));
#3856 = DIRECTION('',(-0.,-0.,-1.));
#3857 = DIRECTION('',(1.,0.,0.));
#3858 = DEFINITIONAL_REPRESENTATION('',(#3859),#3863);
#3859 = LINE('',#3860,#3861);
#3860 = CARTESIAN_POINT('',(-6.28318530718,-5.1));
#3861 = VECTOR('',#3862,1.);
#3862 = DIRECTION('',(1.,-0.));
#3863 = ( GEOMETRIC_REPRESENTATION_CONTEXT(2) 
PARAMETRIC_REPRESENTATION_CONTEXT() REPRESENTATION_CONTEXT('2D SPACE',''
  ) );
#3864 = ORIENTED_EDGE('',*,*,#3865,.T.);
#3865 = EDGE_CURVE('',#3833,#3866,#3868,.T.);
#3866 = VERTEX_POINT('',#3867);
#3867 = CARTESIAN_POINT('',(136.2,-92.6,4.1));
#3868 = SURFACE_CURVE('',#3869,(#3873,#3880),.PCURVE_S1.);
#3869 = LINE('',#3870,#3871);
#3870 = CARTESIAN_POINT('',(136.2,-41.3,4.1));
#3871 = VECTOR('',#3872,1.);
#3872 = DIRECTION('',(0.,-1.,0.));
#3873 = PCURVE('',#1188,#3874);
#3874 = DEFINITIONAL_REPRESENTATION('',(#3875),#3879);
#3875 = LINE('',#3876,#3877);
#3876 = CARTESIAN_POINT('',(29.,-51.3));
#3877 = VECTOR('',#3878,1.);
#3878 = DIRECTION('',(0.,-1.));
#3879 = ( GEOMETRIC_REPRESENTATION_CONTEXT(2) 
PARAMETRIC_REPRESENTATION_CONTEXT() REPRESENTATION_CONTEXT('2D SPACE',''
  ) );
#3880 = PCURVE('',#1419,#3881);
#3881 = DEFINITIONAL_REPRESENTATION('',(#3882),#3886);
#3882 = LINE('',#3883,#3884);
#3883 = CARTESIAN_POINT('',(51.3,-5.1));
#3884 = VECTOR('',#3885,1.);
#3885 = DIRECTION('',(-1.,0.));
#3886 = ( GEOMETRIC_REPRESENTATION_CONTEXT(2) 
PARAMETRIC_REPRESENTATION_CONTEXT() REPRESENTATION_CONTEXT('2D SPACE',''
  ) );
#3887 = ORIENTED_EDGE('',*,*,#3888,.T.);
#3888 = EDGE_CURVE('',#3866,#3889,#3891,.T.);
#3889 = VERTEX_POINT('',#3890);
#3890 = CARTESIAN_POINT('',(135.2,-93.6,4.1));
#3891 = SURFACE_CURVE('',#3892,(#3897,#3908),.PCURVE_S1.);
#3892 = CIRCLE('',#3893,1.);
#3893 = AXIS2_PLACEMENT_3D('',#3894,#3895,#3896);
#3894 = CARTESIAN_POINT('',(135.2,-92.6,4.1));
#3895 = DIRECTION('',(0.,0.,-1.));
#3896 = DIRECTION('',(1.,0.,0.));
#3897 = PCURVE('',#1188,#3898);
#3898 = DEFINITIONAL_REPRESENTATION('',(#3899),#3907);
#3899 = ( BOUNDED_CURVE() B_SPLINE_CURVE(2,(#3900,#3901,#3902,#3903,
#3904,#3905,#3906),.UNSPECIFIED.,.T.,.F.) B_SPLINE_CURVE_WITH_KNOTS((1,2
    ,2,2,2,1),(-2.094395102393,0.,2.094395102393,4.188790204786,
6.28318530718,8.377580409573),.UNSPECIFIED.) CURVE() 
GEOMETRIC_REPRESENTATION_ITEM() RATIONAL_B_SPLINE_CURVE((1.,0.5,1.,0.5,
1.,0.5,1.)) REPRESENTATION_ITEM('') );
#3900 = CARTESIAN_POINT('',(29.,-102.6));
#3901 = CARTESIAN_POINT('',(29.,-104.3320508075));
#3902 = CARTESIAN_POINT('',(27.5,-103.4660254037));
#3903 = CARTESIAN_POINT('',(26.,-102.6));
#3904 = CARTESIAN_POINT('',(27.5,-101.7339745962));
#3905 = CARTESIAN_POINT('',(29.,-100.8679491924));
#3906 = CARTESIAN_POINT('',(29.,-102.6));
#3907 = ( GEOMETRIC_REPRESENTATION_CONTEXT(2) 
PARAMETRIC_REPRESENTATION_CONTEXT() REPRESENTATION_CONTEXT('2D SPACE',''
  ) );
#3908 = PCURVE('',#3909,#3914);
#3909 = CYLINDRICAL_SURFACE('',#3910,1.);
#3910 = AXIS2_PLACEMENT_3D('',#3911,#3912,#3913);
#3911 = CARTESIAN_POINT('',(135.2,-92.6,-1.));
#3912 = DIRECTION('',(-0.,-0.,-1.));
#3913 = DIRECTION('',(1.,0.,0.));
#3914 = DEFINITIONAL_REPRESENTATION('',(#3915),#3919);
#3915 = LINE('',#3916,#3917);
#3916 = CARTESIAN_POINT('',(-6.28318530718,-5.1));
#3917 = VECTOR('',#3918,1.);
#3918 = DIRECTION('',(1.,-0.));
#3919 = ( GEOMETRIC_REPRESENTATION_CONTEXT(2) 
PARAMETRIC_REPRESENTATION_CONTEXT() REPRESENTATION_CONTEXT('2D SPACE',''
  ) );
#3920 = ORIENTED_EDGE('',*,*,#3921,.T.);
#3921 = EDGE_CURVE('',#3889,#3922,#3924,.T.);
#3922 = VERTEX_POINT('',#3923);
#3923 = CARTESIAN_POINT('',(127.7,-93.6,4.1));
#3924 = SURFACE_CURVE('',#3925,(#3929,#3936),.PCURVE_S1.);
#3925 = LINE('',#3926,#3927);
#3926 = CARTESIAN_POINT('',(108.7,-93.6,4.1));
#3927 = VECTOR('',#3928,1.);
#3928 = DIRECTION('',(-1.,0.,-0.));
#3929 = PCURVE('',#1188,#3930);
#3930 = DEFINITIONAL_REPRESENTATION('',(#3931),#3935);
#3931 = LINE('',#3932,#3933);
#3932 = CARTESIAN_POINT('',(1.5,-103.6));
#3933 = VECTOR('',#3934,1.);
#3934 = DIRECTION('',(-1.,0.));
#3935 = ( GEOMETRIC_REPRESENTATION_CONTEXT(2) 
PARAMETRIC_REPRESENTATION_CONTEXT() REPRESENTATION_CONTEXT('2D SPACE',''
  ) );
#3936 = PCURVE('',#3937,#3942);
#3937 = PLANE('',#3938);
#3938 = AXIS2_PLACEMENT_3D('',#3939,#3940,#3941);
#3939 = CARTESIAN_POINT('',(3.,-93.6,-1.));
#3940 = DIRECTION('',(0.,1.,0.));
#3941 = DIRECTION('',(1.,0.,0.));
#3942 = DEFINITIONAL_REPRESENTATION('',(#3943),#3947);
#3943 = LINE('',#3944,#3945);
#3944 = CARTESIAN_POINT('',(105.7,-5.1));
#3945 = VECTOR('',#3946,1.);
#3946 = DIRECTION('',(-1.,0.));
#3947 = ( GEOMETRIC_REPRESENTATION_CONTEXT(2) 
PARAMETRIC_REPRESENTATION_CONTEXT() REPRESENTATION_CONTEXT('2D SPACE',''
  ) );
#3948 = ORIENTED_EDGE('',*,*,#3949,.T.);
#3949 = EDGE_CURVE('',#3922,#2098,#3950,.T.);
#3950 = SURFACE_CURVE('',#3951,(#3955,#3961),.PCURVE_S1.);
#3951 = LINE('',#3952,#3953);
#3952 = CARTESIAN_POINT('',(127.7,-43.1,4.1));
#3953 = VECTOR('',#3954,1.);
#3954 = DIRECTION('',(0.,-1.,0.));
#3955 = PCURVE('',#1188,#3956);
#3956 = DEFINITIONAL_REPRESENTATION('',(#3957),#3960);
#3957 = B_SPLINE_CURVE_WITH_KNOTS('',1,(#3958,#3959),.UNSPECIFIED.,.F.,
  .F.,(2,2),(49.5,51.302895377129),.PIECEWISE_BEZIER_KNOTS.);
#3958 = CARTESIAN_POINT('',(20.5,-102.6));
#3959 = CARTESIAN_POINT('',(20.5,-104.4028953771));
#3960 = ( GEOMETRIC_REPRESENTATION_CONTEXT(2) 
PARAMETRIC_REPRESENTATION_CONTEXT() REPRESENTATION_CONTEXT('2D SPACE',''
  ) );
#3961 = PCURVE('',#2134,#3962);
#3962 = DEFINITIONAL_REPRESENTATION('',(#3963),#3966);
#3963 = B_SPLINE_CURVE_WITH_KNOTS('',1,(#3964,#3965),.UNSPECIFIED.,.F.,
  .F.,(2,2),(49.5,51.302895377129),.PIECEWISE_BEZIER_KNOTS.);
#3964 = CARTESIAN_POINT('',(3.6,-3.3));
#3965 = CARTESIAN_POINT('',(1.797104622871,-3.3));
#3966 = ( GEOMETRIC_REPRESENTATION_CONTEXT(2) 
PARAMETRIC_REPRESENTATION_CONTEXT() REPRESENTATION_CONTEXT('2D SPACE',''
  ) );
#3967 = ORIENTED_EDGE('',*,*,#2097,.F.);
#3968 = ORIENTED_EDGE('',*,*,#2069,.T.);
#3969 = ORIENTED_EDGE('',*,*,#1357,.F.);
#3970 = ORIENTED_EDGE('',*,*,#1243,.T.);
#3971 = ADVANCED_FACE('',(#3972),#1325,.F.);
#3972 = FACE_BOUND('',#3973,.F.);
#3973 = EDGE_LOOP('',(#3974,#3993,#3994,#3995));
#3974 = ORIENTED_EDGE('',*,*,#3975,.F.);
#3975 = EDGE_CURVE('',#1979,#1382,#3976,.T.);
#3976 = SURFACE_CURVE('',#3977,(#3981,#3987),.PCURVE_S1.);
#3977 = LINE('',#3978,#3979);
#3978 = CARTESIAN_POINT('',(136.2,-73.775,3.4));
#3979 = VECTOR('',#3980,1.);
#3980 = DIRECTION('',(0.,1.,-0.));
#3981 = PCURVE('',#1325,#3982);
#3982 = DEFINITIONAL_REPRESENTATION('',(#3983),#3986);
#3983 = B_SPLINE_CURVE_WITH_KNOTS('',1,(#3984,#3985),.UNSPECIFIED.,.F.,
  .F.,(2,2),(16.625,21.025),.PIECEWISE_BEZIER_KNOTS.);
#3984 = CARTESIAN_POINT('',(-0.8,-2.2));
#3985 = CARTESIAN_POINT('',(-0.8,2.2));
#3986 = ( GEOMETRIC_REPRESENTATION_CONTEXT(2) 
PARAMETRIC_REPRESENTATION_CONTEXT() REPRESENTATION_CONTEXT('2D SPACE',''
  ) );
#3987 = PCURVE('',#1419,#3988);
#3988 = DEFINITIONAL_REPRESENTATION('',(#3989),#3992);
#3989 = B_SPLINE_CURVE_WITH_KNOTS('',1,(#3990,#3991),.UNSPECIFIED.,.F.,
  .F.,(2,2),(16.625,21.025),.PIECEWISE_BEZIER_KNOTS.);
#3990 = CARTESIAN_POINT('',(35.45,-4.4));
#3991 = CARTESIAN_POINT('',(39.85,-4.4));
#3992 = ( GEOMETRIC_REPRESENTATION_CONTEXT(2) 
PARAMETRIC_REPRESENTATION_CONTEXT() REPRESENTATION_CONTEXT('2D SPACE',''
  ) );
#3993 = ORIENTED_EDGE('',*,*,#2001,.T.);
#3994 = ORIENTED_EDGE('',*,*,#1310,.F.);
#3995 = ORIENTED_EDGE('',*,*,#1381,.T.);
#3996 = ADVANCED_FACE('',(#3997),#1445,.F.);
#3997 = FACE_BOUND('',#3998,.F.);
#3998 = EDGE_LOOP('',(#3999,#4000,#4001,#4002,#4025,#4046,#4079,#4105,
    #4138,#4159,#4187,#4206,#4207,#4208,#4209,#4210));
#3999 = ORIENTED_EDGE('',*,*,#1701,.F.);
#4000 = ORIENTED_EDGE('',*,*,#1728,.T.);
#4001 = ORIENTED_EDGE('',*,*,#1778,.T.);
#4002 = ORIENTED_EDGE('',*,*,#4003,.T.);
#4003 = EDGE_CURVE('',#1779,#4004,#4006,.T.);
#4004 = VERTEX_POINT('',#4005);
#4005 = CARTESIAN_POINT('',(117.7,-93.6,0.8));
#4006 = SURFACE_CURVE('',#4007,(#4011,#4018),.PCURVE_S1.);
#4007 = LINE('',#4008,#4009);
#4008 = CARTESIAN_POINT('',(117.7,-94.4,0.8));
#4009 = VECTOR('',#4010,1.);
#4010 = DIRECTION('',(0.,1.,0.));
#4011 = PCURVE('',#1445,#4012);
#4012 = DEFINITIONAL_REPRESENTATION('',(#4013),#4017);
#4013 = LINE('',#4014,#4015);
#4014 = CARTESIAN_POINT('',(49.2,-47.2));
#4015 = VECTOR('',#4016,1.);
#4016 = DIRECTION('',(0.,1.));
#4017 = ( GEOMETRIC_REPRESENTATION_CONTEXT(2) 
PARAMETRIC_REPRESENTATION_CONTEXT() REPRESENTATION_CONTEXT('2D SPACE',''
  ) );
#4018 = PCURVE('',#2181,#4019);
#4019 = DEFINITIONAL_REPRESENTATION('',(#4020),#4024);
#4020 = LINE('',#4021,#4022);
#4021 = CARTESIAN_POINT('',(1.8,0.));
#4022 = VECTOR('',#4023,1.);
#4023 = DIRECTION('',(1.,0.));
#4024 = ( GEOMETRIC_REPRESENTATION_CONTEXT(2) 
PARAMETRIC_REPRESENTATION_CONTEXT() REPRESENTATION_CONTEXT('2D SPACE',''
  ) );
#4025 = ORIENTED_EDGE('',*,*,#4026,.F.);
#4026 = EDGE_CURVE('',#4027,#4004,#4029,.T.);
#4027 = VERTEX_POINT('',#4028);
#4028 = CARTESIAN_POINT('',(3.,-93.6,0.8));
#4029 = SURFACE_CURVE('',#4030,(#4034,#4040),.PCURVE_S1.);
#4030 = LINE('',#4031,#4032);
#4031 = CARTESIAN_POINT('',(35.75,-93.6,0.8));
#4032 = VECTOR('',#4033,1.);
#4033 = DIRECTION('',(1.,0.,0.));
#4034 = PCURVE('',#1445,#4035);
#4035 = DEFINITIONAL_REPRESENTATION('',(#4036),#4039);
#4036 = B_SPLINE_CURVE_WITH_KNOTS('',1,(#4037,#4038),.UNSPECIFIED.,.F.,
  .F.,(2,2),(-32.75,99.45),.PIECEWISE_BEZIER_KNOTS.);
#4037 = CARTESIAN_POINT('',(-65.5,-46.4));
#4038 = CARTESIAN_POINT('',(66.7,-46.4));
#4039 = ( GEOMETRIC_REPRESENTATION_CONTEXT(2) 
PARAMETRIC_REPRESENTATION_CONTEXT() REPRESENTATION_CONTEXT('2D SPACE',''
  ) );
#4040 = PCURVE('',#3537,#4041);
#4041 = DEFINITIONAL_REPRESENTATION('',(#4042),#4045);
#4042 = B_SPLINE_CURVE_WITH_KNOTS('',1,(#4043,#4044),.UNSPECIFIED.,.F.,
  .F.,(2,2),(-32.75,99.45),.PIECEWISE_BEZIER_KNOTS.);
#4043 = CARTESIAN_POINT('',(0.,-1.8));
#4044 = CARTESIAN_POINT('',(132.2,-1.8));
#4045 = ( GEOMETRIC_REPRESENTATION_CONTEXT(2) 
PARAMETRIC_REPRESENTATION_CONTEXT() REPRESENTATION_CONTEXT('2D SPACE',''
  ) );
#4046 = ORIENTED_EDGE('',*,*,#4047,.T.);
#4047 = EDGE_CURVE('',#4027,#4048,#4050,.T.);
#4048 = VERTEX_POINT('',#4049);
#4049 = CARTESIAN_POINT('',(0.8,-91.4,0.8));
#4050 = SURFACE_CURVE('',#4051,(#4056,#4067),.PCURVE_S1.);
#4051 = CIRCLE('',#4052,2.2);
#4052 = AXIS2_PLACEMENT_3D('',#4053,#4054,#4055);
#4053 = CARTESIAN_POINT('',(3.,-91.4,0.8));
#4054 = DIRECTION('',(0.,0.,-1.));
#4055 = DIRECTION('',(1.,0.,0.));
#4056 = PCURVE('',#1445,#4057);
#4057 = DEFINITIONAL_REPRESENTATION('',(#4058),#4066);
#4058 = ( BOUNDED_CURVE() B_SPLINE_CURVE(2,(#4059,#4060,#4061,#4062,
#4063,#4064,#4065),.UNSPECIFIED.,.T.,.F.) B_SPLINE_CURVE_WITH_KNOTS((1,2
    ,2,2,2,1),(-2.094395102393,0.,2.094395102393,4.188790204786,
6.28318530718,8.377580409573),.UNSPECIFIED.) CURVE() 
GEOMETRIC_REPRESENTATION_ITEM() RATIONAL_B_SPLINE_CURVE((1.,0.5,1.,0.5,
1.,0.5,1.)) REPRESENTATION_ITEM('') );
#4059 = CARTESIAN_POINT('',(-63.3,-44.2));
#4060 = CARTESIAN_POINT('',(-63.3,-48.01051177665));
#4061 = CARTESIAN_POINT('',(-66.6,-46.10525588832));
#4062 = CARTESIAN_POINT('',(-69.9,-44.2));
#4063 = CARTESIAN_POINT('',(-66.6,-42.29474411167));
#4064 = CARTESIAN_POINT('',(-63.3,-40.38948822334));
#4065 = CARTESIAN_POINT('',(-63.3,-44.2));
#4066 = ( GEOMETRIC_REPRESENTATION_CONTEXT(2) 
PARAMETRIC_REPRESENTATION_CONTEXT() REPRESENTATION_CONTEXT('2D SPACE',''
  ) );
#4067 = PCURVE('',#4068,#4073);
#4068 = CYLINDRICAL_SURFACE('',#4069,2.2);
#4069 = AXIS2_PLACEMENT_3D('',#4070,#4071,#4072);
#4070 = CARTESIAN_POINT('',(3.,-91.4,-1.));
#4071 = DIRECTION('',(-0.,-0.,-1.));
#4072 = DIRECTION('',(1.,0.,0.));
#4073 = DEFINITIONAL_REPRESENTATION('',(#4074),#4078);
#4074 = LINE('',#4075,#4076);
#4075 = CARTESIAN_POINT('',(-6.28318530718,-1.8));
#4076 = VECTOR('',#4077,1.);
#4077 = DIRECTION('',(1.,-0.));
#4078 = ( GEOMETRIC_REPRESENTATION_CONTEXT(2) 
PARAMETRIC_REPRESENTATION_CONTEXT() REPRESENTATION_CONTEXT('2D SPACE',''
  ) );
#4079 = ORIENTED_EDGE('',*,*,#4080,.T.);
#4080 = EDGE_CURVE('',#4048,#4081,#4083,.T.);
#4081 = VERTEX_POINT('',#4082);
#4082 = CARTESIAN_POINT('',(0.8,-3.,0.8));
#4083 = SURFACE_CURVE('',#4084,(#4088,#4094),.PCURVE_S1.);
#4084 = LINE('',#4085,#4086);
#4085 = CARTESIAN_POINT('',(0.8,-69.3,0.8));
#4086 = VECTOR('',#4087,1.);
#4087 = DIRECTION('',(0.,1.,-0.));
#4088 = PCURVE('',#1445,#4089);
#4089 = DEFINITIONAL_REPRESENTATION('',(#4090),#4093);
#4090 = B_SPLINE_CURVE_WITH_KNOTS('',1,(#4091,#4092),.UNSPECIFIED.,.F.,
  .F.,(2,2),(-22.1,66.3),.PIECEWISE_BEZIER_KNOTS.);
#4091 = CARTESIAN_POINT('',(-67.7,-44.2));
#4092 = CARTESIAN_POINT('',(-67.7,44.2));
#4093 = ( GEOMETRIC_REPRESENTATION_CONTEXT(2) 
PARAMETRIC_REPRESENTATION_CONTEXT() REPRESENTATION_CONTEXT('2D SPACE',''
  ) );
#4094 = PCURVE('',#4095,#4100);
#4095 = PLANE('',#4096);
#4096 = AXIS2_PLACEMENT_3D('',#4097,#4098,#4099);
#4097 = CARTESIAN_POINT('',(0.8,-91.4,-1.));
#4098 = DIRECTION('',(-1.,0.,0.));
#4099 = DIRECTION('',(0.,1.,0.));
#4100 = DEFINITIONAL_REPRESENTATION('',(#4101),#4104);
#4101 = B_SPLINE_CURVE_WITH_KNOTS('',1,(#4102,#4103),.UNSPECIFIED.,.F.,
  .F.,(2,2),(-22.1,66.3),.PIECEWISE_BEZIER_KNOTS.);
#4102 = CARTESIAN_POINT('',(0.,-1.8));
#4103 = CARTESIAN_POINT('',(88.4,-1.8));
#4104 = ( GEOMETRIC_REPRESENTATION_CONTEXT(2) 
PARAMETRIC_REPRESENTATION_CONTEXT() REPRESENTATION_CONTEXT('2D SPACE',''
  ) );
#4105 = ORIENTED_EDGE('',*,*,#4106,.T.);
#4106 = EDGE_CURVE('',#4081,#4107,#4109,.T.);
#4107 = VERTEX_POINT('',#4108);
#4108 = CARTESIAN_POINT('',(3.,-0.8,0.8));
#4109 = SURFACE_CURVE('',#4110,(#4115,#4126),.PCURVE_S1.);
#4110 = CIRCLE('',#4111,2.2);
#4111 = AXIS2_PLACEMENT_3D('',#4112,#4113,#4114);
#4112 = CARTESIAN_POINT('',(3.,-3.,0.8));
#4113 = DIRECTION('',(0.,0.,-1.));
#4114 = DIRECTION('',(1.,0.,0.));
#4115 = PCURVE('',#1445,#4116);
#4116 = DEFINITIONAL_REPRESENTATION('',(#4117),#4125);
#4117 = ( BOUNDED_CURVE() B_SPLINE_CURVE(2,(#4118,#4119,#4120,#4121,
#4122,#4123,#4124),.UNSPECIFIED.,.T.,.F.) B_SPLINE_CURVE_WITH_KNOTS((1,2
    ,2,2,2,1),(-2.094395102393,0.,2.094395102393,4.188790204786,
6.28318530718,8.377580409573),.UNSPECIFIED.) CURVE() 
GEOMETRIC_REPRESENTATION_ITEM() RATIONAL_B_SPLINE_CURVE((1.,0.5,1.,0.5,
1.,0.5,1.)) REPRESENTATION_ITEM('') );
#4118 = CARTESIAN_POINT('',(-63.3,44.2));
#4119 = CARTESIAN_POINT('',(-63.3,40.389488223348));
#4120 = CARTESIAN_POINT('',(-66.6,42.294744111674));
#4121 = CARTESIAN_POINT('',(-69.9,44.2));
#4122 = CARTESIAN_POINT('',(-66.6,46.105255888326));
#4123 = CARTESIAN_POINT('',(-63.3,48.010511776652));
#4124 = CARTESIAN_POINT('',(-63.3,44.2));
#4125 = ( GEOMETRIC_REPRESENTATION_CONTEXT(2) 
PARAMETRIC_REPRESENTATION_CONTEXT() REPRESENTATION_CONTEXT('2D SPACE',''
  ) );
#4126 = PCURVE('',#4127,#4132);
#4127 = CYLINDRICAL_SURFACE('',#4128,2.2);
#4128 = AXIS2_PLACEMENT_3D('',#4129,#4130,#4131);
#4129 = CARTESIAN_POINT('',(3.,-3.,-1.));
#4130 = DIRECTION('',(-0.,-0.,-1.));
#4131 = DIRECTION('',(1.,0.,0.));
#4132 = DEFINITIONAL_REPRESENTATION('',(#4133),#4137);
#4133 = LINE('',#4134,#4135);
#4134 = CARTESIAN_POINT('',(-6.28318530718,-1.8));
#4135 = VECTOR('',#4136,1.);
#4136 = DIRECTION('',(1.,-0.));
#4137 = ( GEOMETRIC_REPRESENTATION_CONTEXT(2) 
PARAMETRIC_REPRESENTATION_CONTEXT() REPRESENTATION_CONTEXT('2D SPACE',''
  ) );
#4138 = ORIENTED_EDGE('',*,*,#4139,.T.);
#4139 = EDGE_CURVE('',#4107,#4140,#4142,.T.);
#4140 = VERTEX_POINT('',#4141);
#4141 = CARTESIAN_POINT('',(135.2,-0.8,0.8));
#4142 = SURFACE_CURVE('',#4143,(#4147,#4153),.PCURVE_S1.);
#4143 = LINE('',#4144,#4145);
#4144 = CARTESIAN_POINT('',(89.35,-0.8,0.8));
#4145 = VECTOR('',#4146,1.);
#4146 = DIRECTION('',(1.,0.,0.));
#4147 = PCURVE('',#1445,#4148);
#4148 = DEFINITIONAL_REPRESENTATION('',(#4149),#4152);
#4149 = B_SPLINE_CURVE_WITH_KNOTS('',1,(#4150,#4151),.UNSPECIFIED.,.F.,
  .F.,(2,2),(-86.35,45.85),.PIECEWISE_BEZIER_KNOTS.);
#4150 = CARTESIAN_POINT('',(-65.5,46.4));
#4151 = CARTESIAN_POINT('',(66.7,46.4));
#4152 = ( GEOMETRIC_REPRESENTATION_CONTEXT(2) 
PARAMETRIC_REPRESENTATION_CONTEXT() REPRESENTATION_CONTEXT('2D SPACE',''
  ) );
#4153 = PCURVE('',#3716,#4154);
#4154 = DEFINITIONAL_REPRESENTATION('',(#4155),#4158);
#4155 = B_SPLINE_CURVE_WITH_KNOTS('',1,(#4156,#4157),.UNSPECIFIED.,.F.,
  .F.,(2,2),(-86.35,45.85),.PIECEWISE_BEZIER_KNOTS.);
#4156 = CARTESIAN_POINT('',(-107.2,-1.8));
#4157 = CARTESIAN_POINT('',(25.,-1.8));
#4158 = ( GEOMETRIC_REPRESENTATION_CONTEXT(2) 
PARAMETRIC_REPRESENTATION_CONTEXT() REPRESENTATION_CONTEXT('2D SPACE',''
  ) );
#4159 = ORIENTED_EDGE('',*,*,#4160,.T.);
#4160 = EDGE_CURVE('',#4140,#4161,#4163,.T.);
#4161 = VERTEX_POINT('',#4162);
#4162 = CARTESIAN_POINT('',(136.2,-1.8,0.8));
#4163 = SURFACE_CURVE('',#4164,(#4169,#4180),.PCURVE_S1.);
#4164 = CIRCLE('',#4165,1.);
#4165 = AXIS2_PLACEMENT_3D('',#4166,#4167,#4168);
#4166 = CARTESIAN_POINT('',(135.2,-1.8,0.8));
#4167 = DIRECTION('',(0.,0.,-1.));
#4168 = DIRECTION('',(1.,0.,0.));
#4169 = PCURVE('',#1445,#4170);
#4170 = DEFINITIONAL_REPRESENTATION('',(#4171),#4179);
#4171 = ( BOUNDED_CURVE() B_SPLINE_CURVE(2,(#4172,#4173,#4174,#4175,
#4176,#4177,#4178),.UNSPECIFIED.,.T.,.F.) B_SPLINE_CURVE_WITH_KNOTS((1,2
    ,2,2,2,1),(-2.094395102393,0.,2.094395102393,4.188790204786,
6.28318530718,8.377580409573),.UNSPECIFIED.) CURVE() 
GEOMETRIC_REPRESENTATION_ITEM() RATIONAL_B_SPLINE_CURVE((1.,0.5,1.,0.5,
1.,0.5,1.)) REPRESENTATION_ITEM('') );
#4172 = CARTESIAN_POINT('',(67.7,45.4));
#4173 = CARTESIAN_POINT('',(67.7,43.667949192431));
#4174 = CARTESIAN_POINT('',(66.2,44.533974596216));
#4175 = CARTESIAN_POINT('',(64.7,45.4));
#4176 = CARTESIAN_POINT('',(66.2,46.266025403784));
#4177 = CARTESIAN_POINT('',(67.7,47.132050807569));
#4178 = CARTESIAN_POINT('',(67.7,45.4));
#4179 = ( GEOMETRIC_REPRESENTATION_CONTEXT(2) 
PARAMETRIC_REPRESENTATION_CONTEXT() REPRESENTATION_CONTEXT('2D SPACE',''
  ) );
#4180 = PCURVE('',#3853,#4181);
#4181 = DEFINITIONAL_REPRESENTATION('',(#4182),#4186);
#4182 = LINE('',#4183,#4184);
#4183 = CARTESIAN_POINT('',(-6.28318530718,-1.8));
#4184 = VECTOR('',#4185,1.);
#4185 = DIRECTION('',(1.,-0.));
#4186 = ( GEOMETRIC_REPRESENTATION_CONTEXT(2) 
PARAMETRIC_REPRESENTATION_CONTEXT() REPRESENTATION_CONTEXT('2D SPACE',''
  ) );
#4187 = ORIENTED_EDGE('',*,*,#4188,.F.);
#4188 = EDGE_CURVE('',#1405,#4161,#4189,.T.);
#4189 = SURFACE_CURVE('',#4190,(#4194,#4200),.PCURVE_S1.);
#4190 = LINE('',#4191,#4192);
#4191 = CARTESIAN_POINT('',(136.2,-69.9,0.8));
#4192 = VECTOR('',#4193,1.);
#4193 = DIRECTION('',(0.,1.,-0.));
#4194 = PCURVE('',#1445,#4195);
#4195 = DEFINITIONAL_REPRESENTATION('',(#4196),#4199);
#4196 = B_SPLINE_CURVE_WITH_KNOTS('',1,(#4197,#4198),.UNSPECIFIED.,.F.,
  .F.,(2,2),(-22.7,68.1),.PIECEWISE_BEZIER_KNOTS.);
#4197 = CARTESIAN_POINT('',(67.7,-45.4));
#4198 = CARTESIAN_POINT('',(67.7,45.4));
#4199 = ( GEOMETRIC_REPRESENTATION_CONTEXT(2) 
PARAMETRIC_REPRESENTATION_CONTEXT() REPRESENTATION_CONTEXT('2D SPACE',''
  ) );
#4200 = PCURVE('',#1419,#4201);
#4201 = DEFINITIONAL_REPRESENTATION('',(#4202),#4205);
#4202 = B_SPLINE_CURVE_WITH_KNOTS('',1,(#4203,#4204),.UNSPECIFIED.,.F.,
  .F.,(2,2),(-22.7,68.1),.PIECEWISE_BEZIER_KNOTS.);
#4203 = CARTESIAN_POINT('',(0.,-1.8));
#4204 = CARTESIAN_POINT('',(90.8,-1.8));
#4205 = ( GEOMETRIC_REPRESENTATION_CONTEXT(2) 
PARAMETRIC_REPRESENTATION_CONTEXT() REPRESENTATION_CONTEXT('2D SPACE',''
  ) );
#4206 = ORIENTED_EDGE('',*,*,#1430,.T.);
#4207 = ORIENTED_EDGE('',*,*,#1504,.T.);
#4208 = ORIENTED_EDGE('',*,*,#1530,.T.);
#4209 = ORIENTED_EDGE('',*,*,#1602,.F.);
#4210 = ORIENTED_EDGE('',*,*,#1629,.T.);
#4211 = ADVANCED_FACE('',(#4212),#1419,.T.);
#4212 = FACE_BOUND('',#4213,.T.);
#4213 = EDGE_LOOP('',(#4214,#4235,#4256,#4257,#4278,#4279,#4280,#4281));
#4214 = ORIENTED_EDGE('',*,*,#4215,.F.);
#4215 = EDGE_CURVE('',#4216,#1981,#4218,.T.);
#4216 = VERTEX_POINT('',#4217);
#4217 = CARTESIAN_POINT('',(136.2,-92.6,0.8));
#4218 = SURFACE_CURVE('',#4219,(#4223,#4229),.PCURVE_S1.);
#4219 = LINE('',#4220,#4221);
#4220 = CARTESIAN_POINT('',(136.2,-69.9,0.8));
#4221 = VECTOR('',#4222,1.);
#4222 = DIRECTION('',(0.,1.,-0.));
#4223 = PCURVE('',#1419,#4224);
#4224 = DEFINITIONAL_REPRESENTATION('',(#4225),#4228);
#4225 = B_SPLINE_CURVE_WITH_KNOTS('',1,(#4226,#4227),.UNSPECIFIED.,.F.,
  .F.,(2,2),(-22.7,68.1),.PIECEWISE_BEZIER_KNOTS.);
#4226 = CARTESIAN_POINT('',(0.,-1.8));
#4227 = CARTESIAN_POINT('',(90.8,-1.8));
#4228 = ( GEOMETRIC_REPRESENTATION_CONTEXT(2) 
PARAMETRIC_REPRESENTATION_CONTEXT() REPRESENTATION_CONTEXT('2D SPACE',''
  ) );
#4229 = PCURVE('',#1845,#4230);
#4230 = DEFINITIONAL_REPRESENTATION('',(#4231),#4234);
#4231 = B_SPLINE_CURVE_WITH_KNOTS('',1,(#4232,#4233),.UNSPECIFIED.,.F.,
  .F.,(2,2),(-22.7,68.1),.PIECEWISE_BEZIER_KNOTS.);
#4232 = CARTESIAN_POINT('',(67.7,-45.4));
#4233 = CARTESIAN_POINT('',(67.7,45.4));
#4234 = ( GEOMETRIC_REPRESENTATION_CONTEXT(2) 
PARAMETRIC_REPRESENTATION_CONTEXT() REPRESENTATION_CONTEXT('2D SPACE',''
  ) );
#4235 = ORIENTED_EDGE('',*,*,#4236,.T.);
#4236 = EDGE_CURVE('',#4216,#3866,#4237,.T.);
#4237 = SURFACE_CURVE('',#4238,(#4242,#4249),.PCURVE_S1.);
#4238 = LINE('',#4239,#4240);
#4239 = CARTESIAN_POINT('',(136.2,-92.6,-1.));
#4240 = VECTOR('',#4241,1.);
#4241 = DIRECTION('',(0.,0.,1.));
#4242 = PCURVE('',#1419,#4243);
#4243 = DEFINITIONAL_REPRESENTATION('',(#4244),#4248);
#4244 = LINE('',#4245,#4246);
#4245 = CARTESIAN_POINT('',(0.,0.));
#4246 = VECTOR('',#4247,1.);
#4247 = DIRECTION('',(0.,-1.));
#4248 = ( GEOMETRIC_REPRESENTATION_CONTEXT(2) 
PARAMETRIC_REPRESENTATION_CONTEXT() REPRESENTATION_CONTEXT('2D SPACE',''
  ) );
#4249 = PCURVE('',#3909,#4250);
#4250 = DEFINITIONAL_REPRESENTATION('',(#4251),#4255);
#4251 = LINE('',#4252,#4253);
#4252 = CARTESIAN_POINT('',(-6.28318530718,0.));
#4253 = VECTOR('',#4254,1.);
#4254 = DIRECTION('',(-0.,-1.));
#4255 = ( GEOMETRIC_REPRESENTATION_CONTEXT(2) 
PARAMETRIC_REPRESENTATION_CONTEXT() REPRESENTATION_CONTEXT('2D SPACE',''
  ) );
#4256 = ORIENTED_EDGE('',*,*,#3865,.F.);
#4257 = ORIENTED_EDGE('',*,*,#4258,.F.);
#4258 = EDGE_CURVE('',#4161,#3833,#4259,.T.);
#4259 = SURFACE_CURVE('',#4260,(#4264,#4271),.PCURVE_S1.);
#4260 = LINE('',#4261,#4262);
#4261 = CARTESIAN_POINT('',(136.2,-1.8,-1.));
#4262 = VECTOR('',#4263,1.);
#4263 = DIRECTION('',(0.,0.,1.));
#4264 = PCURVE('',#1419,#4265);
#4265 = DEFINITIONAL_REPRESENTATION('',(#4266),#4270);
#4266 = LINE('',#4267,#4268);
#4267 = CARTESIAN_POINT('',(90.8,0.));
#4268 = VECTOR('',#4269,1.);
#4269 = DIRECTION('',(0.,-1.));
#4270 = ( GEOMETRIC_REPRESENTATION_CONTEXT(2) 
PARAMETRIC_REPRESENTATION_CONTEXT() REPRESENTATION_CONTEXT('2D SPACE',''
  ) );
#4271 = PCURVE('',#3853,#4272);
#4272 = DEFINITIONAL_REPRESENTATION('',(#4273),#4277);
#4273 = LINE('',#4274,#4275);
#4274 = CARTESIAN_POINT('',(-0.,0.));
#4275 = VECTOR('',#4276,1.);
#4276 = DIRECTION('',(-0.,-1.));
#4277 = ( GEOMETRIC_REPRESENTATION_CONTEXT(2) 
PARAMETRIC_REPRESENTATION_CONTEXT() REPRESENTATION_CONTEXT('2D SPACE',''
  ) );
#4278 = ORIENTED_EDGE('',*,*,#4188,.F.);
#4279 = ORIENTED_EDGE('',*,*,#1404,.T.);
#4280 = ORIENTED_EDGE('',*,*,#3975,.F.);
#4281 = ORIENTED_EDGE('',*,*,#1978,.T.);
#4282 = ADVANCED_FACE('',(#4283),#1817,.T.);
#4283 = FACE_BOUND('',#4284,.T.);
#4284 = EDGE_LOOP('',(#4285,#4286,#4307,#4308));
#4285 = ORIENTED_EDGE('',*,*,#1801,.F.);
#4286 = ORIENTED_EDGE('',*,*,#4287,.F.);
#4287 = EDGE_CURVE('',#2146,#1779,#4288,.T.);
#4288 = SURFACE_CURVE('',#4289,(#4293,#4300),.PCURVE_S1.);
#4289 = LINE('',#4290,#4291);
#4290 = CARTESIAN_POINT('',(117.7,-94.4,0.8));
#4291 = VECTOR('',#4292,1.);
#4292 = DIRECTION('',(0.,1.,0.));
#4293 = PCURVE('',#1817,#4294);
#4294 = DEFINITIONAL_REPRESENTATION('',(#4295),#4299);
#4295 = LINE('',#4296,#4297);
#4296 = CARTESIAN_POINT('',(-5.,0.));
#4297 = VECTOR('',#4298,1.);
#4298 = DIRECTION('',(0.,1.));
#4299 = ( GEOMETRIC_REPRESENTATION_CONTEXT(2) 
PARAMETRIC_REPRESENTATION_CONTEXT() REPRESENTATION_CONTEXT('2D SPACE',''
  ) );
#4300 = PCURVE('',#2181,#4301);
#4301 = DEFINITIONAL_REPRESENTATION('',(#4302),#4306);
#4302 = LINE('',#4303,#4304);
#4303 = CARTESIAN_POINT('',(1.8,0.));
#4304 = VECTOR('',#4305,1.);
#4305 = DIRECTION('',(1.,0.));
#4306 = ( GEOMETRIC_REPRESENTATION_CONTEXT(2) 
PARAMETRIC_REPRESENTATION_CONTEXT() REPRESENTATION_CONTEXT('2D SPACE',''
  ) );
#4307 = ORIENTED_EDGE('',*,*,#2145,.F.);
#4308 = ORIENTED_EDGE('',*,*,#4309,.T.);
#4309 = EDGE_CURVE('',#2120,#1802,#4310,.T.);
#4310 = SURFACE_CURVE('',#4311,(#4315,#4322),.PCURVE_S1.);
#4311 = LINE('',#4312,#4313);
#4312 = CARTESIAN_POINT('',(127.7,-94.4,0.8));
#4313 = VECTOR('',#4314,1.);
#4314 = DIRECTION('',(0.,1.,0.));
#4315 = PCURVE('',#1817,#4316);
#4316 = DEFINITIONAL_REPRESENTATION('',(#4317),#4321);
#4317 = LINE('',#4318,#4319);
#4318 = CARTESIAN_POINT('',(5.,0.));
#4319 = VECTOR('',#4320,1.);
#4320 = DIRECTION('',(0.,1.));
#4321 = ( GEOMETRIC_REPRESENTATION_CONTEXT(2) 
PARAMETRIC_REPRESENTATION_CONTEXT() REPRESENTATION_CONTEXT('2D SPACE',''
  ) );
#4322 = PCURVE('',#2134,#4323);
#4323 = DEFINITIONAL_REPRESENTATION('',(#4324),#4328);
#4324 = LINE('',#4325,#4326);
#4325 = CARTESIAN_POINT('',(1.8,0.));
#4326 = VECTOR('',#4327,1.);
#4327 = DIRECTION('',(1.,0.));
#4328 = ( GEOMETRIC_REPRESENTATION_CONTEXT(2) 
PARAMETRIC_REPRESENTATION_CONTEXT() REPRESENTATION_CONTEXT('2D SPACE',''
  ) );
#4329 = ADVANCED_FACE('',(#4330),#1845,.F.);
#4330 = FACE_BOUND('',#4331,.F.);
#4331 = EDGE_LOOP('',(#4332,#4333,#4334,#4335,#4363,#4384,#4405,#4406));
#4332 = ORIENTED_EDGE('',*,*,#1954,.T.);
#4333 = ORIENTED_EDGE('',*,*,#2025,.T.);
#4334 = ORIENTED_EDGE('',*,*,#4215,.F.);
#4335 = ORIENTED_EDGE('',*,*,#4336,.T.);
#4336 = EDGE_CURVE('',#4216,#4337,#4339,.T.);
#4337 = VERTEX_POINT('',#4338);
#4338 = CARTESIAN_POINT('',(135.2,-93.6,0.8));
#4339 = SURFACE_CURVE('',#4340,(#4345,#4356),.PCURVE_S1.);
#4340 = CIRCLE('',#4341,1.);
#4341 = AXIS2_PLACEMENT_3D('',#4342,#4343,#4344);
#4342 = CARTESIAN_POINT('',(135.2,-92.6,0.8));
#4343 = DIRECTION('',(0.,0.,-1.));
#4344 = DIRECTION('',(1.,0.,0.));
#4345 = PCURVE('',#1845,#4346);
#4346 = DEFINITIONAL_REPRESENTATION('',(#4347),#4355);
#4347 = ( BOUNDED_CURVE() B_SPLINE_CURVE(2,(#4348,#4349,#4350,#4351,
#4352,#4353,#4354),.UNSPECIFIED.,.T.,.F.) B_SPLINE_CURVE_WITH_KNOTS((1,2
    ,2,2,2,1),(-2.094395102393,0.,2.094395102393,4.188790204786,
6.28318530718,8.377580409573),.UNSPECIFIED.) CURVE() 
GEOMETRIC_REPRESENTATION_ITEM() RATIONAL_B_SPLINE_CURVE((1.,0.5,1.,0.5,
1.,0.5,1.)) REPRESENTATION_ITEM('') );
#4348 = CARTESIAN_POINT('',(67.7,-45.4));
#4349 = CARTESIAN_POINT('',(67.7,-47.13205080756));
#4350 = CARTESIAN_POINT('',(66.2,-46.26602540378));
#4351 = CARTESIAN_POINT('',(64.7,-45.4));
#4352 = CARTESIAN_POINT('',(66.2,-44.53397459621));
#4353 = CARTESIAN_POINT('',(67.7,-43.66794919243));
#4354 = CARTESIAN_POINT('',(67.7,-45.4));
#4355 = ( GEOMETRIC_REPRESENTATION_CONTEXT(2) 
PARAMETRIC_REPRESENTATION_CONTEXT() REPRESENTATION_CONTEXT('2D SPACE',''
  ) );
#4356 = PCURVE('',#3909,#4357);
#4357 = DEFINITIONAL_REPRESENTATION('',(#4358),#4362);
#4358 = LINE('',#4359,#4360);
#4359 = CARTESIAN_POINT('',(-6.28318530718,-1.8));
#4360 = VECTOR('',#4361,1.);
#4361 = DIRECTION('',(1.,-0.));
#4362 = ( GEOMETRIC_REPRESENTATION_CONTEXT(2) 
PARAMETRIC_REPRESENTATION_CONTEXT() REPRESENTATION_CONTEXT('2D SPACE',''
  ) );
#4363 = ORIENTED_EDGE('',*,*,#4364,.F.);
#4364 = EDGE_CURVE('',#4365,#4337,#4367,.T.);
#4365 = VERTEX_POINT('',#4366);
#4366 = CARTESIAN_POINT('',(127.7,-93.6,0.8));
#4367 = SURFACE_CURVE('',#4368,(#4372,#4378),.PCURVE_S1.);
#4368 = LINE('',#4369,#4370);
#4369 = CARTESIAN_POINT('',(35.75,-93.6,0.8));
#4370 = VECTOR('',#4371,1.);
#4371 = DIRECTION('',(1.,0.,0.));
#4372 = PCURVE('',#1845,#4373);
#4373 = DEFINITIONAL_REPRESENTATION('',(#4374),#4377);
#4374 = B_SPLINE_CURVE_WITH_KNOTS('',1,(#4375,#4376),.UNSPECIFIED.,.F.,
  .F.,(2,2),(-32.75,99.45),.PIECEWISE_BEZIER_KNOTS.);
#4375 = CARTESIAN_POINT('',(-65.5,-46.4));
#4376 = CARTESIAN_POINT('',(66.7,-46.4));
#4377 = ( GEOMETRIC_REPRESENTATION_CONTEXT(2) 
PARAMETRIC_REPRESENTATION_CONTEXT() REPRESENTATION_CONTEXT('2D SPACE',''
  ) );
#4378 = PCURVE('',#3937,#4379);
#4379 = DEFINITIONAL_REPRESENTATION('',(#4380),#4383);
#4380 = B_SPLINE_CURVE_WITH_KNOTS('',1,(#4381,#4382),.UNSPECIFIED.,.F.,
  .F.,(2,2),(-32.75,99.45),.PIECEWISE_BEZIER_KNOTS.);
#4381 = CARTESIAN_POINT('',(0.,-1.8));
#4382 = CARTESIAN_POINT('',(132.2,-1.8));
#4383 = ( GEOMETRIC_REPRESENTATION_CONTEXT(2) 
PARAMETRIC_REPRESENTATION_CONTEXT() REPRESENTATION_CONTEXT('2D SPACE',''
  ) );
#4384 = ORIENTED_EDGE('',*,*,#4385,.F.);
#4385 = EDGE_CURVE('',#1802,#4365,#4386,.T.);
#4386 = SURFACE_CURVE('',#4387,(#4391,#4398),.PCURVE_S1.);
#4387 = LINE('',#4388,#4389);
#4388 = CARTESIAN_POINT('',(127.7,-94.4,0.8));
#4389 = VECTOR('',#4390,1.);
#4390 = DIRECTION('',(0.,1.,0.));
#4391 = PCURVE('',#1845,#4392);
#4392 = DEFINITIONAL_REPRESENTATION('',(#4393),#4397);
#4393 = LINE('',#4394,#4395);
#4394 = CARTESIAN_POINT('',(59.2,-47.2));
#4395 = VECTOR('',#4396,1.);
#4396 = DIRECTION('',(0.,1.));
#4397 = ( GEOMETRIC_REPRESENTATION_CONTEXT(2) 
PARAMETRIC_REPRESENTATION_CONTEXT() REPRESENTATION_CONTEXT('2D SPACE',''
  ) );
#4398 = PCURVE('',#2134,#4399);
#4399 = DEFINITIONAL_REPRESENTATION('',(#4400),#4404);
#4400 = LINE('',#4401,#4402);
#4401 = CARTESIAN_POINT('',(1.8,0.));
#4402 = VECTOR('',#4403,1.);
#4403 = DIRECTION('',(1.,0.));
#4404 = ( GEOMETRIC_REPRESENTATION_CONTEXT(2) 
PARAMETRIC_REPRESENTATION_CONTEXT() REPRESENTATION_CONTEXT('2D SPACE',''
  ) );
#4405 = ORIENTED_EDGE('',*,*,#1829,.T.);
#4406 = ORIENTED_EDGE('',*,*,#1883,.T.);
#4407 = ADVANCED_FACE('',(#4408),#2181,.F.);
#4408 = FACE_BOUND('',#4409,.F.);
#4409 = EDGE_LOOP('',(#4410,#4411,#4412,#4413,#4432));
#4410 = ORIENTED_EDGE('',*,*,#4287,.F.);
#4411 = ORIENTED_EDGE('',*,*,#2166,.F.);
#4412 = ORIENTED_EDGE('',*,*,#3500,.F.);
#4413 = ORIENTED_EDGE('',*,*,#4414,.F.);
#4414 = EDGE_CURVE('',#4004,#3501,#4415,.T.);
#4415 = SURFACE_CURVE('',#4416,(#4420,#4426),.PCURVE_S1.);
#4416 = LINE('',#4417,#4418);
#4417 = CARTESIAN_POINT('',(117.7,-93.6,-1.E-01));
#4418 = VECTOR('',#4419,1.);
#4419 = DIRECTION('',(0.,-0.,1.));
#4420 = PCURVE('',#2181,#4421);
#4421 = DEFINITIONAL_REPRESENTATION('',(#4422),#4425);
#4422 = B_SPLINE_CURVE_WITH_KNOTS('',1,(#4423,#4424),.UNSPECIFIED.,.F.,
  .F.,(2,2),(0.9,4.2),.PIECEWISE_BEZIER_KNOTS.);
#4423 = CARTESIAN_POINT('',(2.6,0.));
#4424 = CARTESIAN_POINT('',(2.6,-3.3));
#4425 = ( GEOMETRIC_REPRESENTATION_CONTEXT(2) 
PARAMETRIC_REPRESENTATION_CONTEXT() REPRESENTATION_CONTEXT('2D SPACE',''
  ) );
#4426 = PCURVE('',#3537,#4427);
#4427 = DEFINITIONAL_REPRESENTATION('',(#4428),#4431);
#4428 = B_SPLINE_CURVE_WITH_KNOTS('',1,(#4429,#4430),.UNSPECIFIED.,.F.,
  .F.,(2,2),(0.9,4.2),.PIECEWISE_BEZIER_KNOTS.);
#4429 = CARTESIAN_POINT('',(114.7,-1.8));
#4430 = CARTESIAN_POINT('',(114.7,-5.1));
#4431 = ( GEOMETRIC_REPRESENTATION_CONTEXT(2) 
PARAMETRIC_REPRESENTATION_CONTEXT() REPRESENTATION_CONTEXT('2D SPACE',''
  ) );
#4432 = ORIENTED_EDGE('',*,*,#4003,.F.);
#4433 = ADVANCED_FACE('',(#4434),#2134,.T.);
#4434 = FACE_BOUND('',#4435,.T.);
#4435 = EDGE_LOOP('',(#4436,#4437,#4438,#4439,#4458));
#4436 = ORIENTED_EDGE('',*,*,#4309,.F.);
#4437 = ORIENTED_EDGE('',*,*,#2119,.F.);
#4438 = ORIENTED_EDGE('',*,*,#3949,.F.);
#4439 = ORIENTED_EDGE('',*,*,#4440,.F.);
#4440 = EDGE_CURVE('',#4365,#3922,#4441,.T.);
#4441 = SURFACE_CURVE('',#4442,(#4446,#4452),.PCURVE_S1.);
#4442 = LINE('',#4443,#4444);
#4443 = CARTESIAN_POINT('',(127.7,-93.6,-1.E-01));
#4444 = VECTOR('',#4445,1.);
#4445 = DIRECTION('',(0.,-0.,1.));
#4446 = PCURVE('',#2134,#4447);
#4447 = DEFINITIONAL_REPRESENTATION('',(#4448),#4451);
#4448 = B_SPLINE_CURVE_WITH_KNOTS('',1,(#4449,#4450),.UNSPECIFIED.,.F.,
  .F.,(2,2),(0.9,4.2),.PIECEWISE_BEZIER_KNOTS.);
#4449 = CARTESIAN_POINT('',(2.6,0.));
#4450 = CARTESIAN_POINT('',(2.6,-3.3));
#4451 = ( GEOMETRIC_REPRESENTATION_CONTEXT(2) 
PARAMETRIC_REPRESENTATION_CONTEXT() REPRESENTATION_CONTEXT('2D SPACE',''
  ) );
#4452 = PCURVE('',#3937,#4453);
#4453 = DEFINITIONAL_REPRESENTATION('',(#4454),#4457);
#4454 = B_SPLINE_CURVE_WITH_KNOTS('',1,(#4455,#4456),.UNSPECIFIED.,.F.,
  .F.,(2,2),(0.9,4.2),.PIECEWISE_BEZIER_KNOTS.);
#4455 = CARTESIAN_POINT('',(124.7,-1.8));
#4456 = CARTESIAN_POINT('',(124.7,-5.1));
#4457 = ( GEOMETRIC_REPRESENTATION_CONTEXT(2) 
PARAMETRIC_REPRESENTATION_CONTEXT() REPRESENTATION_CONTEXT('2D SPACE',''
  ) );
#4458 = ORIENTED_EDGE('',*,*,#4385,.F.);
#4459 = ADVANCED_FACE('',(#4460),#2366,.F.);
#4460 = FACE_BOUND('',#4461,.T.);
#4461 = EDGE_LOOP('',(#4462,#4518,#4539,#4540));
#4462 = ORIENTED_EDGE('',*,*,#4463,.F.);
#4463 = EDGE_CURVE('',#4464,#2575,#4466,.T.);
#4464 = VERTEX_POINT('',#4465);
#4465 = CARTESIAN_POINT('',(107.2,-5.2,3.3));
#4466 = SURFACE_CURVE('',#4467,(#4482,#4500),.PCURVE_S1.);
#4467 = B_SPLINE_CURVE_WITH_KNOTS('',7,(#4468,#4469,#4470,#4471,#4472,
    #4473,#4474,#4475,#4476,#4477,#4478,#4479,#4480,#4481),
  .UNSPECIFIED.,.F.,.F.,(8,6,8),(0.,0.611996703142,1.),.UNSPECIFIED.);
#4468 = CARTESIAN_POINT('',(107.2,-5.2,3.3));
#4469 = CARTESIAN_POINT('',(107.2,-5.062593595825,3.3));
#4470 = CARTESIAN_POINT('',(107.17797193935,-4.925111589579,
    3.299999998469));
#4471 = CARTESIAN_POINT('',(107.13387769696,-4.792036450887,
    3.300000008383));
#4472 = CARTESIAN_POINT('',(107.06890871832,-4.667497669771,
    3.299993526783));
#4473 = CARTESIAN_POINT('',(106.98499705593,-4.555212306189,
    3.299967728216));
#4474 = CARTESIAN_POINT('',(106.88488742404,-4.458530298308,
    3.299908966545));
#4475 = CARTESIAN_POINT('',(106.70092883177,-4.330145810379,
    3.299745303603));
#4476 = CARTESIAN_POINT('',(106.62448037813,-4.287570945095,
    3.299665109023));
#4477 = CARTESIAN_POINT('',(106.54386482347,-4.252873016385,
    3.299565998229));
#4478 = CARTESIAN_POINT('',(106.46005949957,-4.226520941024,
    3.299446455779));
#4479 = CARTESIAN_POINT('',(106.37409403951,-4.208838378651,3.2993061194
    ));
#4480 = CARTESIAN_POINT('',(106.28703852512,-4.2,3.299146011657));
#4481 = CARTESIAN_POINT('',(106.2,-4.2,3.298968558094));
#4482 = PCURVE('',#2366,#4483);
#4483 = DEFINITIONAL_REPRESENTATION('',(#4484),#4499);
#4484 = B_SPLINE_CURVE_WITH_KNOTS('',7,(#4485,#4486,#4487,#4488,#4489,
    #4490,#4491,#4492,#4493,#4494,#4495,#4496,#4497,#4498),
  .UNSPECIFIED.,.F.,.F.,(8,6,8),(0.,0.611996703142,1.),.UNSPECIFIED.);
#4485 = CARTESIAN_POINT('',(0.,-4.3));
#4486 = CARTESIAN_POINT('',(-0.137406404175,-4.3));
#4487 = CARTESIAN_POINT('',(-0.274888407222,-4.299999998469));
#4488 = CARTESIAN_POINT('',(-0.412201438759,-4.300000008383));
#4489 = CARTESIAN_POINT('',(-0.549469193942,-4.299993526783));
#4490 = CARTESIAN_POINT('',(-0.686767838514,-4.299967728216));
#4491 = CARTESIAN_POINT('',(-0.824193539769,-4.299908966545));
#4492 = CARTESIAN_POINT('',(-1.048522183525,-4.299745303603));
#4493 = CARTESIAN_POINT('',(-1.13557848196,-4.299665109023));
#4494 = CARTESIAN_POINT('',(-1.222622622304,-4.299565998229));
#4495 = CARTESIAN_POINT('',(-1.309658966911,-4.299446455779));
#4496 = CARTESIAN_POINT('',(-1.396702624419,-4.2993061194));
#4497 = CARTESIAN_POINT('',(-1.48375780167,-4.299146011657));
#4498 = CARTESIAN_POINT('',(-1.570796326795,-4.298968558094));
#4499 = ( GEOMETRIC_REPRESENTATION_CONTEXT(2) 
PARAMETRIC_REPRESENTATION_CONTEXT() REPRESENTATION_CONTEXT('2D SPACE',''
  ) );
#4500 = PCURVE('',#2671,#4501);
#4501 = DEFINITIONAL_REPRESENTATION('',(#4502),#4517);
#4502 = B_SPLINE_CURVE_WITH_KNOTS('',7,(#4503,#4504,#4505,#4506,#4507,
    #4508,#4509,#4510,#4511,#4512,#4513,#4514,#4515,#4516),
  .UNSPECIFIED.,.F.,.F.,(8,6,8),(0.,0.611996703142,1.),.UNSPECIFIED.);
#4503 = CARTESIAN_POINT('',(29.201838589687,-15.2));
#4504 = CARTESIAN_POINT('',(29.201838589687,-15.06259359582));
#4505 = CARTESIAN_POINT('',(29.179810611348,-14.92511158957));
#4506 = CARTESIAN_POINT('',(29.135716533788,-14.79203645088));
#4507 = CARTESIAN_POINT('',(29.070747784532,-14.66749766977));
#4508 = CARTESIAN_POINT('',(28.986836382845,-14.55521230618));
#4509 = CARTESIAN_POINT('',(28.886726999341,-14.4585302983));
#4510 = CARTESIAN_POINT('',(28.702768729056,-14.33014581037));
#4511 = CARTESIAN_POINT('',(28.626320379817,-14.28757094509));
#4512 = CARTESIAN_POINT('',(28.545704899086,-14.25287301638));
#4513 = CARTESIAN_POINT('',(28.461899609444,-14.22652094102));
#4514 = CARTESIAN_POINT('',(28.375934136818,-14.20883837865));
#4515 = CARTESIAN_POINT('',(28.288878559017,-14.2));
#4516 = CARTESIAN_POINT('',(28.201839919627,-14.2));
#4517 = ( GEOMETRIC_REPRESENTATION_CONTEXT(2) 
PARAMETRIC_REPRESENTATION_CONTEXT() REPRESENTATION_CONTEXT('2D SPACE',''
  ) );
#4518 = ORIENTED_EDGE('',*,*,#4519,.T.);
#4519 = EDGE_CURVE('',#4464,#2327,#4520,.T.);
#4520 = SURFACE_CURVE('',#4521,(#4525,#4532),.PCURVE_S1.);
#4521 = LINE('',#4522,#4523);
#4522 = CARTESIAN_POINT('',(107.2,-5.2,-1.));
#4523 = VECTOR('',#4524,1.);
#4524 = DIRECTION('',(0.,0.,1.));
#4525 = PCURVE('',#2366,#4526);
#4526 = DEFINITIONAL_REPRESENTATION('',(#4527),#4531);
#4527 = LINE('',#4528,#4529);
#4528 = CARTESIAN_POINT('',(-0.,0.));
#4529 = VECTOR('',#4530,1.);
#4530 = DIRECTION('',(-0.,-1.));
#4531 = ( GEOMETRIC_REPRESENTATION_CONTEXT(2) 
PARAMETRIC_REPRESENTATION_CONTEXT() REPRESENTATION_CONTEXT('2D SPACE',''
  ) );
#4532 = PCURVE('',#3486,#4533);
#4533 = DEFINITIONAL_REPRESENTATION('',(#4534),#4538);
#4534 = LINE('',#4535,#4536);
#4535 = CARTESIAN_POINT('',(84.,0.));
#4536 = VECTOR('',#4537,1.);
#4537 = DIRECTION('',(0.,-1.));
#4538 = ( GEOMETRIC_REPRESENTATION_CONTEXT(2) 
PARAMETRIC_REPRESENTATION_CONTEXT() REPRESENTATION_CONTEXT('2D SPACE',''
  ) );
#4539 = ORIENTED_EDGE('',*,*,#2326,.T.);
#4540 = ORIENTED_EDGE('',*,*,#2574,.F.);
#4541 = ADVANCED_FACE('',(#4542,#4663),#2540,.F.);
#4542 = FACE_BOUND('',#4543,.F.);
#4543 = EDGE_LOOP('',(#4544,#4567,#4589,#4590,#4591,#4592,#4616,#4637));
#4544 = ORIENTED_EDGE('',*,*,#4545,.F.);
#4545 = EDGE_CURVE('',#4546,#4548,#4550,.T.);
#4546 = VERTEX_POINT('',#4547);
#4547 = CARTESIAN_POINT('',(0.8,-5.642428528563,1.6));
#4548 = VERTEX_POINT('',#4549);
#4549 = CARTESIAN_POINT('',(0.8,-3.,1.6));
#4550 = SURFACE_CURVE('',#4551,(#4555,#4561),.PCURVE_S1.);
#4551 = LINE('',#4552,#4553);
#4552 = CARTESIAN_POINT('',(0.8,-47.45,1.6));
#4553 = VECTOR('',#4554,1.);
#4554 = DIRECTION('',(0.,1.,-0.));
#4555 = PCURVE('',#2540,#4556);
#4556 = DEFINITIONAL_REPRESENTATION('',(#4557),#4560);
#4557 = B_SPLINE_CURVE_WITH_KNOTS('',1,(#4558,#4559),.UNSPECIFIED.,.F.,
  .F.,(2,2),(40.95,44.45),.PIECEWISE_BEZIER_KNOTS.);
#4558 = CARTESIAN_POINT('',(-2.1,-3.));
#4559 = CARTESIAN_POINT('',(-2.1,0.5));
#4560 = ( GEOMETRIC_REPRESENTATION_CONTEXT(2) 
PARAMETRIC_REPRESENTATION_CONTEXT() REPRESENTATION_CONTEXT('2D SPACE',''
  ) );
#4561 = PCURVE('',#4095,#4562);
#4562 = DEFINITIONAL_REPRESENTATION('',(#4563),#4566);
#4563 = B_SPLINE_CURVE_WITH_KNOTS('',1,(#4564,#4565),.UNSPECIFIED.,.F.,
  .F.,(2,2),(40.95,44.45),.PIECEWISE_BEZIER_KNOTS.);
#4564 = CARTESIAN_POINT('',(84.9,-2.6));
#4565 = CARTESIAN_POINT('',(88.4,-2.6));
#4566 = ( GEOMETRIC_REPRESENTATION_CONTEXT(2) 
PARAMETRIC_REPRESENTATION_CONTEXT() REPRESENTATION_CONTEXT('2D SPACE',''
  ) );
#4567 = ORIENTED_EDGE('',*,*,#4568,.T.);
#4568 = EDGE_CURVE('',#4546,#2885,#4569,.T.);
#4569 = SURFACE_CURVE('',#4570,(#4575,#4582),.PCURVE_S1.);
#4570 = CIRCLE('',#4571,3.);
#4571 = AXIS2_PLACEMENT_3D('',#4572,#4573,#4574);
#4572 = CARTESIAN_POINT('',(2.9,-3.5,1.6));
#4573 = DIRECTION('',(0.,0.,1.));
#4574 = DIRECTION('',(-0.7,-0.714142842854,0.));
#4575 = PCURVE('',#2540,#4576);
#4576 = DEFINITIONAL_REPRESENTATION('',(#4577),#4581);
#4577 = CIRCLE('',#4578,3.);
#4578 = AXIS2_PLACEMENT_2D('',#4579,#4580);
#4579 = CARTESIAN_POINT('',(0.,0.));
#4580 = DIRECTION('',(-0.7,-0.714142842854));
#4581 = ( GEOMETRIC_REPRESENTATION_CONTEXT(2) 
PARAMETRIC_REPRESENTATION_CONTEXT() REPRESENTATION_CONTEXT('2D SPACE',''
  ) );
#4582 = PCURVE('',#2920,#4583);
#4583 = DEFINITIONAL_REPRESENTATION('',(#4584),#4588);
#4584 = LINE('',#4585,#4586);
#4585 = CARTESIAN_POINT('',(-3.936991483774,0.));
#4586 = VECTOR('',#4587,1.);
#4587 = DIRECTION('',(-1.,0.));
#4588 = ( GEOMETRIC_REPRESENTATION_CONTEXT(2) 
PARAMETRIC_REPRESENTATION_CONTEXT() REPRESENTATION_CONTEXT('2D SPACE',''
  ) );
#4589 = ORIENTED_EDGE('',*,*,#2884,.F.);
#4590 = ORIENTED_EDGE('',*,*,#2779,.T.);
#4591 = ORIENTED_EDGE('',*,*,#2523,.F.);
#4592 = ORIENTED_EDGE('',*,*,#4593,.T.);
#4593 = EDGE_CURVE('',#2524,#4594,#4596,.T.);
#4594 = VERTEX_POINT('',#4595);
#4595 = CARTESIAN_POINT('',(4.207669683062,-0.8,1.6));
#4596 = SURFACE_CURVE('',#4597,(#4602,#4609),.PCURVE_S1.);
#4597 = CIRCLE('',#4598,3.);
#4598 = AXIS2_PLACEMENT_3D('',#4599,#4600,#4601);
#4599 = CARTESIAN_POINT('',(2.9,-3.5,1.6));
#4600 = DIRECTION('',(0.,0.,1.));
#4601 = DIRECTION('',(-0.7,-0.714142842854,0.));
#4602 = PCURVE('',#2540,#4603);
#4603 = DEFINITIONAL_REPRESENTATION('',(#4604),#4608);
#4604 = CIRCLE('',#4605,3.);
#4605 = AXIS2_PLACEMENT_2D('',#4606,#4607);
#4606 = CARTESIAN_POINT('',(0.,0.));
#4607 = DIRECTION('',(-0.7,-0.714142842854));
#4608 = ( GEOMETRIC_REPRESENTATION_CONTEXT(2) 
PARAMETRIC_REPRESENTATION_CONTEXT() REPRESENTATION_CONTEXT('2D SPACE',''
  ) );
#4609 = PCURVE('',#2765,#4610);
#4610 = DEFINITIONAL_REPRESENTATION('',(#4611),#4615);
#4611 = LINE('',#4612,#4613);
#4612 = CARTESIAN_POINT('',(-3.936991483774,0.));
#4613 = VECTOR('',#4614,1.);
#4614 = DIRECTION('',(-1.,0.));
#4615 = ( GEOMETRIC_REPRESENTATION_CONTEXT(2) 
PARAMETRIC_REPRESENTATION_CONTEXT() REPRESENTATION_CONTEXT('2D SPACE',''
  ) );
#4616 = ORIENTED_EDGE('',*,*,#4617,.F.);
#4617 = EDGE_CURVE('',#4618,#4594,#4620,.T.);
#4618 = VERTEX_POINT('',#4619);
#4619 = CARTESIAN_POINT('',(3.,-0.8,1.6));
#4620 = SURFACE_CURVE('',#4621,(#4625,#4631),.PCURVE_S1.);
#4621 = LINE('',#4622,#4623);
#4622 = CARTESIAN_POINT('',(56.55,-0.8,1.6));
#4623 = VECTOR('',#4624,1.);
#4624 = DIRECTION('',(1.,0.,0.));
#4625 = PCURVE('',#2540,#4626);
#4626 = DEFINITIONAL_REPRESENTATION('',(#4627),#4630);
#4627 = B_SPLINE_CURVE_WITH_KNOTS('',1,(#4628,#4629),.UNSPECIFIED.,.F.,
  .F.,(2,2),(-53.55,-50.65),.PIECEWISE_BEZIER_KNOTS.);
#4628 = CARTESIAN_POINT('',(0.1,2.7));
#4629 = CARTESIAN_POINT('',(3.,2.7));
#4630 = ( GEOMETRIC_REPRESENTATION_CONTEXT(2) 
PARAMETRIC_REPRESENTATION_CONTEXT() REPRESENTATION_CONTEXT('2D SPACE',''
  ) );
#4631 = PCURVE('',#3716,#4632);
#4632 = DEFINITIONAL_REPRESENTATION('',(#4633),#4636);
#4633 = B_SPLINE_CURVE_WITH_KNOTS('',1,(#4634,#4635),.UNSPECIFIED.,.F.,
  .F.,(2,2),(-53.55,-50.65),.PIECEWISE_BEZIER_KNOTS.);
#4634 = CARTESIAN_POINT('',(-107.2,-2.6));
#4635 = CARTESIAN_POINT('',(-104.3,-2.6));
#4636 = ( GEOMETRIC_REPRESENTATION_CONTEXT(2) 
PARAMETRIC_REPRESENTATION_CONTEXT() REPRESENTATION_CONTEXT('2D SPACE',''
  ) );
#4637 = ORIENTED_EDGE('',*,*,#4638,.F.);
#4638 = EDGE_CURVE('',#4548,#4618,#4639,.T.);
#4639 = SURFACE_CURVE('',#4640,(#4645,#4656),.PCURVE_S1.);
#4640 = CIRCLE('',#4641,2.2);
#4641 = AXIS2_PLACEMENT_3D('',#4642,#4643,#4644);
#4642 = CARTESIAN_POINT('',(3.,-3.,1.6));
#4643 = DIRECTION('',(0.,0.,-1.));
#4644 = DIRECTION('',(1.,0.,0.));
#4645 = PCURVE('',#2540,#4646);
#4646 = DEFINITIONAL_REPRESENTATION('',(#4647),#4655);
#4647 = ( BOUNDED_CURVE() B_SPLINE_CURVE(2,(#4648,#4649,#4650,#4651,
#4652,#4653,#4654),.UNSPECIFIED.,.T.,.F.) B_SPLINE_CURVE_WITH_KNOTS((1,2
    ,2,2,2,1),(-2.094395102393,0.,2.094395102393,4.188790204786,
6.28318530718,8.377580409573),.UNSPECIFIED.) CURVE() 
GEOMETRIC_REPRESENTATION_ITEM() RATIONAL_B_SPLINE_CURVE((1.,0.5,1.,0.5,
1.,0.5,1.)) REPRESENTATION_ITEM('') );
#4648 = CARTESIAN_POINT('',(2.3,0.5));
#4649 = CARTESIAN_POINT('',(2.3,-3.310511776652));
#4650 = CARTESIAN_POINT('',(-1.,-1.405255888326));
#4651 = CARTESIAN_POINT('',(-4.3,0.5));
#4652 = CARTESIAN_POINT('',(-1.,2.405255888326));
#4653 = CARTESIAN_POINT('',(2.3,4.310511776652));
#4654 = CARTESIAN_POINT('',(2.3,0.5));
#4655 = ( GEOMETRIC_REPRESENTATION_CONTEXT(2) 
PARAMETRIC_REPRESENTATION_CONTEXT() REPRESENTATION_CONTEXT('2D SPACE',''
  ) );
#4656 = PCURVE('',#4127,#4657);
#4657 = DEFINITIONAL_REPRESENTATION('',(#4658),#4662);
#4658 = LINE('',#4659,#4660);
#4659 = CARTESIAN_POINT('',(-6.28318530718,-2.6));
#4660 = VECTOR('',#4661,1.);
#4661 = DIRECTION('',(1.,-0.));
#4662 = ( GEOMETRIC_REPRESENTATION_CONTEXT(2) 
PARAMETRIC_REPRESENTATION_CONTEXT() REPRESENTATION_CONTEXT('2D SPACE',''
  ) );
#4663 = FACE_BOUND('',#4664,.F.);
#4664 = EDGE_LOOP('',(#4665));
#4665 = ORIENTED_EDGE('',*,*,#4666,.F.);
#4666 = EDGE_CURVE('',#4667,#4667,#4669,.T.);
#4667 = VERTEX_POINT('',#4668);
#4668 = CARTESIAN_POINT('',(4.1,-3.5,1.6));
#4669 = SURFACE_CURVE('',#4670,(#4675,#4682),.PCURVE_S1.);
#4670 = CIRCLE('',#4671,1.2);
#4671 = AXIS2_PLACEMENT_3D('',#4672,#4673,#4674);
#4672 = CARTESIAN_POINT('',(2.9,-3.5,1.6));
#4673 = DIRECTION('',(0.,0.,1.));
#4674 = DIRECTION('',(1.,0.,0.));
#4675 = PCURVE('',#2540,#4676);
#4676 = DEFINITIONAL_REPRESENTATION('',(#4677),#4681);
#4677 = CIRCLE('',#4678,1.2);
#4678 = AXIS2_PLACEMENT_2D('',#4679,#4680);
#4679 = CARTESIAN_POINT('',(0.,0.));
#4680 = DIRECTION('',(1.,0.));
#4681 = ( GEOMETRIC_REPRESENTATION_CONTEXT(2) 
PARAMETRIC_REPRESENTATION_CONTEXT() REPRESENTATION_CONTEXT('2D SPACE',''
  ) );
#4682 = PCURVE('',#4683,#4688);
#4683 = CONICAL_SURFACE('',#4684,1.2,0.785398163397);
#4684 = AXIS2_PLACEMENT_3D('',#4685,#4686,#4687);
#4685 = CARTESIAN_POINT('',(2.9,-3.5,1.6));
#4686 = DIRECTION('',(-0.,-0.,-1.));
#4687 = DIRECTION('',(1.,0.,0.));
#4688 = DEFINITIONAL_REPRESENTATION('',(#4689),#4693);
#4689 = LINE('',#4690,#4691);
#4690 = CARTESIAN_POINT('',(-0.,-0.));
#4691 = VECTOR('',#4692,1.);
#4692 = DIRECTION('',(-1.,-0.));
#4693 = ( GEOMETRIC_REPRESENTATION_CONTEXT(2) 
PARAMETRIC_REPRESENTATION_CONTEXT() REPRESENTATION_CONTEXT('2D SPACE',''
  ) );
#4694 = ADVANCED_FACE('',(#4695),#2765,.T.);
#4695 = FACE_BOUND('',#4696,.F.);
#4696 = EDGE_LOOP('',(#4697,#4698,#4699,#4723));
#4697 = ORIENTED_EDGE('',*,*,#4593,.F.);
#4698 = ORIENTED_EDGE('',*,*,#2752,.F.);
#4699 = ORIENTED_EDGE('',*,*,#4700,.T.);
#4700 = EDGE_CURVE('',#2727,#4701,#4703,.T.);
#4701 = VERTEX_POINT('',#4702);
#4702 = CARTESIAN_POINT('',(4.207669683062,-0.8,3.));
#4703 = SURFACE_CURVE('',#4704,(#4709,#4716),.PCURVE_S1.);
#4704 = CIRCLE('',#4705,3.);
#4705 = AXIS2_PLACEMENT_3D('',#4706,#4707,#4708);
#4706 = CARTESIAN_POINT('',(2.9,-3.5,3.));
#4707 = DIRECTION('',(0.,0.,1.));
#4708 = DIRECTION('',(-0.7,-0.714142842854,0.));
#4709 = PCURVE('',#2765,#4710);
#4710 = DEFINITIONAL_REPRESENTATION('',(#4711),#4715);
#4711 = LINE('',#4712,#4713);
#4712 = CARTESIAN_POINT('',(-3.936991483774,-1.4));
#4713 = VECTOR('',#4714,1.);
#4714 = DIRECTION('',(-1.,-0.));
#4715 = ( GEOMETRIC_REPRESENTATION_CONTEXT(2) 
PARAMETRIC_REPRESENTATION_CONTEXT() REPRESENTATION_CONTEXT('2D SPACE',''
  ) );
#4716 = PCURVE('',#2741,#4717);
#4717 = DEFINITIONAL_REPRESENTATION('',(#4718),#4722);
#4718 = CIRCLE('',#4719,3.);
#4719 = AXIS2_PLACEMENT_2D('',#4720,#4721);
#4720 = CARTESIAN_POINT('',(12.9,-13.5));
#4721 = DIRECTION('',(-0.7,-0.714142842854));
#4722 = ( GEOMETRIC_REPRESENTATION_CONTEXT(2) 
PARAMETRIC_REPRESENTATION_CONTEXT() REPRESENTATION_CONTEXT('2D SPACE',''
  ) );
#4723 = ORIENTED_EDGE('',*,*,#4724,.T.);
#4724 = EDGE_CURVE('',#4701,#4594,#4725,.T.);
#4725 = SURFACE_CURVE('',#4726,(#4730,#4736),.PCURVE_S1.);
#4726 = LINE('',#4727,#4728);
#4727 = CARTESIAN_POINT('',(4.207669683062,-0.8,1.6));
#4728 = VECTOR('',#4729,1.);
#4729 = DIRECTION('',(-0.,-0.,-1.));
#4730 = PCURVE('',#2765,#4731);
#4731 = DEFINITIONAL_REPRESENTATION('',(#4732),#4735);
#4732 = B_SPLINE_CURVE_WITH_KNOTS('',1,(#4733,#4734),.UNSPECIFIED.,.F.,
  .F.,(2,2),(-1.4,-0.),.PIECEWISE_BEZIER_KNOTS.);
#4733 = CARTESIAN_POINT('',(-7.402954822178,-1.4));
#4734 = CARTESIAN_POINT('',(-7.402954822178,0.));
#4735 = ( GEOMETRIC_REPRESENTATION_CONTEXT(2) 
PARAMETRIC_REPRESENTATION_CONTEXT() REPRESENTATION_CONTEXT('2D SPACE',''
  ) );
#4736 = PCURVE('',#3716,#4737);
#4737 = DEFINITIONAL_REPRESENTATION('',(#4738),#4741);
#4738 = B_SPLINE_CURVE_WITH_KNOTS('',1,(#4739,#4740),.UNSPECIFIED.,.F.,
  .F.,(2,2),(-2.200000600591,5.999999999062E-07),
  .PIECEWISE_BEZIER_KNOTS.);
#4739 = CARTESIAN_POINT('',(-105.9923303169,-4.800000600591));
#4740 = CARTESIAN_POINT('',(-105.9923303169,-2.5999994));
#4741 = ( GEOMETRIC_REPRESENTATION_CONTEXT(2) 
PARAMETRIC_REPRESENTATION_CONTEXT() REPRESENTATION_CONTEXT('2D SPACE',''
  ) );
#4742 = ADVANCED_FACE('',(#4743),#2741,.F.);
#4743 = FACE_BOUND('',#4744,.F.);
#4744 = EDGE_LOOP('',(#4745,#4768,#4788,#4789));
#4745 = ORIENTED_EDGE('',*,*,#4746,.F.);
#4746 = EDGE_CURVE('',#4747,#2598,#4749,.T.);
#4747 = VERTEX_POINT('',#4748);
#4748 = CARTESIAN_POINT('',(78.,-0.8,3.));
#4749 = SURFACE_CURVE('',#4750,(#4754,#4761),.PCURVE_S1.);
#4750 = LINE('',#4751,#4752);
#4751 = CARTESIAN_POINT('',(78.,10.,3.));
#4752 = VECTOR('',#4753,1.);
#4753 = DIRECTION('',(0.,-1.,0.));
#4754 = PCURVE('',#2741,#4755);
#4755 = DEFINITIONAL_REPRESENTATION('',(#4756),#4760);
#4756 = LINE('',#4757,#4758);
#4757 = CARTESIAN_POINT('',(88.,0.));
#4758 = VECTOR('',#4759,1.);
#4759 = DIRECTION('',(0.,-1.));
#4760 = ( GEOMETRIC_REPRESENTATION_CONTEXT(2) 
PARAMETRIC_REPRESENTATION_CONTEXT() REPRESENTATION_CONTEXT('2D SPACE',''
  ) );
#4761 = PCURVE('',#2671,#4762);
#4762 = DEFINITIONAL_REPRESENTATION('',(#4763),#4767);
#4763 = LINE('',#4764,#4765);
#4764 = CARTESIAN_POINT('',(0.,0.));
#4765 = VECTOR('',#4766,1.);
#4766 = DIRECTION('',(0.,-1.));
#4767 = ( GEOMETRIC_REPRESENTATION_CONTEXT(2) 
PARAMETRIC_REPRESENTATION_CONTEXT() REPRESENTATION_CONTEXT('2D SPACE',''
  ) );
#4768 = ORIENTED_EDGE('',*,*,#4769,.F.);
#4769 = EDGE_CURVE('',#4701,#4747,#4770,.T.);
#4770 = SURFACE_CURVE('',#4771,(#4775,#4781),.PCURVE_S1.);
#4771 = LINE('',#4772,#4773);
#4772 = CARTESIAN_POINT('',(-3.5,-0.8,3.));
#4773 = VECTOR('',#4774,1.);
#4774 = DIRECTION('',(1.,-0.,0.));
#4775 = PCURVE('',#2741,#4776);
#4776 = DEFINITIONAL_REPRESENTATION('',(#4777),#4780);
#4777 = B_SPLINE_CURVE_WITH_KNOTS('',1,(#4778,#4779),.UNSPECIFIED.,.F.,
  .F.,(2,2),(6.5,81.5),.PIECEWISE_BEZIER_KNOTS.);
#4778 = CARTESIAN_POINT('',(13.,-10.8));
#4779 = CARTESIAN_POINT('',(88.,-10.8));
#4780 = ( GEOMETRIC_REPRESENTATION_CONTEXT(2) 
PARAMETRIC_REPRESENTATION_CONTEXT() REPRESENTATION_CONTEXT('2D SPACE',''
  ) );
#4781 = PCURVE('',#3716,#4782);
#4782 = DEFINITIONAL_REPRESENTATION('',(#4783),#4787);
#4783 = LINE('',#4784,#4785);
#4784 = CARTESIAN_POINT('',(-113.7,-4.));
#4785 = VECTOR('',#4786,1.);
#4786 = DIRECTION('',(1.,0.));
#4787 = ( GEOMETRIC_REPRESENTATION_CONTEXT(2) 
PARAMETRIC_REPRESENTATION_CONTEXT() REPRESENTATION_CONTEXT('2D SPACE',''
  ) );
#4788 = ORIENTED_EDGE('',*,*,#4700,.F.);
#4789 = ORIENTED_EDGE('',*,*,#2726,.F.);
#4790 = ADVANCED_FACE('',(#4791),#2671,.F.);
#4791 = FACE_BOUND('',#4792,.F.);
#4792 = EDGE_LOOP('',(#4793,#4816,#4924,#4925,#4926));
#4793 = ORIENTED_EDGE('',*,*,#4794,.F.);
#4794 = EDGE_CURVE('',#4795,#4464,#4797,.T.);
#4795 = VERTEX_POINT('',#4796);
#4796 = CARTESIAN_POINT('',(107.2,-0.8,3.3));
#4797 = SURFACE_CURVE('',#4798,(#4802,#4809),.PCURVE_S1.);
#4798 = LINE('',#4799,#4800);
#4799 = CARTESIAN_POINT('',(107.2,10.,3.3));
#4800 = VECTOR('',#4801,1.);
#4801 = DIRECTION('',(0.,-1.,0.));
#4802 = PCURVE('',#2671,#4803);
#4803 = DEFINITIONAL_REPRESENTATION('',(#4804),#4808);
#4804 = LINE('',#4805,#4806);
#4805 = CARTESIAN_POINT('',(29.201838589687,0.));
#4806 = VECTOR('',#4807,1.);
#4807 = DIRECTION('',(0.,-1.));
#4808 = ( GEOMETRIC_REPRESENTATION_CONTEXT(2) 
PARAMETRIC_REPRESENTATION_CONTEXT() REPRESENTATION_CONTEXT('2D SPACE',''
  ) );
#4809 = PCURVE('',#3486,#4810);
#4810 = DEFINITIONAL_REPRESENTATION('',(#4811),#4815);
#4811 = LINE('',#4812,#4813);
#4812 = CARTESIAN_POINT('',(99.2,-4.3));
#4813 = VECTOR('',#4814,1.);
#4814 = DIRECTION('',(-1.,0.));
#4815 = ( GEOMETRIC_REPRESENTATION_CONTEXT(2) 
PARAMETRIC_REPRESENTATION_CONTEXT() REPRESENTATION_CONTEXT('2D SPACE',''
  ) );
#4816 = ORIENTED_EDGE('',*,*,#4817,.T.);
#4817 = EDGE_CURVE('',#4795,#4747,#4818,.T.);
#4818 = SURFACE_CURVE('',#4819,(#4852,#4888),.PCURVE_S1.);
#4819 = B_SPLINE_CURVE_WITH_KNOTS('',6,(#4820,#4821,#4822,#4823,#4824,
    #4825,#4826,#4827,#4828,#4829,#4830,#4831,#4832,#4833,#4834,#4835,
    #4836,#4837,#4838,#4839,#4840,#4841,#4842,#4843,#4844,#4845,#4846,
    #4847,#4848,#4849,#4850,#4851),.UNSPECIFIED.,.F.,.F.,(7,5,5,5,5,5,7)
  ,(0.,0.334000073441,0.447000046349,0.53200002384,0.597000006898,
    0.790999975825,1.),.UNSPECIFIED.);
#4820 = CARTESIAN_POINT('',(107.2,-0.8,3.3));
#4821 = CARTESIAN_POINT('',(105.57442722487,-0.8,3.300000017322));
#4822 = CARTESIAN_POINT('',(103.94886348339,-0.8,3.29330575233));
#4823 = CARTESIAN_POINT('',(102.3233218867,-0.8,3.281035401041));
#4824 = CARTESIAN_POINT('',(100.69783483132,-0.8,3.264307665642));
#4825 = CARTESIAN_POINT('',(99.072387857856,-0.8,3.244240749076));
#4826 = CARTESIAN_POINT('',(96.89705442439,-0.8,3.214411572149));
#4827 = CARTESIAN_POINT('',(96.347141629324,-0.8,3.206616584312));
#4828 = CARTESIAN_POINT('',(95.797231866136,-0.8,3.19861059532));
#4829 = CARTESIAN_POINT('',(95.247324591828,-0.8,3.190436882446));
#4830 = CARTESIAN_POINT('',(94.697419210143,-0.8,3.182138720113));
#4831 = CARTESIAN_POINT('',(93.733870375935,-0.8,3.167456336538));
#4832 = CARTESIAN_POINT('',(93.320226381743,-0.8,3.16110736017));
#4833 = CARTESIAN_POINT('',(92.906582808833,-0.8,3.154730867349));
#4834 = CARTESIAN_POINT('',(92.492939375971,-0.8,3.14834527461));
#4835 = CARTESIAN_POINT('',(92.079295800861,-0.8,3.141968998471));
#4836 = CARTESIAN_POINT('',(91.349335798271,-0.8,3.130765687211));
#4837 = CARTESIAN_POINT('',(91.033019549919,-0.8,3.125927136786));
#4838 = CARTESIAN_POINT('',(90.716702925904,-0.8,3.12111303933));
#4839 = CARTESIAN_POINT('',(90.400385801941,-0.8,3.116331630368));
#4840 = CARTESIAN_POINT('',(90.084068058644,-0.8,3.111591145777));
#4841 = CARTESIAN_POINT('',(88.823660493431,-0.8,3.092898022646));
#4842 = CARTESIAN_POINT('',(87.879565031019,-0.8,3.079334151272));
#4843 = CARTESIAN_POINT('',(86.935459868475,-0.8,3.06642717364));
#4844 = CARTESIAN_POINT('',(85.991342700756,-0.8,3.054396107131));
#4845 = CARTESIAN_POINT('',(85.047212243595,-0.8,3.043460020534));
#4846 = CARTESIAN_POINT('',(83.085923117308,-0.8,3.023472076675));
#4847 = CARTESIAN_POINT('',(82.068762431049,-0.8,3.014631295885));
#4848 = CARTESIAN_POINT('',(81.051585574113,-0.8,3.007589652972));
#4849 = CARTESIAN_POINT('',(80.034396232953,-0.8,3.002621198808));
#4850 = CARTESIAN_POINT('',(79.017199667902,-0.8,2.999999989161));
#4851 = CARTESIAN_POINT('',(78.,-0.8,3.));
#4852 = PCURVE('',#2671,#4853);
#4853 = DEFINITIONAL_REPRESENTATION('',(#4854),#4887);
#4854 = B_SPLINE_CURVE_WITH_KNOTS('',6,(#4855,#4856,#4857,#4858,#4859,
    #4860,#4861,#4862,#4863,#4864,#4865,#4866,#4867,#4868,#4869,#4870,
    #4871,#4872,#4873,#4874,#4875,#4876,#4877,#4878,#4879,#4880,#4881,
    #4882,#4883,#4884,#4885,#4886),.UNSPECIFIED.,.F.,.F.,(7,5,5,5,5,5,7)
  ,(0.,0.334000073441,0.447000046349,0.53200002384,0.597000006898,
    0.790999975825,1.),.UNSPECIFIED.);
#4855 = CARTESIAN_POINT('',(29.201838589687,-10.8));
#4856 = CARTESIAN_POINT('',(27.576271889326,-10.8));
#4857 = CARTESIAN_POINT('',(25.950698330342,-10.8));
#4858 = CARTESIAN_POINT('',(24.325134442215,-10.8));
#4859 = CARTESIAN_POINT('',(22.699562004619,-10.8));
#4860 = CARTESIAN_POINT('',(21.073994194953,-10.8));
#4861 = CARTESIAN_POINT('',(18.898456563556,-10.8));
#4862 = CARTESIAN_POINT('',(18.348488601475,-10.8));
#4863 = CARTESIAN_POINT('',(17.798520636061,-10.8));
#4864 = CARTESIAN_POINT('',(17.248552675856,-10.8));
#4865 = CARTESIAN_POINT('',(16.698584716374,-10.8));
#4866 = CARTESIAN_POINT('',(15.734924024946,-10.8));
#4867 = CARTESIAN_POINT('',(15.321231310551,-10.8));
#4868 = CARTESIAN_POINT('',(14.907538597683,-10.8));
#4869 = CARTESIAN_POINT('',(14.493845886047,-10.8));
#4870 = CARTESIAN_POINT('',(14.080153174285,-10.8));
#4871 = CARTESIAN_POINT('',(13.35010720653,-10.8));
#4872 = CARTESIAN_POINT('',(13.033753951338,-10.8));
#4873 = CARTESIAN_POINT('',(12.71740069679,-10.8));
#4874 = CARTESIAN_POINT('',(12.40104744466,-10.8));
#4875 = CARTESIAN_POINT('',(12.0846941961,-10.8));
#4876 = CARTESIAN_POINT('',(10.824148096407,-10.8));
#4877 = CARTESIAN_POINT('',(9.879955276503,-10.8));
#4878 = CARTESIAN_POINT('',(8.93576248909,-10.8));
#4879 = CARTESIAN_POINT('',(7.99156972945,-10.8));
#4880 = CARTESIAN_POINT('',(7.047376990991,-10.8));
#4881 = CARTESIAN_POINT('',(5.085986666714,-10.8));
#4882 = CARTESIAN_POINT('',(4.068789316078,-10.8));
#4883 = CARTESIAN_POINT('',(3.051592401249,-10.8));
#4884 = CARTESIAN_POINT('',(2.034394614574,-10.8));
#4885 = CARTESIAN_POINT('',(1.017195866625,-10.8));
#4886 = CARTESIAN_POINT('',(0.,-10.8));
#4887 = ( GEOMETRIC_REPRESENTATION_CONTEXT(2) 
PARAMETRIC_REPRESENTATION_CONTEXT() REPRESENTATION_CONTEXT('2D SPACE',''
  ) );
#4888 = PCURVE('',#3716,#4889);
#4889 = DEFINITIONAL_REPRESENTATION('',(#4890),#4923);
#4890 = B_SPLINE_CURVE_WITH_KNOTS('',6,(#4891,#4892,#4893,#4894,#4895,
    #4896,#4897,#4898,#4899,#4900,#4901,#4902,#4903,#4904,#4905,#4906,
    #4907,#4908,#4909,#4910,#4911,#4912,#4913,#4914,#4915,#4916,#4917,
    #4918,#4919,#4920,#4921,#4922),.UNSPECIFIED.,.F.,.F.,(7,5,5,5,5,5,7)
  ,(0.,0.334000073441,0.447000046349,0.53200002384,0.597000006898,
    0.790999975825,1.),.UNSPECIFIED.);
#4891 = CARTESIAN_POINT('',(-3.,-4.3));
#4892 = CARTESIAN_POINT('',(-4.625572775129,-4.300000017322));
#4893 = CARTESIAN_POINT('',(-6.251136516608,-4.29330575233));
#4894 = CARTESIAN_POINT('',(-7.876678113294,-4.281035401041));
#4895 = CARTESIAN_POINT('',(-9.502165168674,-4.264307665642));
#4896 = CARTESIAN_POINT('',(-11.12761214214,-4.244240749076));
#4897 = CARTESIAN_POINT('',(-13.30294557561,-4.214411572149));
#4898 = CARTESIAN_POINT('',(-13.85285837067,-4.206616584312));
#4899 = CARTESIAN_POINT('',(-14.40276813386,-4.19861059532));
#4900 = CARTESIAN_POINT('',(-14.95267540817,-4.190436882446));
#4901 = CARTESIAN_POINT('',(-15.50258078985,-4.182138720113));
#4902 = CARTESIAN_POINT('',(-16.46612962406,-4.167456336538));
#4903 = CARTESIAN_POINT('',(-16.87977361825,-4.16110736017));
#4904 = CARTESIAN_POINT('',(-17.29341719116,-4.154730867349));
#4905 = CARTESIAN_POINT('',(-17.70706062402,-4.14834527461));
#4906 = CARTESIAN_POINT('',(-18.12070419913,-4.141968998471));
#4907 = CARTESIAN_POINT('',(-18.85066420172,-4.130765687211));
#4908 = CARTESIAN_POINT('',(-19.16698045008,-4.125927136786));
#4909 = CARTESIAN_POINT('',(-19.48329707409,-4.12111303933));
#4910 = CARTESIAN_POINT('',(-19.79961419805,-4.116331630368));
#4911 = CARTESIAN_POINT('',(-20.11593194135,-4.111591145777));
#4912 = CARTESIAN_POINT('',(-21.37633950656,-4.092898022646));
#4913 = CARTESIAN_POINT('',(-22.32043496898,-4.079334151272));
#4914 = CARTESIAN_POINT('',(-23.26454013152,-4.06642717364));
#4915 = CARTESIAN_POINT('',(-24.20865729924,-4.054396107131));
#4916 = CARTESIAN_POINT('',(-25.1527877564,-4.043460020534));
#4917 = CARTESIAN_POINT('',(-27.11407688269,-4.023472076675));
#4918 = CARTESIAN_POINT('',(-28.13123756895,-4.014631295885));
#4919 = CARTESIAN_POINT('',(-29.14841442588,-4.007589652972));
#4920 = CARTESIAN_POINT('',(-30.16560376704,-4.002621198808));
#4921 = CARTESIAN_POINT('',(-31.18280033209,-3.999999989161));
#4922 = CARTESIAN_POINT('',(-32.2,-4.));
#4923 = ( GEOMETRIC_REPRESENTATION_CONTEXT(2) 
PARAMETRIC_REPRESENTATION_CONTEXT() REPRESENTATION_CONTEXT('2D SPACE',''
  ) );
#4924 = ORIENTED_EDGE('',*,*,#4746,.T.);
#4925 = ORIENTED_EDGE('',*,*,#2597,.F.);
#4926 = ORIENTED_EDGE('',*,*,#4463,.F.);
#4927 = ADVANCED_FACE('',(#4928,#5049),#2850,.F.);
#4928 = FACE_BOUND('',#4929,.F.);
#4929 = EDGE_LOOP('',(#4930,#4953,#4975,#4976,#4977,#4978,#5002,#5023));
#4930 = ORIENTED_EDGE('',*,*,#4931,.T.);
#4931 = EDGE_CURVE('',#4932,#4934,#4936,.T.);
#4932 = VERTEX_POINT('',#4933);
#4933 = CARTESIAN_POINT('',(3.,-93.6,1.6));
#4934 = VERTEX_POINT('',#4935);
#4935 = CARTESIAN_POINT('',(4.207669683062,-93.6,1.6));
#4936 = SURFACE_CURVE('',#4937,(#4941,#4947),.PCURVE_S1.);
#4937 = LINE('',#4938,#4939);
#4938 = CARTESIAN_POINT('',(2.95,-93.6,1.6));
#4939 = VECTOR('',#4940,1.);
#4940 = DIRECTION('',(1.,0.,0.));
#4941 = PCURVE('',#2850,#4942);
#4942 = DEFINITIONAL_REPRESENTATION('',(#4943),#4946);
#4943 = B_SPLINE_CURVE_WITH_KNOTS('',1,(#4944,#4945),.UNSPECIFIED.,.F.,
  .F.,(2,2),(5.E-02,2.95),.PIECEWISE_BEZIER_KNOTS.);
#4944 = CARTESIAN_POINT('',(1.E-01,-2.7));
#4945 = CARTESIAN_POINT('',(3.,-2.7));
#4946 = ( GEOMETRIC_REPRESENTATION_CONTEXT(2) 
PARAMETRIC_REPRESENTATION_CONTEXT() REPRESENTATION_CONTEXT('2D SPACE',''
  ) );
#4947 = PCURVE('',#3537,#4948);
#4948 = DEFINITIONAL_REPRESENTATION('',(#4949),#4952);
#4949 = B_SPLINE_CURVE_WITH_KNOTS('',1,(#4950,#4951),.UNSPECIFIED.,.F.,
  .F.,(2,2),(5.E-02,2.95),.PIECEWISE_BEZIER_KNOTS.);
#4950 = CARTESIAN_POINT('',(0.,-2.6));
#4951 = CARTESIAN_POINT('',(2.9,-2.6));
#4952 = ( GEOMETRIC_REPRESENTATION_CONTEXT(2) 
PARAMETRIC_REPRESENTATION_CONTEXT() REPRESENTATION_CONTEXT('2D SPACE',''
  ) );
#4953 = ORIENTED_EDGE('',*,*,#4954,.T.);
#4954 = EDGE_CURVE('',#4934,#3039,#4955,.T.);
#4955 = SURFACE_CURVE('',#4956,(#4961,#4968),.PCURVE_S1.);
#4956 = CIRCLE('',#4957,3.);
#4957 = AXIS2_PLACEMENT_3D('',#4958,#4959,#4960);
#4958 = CARTESIAN_POINT('',(2.9,-90.9,1.6));
#4959 = DIRECTION('',(-0.,0.,1.));
#4960 = DIRECTION('',(0.435889894354,-0.9,0.));
#4961 = PCURVE('',#2850,#4962);
#4962 = DEFINITIONAL_REPRESENTATION('',(#4963),#4967);
#4963 = CIRCLE('',#4964,3.);
#4964 = AXIS2_PLACEMENT_2D('',#4965,#4966);
#4965 = CARTESIAN_POINT('',(-4.440892098501E-16,1.42108547152E-14));
#4966 = DIRECTION('',(0.435889894354,-0.9));
#4967 = ( GEOMETRIC_REPRESENTATION_CONTEXT(2) 
PARAMETRIC_REPRESENTATION_CONTEXT() REPRESENTATION_CONTEXT('2D SPACE',''
  ) );
#4968 = PCURVE('',#3367,#4969);
#4969 = DEFINITIONAL_REPRESENTATION('',(#4970),#4974);
#4970 = LINE('',#4971,#4972);
#4971 = CARTESIAN_POINT('',(-5.163415792181,0.));
#4972 = VECTOR('',#4973,1.);
#4973 = DIRECTION('',(-1.,0.));
#4974 = ( GEOMETRIC_REPRESENTATION_CONTEXT(2) 
PARAMETRIC_REPRESENTATION_CONTEXT() REPRESENTATION_CONTEXT('2D SPACE',''
  ) );
#4975 = ORIENTED_EDGE('',*,*,#3038,.T.);
#4976 = ORIENTED_EDGE('',*,*,#2984,.T.);
#4977 = ORIENTED_EDGE('',*,*,#2833,.F.);
#4978 = ORIENTED_EDGE('',*,*,#4979,.T.);
#4979 = EDGE_CURVE('',#2834,#4980,#4982,.T.);
#4980 = VERTEX_POINT('',#4981);
#4981 = CARTESIAN_POINT('',(0.8,-88.75757147143,1.6));
#4982 = SURFACE_CURVE('',#4983,(#4988,#4995),.PCURVE_S1.);
#4983 = CIRCLE('',#4984,3.);
#4984 = AXIS2_PLACEMENT_3D('',#4985,#4986,#4987);
#4985 = CARTESIAN_POINT('',(2.9,-90.9,1.6));
#4986 = DIRECTION('',(-0.,0.,1.));
#4987 = DIRECTION('',(0.435889894354,-0.9,0.));
#4988 = PCURVE('',#2850,#4989);
#4989 = DEFINITIONAL_REPRESENTATION('',(#4990),#4994);
#4990 = CIRCLE('',#4991,3.);
#4991 = AXIS2_PLACEMENT_2D('',#4992,#4993);
#4992 = CARTESIAN_POINT('',(-4.440892098501E-16,1.42108547152E-14));
#4993 = DIRECTION('',(0.435889894354,-0.9));
#4994 = ( GEOMETRIC_REPRESENTATION_CONTEXT(2) 
PARAMETRIC_REPRESENTATION_CONTEXT() REPRESENTATION_CONTEXT('2D SPACE',''
  ) );
#4995 = PCURVE('',#2970,#4996);
#4996 = DEFINITIONAL_REPRESENTATION('',(#4997),#5001);
#4997 = LINE('',#4998,#4999);
#4998 = CARTESIAN_POINT('',(-5.163415792181,0.));
#4999 = VECTOR('',#5000,1.);
#5000 = DIRECTION('',(-1.,0.));
#5001 = ( GEOMETRIC_REPRESENTATION_CONTEXT(2) 
PARAMETRIC_REPRESENTATION_CONTEXT() REPRESENTATION_CONTEXT('2D SPACE',''
  ) );
#5002 = ORIENTED_EDGE('',*,*,#5003,.F.);
#5003 = EDGE_CURVE('',#5004,#4980,#5006,.T.);
#5004 = VERTEX_POINT('',#5005);
#5005 = CARTESIAN_POINT('',(0.8,-91.4,1.6));
#5006 = SURFACE_CURVE('',#5007,(#5011,#5017),.PCURVE_S1.);
#5007 = LINE('',#5008,#5009);
#5008 = CARTESIAN_POINT('',(0.8,-91.15,1.6));
#5009 = VECTOR('',#5010,1.);
#5010 = DIRECTION('',(0.,1.,-0.));
#5011 = PCURVE('',#2850,#5012);
#5012 = DEFINITIONAL_REPRESENTATION('',(#5013),#5016);
#5013 = B_SPLINE_CURVE_WITH_KNOTS('',1,(#5014,#5015),.UNSPECIFIED.,.F.,
  .F.,(2,2),(-0.25,3.25),.PIECEWISE_BEZIER_KNOTS.);
#5014 = CARTESIAN_POINT('',(-2.1,-0.5));
#5015 = CARTESIAN_POINT('',(-2.1,3.));
#5016 = ( GEOMETRIC_REPRESENTATION_CONTEXT(2) 
PARAMETRIC_REPRESENTATION_CONTEXT() REPRESENTATION_CONTEXT('2D SPACE',''
  ) );
#5017 = PCURVE('',#4095,#5018);
#5018 = DEFINITIONAL_REPRESENTATION('',(#5019),#5022);
#5019 = B_SPLINE_CURVE_WITH_KNOTS('',1,(#5020,#5021),.UNSPECIFIED.,.F.,
  .F.,(2,2),(-0.25,3.25),.PIECEWISE_BEZIER_KNOTS.);
#5020 = CARTESIAN_POINT('',(0.,-2.6));
#5021 = CARTESIAN_POINT('',(3.5,-2.6));
#5022 = ( GEOMETRIC_REPRESENTATION_CONTEXT(2) 
PARAMETRIC_REPRESENTATION_CONTEXT() REPRESENTATION_CONTEXT('2D SPACE',''
  ) );
#5023 = ORIENTED_EDGE('',*,*,#5024,.F.);
#5024 = EDGE_CURVE('',#4932,#5004,#5025,.T.);
#5025 = SURFACE_CURVE('',#5026,(#5031,#5042),.PCURVE_S1.);
#5026 = CIRCLE('',#5027,2.2);
#5027 = AXIS2_PLACEMENT_3D('',#5028,#5029,#5030);
#5028 = CARTESIAN_POINT('',(3.,-91.4,1.6));
#5029 = DIRECTION('',(0.,0.,-1.));
#5030 = DIRECTION('',(1.,0.,0.));
#5031 = PCURVE('',#2850,#5032);
#5032 = DEFINITIONAL_REPRESENTATION('',(#5033),#5041);
#5033 = ( BOUNDED_CURVE() B_SPLINE_CURVE(2,(#5034,#5035,#5036,#5037,
#5038,#5039,#5040),.UNSPECIFIED.,.T.,.F.) B_SPLINE_CURVE_WITH_KNOTS((1,2
    ,2,2,2,1),(-2.094395102393,0.,2.094395102393,4.188790204786,
6.28318530718,8.377580409573),.UNSPECIFIED.) CURVE() 
GEOMETRIC_REPRESENTATION_ITEM() RATIONAL_B_SPLINE_CURVE((1.,0.5,1.,0.5,
1.,0.5,1.)) REPRESENTATION_ITEM('') );
#5034 = CARTESIAN_POINT('',(2.3,-0.5));
#5035 = CARTESIAN_POINT('',(2.3,-4.310511776652));
#5036 = CARTESIAN_POINT('',(-1.,-2.405255888326));
#5037 = CARTESIAN_POINT('',(-4.3,-0.5));
#5038 = CARTESIAN_POINT('',(-1.,1.405255888326));
#5039 = CARTESIAN_POINT('',(2.3,3.310511776652));
#5040 = CARTESIAN_POINT('',(2.3,-0.5));
#5041 = ( GEOMETRIC_REPRESENTATION_CONTEXT(2) 
PARAMETRIC_REPRESENTATION_CONTEXT() REPRESENTATION_CONTEXT('2D SPACE',''
  ) );
#5042 = PCURVE('',#4068,#5043);
#5043 = DEFINITIONAL_REPRESENTATION('',(#5044),#5048);
#5044 = LINE('',#5045,#5046);
#5045 = CARTESIAN_POINT('',(-6.28318530718,-2.6));
#5046 = VECTOR('',#5047,1.);
#5047 = DIRECTION('',(1.,-0.));
#5048 = ( GEOMETRIC_REPRESENTATION_CONTEXT(2) 
PARAMETRIC_REPRESENTATION_CONTEXT() REPRESENTATION_CONTEXT('2D SPACE',''
  ) );
#5049 = FACE_BOUND('',#5050,.F.);
#5050 = EDGE_LOOP('',(#5051));
#5051 = ORIENTED_EDGE('',*,*,#5052,.F.);
#5052 = EDGE_CURVE('',#5053,#5053,#5055,.T.);
#5053 = VERTEX_POINT('',#5054);
#5054 = CARTESIAN_POINT('',(4.1,-90.9,1.6));
#5055 = SURFACE_CURVE('',#5056,(#5061,#5068),.PCURVE_S1.);
#5056 = CIRCLE('',#5057,1.2);
#5057 = AXIS2_PLACEMENT_3D('',#5058,#5059,#5060);
#5058 = CARTESIAN_POINT('',(2.9,-90.9,1.6));
#5059 = DIRECTION('',(0.,0.,1.));
#5060 = DIRECTION('',(1.,0.,0.));
#5061 = PCURVE('',#2850,#5062);
#5062 = DEFINITIONAL_REPRESENTATION('',(#5063),#5067);
#5063 = CIRCLE('',#5064,1.2);
#5064 = AXIS2_PLACEMENT_2D('',#5065,#5066);
#5065 = CARTESIAN_POINT('',(-4.440892098501E-16,1.42108547152E-14));
#5066 = DIRECTION('',(1.,0.));
#5067 = ( GEOMETRIC_REPRESENTATION_CONTEXT(2) 
PARAMETRIC_REPRESENTATION_CONTEXT() REPRESENTATION_CONTEXT('2D SPACE',''
  ) );
#5068 = PCURVE('',#5069,#5074);
#5069 = CONICAL_SURFACE('',#5070,1.2,0.785398163397);
#5070 = AXIS2_PLACEMENT_3D('',#5071,#5072,#5073);
#5071 = CARTESIAN_POINT('',(2.9,-90.9,1.6));
#5072 = DIRECTION('',(-0.,-0.,-1.));
#5073 = DIRECTION('',(1.,0.,0.));
#5074 = DEFINITIONAL_REPRESENTATION('',(#5075),#5079);
#5075 = LINE('',#5076,#5077);
#5076 = CARTESIAN_POINT('',(-0.,-0.));
#5077 = VECTOR('',#5078,1.);
#5078 = DIRECTION('',(-1.,-0.));
#5079 = ( GEOMETRIC_REPRESENTATION_CONTEXT(2) 
PARAMETRIC_REPRESENTATION_CONTEXT() REPRESENTATION_CONTEXT('2D SPACE',''
  ) );
#5080 = ADVANCED_FACE('',(#5081),#2970,.T.);
#5081 = FACE_BOUND('',#5082,.F.);
#5082 = EDGE_LOOP('',(#5083,#5084,#5108,#5127));
#5083 = ORIENTED_EDGE('',*,*,#2957,.F.);
#5084 = ORIENTED_EDGE('',*,*,#5085,.T.);
#5085 = EDGE_CURVE('',#2932,#5086,#5088,.T.);
#5086 = VERTEX_POINT('',#5087);
#5087 = CARTESIAN_POINT('',(0.8,-88.75757147143,3.));
#5088 = SURFACE_CURVE('',#5089,(#5094,#5101),.PCURVE_S1.);
#5089 = CIRCLE('',#5090,3.);
#5090 = AXIS2_PLACEMENT_3D('',#5091,#5092,#5093);
#5091 = CARTESIAN_POINT('',(2.9,-90.9,3.));
#5092 = DIRECTION('',(-0.,0.,1.));
#5093 = DIRECTION('',(0.435889894354,-0.9,0.));
#5094 = PCURVE('',#2970,#5095);
#5095 = DEFINITIONAL_REPRESENTATION('',(#5096),#5100);
#5096 = LINE('',#5097,#5098);
#5097 = CARTESIAN_POINT('',(-5.163415792181,-1.4));
#5098 = VECTOR('',#5099,1.);
#5099 = DIRECTION('',(-1.,-0.));
#5100 = ( GEOMETRIC_REPRESENTATION_CONTEXT(2) 
PARAMETRIC_REPRESENTATION_CONTEXT() REPRESENTATION_CONTEXT('2D SPACE',''
  ) );
#5101 = PCURVE('',#2946,#5102);
#5102 = DEFINITIONAL_REPRESENTATION('',(#5103),#5107);
#5103 = CIRCLE('',#5104,3.);
#5104 = AXIS2_PLACEMENT_2D('',#5105,#5106);
#5105 = CARTESIAN_POINT('',(12.9,-100.9));
#5106 = DIRECTION('',(0.435889894354,-0.9));
#5107 = ( GEOMETRIC_REPRESENTATION_CONTEXT(2) 
PARAMETRIC_REPRESENTATION_CONTEXT() REPRESENTATION_CONTEXT('2D SPACE',''
  ) );
#5108 = ORIENTED_EDGE('',*,*,#5109,.T.);
#5109 = EDGE_CURVE('',#5086,#4980,#5110,.T.);
#5110 = SURFACE_CURVE('',#5111,(#5115,#5121),.PCURVE_S1.);
#5111 = LINE('',#5112,#5113);
#5112 = CARTESIAN_POINT('',(0.8,-88.75757147143,1.6));
#5113 = VECTOR('',#5114,1.);
#5114 = DIRECTION('',(-0.,-0.,-1.));
#5115 = PCURVE('',#2970,#5116);
#5116 = DEFINITIONAL_REPRESENTATION('',(#5117),#5120);
#5117 = B_SPLINE_CURVE_WITH_KNOTS('',1,(#5118,#5119),.UNSPECIFIED.,.F.,
  .F.,(2,2),(-1.4,0.),.PIECEWISE_BEZIER_KNOTS.);
#5118 = CARTESIAN_POINT('',(-8.629379130585,-1.4));
#5119 = CARTESIAN_POINT('',(-8.629379130585,0.));
#5120 = ( GEOMETRIC_REPRESENTATION_CONTEXT(2) 
PARAMETRIC_REPRESENTATION_CONTEXT() REPRESENTATION_CONTEXT('2D SPACE',''
  ) );
#5121 = PCURVE('',#4095,#5122);
#5122 = DEFINITIONAL_REPRESENTATION('',(#5123),#5126);
#5123 = B_SPLINE_CURVE_WITH_KNOTS('',1,(#5124,#5125),.UNSPECIFIED.,.F.,
  .F.,(2,2),(-1.62,5.999999999062E-07),.PIECEWISE_BEZIER_KNOTS.);
#5124 = CARTESIAN_POINT('',(2.642428528563,-4.22));
#5125 = CARTESIAN_POINT('',(2.642428528563,-2.5999994));
#5126 = ( GEOMETRIC_REPRESENTATION_CONTEXT(2) 
PARAMETRIC_REPRESENTATION_CONTEXT() REPRESENTATION_CONTEXT('2D SPACE',''
  ) );
#5127 = ORIENTED_EDGE('',*,*,#4979,.F.);
#5128 = ADVANCED_FACE('',(#5129),#2946,.F.);
#5129 = FACE_BOUND('',#5130,.F.);
#5130 = EDGE_LOOP('',(#5131,#5132,#5156,#5175));
#5131 = ORIENTED_EDGE('',*,*,#2931,.F.);
#5132 = ORIENTED_EDGE('',*,*,#5133,.F.);
#5133 = EDGE_CURVE('',#5134,#2906,#5136,.T.);
#5134 = VERTEX_POINT('',#5135);
#5135 = CARTESIAN_POINT('',(0.8,-5.642428528563,3.));
#5136 = SURFACE_CURVE('',#5137,(#5142,#5149),.PCURVE_S1.);
#5137 = CIRCLE('',#5138,3.);
#5138 = AXIS2_PLACEMENT_3D('',#5139,#5140,#5141);
#5139 = CARTESIAN_POINT('',(2.9,-3.5,3.));
#5140 = DIRECTION('',(0.,0.,1.));
#5141 = DIRECTION('',(-0.7,-0.714142842854,0.));
#5142 = PCURVE('',#2946,#5143);
#5143 = DEFINITIONAL_REPRESENTATION('',(#5144),#5148);
#5144 = CIRCLE('',#5145,3.);
#5145 = AXIS2_PLACEMENT_2D('',#5146,#5147);
#5146 = CARTESIAN_POINT('',(12.9,-13.5));
#5147 = DIRECTION('',(-0.7,-0.714142842854));
#5148 = ( GEOMETRIC_REPRESENTATION_CONTEXT(2) 
PARAMETRIC_REPRESENTATION_CONTEXT() REPRESENTATION_CONTEXT('2D SPACE',''
  ) );
#5149 = PCURVE('',#2920,#5150);
#5150 = DEFINITIONAL_REPRESENTATION('',(#5151),#5155);
#5151 = LINE('',#5152,#5153);
#5152 = CARTESIAN_POINT('',(-3.936991483774,-1.4));
#5153 = VECTOR('',#5154,1.);
#5154 = DIRECTION('',(-1.,-0.));
#5155 = ( GEOMETRIC_REPRESENTATION_CONTEXT(2) 
PARAMETRIC_REPRESENTATION_CONTEXT() REPRESENTATION_CONTEXT('2D SPACE',''
  ) );
#5156 = ORIENTED_EDGE('',*,*,#5157,.F.);
#5157 = EDGE_CURVE('',#5086,#5134,#5158,.T.);
#5158 = SURFACE_CURVE('',#5159,(#5163,#5169),.PCURVE_S1.);
#5159 = LINE('',#5160,#5161);
#5160 = CARTESIAN_POINT('',(0.8,-40.7,3.));
#5161 = VECTOR('',#5162,1.);
#5162 = DIRECTION('',(0.,1.,0.));
#5163 = PCURVE('',#2946,#5164);
#5164 = DEFINITIONAL_REPRESENTATION('',(#5165),#5168);
#5165 = B_SPLINE_CURVE_WITH_KNOTS('',1,(#5166,#5167),.UNSPECIFIED.,.F.,
  .F.,(2,2),(-50.7,37.7),.PIECEWISE_BEZIER_KNOTS.);
#5166 = CARTESIAN_POINT('',(10.8,-101.4));
#5167 = CARTESIAN_POINT('',(10.8,-13.));
#5168 = ( GEOMETRIC_REPRESENTATION_CONTEXT(2) 
PARAMETRIC_REPRESENTATION_CONTEXT() REPRESENTATION_CONTEXT('2D SPACE',''
  ) );
#5169 = PCURVE('',#4095,#5170);
#5170 = DEFINITIONAL_REPRESENTATION('',(#5171),#5174);
#5171 = B_SPLINE_CURVE_WITH_KNOTS('',1,(#5172,#5173),.UNSPECIFIED.,.F.,
  .F.,(2,2),(-50.7,37.7),.PIECEWISE_BEZIER_KNOTS.);
#5172 = CARTESIAN_POINT('',(0.,-4.));
#5173 = CARTESIAN_POINT('',(88.4,-4.));
#5174 = ( GEOMETRIC_REPRESENTATION_CONTEXT(2) 
PARAMETRIC_REPRESENTATION_CONTEXT() REPRESENTATION_CONTEXT('2D SPACE',''
  ) );
#5175 = ORIENTED_EDGE('',*,*,#5085,.F.);
#5176 = ADVANCED_FACE('',(#5177),#2920,.T.);
#5177 = FACE_BOUND('',#5178,.F.);
#5178 = EDGE_LOOP('',(#5179,#5180,#5199,#5200));
#5179 = ORIENTED_EDGE('',*,*,#4568,.F.);
#5180 = ORIENTED_EDGE('',*,*,#5181,.F.);
#5181 = EDGE_CURVE('',#5134,#4546,#5182,.T.);
#5182 = SURFACE_CURVE('',#5183,(#5187,#5193),.PCURVE_S1.);
#5183 = LINE('',#5184,#5185);
#5184 = CARTESIAN_POINT('',(0.8,-5.642428528563,1.6));
#5185 = VECTOR('',#5186,1.);
#5186 = DIRECTION('',(-0.,-0.,-1.));
#5187 = PCURVE('',#2920,#5188);
#5188 = DEFINITIONAL_REPRESENTATION('',(#5189),#5192);
#5189 = B_SPLINE_CURVE_WITH_KNOTS('',1,(#5190,#5191),.UNSPECIFIED.,.F.,
  .F.,(2,2),(-1.4,0.),.PIECEWISE_BEZIER_KNOTS.);
#5190 = CARTESIAN_POINT('',(-3.936991483774,-1.4));
#5191 = CARTESIAN_POINT('',(-3.936991483774,0.));
#5192 = ( GEOMETRIC_REPRESENTATION_CONTEXT(2) 
PARAMETRIC_REPRESENTATION_CONTEXT() REPRESENTATION_CONTEXT('2D SPACE',''
  ) );
#5193 = PCURVE('',#4095,#5194);
#5194 = DEFINITIONAL_REPRESENTATION('',(#5195),#5198);
#5195 = B_SPLINE_CURVE_WITH_KNOTS('',1,(#5196,#5197),.UNSPECIFIED.,.F.,
  .F.,(2,2),(-1.62,5.999999999062E-07),.PIECEWISE_BEZIER_KNOTS.);
#5196 = CARTESIAN_POINT('',(85.757571471437,-4.22));
#5197 = CARTESIAN_POINT('',(85.757571471437,-2.5999994));
#5198 = ( GEOMETRIC_REPRESENTATION_CONTEXT(2) 
PARAMETRIC_REPRESENTATION_CONTEXT() REPRESENTATION_CONTEXT('2D SPACE',''
  ) );
#5199 = ORIENTED_EDGE('',*,*,#5133,.T.);
#5200 = ORIENTED_EDGE('',*,*,#2905,.T.);
#5201 = ADVANCED_FACE('',(#5202),#3367,.T.);
#5202 = FACE_BOUND('',#5203,.F.);
#5203 = EDGE_LOOP('',(#5204,#5225,#5247,#5248));
#5204 = ORIENTED_EDGE('',*,*,#5205,.F.);
#5205 = EDGE_CURVE('',#5206,#4934,#5208,.T.);
#5206 = VERTEX_POINT('',#5207);
#5207 = CARTESIAN_POINT('',(4.207669683064,-93.6,3.));
#5208 = SURFACE_CURVE('',#5209,(#5213,#5219),.PCURVE_S1.);
#5209 = LINE('',#5210,#5211);
#5210 = CARTESIAN_POINT('',(4.207669683062,-93.6,1.6));
#5211 = VECTOR('',#5212,1.);
#5212 = DIRECTION('',(-0.,-0.,-1.));
#5213 = PCURVE('',#3367,#5214);
#5214 = DEFINITIONAL_REPRESENTATION('',(#5215),#5218);
#5215 = B_SPLINE_CURVE_WITH_KNOTS('',1,(#5216,#5217),.UNSPECIFIED.,.F.,
  .F.,(2,2),(-1.4,0.),.PIECEWISE_BEZIER_KNOTS.);
#5216 = CARTESIAN_POINT('',(-5.163415792181,-1.4));
#5217 = CARTESIAN_POINT('',(-5.163415792181,0.));
#5218 = ( GEOMETRIC_REPRESENTATION_CONTEXT(2) 
PARAMETRIC_REPRESENTATION_CONTEXT() REPRESENTATION_CONTEXT('2D SPACE',''
  ) );
#5219 = PCURVE('',#3537,#5220);
#5220 = DEFINITIONAL_REPRESENTATION('',(#5221),#5224);
#5221 = B_SPLINE_CURVE_WITH_KNOTS('',1,(#5222,#5223),.UNSPECIFIED.,.F.,
  .F.,(2,2),(-2.200000600591,5.999999999062E-07),
  .PIECEWISE_BEZIER_KNOTS.);
#5222 = CARTESIAN_POINT('',(1.207669683062,-4.800000600591));
#5223 = CARTESIAN_POINT('',(1.207669683062,-2.5999994));
#5224 = ( GEOMETRIC_REPRESENTATION_CONTEXT(2) 
PARAMETRIC_REPRESENTATION_CONTEXT() REPRESENTATION_CONTEXT('2D SPACE',''
  ) );
#5225 = ORIENTED_EDGE('',*,*,#5226,.T.);
#5226 = EDGE_CURVE('',#5206,#3329,#5227,.T.);
#5227 = SURFACE_CURVE('',#5228,(#5233,#5240),.PCURVE_S1.);
#5228 = CIRCLE('',#5229,3.);
#5229 = AXIS2_PLACEMENT_3D('',#5230,#5231,#5232);
#5230 = CARTESIAN_POINT('',(2.9,-90.9,3.));
#5231 = DIRECTION('',(-0.,0.,1.));
#5232 = DIRECTION('',(0.435889894354,-0.9,0.));
#5233 = PCURVE('',#3367,#5234);
#5234 = DEFINITIONAL_REPRESENTATION('',(#5235),#5239);
#5235 = LINE('',#5236,#5237);
#5236 = CARTESIAN_POINT('',(-5.163415792181,-1.4));
#5237 = VECTOR('',#5238,1.);
#5238 = DIRECTION('',(-1.,-0.));
#5239 = ( GEOMETRIC_REPRESENTATION_CONTEXT(2) 
PARAMETRIC_REPRESENTATION_CONTEXT() REPRESENTATION_CONTEXT('2D SPACE',''
  ) );
#5240 = PCURVE('',#3343,#5241);
#5241 = DEFINITIONAL_REPRESENTATION('',(#5242),#5246);
#5242 = CIRCLE('',#5243,3.);
#5243 = AXIS2_PLACEMENT_2D('',#5244,#5245);
#5244 = CARTESIAN_POINT('',(12.9,-100.9));
#5245 = DIRECTION('',(0.435889894354,-0.9));
#5246 = ( GEOMETRIC_REPRESENTATION_CONTEXT(2) 
PARAMETRIC_REPRESENTATION_CONTEXT() REPRESENTATION_CONTEXT('2D SPACE',''
  ) );
#5247 = ORIENTED_EDGE('',*,*,#3354,.T.);
#5248 = ORIENTED_EDGE('',*,*,#4954,.F.);
#5249 = ADVANCED_FACE('',(#5250),#3343,.F.);
#5250 = FACE_BOUND('',#5251,.F.);
#5251 = EDGE_LOOP('',(#5252,#5275,#5276,#5277));
#5252 = ORIENTED_EDGE('',*,*,#5253,.F.);
#5253 = EDGE_CURVE('',#3200,#5254,#5256,.T.);
#5254 = VERTEX_POINT('',#5255);
#5255 = CARTESIAN_POINT('',(78.,-93.6,3.));
#5256 = SURFACE_CURVE('',#5257,(#5261,#5268),.PCURVE_S1.);
#5257 = LINE('',#5258,#5259);
#5258 = CARTESIAN_POINT('',(78.,10.,3.));
#5259 = VECTOR('',#5260,1.);
#5260 = DIRECTION('',(0.,-1.,0.));
#5261 = PCURVE('',#3343,#5262);
#5262 = DEFINITIONAL_REPRESENTATION('',(#5263),#5267);
#5263 = LINE('',#5264,#5265);
#5264 = CARTESIAN_POINT('',(88.,0.));
#5265 = VECTOR('',#5266,1.);
#5266 = DIRECTION('',(0.,-1.));
#5267 = ( GEOMETRIC_REPRESENTATION_CONTEXT(2) 
PARAMETRIC_REPRESENTATION_CONTEXT() REPRESENTATION_CONTEXT('2D SPACE',''
  ) );
#5268 = PCURVE('',#3273,#5269);
#5269 = DEFINITIONAL_REPRESENTATION('',(#5270),#5274);
#5270 = LINE('',#5271,#5272);
#5271 = CARTESIAN_POINT('',(0.,0.));
#5272 = VECTOR('',#5273,1.);
#5273 = DIRECTION('',(0.,-1.));
#5274 = ( GEOMETRIC_REPRESENTATION_CONTEXT(2) 
PARAMETRIC_REPRESENTATION_CONTEXT() REPRESENTATION_CONTEXT('2D SPACE',''
  ) );
#5275 = ORIENTED_EDGE('',*,*,#3328,.T.);
#5276 = ORIENTED_EDGE('',*,*,#5226,.F.);
#5277 = ORIENTED_EDGE('',*,*,#5278,.T.);
#5278 = EDGE_CURVE('',#5206,#5254,#5279,.T.);
#5279 = SURFACE_CURVE('',#5280,(#5284,#5290),.PCURVE_S1.);
#5280 = LINE('',#5281,#5282);
#5281 = CARTESIAN_POINT('',(-3.5,-93.6,3.));
#5282 = VECTOR('',#5283,1.);
#5283 = DIRECTION('',(1.,-0.,0.));
#5284 = PCURVE('',#3343,#5285);
#5285 = DEFINITIONAL_REPRESENTATION('',(#5286),#5289);
#5286 = B_SPLINE_CURVE_WITH_KNOTS('',1,(#5287,#5288),.UNSPECIFIED.,.F.,
  .F.,(2,2),(6.5,81.5),.PIECEWISE_BEZIER_KNOTS.);
#5287 = CARTESIAN_POINT('',(13.,-103.6));
#5288 = CARTESIAN_POINT('',(88.,-103.6));
#5289 = ( GEOMETRIC_REPRESENTATION_CONTEXT(2) 
PARAMETRIC_REPRESENTATION_CONTEXT() REPRESENTATION_CONTEXT('2D SPACE',''
  ) );
#5290 = PCURVE('',#3537,#5291);
#5291 = DEFINITIONAL_REPRESENTATION('',(#5292),#5296);
#5292 = LINE('',#5293,#5294);
#5293 = CARTESIAN_POINT('',(-6.5,-4.));
#5294 = VECTOR('',#5295,1.);
#5295 = DIRECTION('',(1.,0.));
#5296 = ( GEOMETRIC_REPRESENTATION_CONTEXT(2) 
PARAMETRIC_REPRESENTATION_CONTEXT() REPRESENTATION_CONTEXT('2D SPACE',''
  ) );
#5297 = ADVANCED_FACE('',(#5298),#3273,.F.);
#5298 = FACE_BOUND('',#5299,.F.);
#5299 = EDGE_LOOP('',(#5300,#5301,#5302,#5412,#5435));
#5300 = ORIENTED_EDGE('',*,*,#3199,.T.);
#5301 = ORIENTED_EDGE('',*,*,#5253,.T.);
#5302 = ORIENTED_EDGE('',*,*,#5303,.F.);
#5303 = EDGE_CURVE('',#5304,#5254,#5306,.T.);
#5304 = VERTEX_POINT('',#5305);
#5305 = CARTESIAN_POINT('',(107.2,-93.6,3.3));
#5306 = SURFACE_CURVE('',#5307,(#5340,#5376),.PCURVE_S1.);
#5307 = B_SPLINE_CURVE_WITH_KNOTS('',6,(#5308,#5309,#5310,#5311,#5312,
    #5313,#5314,#5315,#5316,#5317,#5318,#5319,#5320,#5321,#5322,#5323,
    #5324,#5325,#5326,#5327,#5328,#5329,#5330,#5331,#5332,#5333,#5334,
    #5335,#5336,#5337,#5338,#5339),.UNSPECIFIED.,.F.,.F.,(7,5,5,5,5,5,7)
  ,(0.,0.334000073441,0.447000046349,0.53200002384,0.597000006898,
    0.790999975825,1.),.UNSPECIFIED.);
#5308 = CARTESIAN_POINT('',(107.2,-93.6,3.3));
#5309 = CARTESIAN_POINT('',(105.57442722487,-93.6,3.300000017322));
#5310 = CARTESIAN_POINT('',(103.94886348339,-93.6,3.29330575233));
#5311 = CARTESIAN_POINT('',(102.3233218867,-93.6,3.281035401041));
#5312 = CARTESIAN_POINT('',(100.69783483132,-93.6,3.264307665642));
#5313 = CARTESIAN_POINT('',(99.072387857856,-93.6,3.244240749076));
#5314 = CARTESIAN_POINT('',(96.89705442439,-93.6,3.214411572149));
#5315 = CARTESIAN_POINT('',(96.347141629324,-93.6,3.206616584312));
#5316 = CARTESIAN_POINT('',(95.797231866136,-93.6,3.19861059532));
#5317 = CARTESIAN_POINT('',(95.247324591828,-93.6,3.190436882446));
#5318 = CARTESIAN_POINT('',(94.697419210143,-93.6,3.182138720113));
#5319 = CARTESIAN_POINT('',(93.733870375935,-93.6,3.167456336538));
#5320 = CARTESIAN_POINT('',(93.320226381743,-93.6,3.16110736017));
#5321 = CARTESIAN_POINT('',(92.906582808833,-93.6,3.154730867349));
#5322 = CARTESIAN_POINT('',(92.492939375971,-93.6,3.14834527461));
#5323 = CARTESIAN_POINT('',(92.079295800861,-93.6,3.141968998471));
#5324 = CARTESIAN_POINT('',(91.349335798271,-93.6,3.130765687211));
#5325 = CARTESIAN_POINT('',(91.033019549919,-93.6,3.125927136786));
#5326 = CARTESIAN_POINT('',(90.716702925904,-93.6,3.12111303933));
#5327 = CARTESIAN_POINT('',(90.400385801941,-93.6,3.116331630368));
#5328 = CARTESIAN_POINT('',(90.084068058644,-93.6,3.111591145777));
#5329 = CARTESIAN_POINT('',(88.823660493431,-93.6,3.092898022646));
#5330 = CARTESIAN_POINT('',(87.879565031019,-93.6,3.079334151272));
#5331 = CARTESIAN_POINT('',(86.935459868475,-93.6,3.06642717364));
#5332 = CARTESIAN_POINT('',(85.991342700756,-93.6,3.054396107131));
#5333 = CARTESIAN_POINT('',(85.047212243595,-93.6,3.043460020534));
#5334 = CARTESIAN_POINT('',(83.085923117308,-93.6,3.023472076675));
#5335 = CARTESIAN_POINT('',(82.068762431049,-93.6,3.014631295885));
#5336 = CARTESIAN_POINT('',(81.051585574113,-93.6,3.007589652972));
#5337 = CARTESIAN_POINT('',(80.034396232953,-93.6,3.002621198808));
#5338 = CARTESIAN_POINT('',(79.017199667902,-93.6,2.999999989161));
#5339 = CARTESIAN_POINT('',(78.,-93.6,3.));
#5340 = PCURVE('',#3273,#5341);
#5341 = DEFINITIONAL_REPRESENTATION('',(#5342),#5375);
#5342 = B_SPLINE_CURVE_WITH_KNOTS('',6,(#5343,#5344,#5345,#5346,#5347,
    #5348,#5349,#5350,#5351,#5352,#5353,#5354,#5355,#5356,#5357,#5358,
    #5359,#5360,#5361,#5362,#5363,#5364,#5365,#5366,#5367,#5368,#5369,
    #5370,#5371,#5372,#5373,#5374),.UNSPECIFIED.,.F.,.F.,(7,5,5,5,5,5,7)
  ,(0.,0.334000073441,0.447000046349,0.53200002384,0.597000006898,
    0.790999975825,1.),.UNSPECIFIED.);
#5343 = CARTESIAN_POINT('',(29.201838589687,-103.6));
#5344 = CARTESIAN_POINT('',(27.576271889326,-103.6));
#5345 = CARTESIAN_POINT('',(25.950698330342,-103.6));
#5346 = CARTESIAN_POINT('',(24.325134442215,-103.6));
#5347 = CARTESIAN_POINT('',(22.699562004619,-103.6));
#5348 = CARTESIAN_POINT('',(21.073994194953,-103.6));
#5349 = CARTESIAN_POINT('',(18.898456563556,-103.6));
#5350 = CARTESIAN_POINT('',(18.348488601475,-103.6));
#5351 = CARTESIAN_POINT('',(17.798520636061,-103.6));
#5352 = CARTESIAN_POINT('',(17.248552675856,-103.6));
#5353 = CARTESIAN_POINT('',(16.698584716374,-103.6));
#5354 = CARTESIAN_POINT('',(15.734924024946,-103.6));
#5355 = CARTESIAN_POINT('',(15.321231310551,-103.6));
#5356 = CARTESIAN_POINT('',(14.907538597683,-103.6));
#5357 = CARTESIAN_POINT('',(14.493845886047,-103.6));
#5358 = CARTESIAN_POINT('',(14.080153174285,-103.6));
#5359 = CARTESIAN_POINT('',(13.35010720653,-103.6));
#5360 = CARTESIAN_POINT('',(13.033753951338,-103.6));
#5361 = CARTESIAN_POINT('',(12.71740069679,-103.6));
#5362 = CARTESIAN_POINT('',(12.40104744466,-103.6));
#5363 = CARTESIAN_POINT('',(12.0846941961,-103.6));
#5364 = CARTESIAN_POINT('',(10.824148096407,-103.6));
#5365 = CARTESIAN_POINT('',(9.879955276503,-103.6));
#5366 = CARTESIAN_POINT('',(8.93576248909,-103.6));
#5367 = CARTESIAN_POINT('',(7.99156972945,-103.6));
#5368 = CARTESIAN_POINT('',(7.047376990991,-103.6));
#5369 = CARTESIAN_POINT('',(5.085986666714,-103.6));
#5370 = CARTESIAN_POINT('',(4.068789316078,-103.6));
#5371 = CARTESIAN_POINT('',(3.051592401249,-103.6));
#5372 = CARTESIAN_POINT('',(2.034394614574,-103.6));
#5373 = CARTESIAN_POINT('',(1.017195866625,-103.6));
#5374 = CARTESIAN_POINT('',(0.,-103.6));
#5375 = ( GEOMETRIC_REPRESENTATION_CONTEXT(2) 
PARAMETRIC_REPRESENTATION_CONTEXT() REPRESENTATION_CONTEXT('2D SPACE',''
  ) );
#5376 = PCURVE('',#3537,#5377);
#5377 = DEFINITIONAL_REPRESENTATION('',(#5378),#5411);
#5378 = B_SPLINE_CURVE_WITH_KNOTS('',6,(#5379,#5380,#5381,#5382,#5383,
    #5384,#5385,#5386,#5387,#5388,#5389,#5390,#5391,#5392,#5393,#5394,
    #5395,#5396,#5397,#5398,#5399,#5400,#5401,#5402,#5403,#5404,#5405,
    #5406,#5407,#5408,#5409,#5410),.UNSPECIFIED.,.F.,.F.,(7,5,5,5,5,5,7)
  ,(0.,0.334000073441,0.447000046349,0.53200002384,0.597000006898,
    0.790999975825,1.),.UNSPECIFIED.);
#5379 = CARTESIAN_POINT('',(104.2,-4.3));
#5380 = CARTESIAN_POINT('',(102.57442722487,-4.300000017322));
#5381 = CARTESIAN_POINT('',(100.94886348339,-4.29330575233));
#5382 = CARTESIAN_POINT('',(99.323321886706,-4.281035401041));
#5383 = CARTESIAN_POINT('',(97.697834831326,-4.264307665642));
#5384 = CARTESIAN_POINT('',(96.072387857856,-4.244240749076));
#5385 = CARTESIAN_POINT('',(93.89705442439,-4.214411572149));
#5386 = CARTESIAN_POINT('',(93.347141629324,-4.206616584312));
#5387 = CARTESIAN_POINT('',(92.797231866136,-4.19861059532));
#5388 = CARTESIAN_POINT('',(92.247324591828,-4.190436882446));
#5389 = CARTESIAN_POINT('',(91.697419210143,-4.182138720113));
#5390 = CARTESIAN_POINT('',(90.733870375935,-4.167456336538));
#5391 = CARTESIAN_POINT('',(90.320226381743,-4.16110736017));
#5392 = CARTESIAN_POINT('',(89.906582808833,-4.154730867349));
#5393 = CARTESIAN_POINT('',(89.492939375971,-4.14834527461));
#5394 = CARTESIAN_POINT('',(89.079295800861,-4.141968998471));
#5395 = CARTESIAN_POINT('',(88.349335798271,-4.130765687211));
#5396 = CARTESIAN_POINT('',(88.033019549919,-4.125927136786));
#5397 = CARTESIAN_POINT('',(87.716702925904,-4.12111303933));
#5398 = CARTESIAN_POINT('',(87.400385801941,-4.116331630368));
#5399 = CARTESIAN_POINT('',(87.084068058644,-4.111591145777));
#5400 = CARTESIAN_POINT('',(85.823660493431,-4.092898022646));
#5401 = CARTESIAN_POINT('',(84.879565031019,-4.079334151272));
#5402 = CARTESIAN_POINT('',(83.935459868475,-4.06642717364));
#5403 = CARTESIAN_POINT('',(82.991342700756,-4.054396107131));
#5404 = CARTESIAN_POINT('',(82.047212243595,-4.043460020534));
#5405 = CARTESIAN_POINT('',(80.085923117308,-4.023472076675));
#5406 = CARTESIAN_POINT('',(79.068762431049,-4.014631295885));
#5407 = CARTESIAN_POINT('',(78.051585574113,-4.007589652972));
#5408 = CARTESIAN_POINT('',(77.034396232953,-4.002621198808));
#5409 = CARTESIAN_POINT('',(76.017199667902,-3.999999989161));
#5410 = CARTESIAN_POINT('',(75.,-4.));
#5411 = ( GEOMETRIC_REPRESENTATION_CONTEXT(2) 
PARAMETRIC_REPRESENTATION_CONTEXT() REPRESENTATION_CONTEXT('2D SPACE',''
  ) );
#5412 = ORIENTED_EDGE('',*,*,#5413,.F.);
#5413 = EDGE_CURVE('',#5414,#5304,#5416,.T.);
#5414 = VERTEX_POINT('',#5415);
#5415 = CARTESIAN_POINT('',(107.2,-89.2,3.3));
#5416 = SURFACE_CURVE('',#5417,(#5421,#5428),.PCURVE_S1.);
#5417 = LINE('',#5418,#5419);
#5418 = CARTESIAN_POINT('',(107.2,10.,3.3));
#5419 = VECTOR('',#5420,1.);
#5420 = DIRECTION('',(0.,-1.,0.));
#5421 = PCURVE('',#3273,#5422);
#5422 = DEFINITIONAL_REPRESENTATION('',(#5423),#5427);
#5423 = LINE('',#5424,#5425);
#5424 = CARTESIAN_POINT('',(29.201838589687,0.));
#5425 = VECTOR('',#5426,1.);
#5426 = DIRECTION('',(0.,-1.));
#5427 = ( GEOMETRIC_REPRESENTATION_CONTEXT(2) 
PARAMETRIC_REPRESENTATION_CONTEXT() REPRESENTATION_CONTEXT('2D SPACE',''
  ) );
#5428 = PCURVE('',#3486,#5429);
#5429 = DEFINITIONAL_REPRESENTATION('',(#5430),#5434);
#5430 = LINE('',#5431,#5432);
#5431 = CARTESIAN_POINT('',(99.2,-4.3));
#5432 = VECTOR('',#5433,1.);
#5433 = DIRECTION('',(-1.,0.));
#5434 = ( GEOMETRIC_REPRESENTATION_CONTEXT(2) 
PARAMETRIC_REPRESENTATION_CONTEXT() REPRESENTATION_CONTEXT('2D SPACE',''
  ) );
#5435 = ORIENTED_EDGE('',*,*,#5436,.F.);
#5436 = EDGE_CURVE('',#3172,#5414,#5437,.T.);
#5437 = SURFACE_CURVE('',#5438,(#5455,#5475),.PCURVE_S1.);
#5438 = B_SPLINE_CURVE_WITH_KNOTS('',8,(#5439,#5440,#5441,#5442,#5443,
    #5444,#5445,#5446,#5447,#5448,#5449,#5450,#5451,#5452,#5453,#5454),
  .UNSPECIFIED.,.F.,.F.,(9,7,9),(0.,0.248891545798,1.),.UNSPECIFIED.);
#5439 = CARTESIAN_POINT('',(106.2,-90.2,3.298968558094));
#5440 = CARTESIAN_POINT('',(106.24884024395,-90.2,3.299068133257));
#5441 = CARTESIAN_POINT('',(106.29768224581,-90.19727376112,
    3.299162351939));
#5442 = CARTESIAN_POINT('',(106.34634653145,-90.191821281,3.299250818925
    ));
#5443 = CARTESIAN_POINT('',(106.39465532394,-90.18365641657,
    3.299333258176));
#5444 = CARTESIAN_POINT('',(106.44243303571,-90.17280678604,
    3.299409507788));
#5445 = CARTESIAN_POINT('',(106.48950676059,-90.1593136708,
    3.299479514936));
#5446 = CARTESIAN_POINT('',(106.53570676597,-90.14323191737,
    3.299543330825));
#5447 = CARTESIAN_POINT('',(106.71715213715,-90.06849222317,
    3.299775459303));
#5448 = CARTESIAN_POINT('',(106.84424769208,-89.98928715063,
    3.29989514449));
#5449 = CARTESIAN_POINT('',(106.95712662214,-89.88890359988,
    3.29996329912));
#5450 = CARTESIAN_POINT('',(107.05185955832,-89.7705054368,
    3.299992688926));
#5451 = CARTESIAN_POINT('',(107.12528996149,-89.63782013513,
    3.300000006477));
#5452 = CARTESIAN_POINT('',(107.17515956679,-89.49518341797,
    3.299999999192));
#5453 = CARTESIAN_POINT('',(107.19999999998,-89.34742753261,3.3));
#5454 = CARTESIAN_POINT('',(107.2,-89.20000000024,3.3));
#5455 = PCURVE('',#3273,#5456);
#5456 = DEFINITIONAL_REPRESENTATION('',(#5457),#5474);
#5457 = B_SPLINE_CURVE_WITH_KNOTS('',8,(#5458,#5459,#5460,#5461,#5462,
    #5463,#5464,#5465,#5466,#5467,#5468,#5469,#5470,#5471,#5472,#5473),
  .UNSPECIFIED.,.F.,.F.,(9,7,9),(0.,0.248891545798,1.),.UNSPECIFIED.);
#5458 = CARTESIAN_POINT('',(28.201839919627,-100.2));
#5459 = CARTESIAN_POINT('',(28.250680227699,-100.2));
#5460 = CARTESIAN_POINT('',(28.299522277993,-100.1972737611));
#5461 = CARTESIAN_POINT('',(28.348186596374,-100.191821281));
#5462 = CARTESIAN_POINT('',(28.396495406273,-100.1836564165));
#5463 = CARTESIAN_POINT('',(28.444273120748,-100.172806786));
#5464 = CARTESIAN_POINT('',(28.491346834549,-100.1593136708));
#5465 = CARTESIAN_POINT('',(28.537546816188,-100.1432319173));
#5466 = CARTESIAN_POINT('',(28.718992046341,-100.0684922231));
#5467 = CARTESIAN_POINT('',(28.846087391717,-99.98928715063));
#5468 = CARTESIAN_POINT('',(28.958966044086,-99.88890359988));
#5469 = CARTESIAN_POINT('',(29.053698686509,-99.7705054368));
#5470 = CARTESIAN_POINT('',(29.127128830411,-99.63782013513));
#5471 = CARTESIAN_POINT('',(29.176998249304,-99.49518341797));
#5472 = CARTESIAN_POINT('',(29.201838589669,-99.34742753261));
#5473 = CARTESIAN_POINT('',(29.201838589687,-99.20000000024));
#5474 = ( GEOMETRIC_REPRESENTATION_CONTEXT(2) 
PARAMETRIC_REPRESENTATION_CONTEXT() REPRESENTATION_CONTEXT('2D SPACE',''
  ) );
#5475 = PCURVE('',#3187,#5476);
#5476 = DEFINITIONAL_REPRESENTATION('',(#5477),#5494);
#5477 = B_SPLINE_CURVE_WITH_KNOTS('',8,(#5478,#5479,#5480,#5481,#5482,
    #5483,#5484,#5485,#5486,#5487,#5488,#5489,#5490,#5491,#5492,#5493),
  .UNSPECIFIED.,.F.,.F.,(9,7,9),(0.,0.248891545798,1.),.UNSPECIFIED.);
#5478 = CARTESIAN_POINT('',(-4.712388980385,-4.298968558094));
#5479 = CARTESIAN_POINT('',(-4.761229224339,-4.299068133257));
#5480 = CARTESIAN_POINT('',(-4.810071235737,-4.299162351939));
#5481 = CARTESIAN_POINT('',(-4.85891305123,-4.299250818925));
#5482 = CARTESIAN_POINT('',(-4.907754439692,-4.299333258176));
#5483 = CARTESIAN_POINT('',(-4.956596027643,-4.299409507788));
#5484 = CARTESIAN_POINT('',(-5.00543842467,-4.299479514936));
#5485 = CARTESIAN_POINT('',(-5.05428134885,-4.299543330825));
#5486 = CARTESIAN_POINT('',(-5.250517035235,-4.299775459303));
#5487 = CARTESIAN_POINT('',(-5.398199027032,-4.299895144484));
#5488 = CARTESIAN_POINT('',(-5.545688479244,-4.299963299149));
#5489 = CARTESIAN_POINT('',(-5.693074262886,-4.299992688866));
#5490 = CARTESIAN_POINT('',(-5.840476155081,-4.300000006549));
#5491 = CARTESIAN_POINT('',(-5.988003209545,-4.299999999141));
#5492 = CARTESIAN_POINT('',(-6.135757774811,-4.300000000018));
#5493 = CARTESIAN_POINT('',(-6.28318530718,-4.3));
#5494 = ( GEOMETRIC_REPRESENTATION_CONTEXT(2) 
PARAMETRIC_REPRESENTATION_CONTEXT() REPRESENTATION_CONTEXT('2D SPACE',''
  ) );
#5495 = ADVANCED_FACE('',(#5496),#3187,.F.);
#5496 = FACE_BOUND('',#5497,.T.);
#5497 = EDGE_LOOP('',(#5498,#5499,#5500,#5501));
#5498 = ORIENTED_EDGE('',*,*,#5436,.F.);
#5499 = ORIENTED_EDGE('',*,*,#3171,.T.);
#5500 = ORIENTED_EDGE('',*,*,#3404,.T.);
#5501 = ORIENTED_EDGE('',*,*,#5502,.F.);
#5502 = EDGE_CURVE('',#5414,#3382,#5503,.T.);
#5503 = SURFACE_CURVE('',#5504,(#5508,#5515),.PCURVE_S1.);
#5504 = LINE('',#5505,#5506);
#5505 = CARTESIAN_POINT('',(107.2,-89.2,-1.));
#5506 = VECTOR('',#5507,1.);
#5507 = DIRECTION('',(0.,0.,1.));
#5508 = PCURVE('',#3187,#5509);
#5509 = DEFINITIONAL_REPRESENTATION('',(#5510),#5514);
#5510 = LINE('',#5511,#5512);
#5511 = CARTESIAN_POINT('',(-6.28318530718,0.));
#5512 = VECTOR('',#5513,1.);
#5513 = DIRECTION('',(-0.,-1.));
#5514 = ( GEOMETRIC_REPRESENTATION_CONTEXT(2) 
PARAMETRIC_REPRESENTATION_CONTEXT() REPRESENTATION_CONTEXT('2D SPACE',''
  ) );
#5515 = PCURVE('',#3486,#5516);
#5516 = DEFINITIONAL_REPRESENTATION('',(#5517),#5521);
#5517 = LINE('',#5518,#5519);
#5518 = CARTESIAN_POINT('',(0.,0.));
#5519 = VECTOR('',#5520,1.);
#5520 = DIRECTION('',(0.,-1.));
#5521 = ( GEOMETRIC_REPRESENTATION_CONTEXT(2) 
PARAMETRIC_REPRESENTATION_CONTEXT() REPRESENTATION_CONTEXT('2D SPACE',''
  ) );
#5522 = ADVANCED_FACE('',(#5523),#3937,.T.);
#5523 = FACE_BOUND('',#5524,.T.);
#5524 = EDGE_LOOP('',(#5525,#5526,#5527,#5528));
#5525 = ORIENTED_EDGE('',*,*,#4364,.F.);
#5526 = ORIENTED_EDGE('',*,*,#4440,.T.);
#5527 = ORIENTED_EDGE('',*,*,#3921,.F.);
#5528 = ORIENTED_EDGE('',*,*,#5529,.F.);
#5529 = EDGE_CURVE('',#4337,#3889,#5530,.T.);
#5530 = SURFACE_CURVE('',#5531,(#5535,#5542),.PCURVE_S1.);
#5531 = LINE('',#5532,#5533);
#5532 = CARTESIAN_POINT('',(135.2,-93.6,-1.));
#5533 = VECTOR('',#5534,1.);
#5534 = DIRECTION('',(0.,0.,1.));
#5535 = PCURVE('',#3937,#5536);
#5536 = DEFINITIONAL_REPRESENTATION('',(#5537),#5541);
#5537 = LINE('',#5538,#5539);
#5538 = CARTESIAN_POINT('',(132.2,0.));
#5539 = VECTOR('',#5540,1.);
#5540 = DIRECTION('',(0.,-1.));
#5541 = ( GEOMETRIC_REPRESENTATION_CONTEXT(2) 
PARAMETRIC_REPRESENTATION_CONTEXT() REPRESENTATION_CONTEXT('2D SPACE',''
  ) );
#5542 = PCURVE('',#3909,#5543);
#5543 = DEFINITIONAL_REPRESENTATION('',(#5544),#5548);
#5544 = LINE('',#5545,#5546);
#5545 = CARTESIAN_POINT('',(-4.712388980385,0.));
#5546 = VECTOR('',#5547,1.);
#5547 = DIRECTION('',(-0.,-1.));
#5548 = ( GEOMETRIC_REPRESENTATION_CONTEXT(2) 
PARAMETRIC_REPRESENTATION_CONTEXT() REPRESENTATION_CONTEXT('2D SPACE',''
  ) );
#5549 = ADVANCED_FACE('',(#5550),#3909,.F.);
#5550 = FACE_BOUND('',#5551,.T.);
#5551 = EDGE_LOOP('',(#5552,#5553,#5554,#5555));
#5552 = ORIENTED_EDGE('',*,*,#4236,.F.);
#5553 = ORIENTED_EDGE('',*,*,#4336,.T.);
#5554 = ORIENTED_EDGE('',*,*,#5529,.T.);
#5555 = ORIENTED_EDGE('',*,*,#3888,.F.);
#5556 = ADVANCED_FACE('',(#5557),#3853,.F.);
#5557 = FACE_BOUND('',#5558,.T.);
#5558 = EDGE_LOOP('',(#5559,#5580,#5581,#5582));
#5559 = ORIENTED_EDGE('',*,*,#5560,.F.);
#5560 = EDGE_CURVE('',#4140,#3810,#5561,.T.);
#5561 = SURFACE_CURVE('',#5562,(#5566,#5573),.PCURVE_S1.);
#5562 = LINE('',#5563,#5564);
#5563 = CARTESIAN_POINT('',(135.2,-0.8,-1.));
#5564 = VECTOR('',#5565,1.);
#5565 = DIRECTION('',(0.,0.,1.));
#5566 = PCURVE('',#3853,#5567);
#5567 = DEFINITIONAL_REPRESENTATION('',(#5568),#5572);
#5568 = LINE('',#5569,#5570);
#5569 = CARTESIAN_POINT('',(-1.570796326795,0.));
#5570 = VECTOR('',#5571,1.);
#5571 = DIRECTION('',(-0.,-1.));
#5572 = ( GEOMETRIC_REPRESENTATION_CONTEXT(2) 
PARAMETRIC_REPRESENTATION_CONTEXT() REPRESENTATION_CONTEXT('2D SPACE',''
  ) );
#5573 = PCURVE('',#3716,#5574);
#5574 = DEFINITIONAL_REPRESENTATION('',(#5575),#5579);
#5575 = LINE('',#5576,#5577);
#5576 = CARTESIAN_POINT('',(25.,0.));
#5577 = VECTOR('',#5578,1.);
#5578 = DIRECTION('',(0.,-1.));
#5579 = ( GEOMETRIC_REPRESENTATION_CONTEXT(2) 
PARAMETRIC_REPRESENTATION_CONTEXT() REPRESENTATION_CONTEXT('2D SPACE',''
  ) );
#5580 = ORIENTED_EDGE('',*,*,#4160,.T.);
#5581 = ORIENTED_EDGE('',*,*,#4258,.T.);
#5582 = ORIENTED_EDGE('',*,*,#3832,.F.);
#5583 = ADVANCED_FACE('',(#5584),#3716,.F.);
#5584 = FACE_BOUND('',#5585,.F.);
#5585 = EDGE_LOOP('',(#5586,#5587,#5588,#5609,#5610,#5611,#5612,#5613,
    #5636,#5664,#5687,#5714,#5735,#5736,#5757,#5783,#5802,#5803,#5824,
    #5850,#5869));
#5586 = ORIENTED_EDGE('',*,*,#5560,.F.);
#5587 = ORIENTED_EDGE('',*,*,#4139,.F.);
#5588 = ORIENTED_EDGE('',*,*,#5589,.T.);
#5589 = EDGE_CURVE('',#4107,#4618,#5590,.T.);
#5590 = SURFACE_CURVE('',#5591,(#5595,#5602),.PCURVE_S1.);
#5591 = LINE('',#5592,#5593);
#5592 = CARTESIAN_POINT('',(3.,-0.8,-1.));
#5593 = VECTOR('',#5594,1.);
#5594 = DIRECTION('',(0.,0.,1.));
#5595 = PCURVE('',#3716,#5596);
#5596 = DEFINITIONAL_REPRESENTATION('',(#5597),#5601);
#5597 = LINE('',#5598,#5599);
#5598 = CARTESIAN_POINT('',(-107.2,0.));
#5599 = VECTOR('',#5600,1.);
#5600 = DIRECTION('',(0.,-1.));
#5601 = ( GEOMETRIC_REPRESENTATION_CONTEXT(2) 
PARAMETRIC_REPRESENTATION_CONTEXT() REPRESENTATION_CONTEXT('2D SPACE',''
  ) );
#5602 = PCURVE('',#4127,#5603);
#5603 = DEFINITIONAL_REPRESENTATION('',(#5604),#5608);
#5604 = LINE('',#5605,#5606);
#5605 = CARTESIAN_POINT('',(-1.570796326795,0.));
#5606 = VECTOR('',#5607,1.);
#5607 = DIRECTION('',(-0.,-1.));
#5608 = ( GEOMETRIC_REPRESENTATION_CONTEXT(2) 
PARAMETRIC_REPRESENTATION_CONTEXT() REPRESENTATION_CONTEXT('2D SPACE',''
  ) );
#5609 = ORIENTED_EDGE('',*,*,#4617,.T.);
#5610 = ORIENTED_EDGE('',*,*,#4724,.F.);
#5611 = ORIENTED_EDGE('',*,*,#4769,.T.);
#5612 = ORIENTED_EDGE('',*,*,#4817,.F.);
#5613 = ORIENTED_EDGE('',*,*,#5614,.F.);
#5614 = EDGE_CURVE('',#5615,#4795,#5617,.T.);
#5615 = VERTEX_POINT('',#5616);
#5616 = CARTESIAN_POINT('',(107.2,-0.8,2.8));
#5617 = SURFACE_CURVE('',#5618,(#5622,#5629),.PCURVE_S1.);
#5618 = LINE('',#5619,#5620);
#5619 = CARTESIAN_POINT('',(107.2,-0.8,2.8));
#5620 = VECTOR('',#5621,1.);
#5621 = DIRECTION('',(0.,0.,1.));
#5622 = PCURVE('',#3716,#5623);
#5623 = DEFINITIONAL_REPRESENTATION('',(#5624),#5628);
#5624 = LINE('',#5625,#5626);
#5625 = CARTESIAN_POINT('',(-3.,-3.8));
#5626 = VECTOR('',#5627,1.);
#5627 = DIRECTION('',(0.,-1.));
#5628 = ( GEOMETRIC_REPRESENTATION_CONTEXT(2) 
PARAMETRIC_REPRESENTATION_CONTEXT() REPRESENTATION_CONTEXT('2D SPACE',''
  ) );
#5629 = PCURVE('',#3486,#5630);
#5630 = DEFINITIONAL_REPRESENTATION('',(#5631),#5635);
#5631 = LINE('',#5632,#5633);
#5632 = CARTESIAN_POINT('',(88.4,-3.8));
#5633 = VECTOR('',#5634,1.);
#5634 = DIRECTION('',(0.,-1.));
#5635 = ( GEOMETRIC_REPRESENTATION_CONTEXT(2) 
PARAMETRIC_REPRESENTATION_CONTEXT() REPRESENTATION_CONTEXT('2D SPACE',''
  ) );
#5636 = ORIENTED_EDGE('',*,*,#5637,.F.);
#5637 = EDGE_CURVE('',#5638,#5615,#5640,.T.);
#5638 = VERTEX_POINT('',#5639);
#5639 = CARTESIAN_POINT('',(109.2,-0.8,2.8));
#5640 = SURFACE_CURVE('',#5641,(#5645,#5652),.PCURVE_S1.);
#5641 = LINE('',#5642,#5643);
#5642 = CARTESIAN_POINT('',(109.2,-0.8,2.8));
#5643 = VECTOR('',#5644,1.);
#5644 = DIRECTION('',(-1.,0.,0.));
#5645 = PCURVE('',#3716,#5646);
#5646 = DEFINITIONAL_REPRESENTATION('',(#5647),#5651);
#5647 = LINE('',#5648,#5649);
#5648 = CARTESIAN_POINT('',(-1.,-3.8));
#5649 = VECTOR('',#5650,1.);
#5650 = DIRECTION('',(-1.,0.));
#5651 = ( GEOMETRIC_REPRESENTATION_CONTEXT(2) 
PARAMETRIC_REPRESENTATION_CONTEXT() REPRESENTATION_CONTEXT('2D SPACE',''
  ) );
#5652 = PCURVE('',#5653,#5658);
#5653 = PLANE('',#5654);
#5654 = AXIS2_PLACEMENT_3D('',#5655,#5656,#5657);
#5655 = CARTESIAN_POINT('',(108.2,-47.2,2.8));
#5656 = DIRECTION('',(0.,0.,1.));
#5657 = DIRECTION('',(1.,0.,-0.));
#5658 = DEFINITIONAL_REPRESENTATION('',(#5659),#5663);
#5659 = LINE('',#5660,#5661);
#5660 = CARTESIAN_POINT('',(1.,46.4));
#5661 = VECTOR('',#5662,1.);
#5662 = DIRECTION('',(-1.,0.));
#5663 = ( GEOMETRIC_REPRESENTATION_CONTEXT(2) 
PARAMETRIC_REPRESENTATION_CONTEXT() REPRESENTATION_CONTEXT('2D SPACE',''
  ) );
#5664 = ORIENTED_EDGE('',*,*,#5665,.T.);
#5665 = EDGE_CURVE('',#5638,#5666,#5668,.T.);
#5666 = VERTEX_POINT('',#5667);
#5667 = CARTESIAN_POINT('',(109.2,-0.8,3.3));
#5668 = SURFACE_CURVE('',#5669,(#5673,#5680),.PCURVE_S1.);
#5669 = LINE('',#5670,#5671);
#5670 = CARTESIAN_POINT('',(109.2,-0.8,2.8));
#5671 = VECTOR('',#5672,1.);
#5672 = DIRECTION('',(0.,0.,1.));
#5673 = PCURVE('',#3716,#5674);
#5674 = DEFINITIONAL_REPRESENTATION('',(#5675),#5679);
#5675 = LINE('',#5676,#5677);
#5676 = CARTESIAN_POINT('',(-1.,-3.8));
#5677 = VECTOR('',#5678,1.);
#5678 = DIRECTION('',(0.,-1.));
#5679 = ( GEOMETRIC_REPRESENTATION_CONTEXT(2) 
PARAMETRIC_REPRESENTATION_CONTEXT() REPRESENTATION_CONTEXT('2D SPACE',''
  ) );
#5680 = PCURVE('',#3655,#5681);
#5681 = DEFINITIONAL_REPRESENTATION('',(#5682),#5686);
#5682 = LINE('',#5683,#5684);
#5683 = CARTESIAN_POINT('',(91.8,-3.8));
#5684 = VECTOR('',#5685,1.);
#5685 = DIRECTION('',(0.,-1.));
#5686 = ( GEOMETRIC_REPRESENTATION_CONTEXT(2) 
PARAMETRIC_REPRESENTATION_CONTEXT() REPRESENTATION_CONTEXT('2D SPACE',''
  ) );
#5687 = ORIENTED_EDGE('',*,*,#5688,.T.);
#5688 = EDGE_CURVE('',#5666,#5689,#5691,.T.);
#5689 = VERTEX_POINT('',#5690);
#5690 = CARTESIAN_POINT('',(110.2,-0.8,3.3));
#5691 = SURFACE_CURVE('',#5692,(#5696,#5703),.PCURVE_S1.);
#5692 = LINE('',#5693,#5694);
#5693 = CARTESIAN_POINT('',(55.1,-0.8,3.3));
#5694 = VECTOR('',#5695,1.);
#5695 = DIRECTION('',(1.,-0.,0.));
#5696 = PCURVE('',#3716,#5697);
#5697 = DEFINITIONAL_REPRESENTATION('',(#5698),#5702);
#5698 = LINE('',#5699,#5700);
#5699 = CARTESIAN_POINT('',(-55.1,-4.3));
#5700 = VECTOR('',#5701,1.);
#5701 = DIRECTION('',(1.,0.));
#5702 = ( GEOMETRIC_REPRESENTATION_CONTEXT(2) 
PARAMETRIC_REPRESENTATION_CONTEXT() REPRESENTATION_CONTEXT('2D SPACE',''
  ) );
#5703 = PCURVE('',#5704,#5709);
#5704 = PLANE('',#5705);
#5705 = AXIS2_PLACEMENT_3D('',#5706,#5707,#5708);
#5706 = CARTESIAN_POINT('',(107.2,10.,3.3));
#5707 = DIRECTION('',(-0.,0.,1.));
#5708 = DIRECTION('',(1.,0.,0.));
#5709 = DEFINITIONAL_REPRESENTATION('',(#5710),#5713);
#5710 = B_SPLINE_CURVE_WITH_KNOTS('',1,(#5711,#5712),.UNSPECIFIED.,.F.,
  .F.,(2,2),(52.1,78.9),.PIECEWISE_BEZIER_KNOTS.);
#5711 = CARTESIAN_POINT('',(0.,-10.8));
#5712 = CARTESIAN_POINT('',(26.8,-10.8));
#5713 = ( GEOMETRIC_REPRESENTATION_CONTEXT(2) 
PARAMETRIC_REPRESENTATION_CONTEXT() REPRESENTATION_CONTEXT('2D SPACE',''
  ) );
#5714 = ORIENTED_EDGE('',*,*,#5715,.T.);
#5715 = EDGE_CURVE('',#5689,#3668,#5716,.T.);
#5716 = SURFACE_CURVE('',#5717,(#5721,#5728),.PCURVE_S1.);
#5717 = LINE('',#5718,#5719);
#5718 = CARTESIAN_POINT('',(110.2,-0.8,-1.));
#5719 = VECTOR('',#5720,1.);
#5720 = DIRECTION('',(0.,0.,1.));
#5721 = PCURVE('',#3716,#5722);
#5722 = DEFINITIONAL_REPRESENTATION('',(#5723),#5727);
#5723 = LINE('',#5724,#5725);
#5724 = CARTESIAN_POINT('',(0.,0.));
#5725 = VECTOR('',#5726,1.);
#5726 = DIRECTION('',(0.,-1.));
#5727 = ( GEOMETRIC_REPRESENTATION_CONTEXT(2) 
PARAMETRIC_REPRESENTATION_CONTEXT() REPRESENTATION_CONTEXT('2D SPACE',''
  ) );
#5728 = PCURVE('',#3688,#5729);
#5729 = DEFINITIONAL_REPRESENTATION('',(#5730),#5734);
#5730 = LINE('',#5731,#5732);
#5731 = CARTESIAN_POINT('',(-1.570796326795,0.));
#5732 = VECTOR('',#5733,1.);
#5733 = DIRECTION('',(-0.,-1.));
#5734 = ( GEOMETRIC_REPRESENTATION_CONTEXT(2) 
PARAMETRIC_REPRESENTATION_CONTEXT() REPRESENTATION_CONTEXT('2D SPACE',''
  ) );
#5735 = ORIENTED_EDGE('',*,*,#3700,.F.);
#5736 = ORIENTED_EDGE('',*,*,#5737,.T.);
#5737 = EDGE_CURVE('',#3701,#5738,#5740,.T.);
#5738 = VERTEX_POINT('',#5739);
#5739 = CARTESIAN_POINT('',(112.37383031693,-0.8,1.6));
#5740 = SURFACE_CURVE('',#5741,(#5745,#5751),.PCURVE_S1.);
#5741 = LINE('',#5742,#5743);
#5742 = CARTESIAN_POINT('',(112.37383031693,-0.8,1.6));
#5743 = VECTOR('',#5744,1.);
#5744 = DIRECTION('',(-0.,-0.,-1.));
#5745 = PCURVE('',#3716,#5746);
#5746 = DEFINITIONAL_REPRESENTATION('',(#5747),#5750);
#5747 = B_SPLINE_CURVE_WITH_KNOTS('',1,(#5748,#5749),.UNSPECIFIED.,.F.,
  .F.,(2,2),(-2.5000006,5.999999999062E-07),.PIECEWISE_BEZIER_KNOTS.);
#5748 = CARTESIAN_POINT('',(2.173830316938,-5.1000006));
#5749 = CARTESIAN_POINT('',(2.173830316938,-2.5999994));
#5750 = ( GEOMETRIC_REPRESENTATION_CONTEXT(2) 
PARAMETRIC_REPRESENTATION_CONTEXT() REPRESENTATION_CONTEXT('2D SPACE',''
  ) );
#5751 = PCURVE('',#3745,#5752);
#5752 = DEFINITIONAL_REPRESENTATION('',(#5753),#5756);
#5753 = B_SPLINE_CURVE_WITH_KNOTS('',1,(#5754,#5755),.UNSPECIFIED.,.F.,
  .F.,(2,2),(-2.5,0.),.PIECEWISE_BEZIER_KNOTS.);
#5754 = CARTESIAN_POINT('',(-2.021823138591,-2.5));
#5755 = CARTESIAN_POINT('',(-2.021823138591,0.));
#5756 = ( GEOMETRIC_REPRESENTATION_CONTEXT(2) 
PARAMETRIC_REPRESENTATION_CONTEXT() REPRESENTATION_CONTEXT('2D SPACE',''
  ) );
#5757 = ORIENTED_EDGE('',*,*,#5758,.T.);
#5758 = EDGE_CURVE('',#5738,#5759,#5761,.T.);
#5759 = VERTEX_POINT('',#5760);
#5760 = CARTESIAN_POINT('',(114.98916968306,-0.8,1.6));
#5761 = SURFACE_CURVE('',#5762,(#5766,#5772),.PCURVE_S1.);
#5762 = LINE('',#5763,#5764);
#5763 = CARTESIAN_POINT('',(111.94075,-0.8,1.6));
#5764 = VECTOR('',#5765,1.);
#5765 = DIRECTION('',(1.,0.,0.));
#5766 = PCURVE('',#3716,#5767);
#5767 = DEFINITIONAL_REPRESENTATION('',(#5768),#5771);
#5768 = B_SPLINE_CURVE_WITH_KNOTS('',1,(#5769,#5770),.UNSPECIFIED.,.F.,
  .F.,(2,2),(-1.25925,4.74075),.PIECEWISE_BEZIER_KNOTS.);
#5769 = CARTESIAN_POINT('',(0.4815,-2.6));
#5770 = CARTESIAN_POINT('',(6.4815,-2.6));
#5771 = ( GEOMETRIC_REPRESENTATION_CONTEXT(2) 
PARAMETRIC_REPRESENTATION_CONTEXT() REPRESENTATION_CONTEXT('2D SPACE',''
  ) );
#5772 = PCURVE('',#5773,#5778);
#5773 = PLANE('',#5774);
#5774 = AXIS2_PLACEMENT_3D('',#5775,#5776,#5777);
#5775 = CARTESIAN_POINT('',(113.6815,-3.5,1.6));
#5776 = DIRECTION('',(0.,0.,1.));
#5777 = DIRECTION('',(1.,0.,-0.));
#5778 = DEFINITIONAL_REPRESENTATION('',(#5779),#5782);
#5779 = B_SPLINE_CURVE_WITH_KNOTS('',1,(#5780,#5781),.UNSPECIFIED.,.F.,
  .F.,(2,2),(-1.25925,4.74075),.PIECEWISE_BEZIER_KNOTS.);
#5780 = CARTESIAN_POINT('',(-3.,2.7));
#5781 = CARTESIAN_POINT('',(3.,2.7));
#5782 = ( GEOMETRIC_REPRESENTATION_CONTEXT(2) 
PARAMETRIC_REPRESENTATION_CONTEXT() REPRESENTATION_CONTEXT('2D SPACE',''
  ) );
#5783 = ORIENTED_EDGE('',*,*,#5784,.F.);
#5784 = EDGE_CURVE('',#3729,#5759,#5785,.T.);
#5785 = SURFACE_CURVE('',#5786,(#5790,#5796),.PCURVE_S1.);
#5786 = LINE('',#5787,#5788);
#5787 = CARTESIAN_POINT('',(114.98916968306,-0.8,1.6));
#5788 = VECTOR('',#5789,1.);
#5789 = DIRECTION('',(-0.,-0.,-1.));
#5790 = PCURVE('',#3716,#5791);
#5791 = DEFINITIONAL_REPRESENTATION('',(#5792),#5795);
#5792 = B_SPLINE_CURVE_WITH_KNOTS('',1,(#5793,#5794),.UNSPECIFIED.,.F.,
  .F.,(2,2),(-2.5000006,5.999999999062E-07),.PIECEWISE_BEZIER_KNOTS.);
#5793 = CARTESIAN_POINT('',(4.789169683062,-5.1000006));
#5794 = CARTESIAN_POINT('',(4.789169683062,-2.5999994));
#5795 = ( GEOMETRIC_REPRESENTATION_CONTEXT(2) 
PARAMETRIC_REPRESENTATION_CONTEXT() REPRESENTATION_CONTEXT('2D SPACE',''
  ) );
#5796 = PCURVE('',#3745,#5797);
#5797 = DEFINITIONAL_REPRESENTATION('',(#5798),#5801);
#5798 = B_SPLINE_CURVE_WITH_KNOTS('',1,(#5799,#5800),.UNSPECIFIED.,.F.,
  .F.,(2,2),(-2.5,-0.),.PIECEWISE_BEZIER_KNOTS.);
#5799 = CARTESIAN_POINT('',(-7.402954822178,-2.5));
#5800 = CARTESIAN_POINT('',(-7.402954822178,0.));
#5801 = ( GEOMETRIC_REPRESENTATION_CONTEXT(2) 
PARAMETRIC_REPRESENTATION_CONTEXT() REPRESENTATION_CONTEXT('2D SPACE',''
  ) );
#5802 = ORIENTED_EDGE('',*,*,#3757,.F.);
#5803 = ORIENTED_EDGE('',*,*,#5804,.T.);
#5804 = EDGE_CURVE('',#3758,#5805,#5807,.T.);
#5805 = VERTEX_POINT('',#5806);
#5806 = CARTESIAN_POINT('',(130.41083031693,-0.8,1.6));
#5807 = SURFACE_CURVE('',#5808,(#5812,#5818),.PCURVE_S1.);
#5808 = LINE('',#5809,#5810);
#5809 = CARTESIAN_POINT('',(130.41083031693,-0.8,1.6));
#5810 = VECTOR('',#5811,1.);
#5811 = DIRECTION('',(-0.,-0.,-1.));
#5812 = PCURVE('',#3716,#5813);
#5813 = DEFINITIONAL_REPRESENTATION('',(#5814),#5817);
#5814 = B_SPLINE_CURVE_WITH_KNOTS('',1,(#5815,#5816),.UNSPECIFIED.,.F.,
  .F.,(2,2),(-2.5000006,5.999999999062E-07),.PIECEWISE_BEZIER_KNOTS.);
#5815 = CARTESIAN_POINT('',(20.210830316938,-5.1000006));
#5816 = CARTESIAN_POINT('',(20.210830316938,-2.5999994));
#5817 = ( GEOMETRIC_REPRESENTATION_CONTEXT(2) 
PARAMETRIC_REPRESENTATION_CONTEXT() REPRESENTATION_CONTEXT('2D SPACE',''
  ) );
#5818 = PCURVE('',#3797,#5819);
#5819 = DEFINITIONAL_REPRESENTATION('',(#5820),#5823);
#5820 = B_SPLINE_CURVE_WITH_KNOTS('',1,(#5821,#5822),.UNSPECIFIED.,.F.,
  .F.,(2,2),(-2.5,0.),.PIECEWISE_BEZIER_KNOTS.);
#5821 = CARTESIAN_POINT('',(-2.021823138591,-2.5));
#5822 = CARTESIAN_POINT('',(-2.021823138591,0.));
#5823 = ( GEOMETRIC_REPRESENTATION_CONTEXT(2) 
PARAMETRIC_REPRESENTATION_CONTEXT() REPRESENTATION_CONTEXT('2D SPACE',''
  ) );
#5824 = ORIENTED_EDGE('',*,*,#5825,.T.);
#5825 = EDGE_CURVE('',#5805,#5826,#5828,.T.);
#5826 = VERTEX_POINT('',#5827);
#5827 = CARTESIAN_POINT('',(133.02616968306,-0.8,1.6));
#5828 = SURFACE_CURVE('',#5829,(#5833,#5839),.PCURVE_S1.);
#5829 = LINE('',#5830,#5831);
#5830 = CARTESIAN_POINT('',(120.95925,-0.8,1.6));
#5831 = VECTOR('',#5832,1.);
#5832 = DIRECTION('',(1.,0.,0.));
#5833 = PCURVE('',#3716,#5834);
#5834 = DEFINITIONAL_REPRESENTATION('',(#5835),#5838);
#5835 = B_SPLINE_CURVE_WITH_KNOTS('',1,(#5836,#5837),.UNSPECIFIED.,.F.,
  .F.,(2,2),(7.75925,13.75925),.PIECEWISE_BEZIER_KNOTS.);
#5836 = CARTESIAN_POINT('',(18.5185,-2.6));
#5837 = CARTESIAN_POINT('',(24.5185,-2.6));
#5838 = ( GEOMETRIC_REPRESENTATION_CONTEXT(2) 
PARAMETRIC_REPRESENTATION_CONTEXT() REPRESENTATION_CONTEXT('2D SPACE',''
  ) );
#5839 = PCURVE('',#5840,#5845);
#5840 = PLANE('',#5841);
#5841 = AXIS2_PLACEMENT_3D('',#5842,#5843,#5844);
#5842 = CARTESIAN_POINT('',(131.7185,-3.5,1.6));
#5843 = DIRECTION('',(0.,0.,1.));
#5844 = DIRECTION('',(1.,0.,-0.));
#5845 = DEFINITIONAL_REPRESENTATION('',(#5846),#5849);
#5846 = B_SPLINE_CURVE_WITH_KNOTS('',1,(#5847,#5848),.UNSPECIFIED.,.F.,
  .F.,(2,2),(7.75925,13.75925),.PIECEWISE_BEZIER_KNOTS.);
#5847 = CARTESIAN_POINT('',(-3.,2.7));
#5848 = CARTESIAN_POINT('',(3.,2.7));
#5849 = ( GEOMETRIC_REPRESENTATION_CONTEXT(2) 
PARAMETRIC_REPRESENTATION_CONTEXT() REPRESENTATION_CONTEXT('2D SPACE',''
  ) );
#5850 = ORIENTED_EDGE('',*,*,#5851,.F.);
#5851 = EDGE_CURVE('',#3781,#5826,#5852,.T.);
#5852 = SURFACE_CURVE('',#5853,(#5857,#5863),.PCURVE_S1.);
#5853 = LINE('',#5854,#5855);
#5854 = CARTESIAN_POINT('',(133.02616968306,-0.8,1.6));
#5855 = VECTOR('',#5856,1.);
#5856 = DIRECTION('',(-0.,-0.,-1.));
#5857 = PCURVE('',#3716,#5858);
#5858 = DEFINITIONAL_REPRESENTATION('',(#5859),#5862);
#5859 = B_SPLINE_CURVE_WITH_KNOTS('',1,(#5860,#5861),.UNSPECIFIED.,.F.,
  .F.,(2,2),(-2.5000006,5.999999999062E-07),.PIECEWISE_BEZIER_KNOTS.);
#5860 = CARTESIAN_POINT('',(22.826169683062,-5.1000006));
#5861 = CARTESIAN_POINT('',(22.826169683062,-2.5999994));
#5862 = ( GEOMETRIC_REPRESENTATION_CONTEXT(2) 
PARAMETRIC_REPRESENTATION_CONTEXT() REPRESENTATION_CONTEXT('2D SPACE',''
  ) );
#5863 = PCURVE('',#3797,#5864);
#5864 = DEFINITIONAL_REPRESENTATION('',(#5865),#5868);
#5865 = B_SPLINE_CURVE_WITH_KNOTS('',1,(#5866,#5867),.UNSPECIFIED.,.F.,
  .F.,(2,2),(-2.5,-0.),.PIECEWISE_BEZIER_KNOTS.);
#5866 = CARTESIAN_POINT('',(-7.402954822178,-2.5));
#5867 = CARTESIAN_POINT('',(-7.402954822178,0.));
#5868 = ( GEOMETRIC_REPRESENTATION_CONTEXT(2) 
PARAMETRIC_REPRESENTATION_CONTEXT() REPRESENTATION_CONTEXT('2D SPACE',''
  ) );
#5869 = ORIENTED_EDGE('',*,*,#3809,.F.);
#5870 = ADVANCED_FACE('',(#5871),#3797,.T.);
#5871 = FACE_BOUND('',#5872,.F.);
#5872 = EDGE_LOOP('',(#5873,#5895,#5896,#5897));
#5873 = ORIENTED_EDGE('',*,*,#5874,.F.);
#5874 = EDGE_CURVE('',#5805,#5826,#5875,.T.);
#5875 = SURFACE_CURVE('',#5876,(#5881,#5888),.PCURVE_S1.);
#5876 = CIRCLE('',#5877,3.);
#5877 = AXIS2_PLACEMENT_3D('',#5878,#5879,#5880);
#5878 = CARTESIAN_POINT('',(131.7185,-3.5,1.6));
#5879 = DIRECTION('',(0.,0.,1.));
#5880 = DIRECTION('',(-0.435889894354,0.9,0.));
#5881 = PCURVE('',#3797,#5882);
#5882 = DEFINITIONAL_REPRESENTATION('',(#5883),#5887);
#5883 = LINE('',#5884,#5885);
#5884 = CARTESIAN_POINT('',(-2.021823138591,0.));
#5885 = VECTOR('',#5886,1.);
#5886 = DIRECTION('',(-1.,0.));
#5887 = ( GEOMETRIC_REPRESENTATION_CONTEXT(2) 
PARAMETRIC_REPRESENTATION_CONTEXT() REPRESENTATION_CONTEXT('2D SPACE',''
  ) );
#5888 = PCURVE('',#5840,#5889);
#5889 = DEFINITIONAL_REPRESENTATION('',(#5890),#5894);
#5890 = CIRCLE('',#5891,3.);
#5891 = AXIS2_PLACEMENT_2D('',#5892,#5893);
#5892 = CARTESIAN_POINT('',(0.,-8.881784197001E-16));
#5893 = DIRECTION('',(-0.435889894354,0.9));
#5894 = ( GEOMETRIC_REPRESENTATION_CONTEXT(2) 
PARAMETRIC_REPRESENTATION_CONTEXT() REPRESENTATION_CONTEXT('2D SPACE',''
  ) );
#5895 = ORIENTED_EDGE('',*,*,#5804,.F.);
#5896 = ORIENTED_EDGE('',*,*,#3780,.T.);
#5897 = ORIENTED_EDGE('',*,*,#5851,.T.);
#5898 = ADVANCED_FACE('',(#5899),#3745,.T.);
#5899 = FACE_BOUND('',#5900,.F.);
#5900 = EDGE_LOOP('',(#5901,#5923,#5924,#5925));
#5901 = ORIENTED_EDGE('',*,*,#5902,.F.);
#5902 = EDGE_CURVE('',#5738,#5759,#5903,.T.);
#5903 = SURFACE_CURVE('',#5904,(#5909,#5916),.PCURVE_S1.);
#5904 = CIRCLE('',#5905,3.);
#5905 = AXIS2_PLACEMENT_3D('',#5906,#5907,#5908);
#5906 = CARTESIAN_POINT('',(113.6815,-3.5,1.6));
#5907 = DIRECTION('',(0.,0.,1.));
#5908 = DIRECTION('',(-0.435889894354,0.9,0.));
#5909 = PCURVE('',#3745,#5910);
#5910 = DEFINITIONAL_REPRESENTATION('',(#5911),#5915);
#5911 = LINE('',#5912,#5913);
#5912 = CARTESIAN_POINT('',(-2.021823138591,0.));
#5913 = VECTOR('',#5914,1.);
#5914 = DIRECTION('',(-1.,0.));
#5915 = ( GEOMETRIC_REPRESENTATION_CONTEXT(2) 
PARAMETRIC_REPRESENTATION_CONTEXT() REPRESENTATION_CONTEXT('2D SPACE',''
  ) );
#5916 = PCURVE('',#5773,#5917);
#5917 = DEFINITIONAL_REPRESENTATION('',(#5918),#5922);
#5918 = CIRCLE('',#5919,3.);
#5919 = AXIS2_PLACEMENT_2D('',#5920,#5921);
#5920 = CARTESIAN_POINT('',(0.,-8.881784197001E-16));
#5921 = DIRECTION('',(-0.435889894354,0.9));
#5922 = ( GEOMETRIC_REPRESENTATION_CONTEXT(2) 
PARAMETRIC_REPRESENTATION_CONTEXT() REPRESENTATION_CONTEXT('2D SPACE',''
  ) );
#5923 = ORIENTED_EDGE('',*,*,#5737,.F.);
#5924 = ORIENTED_EDGE('',*,*,#3728,.T.);
#5925 = ORIENTED_EDGE('',*,*,#5784,.T.);
#5926 = ADVANCED_FACE('',(#5927),#3688,.F.);
#5927 = FACE_BOUND('',#5928,.T.);
#5928 = EDGE_LOOP('',(#5929,#5957,#5958,#5959));
#5929 = ORIENTED_EDGE('',*,*,#5930,.T.);
#5930 = EDGE_CURVE('',#5931,#5689,#5933,.T.);
#5931 = VERTEX_POINT('',#5932);
#5932 = CARTESIAN_POINT('',(109.2,-1.8,3.3));
#5933 = SURFACE_CURVE('',#5934,(#5939,#5946),.PCURVE_S1.);
#5934 = CIRCLE('',#5935,1.);
#5935 = AXIS2_PLACEMENT_3D('',#5936,#5937,#5938);
#5936 = CARTESIAN_POINT('',(110.2,-1.8,3.3));
#5937 = DIRECTION('',(0.,0.,-1.));
#5938 = DIRECTION('',(1.,0.,0.));
#5939 = PCURVE('',#3688,#5940);
#5940 = DEFINITIONAL_REPRESENTATION('',(#5941),#5945);
#5941 = LINE('',#5942,#5943);
#5942 = CARTESIAN_POINT('',(-6.28318530718,-4.3));
#5943 = VECTOR('',#5944,1.);
#5944 = DIRECTION('',(1.,-0.));
#5945 = ( GEOMETRIC_REPRESENTATION_CONTEXT(2) 
PARAMETRIC_REPRESENTATION_CONTEXT() REPRESENTATION_CONTEXT('2D SPACE',''
  ) );
#5946 = PCURVE('',#5704,#5947);
#5947 = DEFINITIONAL_REPRESENTATION('',(#5948),#5956);
#5948 = ( BOUNDED_CURVE() B_SPLINE_CURVE(2,(#5949,#5950,#5951,#5952,
#5953,#5954,#5955),.UNSPECIFIED.,.T.,.F.) B_SPLINE_CURVE_WITH_KNOTS((1,2
    ,2,2,2,1),(-2.094395102393,0.,2.094395102393,4.188790204786,
6.28318530718,8.377580409573),.UNSPECIFIED.) CURVE() 
GEOMETRIC_REPRESENTATION_ITEM() RATIONAL_B_SPLINE_CURVE((1.,0.5,1.,0.5,
1.,0.5,1.)) REPRESENTATION_ITEM('') );
#5949 = CARTESIAN_POINT('',(4.,-11.8));
#5950 = CARTESIAN_POINT('',(4.,-13.53205080756));
#5951 = CARTESIAN_POINT('',(2.5,-12.66602540378));
#5952 = CARTESIAN_POINT('',(1.,-11.8));
#5953 = CARTESIAN_POINT('',(2.5,-10.93397459621));
#5954 = CARTESIAN_POINT('',(4.,-10.06794919243));
#5955 = CARTESIAN_POINT('',(4.,-11.8));
#5956 = ( GEOMETRIC_REPRESENTATION_CONTEXT(2) 
PARAMETRIC_REPRESENTATION_CONTEXT() REPRESENTATION_CONTEXT('2D SPACE',''
  ) );
#5957 = ORIENTED_EDGE('',*,*,#5715,.T.);
#5958 = ORIENTED_EDGE('',*,*,#3667,.F.);
#5959 = ORIENTED_EDGE('',*,*,#5960,.F.);
#5960 = EDGE_CURVE('',#5931,#3640,#5961,.T.);
#5961 = SURFACE_CURVE('',#5962,(#5966,#5973),.PCURVE_S1.);
#5962 = LINE('',#5963,#5964);
#5963 = CARTESIAN_POINT('',(109.2,-1.8,-1.));
#5964 = VECTOR('',#5965,1.);
#5965 = DIRECTION('',(0.,0.,1.));
#5966 = PCURVE('',#3688,#5967);
#5967 = DEFINITIONAL_REPRESENTATION('',(#5968),#5972);
#5968 = LINE('',#5969,#5970);
#5969 = CARTESIAN_POINT('',(-3.14159265359,0.));
#5970 = VECTOR('',#5971,1.);
#5971 = DIRECTION('',(-0.,-1.));
#5972 = ( GEOMETRIC_REPRESENTATION_CONTEXT(2) 
PARAMETRIC_REPRESENTATION_CONTEXT() REPRESENTATION_CONTEXT('2D SPACE',''
  ) );
#5973 = PCURVE('',#3655,#5974);
#5974 = DEFINITIONAL_REPRESENTATION('',(#5975),#5979);
#5975 = LINE('',#5976,#5977);
#5976 = CARTESIAN_POINT('',(90.8,0.));
#5977 = VECTOR('',#5978,1.);
#5978 = DIRECTION('',(0.,-1.));
#5979 = ( GEOMETRIC_REPRESENTATION_CONTEXT(2) 
PARAMETRIC_REPRESENTATION_CONTEXT() REPRESENTATION_CONTEXT('2D SPACE',''
  ) );
#5980 = ADVANCED_FACE('',(#5981),#3655,.F.);
#5981 = FACE_BOUND('',#5982,.F.);
#5982 = EDGE_LOOP('',(#5983,#5984,#6004,#6005,#6028,#6047));
#5983 = ORIENTED_EDGE('',*,*,#5960,.F.);
#5984 = ORIENTED_EDGE('',*,*,#5985,.F.);
#5985 = EDGE_CURVE('',#5666,#5931,#5986,.T.);
#5986 = SURFACE_CURVE('',#5987,(#5991,#5998),.PCURVE_S1.);
#5987 = LINE('',#5988,#5989);
#5988 = CARTESIAN_POINT('',(109.2,-41.8,3.3));
#5989 = VECTOR('',#5990,1.);
#5990 = DIRECTION('',(0.,-1.,0.));
#5991 = PCURVE('',#3655,#5992);
#5992 = DEFINITIONAL_REPRESENTATION('',(#5993),#5997);
#5993 = LINE('',#5994,#5995);
#5994 = CARTESIAN_POINT('',(50.8,-4.3));
#5995 = VECTOR('',#5996,1.);
#5996 = DIRECTION('',(-1.,0.));
#5997 = ( GEOMETRIC_REPRESENTATION_CONTEXT(2) 
PARAMETRIC_REPRESENTATION_CONTEXT() REPRESENTATION_CONTEXT('2D SPACE',''
  ) );
#5998 = PCURVE('',#5704,#5999);
#5999 = DEFINITIONAL_REPRESENTATION('',(#6000),#6003);
#6000 = B_SPLINE_CURVE_WITH_KNOTS('',1,(#6001,#6002),.UNSPECIFIED.,.F.,
  .F.,(2,2),(-41.,51.8),.PIECEWISE_BEZIER_KNOTS.);
#6001 = CARTESIAN_POINT('',(2.,-10.8));
#6002 = CARTESIAN_POINT('',(2.,-103.6));
#6003 = ( GEOMETRIC_REPRESENTATION_CONTEXT(2) 
PARAMETRIC_REPRESENTATION_CONTEXT() REPRESENTATION_CONTEXT('2D SPACE',''
  ) );
#6004 = ORIENTED_EDGE('',*,*,#5665,.F.);
#6005 = ORIENTED_EDGE('',*,*,#6006,.F.);
#6006 = EDGE_CURVE('',#6007,#5638,#6009,.T.);
#6007 = VERTEX_POINT('',#6008);
#6008 = CARTESIAN_POINT('',(109.2,-44.21503768868,2.8));
#6009 = SURFACE_CURVE('',#6010,(#6014,#6021),.PCURVE_S1.);
#6010 = LINE('',#6011,#6012);
#6011 = CARTESIAN_POINT('',(109.2,-93.6,2.8));
#6012 = VECTOR('',#6013,1.);
#6013 = DIRECTION('',(0.,1.,0.));
#6014 = PCURVE('',#3655,#6015);
#6015 = DEFINITIONAL_REPRESENTATION('',(#6016),#6020);
#6016 = LINE('',#6017,#6018);
#6017 = CARTESIAN_POINT('',(-1.,-3.8));
#6018 = VECTOR('',#6019,1.);
#6019 = DIRECTION('',(1.,0.));
#6020 = ( GEOMETRIC_REPRESENTATION_CONTEXT(2) 
PARAMETRIC_REPRESENTATION_CONTEXT() REPRESENTATION_CONTEXT('2D SPACE',''
  ) );
#6021 = PCURVE('',#5653,#6022);
#6022 = DEFINITIONAL_REPRESENTATION('',(#6023),#6027);
#6023 = LINE('',#6024,#6025);
#6024 = CARTESIAN_POINT('',(1.,-46.4));
#6025 = VECTOR('',#6026,1.);
#6026 = DIRECTION('',(0.,1.));
#6027 = ( GEOMETRIC_REPRESENTATION_CONTEXT(2) 
PARAMETRIC_REPRESENTATION_CONTEXT() REPRESENTATION_CONTEXT('2D SPACE',''
  ) );
#6028 = ORIENTED_EDGE('',*,*,#6029,.F.);
#6029 = EDGE_CURVE('',#3611,#6007,#6030,.T.);
#6030 = SURFACE_CURVE('',#6031,(#6035,#6041),.PCURVE_S1.);
#6031 = LINE('',#6032,#6033);
#6032 = CARTESIAN_POINT('',(109.2,-44.21503768868,1.6));
#6033 = VECTOR('',#6034,1.);
#6034 = DIRECTION('',(-0.,-0.,-1.));
#6035 = PCURVE('',#3655,#6036);
#6036 = DEFINITIONAL_REPRESENTATION('',(#6037),#6040);
#6037 = B_SPLINE_CURVE_WITH_KNOTS('',1,(#6038,#6039),.UNSPECIFIED.,.F.,
  .F.,(2,2),(-2.500000602186,-1.07),.PIECEWISE_BEZIER_KNOTS.);
#6038 = CARTESIAN_POINT('',(48.38496231132,-5.100000602186));
#6039 = CARTESIAN_POINT('',(48.38496231132,-3.67));
#6040 = ( GEOMETRIC_REPRESENTATION_CONTEXT(2) 
PARAMETRIC_REPRESENTATION_CONTEXT() REPRESENTATION_CONTEXT('2D SPACE',''
  ) );
#6041 = PCURVE('',#3627,#6042);
#6042 = DEFINITIONAL_REPRESENTATION('',(#6043),#6046);
#6043 = B_SPLINE_CURVE_WITH_KNOTS('',1,(#6044,#6045),.UNSPECIFIED.,.F.,
  .F.,(2,2),(-2.5,-1.2),.PIECEWISE_BEZIER_KNOTS.);
#6044 = CARTESIAN_POINT('',(-7.954149055136,-2.5));
#6045 = CARTESIAN_POINT('',(-7.954149055136,-1.2));
#6046 = ( GEOMETRIC_REPRESENTATION_CONTEXT(2) 
PARAMETRIC_REPRESENTATION_CONTEXT() REPRESENTATION_CONTEXT('2D SPACE',''
  ) );
#6047 = ORIENTED_EDGE('',*,*,#3639,.F.);
#6048 = ADVANCED_FACE('',(#6049),#3627,.T.);
#6049 = FACE_BOUND('',#6050,.F.);
#6050 = EDGE_LOOP('',(#6051,#6052,#6053,#6080,#6102,#6131,#6153,#6185));
#6051 = ORIENTED_EDGE('',*,*,#3610,.T.);
#6052 = ORIENTED_EDGE('',*,*,#6029,.T.);
#6053 = ORIENTED_EDGE('',*,*,#6054,.F.);
#6054 = EDGE_CURVE('',#6055,#6007,#6057,.T.);
#6055 = VERTEX_POINT('',#6056);
#6056 = CARTESIAN_POINT('',(107.2,-45.27386397157,2.8));
#6057 = SURFACE_CURVE('',#6058,(#6063,#6069),.PCURVE_S1.);
#6058 = CIRCLE('',#6059,3.);
#6059 = AXIS2_PLACEMENT_3D('',#6060,#6061,#6062);
#6060 = CARTESIAN_POINT('',(109.5,-47.2,2.8));
#6061 = DIRECTION('',(0.,0.,-1.));
#6062 = DIRECTION('',(1.,0.,0.));
#6063 = PCURVE('',#3627,#6064);
#6064 = DEFINITIONAL_REPRESENTATION('',(#6065),#6068);
#6065 = B_SPLINE_CURVE_WITH_KNOTS('',1,(#6066,#6067),.UNSPECIFIED.,.F.,
  .F.,(2,2),(3.838755787232,4.612221559223),.PIECEWISE_BEZIER_KNOTS.);
#6066 = CARTESIAN_POINT('',(-8.727614827127,-1.2));
#6067 = CARTESIAN_POINT('',(-7.954149055136,-1.2));
#6068 = ( GEOMETRIC_REPRESENTATION_CONTEXT(2) 
PARAMETRIC_REPRESENTATION_CONTEXT() REPRESENTATION_CONTEXT('2D SPACE',''
  ) );
#6069 = PCURVE('',#5653,#6070);
#6070 = DEFINITIONAL_REPRESENTATION('',(#6071),#6079);
#6071 = ( BOUNDED_CURVE() B_SPLINE_CURVE(2,(#6072,#6073,#6074,#6075,
#6076,#6077,#6078),.UNSPECIFIED.,.T.,.F.) B_SPLINE_CURVE_WITH_KNOTS((1,2
    ,2,2,2,1),(-2.094395102393,0.,2.094395102393,4.188790204786,
6.28318530718,8.377580409573),.UNSPECIFIED.) CURVE() 
GEOMETRIC_REPRESENTATION_ITEM() RATIONAL_B_SPLINE_CURVE((1.,0.5,1.,0.5,
1.,0.5,1.)) REPRESENTATION_ITEM('') );
#6072 = CARTESIAN_POINT('',(4.3,7.105427357601E-15));
#6073 = CARTESIAN_POINT('',(4.3,-5.196152422707));
#6074 = CARTESIAN_POINT('',(-0.2,-2.598076211353));
#6075 = CARTESIAN_POINT('',(-4.7,6.370639278113E-15));
#6076 = CARTESIAN_POINT('',(-0.2,2.598076211353));
#6077 = CARTESIAN_POINT('',(4.3,5.196152422707));
#6078 = CARTESIAN_POINT('',(4.3,7.105427357601E-15));
#6079 = ( GEOMETRIC_REPRESENTATION_CONTEXT(2) 
PARAMETRIC_REPRESENTATION_CONTEXT() REPRESENTATION_CONTEXT('2D SPACE',''
  ) );
#6080 = ORIENTED_EDGE('',*,*,#6081,.T.);
#6081 = EDGE_CURVE('',#6055,#6082,#6084,.T.);
#6082 = VERTEX_POINT('',#6083);
#6083 = CARTESIAN_POINT('',(107.2,-45.27386397157,1.6));
#6084 = SURFACE_CURVE('',#6085,(#6089,#6095),.PCURVE_S1.);
#6085 = LINE('',#6086,#6087);
#6086 = CARTESIAN_POINT('',(107.2,-45.27386397157,1.6));
#6087 = VECTOR('',#6088,1.);
#6088 = DIRECTION('',(-0.,-0.,-1.));
#6089 = PCURVE('',#3627,#6090);
#6090 = DEFINITIONAL_REPRESENTATION('',(#6091),#6094);
#6091 = B_SPLINE_CURVE_WITH_KNOTS('',1,(#6092,#6093),.UNSPECIFIED.,.F.,
  .F.,(2,2),(-1.2,-0.),.PIECEWISE_BEZIER_KNOTS.);
#6092 = CARTESIAN_POINT('',(-8.727614827127,-1.2));
#6093 = CARTESIAN_POINT('',(-8.727614827127,0.));
#6094 = ( GEOMETRIC_REPRESENTATION_CONTEXT(2) 
PARAMETRIC_REPRESENTATION_CONTEXT() REPRESENTATION_CONTEXT('2D SPACE',''
  ) );
#6095 = PCURVE('',#3486,#6096);
#6096 = DEFINITIONAL_REPRESENTATION('',(#6097),#6101);
#6097 = LINE('',#6098,#6099);
#6098 = CARTESIAN_POINT('',(43.926136028426,-2.6));
#6099 = VECTOR('',#6100,1.);
#6100 = DIRECTION('',(0.,1.));
#6101 = ( GEOMETRIC_REPRESENTATION_CONTEXT(2) 
PARAMETRIC_REPRESENTATION_CONTEXT() REPRESENTATION_CONTEXT('2D SPACE',''
  ) );
#6102 = ORIENTED_EDGE('',*,*,#6103,.F.);
#6103 = EDGE_CURVE('',#6104,#6082,#6106,.T.);
#6104 = VERTEX_POINT('',#6105);
#6105 = CARTESIAN_POINT('',(107.2,-49.12613602842,1.6));
#6106 = SURFACE_CURVE('',#6107,(#6112,#6119),.PCURVE_S1.);
#6107 = CIRCLE('',#6108,3.);
#6108 = AXIS2_PLACEMENT_3D('',#6109,#6110,#6111);
#6109 = CARTESIAN_POINT('',(109.5,-47.2,1.6));
#6110 = DIRECTION('',(0.,0.,1.));
#6111 = DIRECTION('',(-0.766666666667,-0.642045342809,0.));
#6112 = PCURVE('',#3627,#6113);
#6113 = DEFINITIONAL_REPRESENTATION('',(#6114),#6118);
#6114 = LINE('',#6115,#6116);
#6115 = CARTESIAN_POINT('',(-3.838755787232,0.));
#6116 = VECTOR('',#6117,1.);
#6117 = DIRECTION('',(-1.,0.));
#6118 = ( GEOMETRIC_REPRESENTATION_CONTEXT(2) 
PARAMETRIC_REPRESENTATION_CONTEXT() REPRESENTATION_CONTEXT('2D SPACE',''
  ) );
#6119 = PCURVE('',#6120,#6125);
#6120 = PLANE('',#6121);
#6121 = AXIS2_PLACEMENT_3D('',#6122,#6123,#6124);
#6122 = CARTESIAN_POINT('',(109.5,-47.2,1.6));
#6123 = DIRECTION('',(0.,0.,1.));
#6124 = DIRECTION('',(1.,0.,-0.));
#6125 = DEFINITIONAL_REPRESENTATION('',(#6126),#6130);
#6126 = CIRCLE('',#6127,3.);
#6127 = AXIS2_PLACEMENT_2D('',#6128,#6129);
#6128 = CARTESIAN_POINT('',(1.42108547152E-14,-7.105427357601E-15));
#6129 = DIRECTION('',(-0.766666666667,-0.642045342809));
#6130 = ( GEOMETRIC_REPRESENTATION_CONTEXT(2) 
PARAMETRIC_REPRESENTATION_CONTEXT() REPRESENTATION_CONTEXT('2D SPACE',''
  ) );
#6131 = ORIENTED_EDGE('',*,*,#6132,.F.);
#6132 = EDGE_CURVE('',#6133,#6104,#6135,.T.);
#6133 = VERTEX_POINT('',#6134);
#6134 = CARTESIAN_POINT('',(107.2,-49.12613602842,2.8));
#6135 = SURFACE_CURVE('',#6136,(#6140,#6146),.PCURVE_S1.);
#6136 = LINE('',#6137,#6138);
#6137 = CARTESIAN_POINT('',(107.2,-49.12613602842,1.6));
#6138 = VECTOR('',#6139,1.);
#6139 = DIRECTION('',(-0.,-0.,-1.));
#6140 = PCURVE('',#3627,#6141);
#6141 = DEFINITIONAL_REPRESENTATION('',(#6142),#6145);
#6142 = B_SPLINE_CURVE_WITH_KNOTS('',1,(#6143,#6144),.UNSPECIFIED.,.F.,
  .F.,(2,2),(-1.2,-0.),.PIECEWISE_BEZIER_KNOTS.);
#6143 = CARTESIAN_POINT('',(-3.838755787232,-1.2));
#6144 = CARTESIAN_POINT('',(-3.838755787232,0.));
#6145 = ( GEOMETRIC_REPRESENTATION_CONTEXT(2) 
PARAMETRIC_REPRESENTATION_CONTEXT() REPRESENTATION_CONTEXT('2D SPACE',''
  ) );
#6146 = PCURVE('',#3486,#6147);
#6147 = DEFINITIONAL_REPRESENTATION('',(#6148),#6152);
#6148 = LINE('',#6149,#6150);
#6149 = CARTESIAN_POINT('',(40.073863971574,-2.6));
#6150 = VECTOR('',#6151,1.);
#6151 = DIRECTION('',(0.,1.));
#6152 = ( GEOMETRIC_REPRESENTATION_CONTEXT(2) 
PARAMETRIC_REPRESENTATION_CONTEXT() REPRESENTATION_CONTEXT('2D SPACE',''
  ) );
#6153 = ORIENTED_EDGE('',*,*,#6154,.F.);
#6154 = EDGE_CURVE('',#6155,#6133,#6157,.T.);
#6155 = VERTEX_POINT('',#6156);
#6156 = CARTESIAN_POINT('',(109.2,-50.18496231131,2.8));
#6157 = SURFACE_CURVE('',#6158,(#6163,#6169),.PCURVE_S1.);
#6158 = CIRCLE('',#6159,3.);
#6159 = AXIS2_PLACEMENT_3D('',#6160,#6161,#6162);
#6160 = CARTESIAN_POINT('',(109.5,-47.2,2.8));
#6161 = DIRECTION('',(0.,0.,-1.));
#6162 = DIRECTION('',(1.,0.,0.));
#6163 = PCURVE('',#3627,#6164);
#6164 = DEFINITIONAL_REPRESENTATION('',(#6165),#6168);
#6165 = B_SPLINE_CURVE_WITH_KNOTS('',1,(#6166,#6167),.UNSPECIFIED.,.F.,
  .F.,(2,2),(1.670963747956,2.444429519948),.PIECEWISE_BEZIER_KNOTS.);
#6166 = CARTESIAN_POINT('',(-4.612221559223,-1.2));
#6167 = CARTESIAN_POINT('',(-3.838755787232,-1.2));
#6168 = ( GEOMETRIC_REPRESENTATION_CONTEXT(2) 
PARAMETRIC_REPRESENTATION_CONTEXT() REPRESENTATION_CONTEXT('2D SPACE',''
  ) );
#6169 = PCURVE('',#6170,#6175);
#6170 = PLANE('',#6171);
#6171 = AXIS2_PLACEMENT_3D('',#6172,#6173,#6174);
#6172 = CARTESIAN_POINT('',(108.2,-47.2,2.8));
#6173 = DIRECTION('',(0.,0.,1.));
#6174 = DIRECTION('',(1.,0.,-0.));
#6175 = DEFINITIONAL_REPRESENTATION('',(#6176),#6184);
#6176 = ( BOUNDED_CURVE() B_SPLINE_CURVE(2,(#6177,#6178,#6179,#6180,
#6181,#6182,#6183),.UNSPECIFIED.,.T.,.F.) B_SPLINE_CURVE_WITH_KNOTS((1,2
    ,2,2,2,1),(-2.094395102393,0.,2.094395102393,4.188790204786,
6.28318530718,8.377580409573),.UNSPECIFIED.) CURVE() 
GEOMETRIC_REPRESENTATION_ITEM() RATIONAL_B_SPLINE_CURVE((1.,0.5,1.,0.5,
1.,0.5,1.)) REPRESENTATION_ITEM('') );
#6177 = CARTESIAN_POINT('',(4.3,7.105427357601E-15));
#6178 = CARTESIAN_POINT('',(4.3,-5.196152422707));
#6179 = CARTESIAN_POINT('',(-0.2,-2.598076211353));
#6180 = CARTESIAN_POINT('',(-4.7,6.370639278113E-15));
#6181 = CARTESIAN_POINT('',(-0.2,2.598076211353));
#6182 = CARTESIAN_POINT('',(4.3,5.196152422707));
#6183 = CARTESIAN_POINT('',(4.3,7.105427357601E-15));
#6184 = ( GEOMETRIC_REPRESENTATION_CONTEXT(2) 
PARAMETRIC_REPRESENTATION_CONTEXT() REPRESENTATION_CONTEXT('2D SPACE',''
  ) );
#6185 = ORIENTED_EDGE('',*,*,#6186,.F.);
#6186 = EDGE_CURVE('',#3583,#6155,#6187,.T.);
#6187 = SURFACE_CURVE('',#6188,(#6192,#6198),.PCURVE_S1.);
#6188 = LINE('',#6189,#6190);
#6189 = CARTESIAN_POINT('',(109.2,-50.18496231132,1.6));
#6190 = VECTOR('',#6191,1.);
#6191 = DIRECTION('',(-0.,-0.,-1.));
#6192 = PCURVE('',#3627,#6193);
#6193 = DEFINITIONAL_REPRESENTATION('',(#6194),#6197);
#6194 = B_SPLINE_CURVE_WITH_KNOTS('',1,(#6195,#6196),.UNSPECIFIED.,.F.,
  .F.,(2,2),(-2.5,-1.2),.PIECEWISE_BEZIER_KNOTS.);
#6195 = CARTESIAN_POINT('',(-4.612221559223,-2.5));
#6196 = CARTESIAN_POINT('',(-4.612221559223,-1.2));
#6197 = ( GEOMETRIC_REPRESENTATION_CONTEXT(2) 
PARAMETRIC_REPRESENTATION_CONTEXT() REPRESENTATION_CONTEXT('2D SPACE',''
  ) );
#6198 = PCURVE('',#3598,#6199);
#6199 = DEFINITIONAL_REPRESENTATION('',(#6200),#6203);
#6200 = B_SPLINE_CURVE_WITH_KNOTS('',1,(#6201,#6202),.UNSPECIFIED.,.F.,
  .F.,(2,2),(-2.500000602186,-1.07),.PIECEWISE_BEZIER_KNOTS.);
#6201 = CARTESIAN_POINT('',(42.41503768868,-5.100000602186));
#6202 = CARTESIAN_POINT('',(42.41503768868,-3.67));
#6203 = ( GEOMETRIC_REPRESENTATION_CONTEXT(2) 
PARAMETRIC_REPRESENTATION_CONTEXT() REPRESENTATION_CONTEXT('2D SPACE',''
  ) );
#6204 = ADVANCED_FACE('',(#6205),#3598,.F.);
#6205 = FACE_BOUND('',#6206,.F.);
#6206 = EDGE_LOOP('',(#6207,#6208,#6209,#6232,#6255,#6282));
#6207 = ORIENTED_EDGE('',*,*,#3582,.F.);
#6208 = ORIENTED_EDGE('',*,*,#6186,.T.);
#6209 = ORIENTED_EDGE('',*,*,#6210,.F.);
#6210 = EDGE_CURVE('',#6211,#6155,#6213,.T.);
#6211 = VERTEX_POINT('',#6212);
#6212 = CARTESIAN_POINT('',(109.2,-93.6,2.8));
#6213 = SURFACE_CURVE('',#6214,(#6218,#6225),.PCURVE_S1.);
#6214 = LINE('',#6215,#6216);
#6215 = CARTESIAN_POINT('',(109.2,-93.6,2.8));
#6216 = VECTOR('',#6217,1.);
#6217 = DIRECTION('',(0.,1.,0.));
#6218 = PCURVE('',#3598,#6219);
#6219 = DEFINITIONAL_REPRESENTATION('',(#6220),#6224);
#6220 = LINE('',#6221,#6222);
#6221 = CARTESIAN_POINT('',(-1.,-3.8));
#6222 = VECTOR('',#6223,1.);
#6223 = DIRECTION('',(1.,0.));
#6224 = ( GEOMETRIC_REPRESENTATION_CONTEXT(2) 
PARAMETRIC_REPRESENTATION_CONTEXT() REPRESENTATION_CONTEXT('2D SPACE',''
  ) );
#6225 = PCURVE('',#6170,#6226);
#6226 = DEFINITIONAL_REPRESENTATION('',(#6227),#6231);
#6227 = LINE('',#6228,#6229);
#6228 = CARTESIAN_POINT('',(1.,-46.4));
#6229 = VECTOR('',#6230,1.);
#6230 = DIRECTION('',(0.,1.));
#6231 = ( GEOMETRIC_REPRESENTATION_CONTEXT(2) 
PARAMETRIC_REPRESENTATION_CONTEXT() REPRESENTATION_CONTEXT('2D SPACE',''
  ) );
#6232 = ORIENTED_EDGE('',*,*,#6233,.T.);
#6233 = EDGE_CURVE('',#6211,#6234,#6236,.T.);
#6234 = VERTEX_POINT('',#6235);
#6235 = CARTESIAN_POINT('',(109.2,-93.6,3.3));
#6236 = SURFACE_CURVE('',#6237,(#6241,#6248),.PCURVE_S1.);
#6237 = LINE('',#6238,#6239);
#6238 = CARTESIAN_POINT('',(109.2,-93.6,2.8));
#6239 = VECTOR('',#6240,1.);
#6240 = DIRECTION('',(0.,0.,1.));
#6241 = PCURVE('',#3598,#6242);
#6242 = DEFINITIONAL_REPRESENTATION('',(#6243),#6247);
#6243 = LINE('',#6244,#6245);
#6244 = CARTESIAN_POINT('',(-1.,-3.8));
#6245 = VECTOR('',#6246,1.);
#6246 = DIRECTION('',(0.,-1.));
#6247 = ( GEOMETRIC_REPRESENTATION_CONTEXT(2) 
PARAMETRIC_REPRESENTATION_CONTEXT() REPRESENTATION_CONTEXT('2D SPACE',''
  ) );
#6248 = PCURVE('',#3537,#6249);
#6249 = DEFINITIONAL_REPRESENTATION('',(#6250),#6254);
#6250 = LINE('',#6251,#6252);
#6251 = CARTESIAN_POINT('',(106.2,-3.8));
#6252 = VECTOR('',#6253,1.);
#6253 = DIRECTION('',(0.,-1.));
#6254 = ( GEOMETRIC_REPRESENTATION_CONTEXT(2) 
PARAMETRIC_REPRESENTATION_CONTEXT() REPRESENTATION_CONTEXT('2D SPACE',''
  ) );
#6255 = ORIENTED_EDGE('',*,*,#6256,.F.);
#6256 = EDGE_CURVE('',#6257,#6234,#6259,.T.);
#6257 = VERTEX_POINT('',#6258);
#6258 = CARTESIAN_POINT('',(109.2,-92.6,3.3));
#6259 = SURFACE_CURVE('',#6260,(#6264,#6271),.PCURVE_S1.);
#6260 = LINE('',#6261,#6262);
#6261 = CARTESIAN_POINT('',(109.2,-41.8,3.3));
#6262 = VECTOR('',#6263,1.);
#6263 = DIRECTION('',(0.,-1.,0.));
#6264 = PCURVE('',#3598,#6265);
#6265 = DEFINITIONAL_REPRESENTATION('',(#6266),#6270);
#6266 = LINE('',#6267,#6268);
#6267 = CARTESIAN_POINT('',(50.8,-4.3));
#6268 = VECTOR('',#6269,1.);
#6269 = DIRECTION('',(-1.,0.));
#6270 = ( GEOMETRIC_REPRESENTATION_CONTEXT(2) 
PARAMETRIC_REPRESENTATION_CONTEXT() REPRESENTATION_CONTEXT('2D SPACE',''
  ) );
#6271 = PCURVE('',#6272,#6277);
#6272 = PLANE('',#6273);
#6273 = AXIS2_PLACEMENT_3D('',#6274,#6275,#6276);
#6274 = CARTESIAN_POINT('',(107.2,10.,3.3));
#6275 = DIRECTION('',(-0.,0.,1.));
#6276 = DIRECTION('',(1.,0.,0.));
#6277 = DEFINITIONAL_REPRESENTATION('',(#6278),#6281);
#6278 = B_SPLINE_CURVE_WITH_KNOTS('',1,(#6279,#6280),.UNSPECIFIED.,.F.,
  .F.,(2,2),(-41.,51.8),.PIECEWISE_BEZIER_KNOTS.);
#6279 = CARTESIAN_POINT('',(2.,-10.8));
#6280 = CARTESIAN_POINT('',(2.,-103.6));
#6281 = ( GEOMETRIC_REPRESENTATION_CONTEXT(2) 
PARAMETRIC_REPRESENTATION_CONTEXT() REPRESENTATION_CONTEXT('2D SPACE',''
  ) );
#6282 = ORIENTED_EDGE('',*,*,#6283,.T.);
#6283 = EDGE_CURVE('',#6257,#3550,#6284,.T.);
#6284 = SURFACE_CURVE('',#6285,(#6289,#6296),.PCURVE_S1.);
#6285 = LINE('',#6286,#6287);
#6286 = CARTESIAN_POINT('',(109.2,-92.6,-1.));
#6287 = VECTOR('',#6288,1.);
#6288 = DIRECTION('',(0.,0.,1.));
#6289 = PCURVE('',#3598,#6290);
#6290 = DEFINITIONAL_REPRESENTATION('',(#6291),#6295);
#6291 = LINE('',#6292,#6293);
#6292 = CARTESIAN_POINT('',(0.,0.));
#6293 = VECTOR('',#6294,1.);
#6294 = DIRECTION('',(0.,-1.));
#6295 = ( GEOMETRIC_REPRESENTATION_CONTEXT(2) 
PARAMETRIC_REPRESENTATION_CONTEXT() REPRESENTATION_CONTEXT('2D SPACE',''
  ) );
#6296 = PCURVE('',#3570,#6297);
#6297 = DEFINITIONAL_REPRESENTATION('',(#6298),#6302);
#6298 = LINE('',#6299,#6300);
#6299 = CARTESIAN_POINT('',(-3.14159265359,0.));
#6300 = VECTOR('',#6301,1.);
#6301 = DIRECTION('',(-0.,-1.));
#6302 = ( GEOMETRIC_REPRESENTATION_CONTEXT(2) 
PARAMETRIC_REPRESENTATION_CONTEXT() REPRESENTATION_CONTEXT('2D SPACE',''
  ) );
#6303 = ADVANCED_FACE('',(#6304),#3570,.F.);
#6304 = FACE_BOUND('',#6305,.T.);
#6305 = EDGE_LOOP('',(#6306,#6334,#6335,#6336));
#6306 = ORIENTED_EDGE('',*,*,#6307,.T.);
#6307 = EDGE_CURVE('',#6308,#6257,#6310,.T.);
#6308 = VERTEX_POINT('',#6309);
#6309 = CARTESIAN_POINT('',(110.2,-93.6,3.3));
#6310 = SURFACE_CURVE('',#6311,(#6316,#6323),.PCURVE_S1.);
#6311 = CIRCLE('',#6312,1.);
#6312 = AXIS2_PLACEMENT_3D('',#6313,#6314,#6315);
#6313 = CARTESIAN_POINT('',(110.2,-92.6,3.3));
#6314 = DIRECTION('',(0.,0.,-1.));
#6315 = DIRECTION('',(1.,0.,0.));
#6316 = PCURVE('',#3570,#6317);
#6317 = DEFINITIONAL_REPRESENTATION('',(#6318),#6322);
#6318 = LINE('',#6319,#6320);
#6319 = CARTESIAN_POINT('',(-6.28318530718,-4.3));
#6320 = VECTOR('',#6321,1.);
#6321 = DIRECTION('',(1.,-0.));
#6322 = ( GEOMETRIC_REPRESENTATION_CONTEXT(2) 
PARAMETRIC_REPRESENTATION_CONTEXT() REPRESENTATION_CONTEXT('2D SPACE',''
  ) );
#6323 = PCURVE('',#6272,#6324);
#6324 = DEFINITIONAL_REPRESENTATION('',(#6325),#6333);
#6325 = ( BOUNDED_CURVE() B_SPLINE_CURVE(2,(#6326,#6327,#6328,#6329,
#6330,#6331,#6332),.UNSPECIFIED.,.T.,.F.) B_SPLINE_CURVE_WITH_KNOTS((1,2
    ,2,2,2,1),(-2.094395102393,0.,2.094395102393,4.188790204786,
6.28318530718,8.377580409573),.UNSPECIFIED.) CURVE() 
GEOMETRIC_REPRESENTATION_ITEM() RATIONAL_B_SPLINE_CURVE((1.,0.5,1.,0.5,
1.,0.5,1.)) REPRESENTATION_ITEM('') );
#6326 = CARTESIAN_POINT('',(4.,-102.6));
#6327 = CARTESIAN_POINT('',(4.,-104.3320508075));
#6328 = CARTESIAN_POINT('',(2.5,-103.4660254037));
#6329 = CARTESIAN_POINT('',(1.,-102.6));
#6330 = CARTESIAN_POINT('',(2.5,-101.7339745962));
#6331 = CARTESIAN_POINT('',(4.,-100.8679491924));
#6332 = CARTESIAN_POINT('',(4.,-102.6));
#6333 = ( GEOMETRIC_REPRESENTATION_CONTEXT(2) 
PARAMETRIC_REPRESENTATION_CONTEXT() REPRESENTATION_CONTEXT('2D SPACE',''
  ) );
#6334 = ORIENTED_EDGE('',*,*,#6283,.T.);
#6335 = ORIENTED_EDGE('',*,*,#3549,.F.);
#6336 = ORIENTED_EDGE('',*,*,#6337,.F.);
#6337 = EDGE_CURVE('',#6308,#3522,#6338,.T.);
#6338 = SURFACE_CURVE('',#6339,(#6343,#6350),.PCURVE_S1.);
#6339 = LINE('',#6340,#6341);
#6340 = CARTESIAN_POINT('',(110.2,-93.6,-1.));
#6341 = VECTOR('',#6342,1.);
#6342 = DIRECTION('',(0.,0.,1.));
#6343 = PCURVE('',#3570,#6344);
#6344 = DEFINITIONAL_REPRESENTATION('',(#6345),#6349);
#6345 = LINE('',#6346,#6347);
#6346 = CARTESIAN_POINT('',(-4.712388980385,0.));
#6347 = VECTOR('',#6348,1.);
#6348 = DIRECTION('',(-0.,-1.));
#6349 = ( GEOMETRIC_REPRESENTATION_CONTEXT(2) 
PARAMETRIC_REPRESENTATION_CONTEXT() REPRESENTATION_CONTEXT('2D SPACE',''
  ) );
#6350 = PCURVE('',#3537,#6351);
#6351 = DEFINITIONAL_REPRESENTATION('',(#6352),#6356);
#6352 = LINE('',#6353,#6354);
#6353 = CARTESIAN_POINT('',(107.2,0.));
#6354 = VECTOR('',#6355,1.);
#6355 = DIRECTION('',(0.,-1.));
#6356 = ( GEOMETRIC_REPRESENTATION_CONTEXT(2) 
PARAMETRIC_REPRESENTATION_CONTEXT() REPRESENTATION_CONTEXT('2D SPACE',''
  ) );
#6357 = ADVANCED_FACE('',(#6358),#3537,.T.);
#6358 = FACE_BOUND('',#6359,.T.);
#6359 = EDGE_LOOP('',(#6360,#6361,#6384,#6405,#6406,#6426,#6427,#6428,
    #6429,#6430,#6451,#6452,#6453));
#6360 = ORIENTED_EDGE('',*,*,#5303,.F.);
#6361 = ORIENTED_EDGE('',*,*,#6362,.F.);
#6362 = EDGE_CURVE('',#6363,#5304,#6365,.T.);
#6363 = VERTEX_POINT('',#6364);
#6364 = CARTESIAN_POINT('',(107.2,-93.6,2.8));
#6365 = SURFACE_CURVE('',#6366,(#6370,#6377),.PCURVE_S1.);
#6366 = LINE('',#6367,#6368);
#6367 = CARTESIAN_POINT('',(107.2,-93.6,2.8));
#6368 = VECTOR('',#6369,1.);
#6369 = DIRECTION('',(0.,0.,1.));
#6370 = PCURVE('',#3537,#6371);
#6371 = DEFINITIONAL_REPRESENTATION('',(#6372),#6376);
#6372 = LINE('',#6373,#6374);
#6373 = CARTESIAN_POINT('',(104.2,-3.8));
#6374 = VECTOR('',#6375,1.);
#6375 = DIRECTION('',(0.,-1.));
#6376 = ( GEOMETRIC_REPRESENTATION_CONTEXT(2) 
PARAMETRIC_REPRESENTATION_CONTEXT() REPRESENTATION_CONTEXT('2D SPACE',''
  ) );
#6377 = PCURVE('',#3486,#6378);
#6378 = DEFINITIONAL_REPRESENTATION('',(#6379),#6383);
#6379 = LINE('',#6380,#6381);
#6380 = CARTESIAN_POINT('',(-4.4,-3.8));
#6381 = VECTOR('',#6382,1.);
#6382 = DIRECTION('',(0.,-1.));
#6383 = ( GEOMETRIC_REPRESENTATION_CONTEXT(2) 
PARAMETRIC_REPRESENTATION_CONTEXT() REPRESENTATION_CONTEXT('2D SPACE',''
  ) );
#6384 = ORIENTED_EDGE('',*,*,#6385,.T.);
#6385 = EDGE_CURVE('',#6363,#6211,#6386,.T.);
#6386 = SURFACE_CURVE('',#6387,(#6391,#6398),.PCURVE_S1.);
#6387 = LINE('',#6388,#6389);
#6388 = CARTESIAN_POINT('',(107.2,-93.6,2.8));
#6389 = VECTOR('',#6390,1.);
#6390 = DIRECTION('',(1.,0.,0.));
#6391 = PCURVE('',#3537,#6392);
#6392 = DEFINITIONAL_REPRESENTATION('',(#6393),#6397);
#6393 = LINE('',#6394,#6395);
#6394 = CARTESIAN_POINT('',(104.2,-3.8));
#6395 = VECTOR('',#6396,1.);
#6396 = DIRECTION('',(1.,0.));
#6397 = ( GEOMETRIC_REPRESENTATION_CONTEXT(2) 
PARAMETRIC_REPRESENTATION_CONTEXT() REPRESENTATION_CONTEXT('2D SPACE',''
  ) );
#6398 = PCURVE('',#6170,#6399);
#6399 = DEFINITIONAL_REPRESENTATION('',(#6400),#6404);
#6400 = LINE('',#6401,#6402);
#6401 = CARTESIAN_POINT('',(-1.,-46.4));
#6402 = VECTOR('',#6403,1.);
#6403 = DIRECTION('',(1.,0.));
#6404 = ( GEOMETRIC_REPRESENTATION_CONTEXT(2) 
PARAMETRIC_REPRESENTATION_CONTEXT() REPRESENTATION_CONTEXT('2D SPACE',''
  ) );
#6405 = ORIENTED_EDGE('',*,*,#6233,.T.);
#6406 = ORIENTED_EDGE('',*,*,#6407,.T.);
#6407 = EDGE_CURVE('',#6234,#6308,#6408,.T.);
#6408 = SURFACE_CURVE('',#6409,(#6413,#6420),.PCURVE_S1.);
#6409 = LINE('',#6410,#6411);
#6410 = CARTESIAN_POINT('',(55.1,-93.6,3.3));
#6411 = VECTOR('',#6412,1.);
#6412 = DIRECTION('',(1.,-0.,0.));
#6413 = PCURVE('',#3537,#6414);
#6414 = DEFINITIONAL_REPRESENTATION('',(#6415),#6419);
#6415 = LINE('',#6416,#6417);
#6416 = CARTESIAN_POINT('',(52.1,-4.3));
#6417 = VECTOR('',#6418,1.);
#6418 = DIRECTION('',(1.,0.));
#6419 = ( GEOMETRIC_REPRESENTATION_CONTEXT(2) 
PARAMETRIC_REPRESENTATION_CONTEXT() REPRESENTATION_CONTEXT('2D SPACE',''
  ) );
#6420 = PCURVE('',#6272,#6421);
#6421 = DEFINITIONAL_REPRESENTATION('',(#6422),#6425);
#6422 = B_SPLINE_CURVE_WITH_KNOTS('',1,(#6423,#6424),.UNSPECIFIED.,.F.,
  .F.,(2,2),(52.1,78.9),.PIECEWISE_BEZIER_KNOTS.);
#6423 = CARTESIAN_POINT('',(0.,-103.6));
#6424 = CARTESIAN_POINT('',(26.8,-103.6));
#6425 = ( GEOMETRIC_REPRESENTATION_CONTEXT(2) 
PARAMETRIC_REPRESENTATION_CONTEXT() REPRESENTATION_CONTEXT('2D SPACE',''
  ) );
#6426 = ORIENTED_EDGE('',*,*,#6337,.T.);
#6427 = ORIENTED_EDGE('',*,*,#3521,.F.);
#6428 = ORIENTED_EDGE('',*,*,#4414,.F.);
#6429 = ORIENTED_EDGE('',*,*,#4026,.F.);
#6430 = ORIENTED_EDGE('',*,*,#6431,.T.);
#6431 = EDGE_CURVE('',#4027,#4932,#6432,.T.);
#6432 = SURFACE_CURVE('',#6433,(#6437,#6444),.PCURVE_S1.);
#6433 = LINE('',#6434,#6435);
#6434 = CARTESIAN_POINT('',(3.,-93.6,-1.));
#6435 = VECTOR('',#6436,1.);
#6436 = DIRECTION('',(0.,0.,1.));
#6437 = PCURVE('',#3537,#6438);
#6438 = DEFINITIONAL_REPRESENTATION('',(#6439),#6443);
#6439 = LINE('',#6440,#6441);
#6440 = CARTESIAN_POINT('',(0.,0.));
#6441 = VECTOR('',#6442,1.);
#6442 = DIRECTION('',(0.,-1.));
#6443 = ( GEOMETRIC_REPRESENTATION_CONTEXT(2) 
PARAMETRIC_REPRESENTATION_CONTEXT() REPRESENTATION_CONTEXT('2D SPACE',''
  ) );
#6444 = PCURVE('',#4068,#6445);
#6445 = DEFINITIONAL_REPRESENTATION('',(#6446),#6450);
#6446 = LINE('',#6447,#6448);
#6447 = CARTESIAN_POINT('',(-4.712388980385,0.));
#6448 = VECTOR('',#6449,1.);
#6449 = DIRECTION('',(-0.,-1.));
#6450 = ( GEOMETRIC_REPRESENTATION_CONTEXT(2) 
PARAMETRIC_REPRESENTATION_CONTEXT() REPRESENTATION_CONTEXT('2D SPACE',''
  ) );
#6451 = ORIENTED_EDGE('',*,*,#4931,.T.);
#6452 = ORIENTED_EDGE('',*,*,#5205,.F.);
#6453 = ORIENTED_EDGE('',*,*,#5278,.T.);
#6454 = ADVANCED_FACE('',(#6455),#3486,.T.);
#6455 = FACE_BOUND('',#6456,.T.);
#6456 = EDGE_LOOP('',(#6457,#6458,#6479,#6480,#6481,#6482,#6483,#6484,
    #6485,#6486,#6507,#6508));
#6457 = ORIENTED_EDGE('',*,*,#6132,.F.);
#6458 = ORIENTED_EDGE('',*,*,#6459,.T.);
#6459 = EDGE_CURVE('',#6133,#6363,#6460,.T.);
#6460 = SURFACE_CURVE('',#6461,(#6465,#6472),.PCURVE_S1.);
#6461 = LINE('',#6462,#6463);
#6462 = CARTESIAN_POINT('',(107.2,-49.12613602842,2.8));
#6463 = VECTOR('',#6464,1.);
#6464 = DIRECTION('',(0.,-1.,0.));
#6465 = PCURVE('',#3486,#6466);
#6466 = DEFINITIONAL_REPRESENTATION('',(#6467),#6471);
#6467 = LINE('',#6468,#6469);
#6468 = CARTESIAN_POINT('',(40.073863971574,-3.8));
#6469 = VECTOR('',#6470,1.);
#6470 = DIRECTION('',(-1.,0.));
#6471 = ( GEOMETRIC_REPRESENTATION_CONTEXT(2) 
PARAMETRIC_REPRESENTATION_CONTEXT() REPRESENTATION_CONTEXT('2D SPACE',''
  ) );
#6472 = PCURVE('',#6170,#6473);
#6473 = DEFINITIONAL_REPRESENTATION('',(#6474),#6478);
#6474 = LINE('',#6475,#6476);
#6475 = CARTESIAN_POINT('',(-1.,-1.926136028426));
#6476 = VECTOR('',#6477,1.);
#6477 = DIRECTION('',(0.,-1.));
#6478 = ( GEOMETRIC_REPRESENTATION_CONTEXT(2) 
PARAMETRIC_REPRESENTATION_CONTEXT() REPRESENTATION_CONTEXT('2D SPACE',''
  ) );
#6479 = ORIENTED_EDGE('',*,*,#6362,.T.);
#6480 = ORIENTED_EDGE('',*,*,#5413,.F.);
#6481 = ORIENTED_EDGE('',*,*,#5502,.T.);
#6482 = ORIENTED_EDGE('',*,*,#3472,.F.);
#6483 = ORIENTED_EDGE('',*,*,#4519,.F.);
#6484 = ORIENTED_EDGE('',*,*,#4794,.F.);
#6485 = ORIENTED_EDGE('',*,*,#5614,.F.);
#6486 = ORIENTED_EDGE('',*,*,#6487,.T.);
#6487 = EDGE_CURVE('',#5615,#6055,#6488,.T.);
#6488 = SURFACE_CURVE('',#6489,(#6493,#6500),.PCURVE_S1.);
#6489 = LINE('',#6490,#6491);
#6490 = CARTESIAN_POINT('',(107.2,-0.8,2.8));
#6491 = VECTOR('',#6492,1.);
#6492 = DIRECTION('',(0.,-1.,0.));
#6493 = PCURVE('',#3486,#6494);
#6494 = DEFINITIONAL_REPRESENTATION('',(#6495),#6499);
#6495 = LINE('',#6496,#6497);
#6496 = CARTESIAN_POINT('',(88.4,-3.8));
#6497 = VECTOR('',#6498,1.);
#6498 = DIRECTION('',(-1.,0.));
#6499 = ( GEOMETRIC_REPRESENTATION_CONTEXT(2) 
PARAMETRIC_REPRESENTATION_CONTEXT() REPRESENTATION_CONTEXT('2D SPACE',''
  ) );
#6500 = PCURVE('',#5653,#6501);
#6501 = DEFINITIONAL_REPRESENTATION('',(#6502),#6506);
#6502 = LINE('',#6503,#6504);
#6503 = CARTESIAN_POINT('',(-1.,46.4));
#6504 = VECTOR('',#6505,1.);
#6505 = DIRECTION('',(0.,-1.));
#6506 = ( GEOMETRIC_REPRESENTATION_CONTEXT(2) 
PARAMETRIC_REPRESENTATION_CONTEXT() REPRESENTATION_CONTEXT('2D SPACE',''
  ) );
#6507 = ORIENTED_EDGE('',*,*,#6081,.T.);
#6508 = ORIENTED_EDGE('',*,*,#6509,.T.);
#6509 = EDGE_CURVE('',#6082,#6104,#6510,.T.);
#6510 = SURFACE_CURVE('',#6511,(#6515,#6522),.PCURVE_S1.);
#6511 = LINE('',#6512,#6513);
#6512 = CARTESIAN_POINT('',(107.2,-68.2,1.6));
#6513 = VECTOR('',#6514,1.);
#6514 = DIRECTION('',(0.,-1.,0.));
#6515 = PCURVE('',#3486,#6516);
#6516 = DEFINITIONAL_REPRESENTATION('',(#6517),#6521);
#6517 = LINE('',#6518,#6519);
#6518 = CARTESIAN_POINT('',(21.,-2.6));
#6519 = VECTOR('',#6520,1.);
#6520 = DIRECTION('',(-1.,0.));
#6521 = ( GEOMETRIC_REPRESENTATION_CONTEXT(2) 
PARAMETRIC_REPRESENTATION_CONTEXT() REPRESENTATION_CONTEXT('2D SPACE',''
  ) );
#6522 = PCURVE('',#6120,#6523);
#6523 = DEFINITIONAL_REPRESENTATION('',(#6524),#6527);
#6524 = B_SPLINE_CURVE_WITH_KNOTS('',1,(#6525,#6526),.UNSPECIFIED.,.F.,
  .F.,(2,2),(-24.,-18.),.PIECEWISE_BEZIER_KNOTS.);
#6525 = CARTESIAN_POINT('',(-2.3,3.));
#6526 = CARTESIAN_POINT('',(-2.3,-3.));
#6527 = ( GEOMETRIC_REPRESENTATION_CONTEXT(2) 
PARAMETRIC_REPRESENTATION_CONTEXT() REPRESENTATION_CONTEXT('2D SPACE',''
  ) );
#6528 = ADVANCED_FACE('',(#6529),#4127,.F.);
#6529 = FACE_BOUND('',#6530,.T.);
#6530 = EDGE_LOOP('',(#6531,#6552,#6553,#6554));
#6531 = ORIENTED_EDGE('',*,*,#6532,.F.);
#6532 = EDGE_CURVE('',#4081,#4548,#6533,.T.);
#6533 = SURFACE_CURVE('',#6534,(#6538,#6545),.PCURVE_S1.);
#6534 = LINE('',#6535,#6536);
#6535 = CARTESIAN_POINT('',(0.8,-3.,-1.));
#6536 = VECTOR('',#6537,1.);
#6537 = DIRECTION('',(0.,0.,1.));
#6538 = PCURVE('',#4127,#6539);
#6539 = DEFINITIONAL_REPRESENTATION('',(#6540),#6544);
#6540 = LINE('',#6541,#6542);
#6541 = CARTESIAN_POINT('',(-3.14159265359,0.));
#6542 = VECTOR('',#6543,1.);
#6543 = DIRECTION('',(-0.,-1.));
#6544 = ( GEOMETRIC_REPRESENTATION_CONTEXT(2) 
PARAMETRIC_REPRESENTATION_CONTEXT() REPRESENTATION_CONTEXT('2D SPACE',''
  ) );
#6545 = PCURVE('',#4095,#6546);
#6546 = DEFINITIONAL_REPRESENTATION('',(#6547),#6551);
#6547 = LINE('',#6548,#6549);
#6548 = CARTESIAN_POINT('',(88.4,0.));
#6549 = VECTOR('',#6550,1.);
#6550 = DIRECTION('',(0.,-1.));
#6551 = ( GEOMETRIC_REPRESENTATION_CONTEXT(2) 
PARAMETRIC_REPRESENTATION_CONTEXT() REPRESENTATION_CONTEXT('2D SPACE',''
  ) );
#6552 = ORIENTED_EDGE('',*,*,#4106,.T.);
#6553 = ORIENTED_EDGE('',*,*,#5589,.T.);
#6554 = ORIENTED_EDGE('',*,*,#4638,.F.);
#6555 = ADVANCED_FACE('',(#6556),#4095,.F.);
#6556 = FACE_BOUND('',#6557,.F.);
#6557 = EDGE_LOOP('',(#6558,#6559,#6560,#6581,#6582,#6583,#6584,#6585));
#6558 = ORIENTED_EDGE('',*,*,#6532,.F.);
#6559 = ORIENTED_EDGE('',*,*,#4080,.F.);
#6560 = ORIENTED_EDGE('',*,*,#6561,.T.);
#6561 = EDGE_CURVE('',#4048,#5004,#6562,.T.);
#6562 = SURFACE_CURVE('',#6563,(#6567,#6574),.PCURVE_S1.);
#6563 = LINE('',#6564,#6565);
#6564 = CARTESIAN_POINT('',(0.8,-91.4,-1.));
#6565 = VECTOR('',#6566,1.);
#6566 = DIRECTION('',(0.,0.,1.));
#6567 = PCURVE('',#4095,#6568);
#6568 = DEFINITIONAL_REPRESENTATION('',(#6569),#6573);
#6569 = LINE('',#6570,#6571);
#6570 = CARTESIAN_POINT('',(0.,0.));
#6571 = VECTOR('',#6572,1.);
#6572 = DIRECTION('',(0.,-1.));
#6573 = ( GEOMETRIC_REPRESENTATION_CONTEXT(2) 
PARAMETRIC_REPRESENTATION_CONTEXT() REPRESENTATION_CONTEXT('2D SPACE',''
  ) );
#6574 = PCURVE('',#4068,#6575);
#6575 = DEFINITIONAL_REPRESENTATION('',(#6576),#6580);
#6576 = LINE('',#6577,#6578);
#6577 = CARTESIAN_POINT('',(-3.14159265359,0.));
#6578 = VECTOR('',#6579,1.);
#6579 = DIRECTION('',(-0.,-1.));
#6580 = ( GEOMETRIC_REPRESENTATION_CONTEXT(2) 
PARAMETRIC_REPRESENTATION_CONTEXT() REPRESENTATION_CONTEXT('2D SPACE',''
  ) );
#6581 = ORIENTED_EDGE('',*,*,#5003,.T.);
#6582 = ORIENTED_EDGE('',*,*,#5109,.F.);
#6583 = ORIENTED_EDGE('',*,*,#5157,.T.);
#6584 = ORIENTED_EDGE('',*,*,#5181,.T.);
#6585 = ORIENTED_EDGE('',*,*,#4545,.T.);
#6586 = ADVANCED_FACE('',(#6587),#4068,.F.);
#6587 = FACE_BOUND('',#6588,.T.);
#6588 = EDGE_LOOP('',(#6589,#6590,#6591,#6592));
#6589 = ORIENTED_EDGE('',*,*,#6431,.F.);
#6590 = ORIENTED_EDGE('',*,*,#4047,.T.);
#6591 = ORIENTED_EDGE('',*,*,#6561,.T.);
#6592 = ORIENTED_EDGE('',*,*,#5024,.F.);
#6593 = ADVANCED_FACE('',(#6594),#4683,.F.);
#6594 = FACE_BOUND('',#6595,.F.);
#6595 = EDGE_LOOP('',(#6596,#6597,#6617,#6644));
#6596 = ORIENTED_EDGE('',*,*,#4666,.T.);
#6597 = ORIENTED_EDGE('',*,*,#6598,.T.);
#6598 = EDGE_CURVE('',#4667,#6599,#6601,.T.);
#6599 = VERTEX_POINT('',#6600);
#6600 = CARTESIAN_POINT('',(3.7,-3.5,2.));
#6601 = SEAM_CURVE('',#6602,(#6605,#6611),.PCURVE_S1.);
#6602 = B_SPLINE_CURVE_WITH_KNOTS('',1,(#6603,#6604),.UNSPECIFIED.,.F.,
  .F.,(2,2),(0.,1.),.PIECEWISE_BEZIER_KNOTS.);
#6603 = CARTESIAN_POINT('',(4.1,-3.5,1.6));
#6604 = CARTESIAN_POINT('',(3.7,-3.5,2.));
#6605 = PCURVE('',#4683,#6606);
#6606 = DEFINITIONAL_REPRESENTATION('',(#6607),#6610);
#6607 = B_SPLINE_CURVE_WITH_KNOTS('',1,(#6608,#6609),.UNSPECIFIED.,.F.,
  .F.,(2,2),(0.,1.),.PIECEWISE_BEZIER_KNOTS.);
#6608 = CARTESIAN_POINT('',(-6.28318530718,0.));
#6609 = CARTESIAN_POINT('',(-6.28318530718,-0.4));
#6610 = ( GEOMETRIC_REPRESENTATION_CONTEXT(2) 
PARAMETRIC_REPRESENTATION_CONTEXT() REPRESENTATION_CONTEXT('2D SPACE',''
  ) );
#6611 = PCURVE('',#4683,#6612);
#6612 = DEFINITIONAL_REPRESENTATION('',(#6613),#6616);
#6613 = B_SPLINE_CURVE_WITH_KNOTS('',1,(#6614,#6615),.UNSPECIFIED.,.F.,
  .F.,(2,2),(0.,1.),.PIECEWISE_BEZIER_KNOTS.);
#6614 = CARTESIAN_POINT('',(0.,0.));
#6615 = CARTESIAN_POINT('',(0.,-0.4));
#6616 = ( GEOMETRIC_REPRESENTATION_CONTEXT(2) 
PARAMETRIC_REPRESENTATION_CONTEXT() REPRESENTATION_CONTEXT('2D SPACE',''
  ) );
#6617 = ORIENTED_EDGE('',*,*,#6618,.F.);
#6618 = EDGE_CURVE('',#6599,#6599,#6619,.T.);
#6619 = SURFACE_CURVE('',#6620,(#6625,#6632),.PCURVE_S1.);
#6620 = CIRCLE('',#6621,0.8);
#6621 = AXIS2_PLACEMENT_3D('',#6622,#6623,#6624);
#6622 = CARTESIAN_POINT('',(2.9,-3.5,2.));
#6623 = DIRECTION('',(0.,0.,1.));
#6624 = DIRECTION('',(1.,0.,0.));
#6625 = PCURVE('',#4683,#6626);
#6626 = DEFINITIONAL_REPRESENTATION('',(#6627),#6631);
#6627 = LINE('',#6628,#6629);
#6628 = CARTESIAN_POINT('',(-0.,-0.4));
#6629 = VECTOR('',#6630,1.);
#6630 = DIRECTION('',(-1.,-0.));
#6631 = ( GEOMETRIC_REPRESENTATION_CONTEXT(2) 
PARAMETRIC_REPRESENTATION_CONTEXT() REPRESENTATION_CONTEXT('2D SPACE',''
  ) );
#6632 = PCURVE('',#6633,#6638);
#6633 = CYLINDRICAL_SURFACE('',#6634,0.8);
#6634 = AXIS2_PLACEMENT_3D('',#6635,#6636,#6637);
#6635 = CARTESIAN_POINT('',(2.9,-3.5,1.5));
#6636 = DIRECTION('',(-0.,-0.,-1.));
#6637 = DIRECTION('',(1.,0.,0.));
#6638 = DEFINITIONAL_REPRESENTATION('',(#6639),#6643);
#6639 = LINE('',#6640,#6641);
#6640 = CARTESIAN_POINT('',(-0.,-0.5));
#6641 = VECTOR('',#6642,1.);
#6642 = DIRECTION('',(-1.,0.));
#6643 = ( GEOMETRIC_REPRESENTATION_CONTEXT(2) 
PARAMETRIC_REPRESENTATION_CONTEXT() REPRESENTATION_CONTEXT('2D SPACE',''
  ) );
#6644 = ORIENTED_EDGE('',*,*,#6598,.F.);
#6645 = ADVANCED_FACE('',(#6646),#5069,.F.);
#6646 = FACE_BOUND('',#6647,.F.);
#6647 = EDGE_LOOP('',(#6648,#6649,#6669,#6696));
#6648 = ORIENTED_EDGE('',*,*,#5052,.T.);
#6649 = ORIENTED_EDGE('',*,*,#6650,.T.);
#6650 = EDGE_CURVE('',#5053,#6651,#6653,.T.);
#6651 = VERTEX_POINT('',#6652);
#6652 = CARTESIAN_POINT('',(3.7,-90.9,2.));
#6653 = SEAM_CURVE('',#6654,(#6657,#6663),.PCURVE_S1.);
#6654 = B_SPLINE_CURVE_WITH_KNOTS('',1,(#6655,#6656),.UNSPECIFIED.,.F.,
  .F.,(2,2),(0.,1.),.PIECEWISE_BEZIER_KNOTS.);
#6655 = CARTESIAN_POINT('',(4.1,-90.9,1.6));
#6656 = CARTESIAN_POINT('',(3.7,-90.9,2.));
#6657 = PCURVE('',#5069,#6658);
#6658 = DEFINITIONAL_REPRESENTATION('',(#6659),#6662);
#6659 = B_SPLINE_CURVE_WITH_KNOTS('',1,(#6660,#6661),.UNSPECIFIED.,.F.,
  .F.,(2,2),(0.,1.),.PIECEWISE_BEZIER_KNOTS.);
#6660 = CARTESIAN_POINT('',(-6.28318530718,0.));
#6661 = CARTESIAN_POINT('',(-6.28318530718,-0.4));
#6662 = ( GEOMETRIC_REPRESENTATION_CONTEXT(2) 
PARAMETRIC_REPRESENTATION_CONTEXT() REPRESENTATION_CONTEXT('2D SPACE',''
  ) );
#6663 = PCURVE('',#5069,#6664);
#6664 = DEFINITIONAL_REPRESENTATION('',(#6665),#6668);
#6665 = B_SPLINE_CURVE_WITH_KNOTS('',1,(#6666,#6667),.UNSPECIFIED.,.F.,
  .F.,(2,2),(0.,1.),.PIECEWISE_BEZIER_KNOTS.);
#6666 = CARTESIAN_POINT('',(0.,0.));
#6667 = CARTESIAN_POINT('',(0.,-0.4));
#6668 = ( GEOMETRIC_REPRESENTATION_CONTEXT(2) 
PARAMETRIC_REPRESENTATION_CONTEXT() REPRESENTATION_CONTEXT('2D SPACE',''
  ) );
#6669 = ORIENTED_EDGE('',*,*,#6670,.F.);
#6670 = EDGE_CURVE('',#6651,#6651,#6671,.T.);
#6671 = SURFACE_CURVE('',#6672,(#6677,#6684),.PCURVE_S1.);
#6672 = CIRCLE('',#6673,0.8);
#6673 = AXIS2_PLACEMENT_3D('',#6674,#6675,#6676);
#6674 = CARTESIAN_POINT('',(2.9,-90.9,2.));
#6675 = DIRECTION('',(0.,0.,1.));
#6676 = DIRECTION('',(1.,0.,0.));
#6677 = PCURVE('',#5069,#6678);
#6678 = DEFINITIONAL_REPRESENTATION('',(#6679),#6683);
#6679 = LINE('',#6680,#6681);
#6680 = CARTESIAN_POINT('',(-0.,-0.4));
#6681 = VECTOR('',#6682,1.);
#6682 = DIRECTION('',(-1.,-0.));
#6683 = ( GEOMETRIC_REPRESENTATION_CONTEXT(2) 
PARAMETRIC_REPRESENTATION_CONTEXT() REPRESENTATION_CONTEXT('2D SPACE',''
  ) );
#6684 = PCURVE('',#6685,#6690);
#6685 = CYLINDRICAL_SURFACE('',#6686,0.8);
#6686 = AXIS2_PLACEMENT_3D('',#6687,#6688,#6689);
#6687 = CARTESIAN_POINT('',(2.9,-90.9,1.5));
#6688 = DIRECTION('',(-0.,-0.,-1.));
#6689 = DIRECTION('',(1.,0.,0.));
#6690 = DEFINITIONAL_REPRESENTATION('',(#6691),#6695);
#6691 = LINE('',#6692,#6693);
#6692 = CARTESIAN_POINT('',(-0.,-0.5));
#6693 = VECTOR('',#6694,1.);
#6694 = DIRECTION('',(-1.,0.));
#6695 = ( GEOMETRIC_REPRESENTATION_CONTEXT(2) 
PARAMETRIC_REPRESENTATION_CONTEXT() REPRESENTATION_CONTEXT('2D SPACE',''
  ) );
#6696 = ORIENTED_EDGE('',*,*,#6650,.F.);
#6697 = ADVANCED_FACE('',(#6698,#6702),#5840,.F.);
#6698 = FACE_BOUND('',#6699,.F.);
#6699 = EDGE_LOOP('',(#6700,#6701));
#6700 = ORIENTED_EDGE('',*,*,#5874,.T.);
#6701 = ORIENTED_EDGE('',*,*,#5825,.F.);
#6702 = FACE_BOUND('',#6703,.F.);
#6703 = EDGE_LOOP('',(#6704));
#6704 = ORIENTED_EDGE('',*,*,#6705,.F.);
#6705 = EDGE_CURVE('',#6706,#6706,#6708,.T.);
#6706 = VERTEX_POINT('',#6707);
#6707 = CARTESIAN_POINT('',(132.9185,-3.5,1.6));
#6708 = SURFACE_CURVE('',#6709,(#6714,#6721),.PCURVE_S1.);
#6709 = CIRCLE('',#6710,1.2);
#6710 = AXIS2_PLACEMENT_3D('',#6711,#6712,#6713);
#6711 = CARTESIAN_POINT('',(131.7185,-3.5,1.6));
#6712 = DIRECTION('',(0.,0.,1.));
#6713 = DIRECTION('',(1.,0.,0.));
#6714 = PCURVE('',#5840,#6715);
#6715 = DEFINITIONAL_REPRESENTATION('',(#6716),#6720);
#6716 = CIRCLE('',#6717,1.2);
#6717 = AXIS2_PLACEMENT_2D('',#6718,#6719);
#6718 = CARTESIAN_POINT('',(0.,-8.881784197001E-16));
#6719 = DIRECTION('',(1.,0.));
#6720 = ( GEOMETRIC_REPRESENTATION_CONTEXT(2) 
PARAMETRIC_REPRESENTATION_CONTEXT() REPRESENTATION_CONTEXT('2D SPACE',''
  ) );
#6721 = PCURVE('',#6722,#6727);
#6722 = CONICAL_SURFACE('',#6723,1.2,0.785398163397);
#6723 = AXIS2_PLACEMENT_3D('',#6724,#6725,#6726);
#6724 = CARTESIAN_POINT('',(131.7185,-3.5,1.6));
#6725 = DIRECTION('',(-0.,-0.,-1.));
#6726 = DIRECTION('',(1.,0.,0.));
#6727 = DEFINITIONAL_REPRESENTATION('',(#6728),#6732);
#6728 = LINE('',#6729,#6730);
#6729 = CARTESIAN_POINT('',(-0.,-0.));
#6730 = VECTOR('',#6731,1.);
#6731 = DIRECTION('',(-1.,-0.));
#6732 = ( GEOMETRIC_REPRESENTATION_CONTEXT(2) 
PARAMETRIC_REPRESENTATION_CONTEXT() REPRESENTATION_CONTEXT('2D SPACE',''
  ) );
#6733 = ADVANCED_FACE('',(#6734,#6738),#5773,.F.);
#6734 = FACE_BOUND('',#6735,.F.);
#6735 = EDGE_LOOP('',(#6736,#6737));
#6736 = ORIENTED_EDGE('',*,*,#5902,.T.);
#6737 = ORIENTED_EDGE('',*,*,#5758,.F.);
#6738 = FACE_BOUND('',#6739,.F.);
#6739 = EDGE_LOOP('',(#6740));
#6740 = ORIENTED_EDGE('',*,*,#6741,.F.);
#6741 = EDGE_CURVE('',#6742,#6742,#6744,.T.);
#6742 = VERTEX_POINT('',#6743);
#6743 = CARTESIAN_POINT('',(114.8815,-3.5,1.6));
#6744 = SURFACE_CURVE('',#6745,(#6750,#6757),.PCURVE_S1.);
#6745 = CIRCLE('',#6746,1.2);
#6746 = AXIS2_PLACEMENT_3D('',#6747,#6748,#6749);
#6747 = CARTESIAN_POINT('',(113.6815,-3.5,1.6));
#6748 = DIRECTION('',(0.,0.,1.));
#6749 = DIRECTION('',(1.,0.,0.));
#6750 = PCURVE('',#5773,#6751);
#6751 = DEFINITIONAL_REPRESENTATION('',(#6752),#6756);
#6752 = CIRCLE('',#6753,1.2);
#6753 = AXIS2_PLACEMENT_2D('',#6754,#6755);
#6754 = CARTESIAN_POINT('',(0.,-8.881784197001E-16));
#6755 = DIRECTION('',(1.,0.));
#6756 = ( GEOMETRIC_REPRESENTATION_CONTEXT(2) 
PARAMETRIC_REPRESENTATION_CONTEXT() REPRESENTATION_CONTEXT('2D SPACE',''
  ) );
#6757 = PCURVE('',#6758,#6763);
#6758 = CONICAL_SURFACE('',#6759,1.2,0.785398163397);
#6759 = AXIS2_PLACEMENT_3D('',#6760,#6761,#6762);
#6760 = CARTESIAN_POINT('',(113.6815,-3.5,1.6));
#6761 = DIRECTION('',(-0.,-0.,-1.));
#6762 = DIRECTION('',(1.,0.,0.));
#6763 = DEFINITIONAL_REPRESENTATION('',(#6764),#6768);
#6764 = LINE('',#6765,#6766);
#6765 = CARTESIAN_POINT('',(-0.,-0.));
#6766 = VECTOR('',#6767,1.);
#6767 = DIRECTION('',(-1.,-0.));
#6768 = ( GEOMETRIC_REPRESENTATION_CONTEXT(2) 
PARAMETRIC_REPRESENTATION_CONTEXT() REPRESENTATION_CONTEXT('2D SPACE',''
  ) );
#6769 = ADVANCED_FACE('',(#6770),#5704,.F.);
#6770 = FACE_BOUND('',#6771,.F.);
#6771 = EDGE_LOOP('',(#6772,#6773,#6774));
#6772 = ORIENTED_EDGE('',*,*,#5688,.F.);
#6773 = ORIENTED_EDGE('',*,*,#5985,.T.);
#6774 = ORIENTED_EDGE('',*,*,#5930,.T.);
#6775 = ADVANCED_FACE('',(#6776),#5653,.F.);
#6776 = FACE_BOUND('',#6777,.F.);
#6777 = EDGE_LOOP('',(#6778,#6779,#6780,#6781));
#6778 = ORIENTED_EDGE('',*,*,#6487,.T.);
#6779 = ORIENTED_EDGE('',*,*,#6054,.T.);
#6780 = ORIENTED_EDGE('',*,*,#6006,.T.);
#6781 = ORIENTED_EDGE('',*,*,#5637,.T.);
#6782 = ADVANCED_FACE('',(#6783,#6787),#6120,.F.);
#6783 = FACE_BOUND('',#6784,.F.);
#6784 = EDGE_LOOP('',(#6785,#6786));
#6785 = ORIENTED_EDGE('',*,*,#6103,.T.);
#6786 = ORIENTED_EDGE('',*,*,#6509,.T.);
#6787 = FACE_BOUND('',#6788,.F.);
#6788 = EDGE_LOOP('',(#6789));
#6789 = ORIENTED_EDGE('',*,*,#6790,.F.);
#6790 = EDGE_CURVE('',#6791,#6791,#6793,.T.);
#6791 = VERTEX_POINT('',#6792);
#6792 = CARTESIAN_POINT('',(110.7,-47.2,1.6));
#6793 = SURFACE_CURVE('',#6794,(#6799,#6806),.PCURVE_S1.);
#6794 = CIRCLE('',#6795,1.2);
#6795 = AXIS2_PLACEMENT_3D('',#6796,#6797,#6798);
#6796 = CARTESIAN_POINT('',(109.5,-47.2,1.6));
#6797 = DIRECTION('',(0.,0.,1.));
#6798 = DIRECTION('',(1.,0.,0.));
#6799 = PCURVE('',#6120,#6800);
#6800 = DEFINITIONAL_REPRESENTATION('',(#6801),#6805);
#6801 = CIRCLE('',#6802,1.2);
#6802 = AXIS2_PLACEMENT_2D('',#6803,#6804);
#6803 = CARTESIAN_POINT('',(1.42108547152E-14,-7.105427357601E-15));
#6804 = DIRECTION('',(1.,0.));
#6805 = ( GEOMETRIC_REPRESENTATION_CONTEXT(2) 
PARAMETRIC_REPRESENTATION_CONTEXT() REPRESENTATION_CONTEXT('2D SPACE',''
  ) );
#6806 = PCURVE('',#6807,#6812);
#6807 = CONICAL_SURFACE('',#6808,1.2,0.785398163397);
#6808 = AXIS2_PLACEMENT_3D('',#6809,#6810,#6811);
#6809 = CARTESIAN_POINT('',(109.5,-47.2,1.6));
#6810 = DIRECTION('',(-0.,-0.,-1.));
#6811 = DIRECTION('',(1.,0.,0.));
#6812 = DEFINITIONAL_REPRESENTATION('',(#6813),#6817);
#6813 = LINE('',#6814,#6815);
#6814 = CARTESIAN_POINT('',(-0.,-0.));
#6815 = VECTOR('',#6816,1.);
#6816 = DIRECTION('',(-1.,-0.));
#6817 = ( GEOMETRIC_REPRESENTATION_CONTEXT(2) 
PARAMETRIC_REPRESENTATION_CONTEXT() REPRESENTATION_CONTEXT('2D SPACE',''
  ) );
#6818 = ADVANCED_FACE('',(#6819),#6170,.F.);
#6819 = FACE_BOUND('',#6820,.F.);
#6820 = EDGE_LOOP('',(#6821,#6822,#6823,#6824));
#6821 = ORIENTED_EDGE('',*,*,#6459,.T.);
#6822 = ORIENTED_EDGE('',*,*,#6385,.T.);
#6823 = ORIENTED_EDGE('',*,*,#6210,.T.);
#6824 = ORIENTED_EDGE('',*,*,#6154,.T.);
#6825 = ADVANCED_FACE('',(#6826),#6272,.F.);
#6826 = FACE_BOUND('',#6827,.F.);
#6827 = EDGE_LOOP('',(#6828,#6829,#6830));
#6828 = ORIENTED_EDGE('',*,*,#6256,.T.);
#6829 = ORIENTED_EDGE('',*,*,#6407,.T.);
#6830 = ORIENTED_EDGE('',*,*,#6307,.T.);
#6831 = ADVANCED_FACE('',(#6832),#6633,.F.);
#6832 = FACE_BOUND('',#6833,.T.);
#6833 = EDGE_LOOP('',(#6834,#6835,#6858,#6885));
#6834 = ORIENTED_EDGE('',*,*,#6618,.F.);
#6835 = ORIENTED_EDGE('',*,*,#6836,.T.);
#6836 = EDGE_CURVE('',#6599,#6837,#6839,.T.);
#6837 = VERTEX_POINT('',#6838);
#6838 = CARTESIAN_POINT('',(3.7,-3.5,3.6));
#6839 = SEAM_CURVE('',#6840,(#6844,#6851),.PCURVE_S1.);
#6840 = LINE('',#6841,#6842);
#6841 = CARTESIAN_POINT('',(3.7,-3.5,1.5));
#6842 = VECTOR('',#6843,1.);
#6843 = DIRECTION('',(0.,0.,1.));
#6844 = PCURVE('',#6633,#6845);
#6845 = DEFINITIONAL_REPRESENTATION('',(#6846),#6850);
#6846 = LINE('',#6847,#6848);
#6847 = CARTESIAN_POINT('',(-6.28318530718,0.));
#6848 = VECTOR('',#6849,1.);
#6849 = DIRECTION('',(-0.,-1.));
#6850 = ( GEOMETRIC_REPRESENTATION_CONTEXT(2) 
PARAMETRIC_REPRESENTATION_CONTEXT() REPRESENTATION_CONTEXT('2D SPACE',''
  ) );
#6851 = PCURVE('',#6633,#6852);
#6852 = DEFINITIONAL_REPRESENTATION('',(#6853),#6857);
#6853 = LINE('',#6854,#6855);
#6854 = CARTESIAN_POINT('',(-0.,0.));
#6855 = VECTOR('',#6856,1.);
#6856 = DIRECTION('',(-0.,-1.));
#6857 = ( GEOMETRIC_REPRESENTATION_CONTEXT(2) 
PARAMETRIC_REPRESENTATION_CONTEXT() REPRESENTATION_CONTEXT('2D SPACE',''
  ) );
#6858 = ORIENTED_EDGE('',*,*,#6859,.T.);
#6859 = EDGE_CURVE('',#6837,#6837,#6860,.T.);
#6860 = SURFACE_CURVE('',#6861,(#6866,#6873),.PCURVE_S1.);
#6861 = CIRCLE('',#6862,0.8);
#6862 = AXIS2_PLACEMENT_3D('',#6863,#6864,#6865);
#6863 = CARTESIAN_POINT('',(2.9,-3.5,3.6));
#6864 = DIRECTION('',(0.,0.,1.));
#6865 = DIRECTION('',(1.,0.,0.));
#6866 = PCURVE('',#6633,#6867);
#6867 = DEFINITIONAL_REPRESENTATION('',(#6868),#6872);
#6868 = LINE('',#6869,#6870);
#6869 = CARTESIAN_POINT('',(-0.,-2.1));
#6870 = VECTOR('',#6871,1.);
#6871 = DIRECTION('',(-1.,0.));
#6872 = ( GEOMETRIC_REPRESENTATION_CONTEXT(2) 
PARAMETRIC_REPRESENTATION_CONTEXT() REPRESENTATION_CONTEXT('2D SPACE',''
  ) );
#6873 = PCURVE('',#6874,#6879);
#6874 = PLANE('',#6875);
#6875 = AXIS2_PLACEMENT_3D('',#6876,#6877,#6878);
#6876 = CARTESIAN_POINT('',(2.9,-3.5,3.6));
#6877 = DIRECTION('',(0.,0.,1.));
#6878 = DIRECTION('',(1.,0.,-0.));
#6879 = DEFINITIONAL_REPRESENTATION('',(#6880),#6884);
#6880 = CIRCLE('',#6881,0.8);
#6881 = AXIS2_PLACEMENT_2D('',#6882,#6883);
#6882 = CARTESIAN_POINT('',(0.,0.));
#6883 = DIRECTION('',(1.,0.));
#6884 = ( GEOMETRIC_REPRESENTATION_CONTEXT(2) 
PARAMETRIC_REPRESENTATION_CONTEXT() REPRESENTATION_CONTEXT('2D SPACE',''
  ) );
#6885 = ORIENTED_EDGE('',*,*,#6836,.F.);
#6886 = ADVANCED_FACE('',(#6887),#6685,.F.);
#6887 = FACE_BOUND('',#6888,.T.);
#6888 = EDGE_LOOP('',(#6889,#6890,#6913,#6940));
#6889 = ORIENTED_EDGE('',*,*,#6670,.F.);
#6890 = ORIENTED_EDGE('',*,*,#6891,.T.);
#6891 = EDGE_CURVE('',#6651,#6892,#6894,.T.);
#6892 = VERTEX_POINT('',#6893);
#6893 = CARTESIAN_POINT('',(3.7,-90.9,3.6));
#6894 = SEAM_CURVE('',#6895,(#6899,#6906),.PCURVE_S1.);
#6895 = LINE('',#6896,#6897);
#6896 = CARTESIAN_POINT('',(3.7,-90.9,1.5));
#6897 = VECTOR('',#6898,1.);
#6898 = DIRECTION('',(0.,0.,1.));
#6899 = PCURVE('',#6685,#6900);
#6900 = DEFINITIONAL_REPRESENTATION('',(#6901),#6905);
#6901 = LINE('',#6902,#6903);
#6902 = CARTESIAN_POINT('',(-6.28318530718,0.));
#6903 = VECTOR('',#6904,1.);
#6904 = DIRECTION('',(-0.,-1.));
#6905 = ( GEOMETRIC_REPRESENTATION_CONTEXT(2) 
PARAMETRIC_REPRESENTATION_CONTEXT() REPRESENTATION_CONTEXT('2D SPACE',''
  ) );
#6906 = PCURVE('',#6685,#6907);
#6907 = DEFINITIONAL_REPRESENTATION('',(#6908),#6912);
#6908 = LINE('',#6909,#6910);
#6909 = CARTESIAN_POINT('',(-0.,0.));
#6910 = VECTOR('',#6911,1.);
#6911 = DIRECTION('',(-0.,-1.));
#6912 = ( GEOMETRIC_REPRESENTATION_CONTEXT(2) 
PARAMETRIC_REPRESENTATION_CONTEXT() REPRESENTATION_CONTEXT('2D SPACE',''
  ) );
#6913 = ORIENTED_EDGE('',*,*,#6914,.T.);
#6914 = EDGE_CURVE('',#6892,#6892,#6915,.T.);
#6915 = SURFACE_CURVE('',#6916,(#6921,#6928),.PCURVE_S1.);
#6916 = CIRCLE('',#6917,0.8);
#6917 = AXIS2_PLACEMENT_3D('',#6918,#6919,#6920);
#6918 = CARTESIAN_POINT('',(2.9,-90.9,3.6));
#6919 = DIRECTION('',(0.,0.,1.));
#6920 = DIRECTION('',(1.,0.,0.));
#6921 = PCURVE('',#6685,#6922);
#6922 = DEFINITIONAL_REPRESENTATION('',(#6923),#6927);
#6923 = LINE('',#6924,#6925);
#6924 = CARTESIAN_POINT('',(-0.,-2.1));
#6925 = VECTOR('',#6926,1.);
#6926 = DIRECTION('',(-1.,0.));
#6927 = ( GEOMETRIC_REPRESENTATION_CONTEXT(2) 
PARAMETRIC_REPRESENTATION_CONTEXT() REPRESENTATION_CONTEXT('2D SPACE',''
  ) );
#6928 = PCURVE('',#6929,#6934);
#6929 = PLANE('',#6930);
#6930 = AXIS2_PLACEMENT_3D('',#6931,#6932,#6933);
#6931 = CARTESIAN_POINT('',(2.9,-90.9,3.6));
#6932 = DIRECTION('',(0.,0.,1.));
#6933 = DIRECTION('',(1.,0.,-0.));
#6934 = DEFINITIONAL_REPRESENTATION('',(#6935),#6939);
#6935 = CIRCLE('',#6936,0.8);
#6936 = AXIS2_PLACEMENT_2D('',#6937,#6938);
#6937 = CARTESIAN_POINT('',(0.,0.));
#6938 = DIRECTION('',(1.,0.));
#6939 = ( GEOMETRIC_REPRESENTATION_CONTEXT(2) 
PARAMETRIC_REPRESENTATION_CONTEXT() REPRESENTATION_CONTEXT('2D SPACE',''
  ) );
#6940 = ORIENTED_EDGE('',*,*,#6891,.F.);
#6941 = ADVANCED_FACE('',(#6942),#6722,.F.);
#6942 = FACE_BOUND('',#6943,.F.);
#6943 = EDGE_LOOP('',(#6944,#6945,#6965,#6992));
#6944 = ORIENTED_EDGE('',*,*,#6705,.T.);
#6945 = ORIENTED_EDGE('',*,*,#6946,.T.);
#6946 = EDGE_CURVE('',#6706,#6947,#6949,.T.);
#6947 = VERTEX_POINT('',#6948);
#6948 = CARTESIAN_POINT('',(132.5185,-3.5,2.));
#6949 = SEAM_CURVE('',#6950,(#6953,#6959),.PCURVE_S1.);
#6950 = B_SPLINE_CURVE_WITH_KNOTS('',1,(#6951,#6952),.UNSPECIFIED.,.F.,
  .F.,(2,2),(0.,1.),.PIECEWISE_BEZIER_KNOTS.);
#6951 = CARTESIAN_POINT('',(132.9185,-3.5,1.6));
#6952 = CARTESIAN_POINT('',(132.5185,-3.5,2.));
#6953 = PCURVE('',#6722,#6954);
#6954 = DEFINITIONAL_REPRESENTATION('',(#6955),#6958);
#6955 = B_SPLINE_CURVE_WITH_KNOTS('',1,(#6956,#6957),.UNSPECIFIED.,.F.,
  .F.,(2,2),(0.,1.),.PIECEWISE_BEZIER_KNOTS.);
#6956 = CARTESIAN_POINT('',(-6.28318530718,0.));
#6957 = CARTESIAN_POINT('',(-6.28318530718,-0.4));
#6958 = ( GEOMETRIC_REPRESENTATION_CONTEXT(2) 
PARAMETRIC_REPRESENTATION_CONTEXT() REPRESENTATION_CONTEXT('2D SPACE',''
  ) );
#6959 = PCURVE('',#6722,#6960);
#6960 = DEFINITIONAL_REPRESENTATION('',(#6961),#6964);
#6961 = B_SPLINE_CURVE_WITH_KNOTS('',1,(#6962,#6963),.UNSPECIFIED.,.F.,
  .F.,(2,2),(0.,1.),.PIECEWISE_BEZIER_KNOTS.);
#6962 = CARTESIAN_POINT('',(0.,0.));
#6963 = CARTESIAN_POINT('',(0.,-0.4));
#6964 = ( GEOMETRIC_REPRESENTATION_CONTEXT(2) 
PARAMETRIC_REPRESENTATION_CONTEXT() REPRESENTATION_CONTEXT('2D SPACE',''
  ) );
#6965 = ORIENTED_EDGE('',*,*,#6966,.F.);
#6966 = EDGE_CURVE('',#6947,#6947,#6967,.T.);
#6967 = SURFACE_CURVE('',#6968,(#6973,#6980),.PCURVE_S1.);
#6968 = CIRCLE('',#6969,0.8);
#6969 = AXIS2_PLACEMENT_3D('',#6970,#6971,#6972);
#6970 = CARTESIAN_POINT('',(131.7185,-3.5,2.));
#6971 = DIRECTION('',(0.,0.,1.));
#6972 = DIRECTION('',(1.,0.,0.));
#6973 = PCURVE('',#6722,#6974);
#6974 = DEFINITIONAL_REPRESENTATION('',(#6975),#6979);
#6975 = LINE('',#6976,#6977);
#6976 = CARTESIAN_POINT('',(-0.,-0.4));
#6977 = VECTOR('',#6978,1.);
#6978 = DIRECTION('',(-1.,-0.));
#6979 = ( GEOMETRIC_REPRESENTATION_CONTEXT(2) 
PARAMETRIC_REPRESENTATION_CONTEXT() REPRESENTATION_CONTEXT('2D SPACE',''
  ) );
#6980 = PCURVE('',#6981,#6986);
#6981 = CYLINDRICAL_SURFACE('',#6982,0.8);
#6982 = AXIS2_PLACEMENT_3D('',#6983,#6984,#6985);
#6983 = CARTESIAN_POINT('',(131.7185,-3.5,1.5));
#6984 = DIRECTION('',(-0.,-0.,-1.));
#6985 = DIRECTION('',(1.,0.,0.));
#6986 = DEFINITIONAL_REPRESENTATION('',(#6987),#6991);
#6987 = LINE('',#6988,#6989);
#6988 = CARTESIAN_POINT('',(-0.,-0.5));
#6989 = VECTOR('',#6990,1.);
#6990 = DIRECTION('',(-1.,0.));
#6991 = ( GEOMETRIC_REPRESENTATION_CONTEXT(2) 
PARAMETRIC_REPRESENTATION_CONTEXT() REPRESENTATION_CONTEXT('2D SPACE',''
  ) );
#6992 = ORIENTED_EDGE('',*,*,#6946,.F.);
#6993 = ADVANCED_FACE('',(#6994),#6758,.F.);
#6994 = FACE_BOUND('',#6995,.F.);
#6995 = EDGE_LOOP('',(#6996,#6997,#7017,#7044));
#6996 = ORIENTED_EDGE('',*,*,#6741,.T.);
#6997 = ORIENTED_EDGE('',*,*,#6998,.T.);
#6998 = EDGE_CURVE('',#6742,#6999,#7001,.T.);
#6999 = VERTEX_POINT('',#7000);
#7000 = CARTESIAN_POINT('',(114.4815,-3.5,2.));
#7001 = SEAM_CURVE('',#7002,(#7005,#7011),.PCURVE_S1.);
#7002 = B_SPLINE_CURVE_WITH_KNOTS('',1,(#7003,#7004),.UNSPECIFIED.,.F.,
  .F.,(2,2),(0.,1.),.PIECEWISE_BEZIER_KNOTS.);
#7003 = CARTESIAN_POINT('',(114.8815,-3.5,1.6));
#7004 = CARTESIAN_POINT('',(114.4815,-3.5,2.));
#7005 = PCURVE('',#6758,#7006);
#7006 = DEFINITIONAL_REPRESENTATION('',(#7007),#7010);
#7007 = B_SPLINE_CURVE_WITH_KNOTS('',1,(#7008,#7009),.UNSPECIFIED.,.F.,
  .F.,(2,2),(0.,1.),.PIECEWISE_BEZIER_KNOTS.);
#7008 = CARTESIAN_POINT('',(-6.28318530718,0.));
#7009 = CARTESIAN_POINT('',(-6.28318530718,-0.4));
#7010 = ( GEOMETRIC_REPRESENTATION_CONTEXT(2) 
PARAMETRIC_REPRESENTATION_CONTEXT() REPRESENTATION_CONTEXT('2D SPACE',''
  ) );
#7011 = PCURVE('',#6758,#7012);
#7012 = DEFINITIONAL_REPRESENTATION('',(#7013),#7016);
#7013 = B_SPLINE_CURVE_WITH_KNOTS('',1,(#7014,#7015),.UNSPECIFIED.,.F.,
  .F.,(2,2),(0.,1.),.PIECEWISE_BEZIER_KNOTS.);
#7014 = CARTESIAN_POINT('',(0.,0.));
#7015 = CARTESIAN_POINT('',(0.,-0.4));
#7016 = ( GEOMETRIC_REPRESENTATION_CONTEXT(2) 
PARAMETRIC_REPRESENTATION_CONTEXT() REPRESENTATION_CONTEXT('2D SPACE',''
  ) );
#7017 = ORIENTED_EDGE('',*,*,#7018,.F.);
#7018 = EDGE_CURVE('',#6999,#6999,#7019,.T.);
#7019 = SURFACE_CURVE('',#7020,(#7025,#7032),.PCURVE_S1.);
#7020 = CIRCLE('',#7021,0.8);
#7021 = AXIS2_PLACEMENT_3D('',#7022,#7023,#7024);
#7022 = CARTESIAN_POINT('',(113.6815,-3.5,2.));
#7023 = DIRECTION('',(0.,0.,1.));
#7024 = DIRECTION('',(1.,0.,0.));
#7025 = PCURVE('',#6758,#7026);
#7026 = DEFINITIONAL_REPRESENTATION('',(#7027),#7031);
#7027 = LINE('',#7028,#7029);
#7028 = CARTESIAN_POINT('',(-0.,-0.4));
#7029 = VECTOR('',#7030,1.);
#7030 = DIRECTION('',(-1.,-0.));
#7031 = ( GEOMETRIC_REPRESENTATION_CONTEXT(2) 
PARAMETRIC_REPRESENTATION_CONTEXT() REPRESENTATION_CONTEXT('2D SPACE',''
  ) );
#7032 = PCURVE('',#7033,#7038);
#7033 = CYLINDRICAL_SURFACE('',#7034,0.8);
#7034 = AXIS2_PLACEMENT_3D('',#7035,#7036,#7037);
#7035 = CARTESIAN_POINT('',(113.6815,-3.5,1.5));
#7036 = DIRECTION('',(-0.,-0.,-1.));
#7037 = DIRECTION('',(1.,0.,0.));
#7038 = DEFINITIONAL_REPRESENTATION('',(#7039),#7043);
#7039 = LINE('',#7040,#7041);
#7040 = CARTESIAN_POINT('',(-0.,-0.5));
#7041 = VECTOR('',#7042,1.);
#7042 = DIRECTION('',(-1.,0.));
#7043 = ( GEOMETRIC_REPRESENTATION_CONTEXT(2) 
PARAMETRIC_REPRESENTATION_CONTEXT() REPRESENTATION_CONTEXT('2D SPACE',''
  ) );
#7044 = ORIENTED_EDGE('',*,*,#6998,.F.);
#7045 = ADVANCED_FACE('',(#7046),#6807,.F.);
#7046 = FACE_BOUND('',#7047,.F.);
#7047 = EDGE_LOOP('',(#7048,#7049,#7069,#7096));
#7048 = ORIENTED_EDGE('',*,*,#6790,.T.);
#7049 = ORIENTED_EDGE('',*,*,#7050,.T.);
#7050 = EDGE_CURVE('',#6791,#7051,#7053,.T.);
#7051 = VERTEX_POINT('',#7052);
#7052 = CARTESIAN_POINT('',(110.3,-47.2,2.));
#7053 = SEAM_CURVE('',#7054,(#7057,#7063),.PCURVE_S1.);
#7054 = B_SPLINE_CURVE_WITH_KNOTS('',1,(#7055,#7056),.UNSPECIFIED.,.F.,
  .F.,(2,2),(0.,1.),.PIECEWISE_BEZIER_KNOTS.);
#7055 = CARTESIAN_POINT('',(110.7,-47.2,1.6));
#7056 = CARTESIAN_POINT('',(110.3,-47.2,2.));
#7057 = PCURVE('',#6807,#7058);
#7058 = DEFINITIONAL_REPRESENTATION('',(#7059),#7062);
#7059 = B_SPLINE_CURVE_WITH_KNOTS('',1,(#7060,#7061),.UNSPECIFIED.,.F.,
  .F.,(2,2),(0.,1.),.PIECEWISE_BEZIER_KNOTS.);
#7060 = CARTESIAN_POINT('',(-6.28318530718,0.));
#7061 = CARTESIAN_POINT('',(-6.28318530718,-0.4));
#7062 = ( GEOMETRIC_REPRESENTATION_CONTEXT(2) 
PARAMETRIC_REPRESENTATION_CONTEXT() REPRESENTATION_CONTEXT('2D SPACE',''
  ) );
#7063 = PCURVE('',#6807,#7064);
#7064 = DEFINITIONAL_REPRESENTATION('',(#7065),#7068);
#7065 = B_SPLINE_CURVE_WITH_KNOTS('',1,(#7066,#7067),.UNSPECIFIED.,.F.,
  .F.,(2,2),(0.,1.),.PIECEWISE_BEZIER_KNOTS.);
#7066 = CARTESIAN_POINT('',(0.,0.));
#7067 = CARTESIAN_POINT('',(0.,-0.4));
#7068 = ( GEOMETRIC_REPRESENTATION_CONTEXT(2) 
PARAMETRIC_REPRESENTATION_CONTEXT() REPRESENTATION_CONTEXT('2D SPACE',''
  ) );
#7069 = ORIENTED_EDGE('',*,*,#7070,.F.);
#7070 = EDGE_CURVE('',#7051,#7051,#7071,.T.);
#7071 = SURFACE_CURVE('',#7072,(#7077,#7084),.PCURVE_S1.);
#7072 = CIRCLE('',#7073,0.8);
#7073 = AXIS2_PLACEMENT_3D('',#7074,#7075,#7076);
#7074 = CARTESIAN_POINT('',(109.5,-47.2,2.));
#7075 = DIRECTION('',(0.,0.,1.));
#7076 = DIRECTION('',(1.,0.,0.));
#7077 = PCURVE('',#6807,#7078);
#7078 = DEFINITIONAL_REPRESENTATION('',(#7079),#7083);
#7079 = LINE('',#7080,#7081);
#7080 = CARTESIAN_POINT('',(-0.,-0.4));
#7081 = VECTOR('',#7082,1.);
#7082 = DIRECTION('',(-1.,-0.));
#7083 = ( GEOMETRIC_REPRESENTATION_CONTEXT(2) 
PARAMETRIC_REPRESENTATION_CONTEXT() REPRESENTATION_CONTEXT('2D SPACE',''
  ) );
#7084 = PCURVE('',#7085,#7090);
#7085 = CYLINDRICAL_SURFACE('',#7086,0.8);
#7086 = AXIS2_PLACEMENT_3D('',#7087,#7088,#7089);
#7087 = CARTESIAN_POINT('',(109.5,-47.2,1.5));
#7088 = DIRECTION('',(-0.,-0.,-1.));
#7089 = DIRECTION('',(1.,0.,0.));
#7090 = DEFINITIONAL_REPRESENTATION('',(#7091),#7095);
#7091 = LINE('',#7092,#7093);
#7092 = CARTESIAN_POINT('',(-0.,-0.5));
#7093 = VECTOR('',#7094,1.);
#7094 = DIRECTION('',(-1.,0.));
#7095 = ( GEOMETRIC_REPRESENTATION_CONTEXT(2) 
PARAMETRIC_REPRESENTATION_CONTEXT() REPRESENTATION_CONTEXT('2D SPACE',''
  ) );
#7096 = ORIENTED_EDGE('',*,*,#7050,.F.);
#7097 = ADVANCED_FACE('',(#7098),#6874,.F.);
#7098 = FACE_BOUND('',#7099,.F.);
#7099 = EDGE_LOOP('',(#7100));
#7100 = ORIENTED_EDGE('',*,*,#6859,.T.);
#7101 = ADVANCED_FACE('',(#7102),#6929,.F.);
#7102 = FACE_BOUND('',#7103,.F.);
#7103 = EDGE_LOOP('',(#7104));
#7104 = ORIENTED_EDGE('',*,*,#6914,.T.);
#7105 = ADVANCED_FACE('',(#7106),#6981,.F.);
#7106 = FACE_BOUND('',#7107,.T.);
#7107 = EDGE_LOOP('',(#7108,#7109,#7132,#7159));
#7108 = ORIENTED_EDGE('',*,*,#6966,.F.);
#7109 = ORIENTED_EDGE('',*,*,#7110,.T.);
#7110 = EDGE_CURVE('',#6947,#7111,#7113,.T.);
#7111 = VERTEX_POINT('',#7112);
#7112 = CARTESIAN_POINT('',(132.5185,-3.5,3.6));
#7113 = SEAM_CURVE('',#7114,(#7118,#7125),.PCURVE_S1.);
#7114 = LINE('',#7115,#7116);
#7115 = CARTESIAN_POINT('',(132.5185,-3.5,1.5));
#7116 = VECTOR('',#7117,1.);
#7117 = DIRECTION('',(0.,0.,1.));
#7118 = PCURVE('',#6981,#7119);
#7119 = DEFINITIONAL_REPRESENTATION('',(#7120),#7124);
#7120 = LINE('',#7121,#7122);
#7121 = CARTESIAN_POINT('',(-6.28318530718,0.));
#7122 = VECTOR('',#7123,1.);
#7123 = DIRECTION('',(-0.,-1.));
#7124 = ( GEOMETRIC_REPRESENTATION_CONTEXT(2) 
PARAMETRIC_REPRESENTATION_CONTEXT() REPRESENTATION_CONTEXT('2D SPACE',''
  ) );
#7125 = PCURVE('',#6981,#7126);
#7126 = DEFINITIONAL_REPRESENTATION('',(#7127),#7131);
#7127 = LINE('',#7128,#7129);
#7128 = CARTESIAN_POINT('',(-0.,0.));
#7129 = VECTOR('',#7130,1.);
#7130 = DIRECTION('',(-0.,-1.));
#7131 = ( GEOMETRIC_REPRESENTATION_CONTEXT(2) 
PARAMETRIC_REPRESENTATION_CONTEXT() REPRESENTATION_CONTEXT('2D SPACE',''
  ) );
#7132 = ORIENTED_EDGE('',*,*,#7133,.T.);
#7133 = EDGE_CURVE('',#7111,#7111,#7134,.T.);
#7134 = SURFACE_CURVE('',#7135,(#7140,#7147),.PCURVE_S1.);
#7135 = CIRCLE('',#7136,0.8);
#7136 = AXIS2_PLACEMENT_3D('',#7137,#7138,#7139);
#7137 = CARTESIAN_POINT('',(131.7185,-3.5,3.6));
#7138 = DIRECTION('',(0.,0.,1.));
#7139 = DIRECTION('',(1.,0.,0.));
#7140 = PCURVE('',#6981,#7141);
#7141 = DEFINITIONAL_REPRESENTATION('',(#7142),#7146);
#7142 = LINE('',#7143,#7144);
#7143 = CARTESIAN_POINT('',(-0.,-2.1));
#7144 = VECTOR('',#7145,1.);
#7145 = DIRECTION('',(-1.,0.));
#7146 = ( GEOMETRIC_REPRESENTATION_CONTEXT(2) 
PARAMETRIC_REPRESENTATION_CONTEXT() REPRESENTATION_CONTEXT('2D SPACE',''
  ) );
#7147 = PCURVE('',#7148,#7153);
#7148 = PLANE('',#7149);
#7149 = AXIS2_PLACEMENT_3D('',#7150,#7151,#7152);
#7150 = CARTESIAN_POINT('',(131.7185,-3.5,3.6));
#7151 = DIRECTION('',(0.,0.,1.));
#7152 = DIRECTION('',(1.,0.,-0.));
#7153 = DEFINITIONAL_REPRESENTATION('',(#7154),#7158);
#7154 = CIRCLE('',#7155,0.8);
#7155 = AXIS2_PLACEMENT_2D('',#7156,#7157);
#7156 = CARTESIAN_POINT('',(-2.84217094304E-14,0.));
#7157 = DIRECTION('',(1.,0.));
#7158 = ( GEOMETRIC_REPRESENTATION_CONTEXT(2) 
PARAMETRIC_REPRESENTATION_CONTEXT() REPRESENTATION_CONTEXT('2D SPACE',''
  ) );
#7159 = ORIENTED_EDGE('',*,*,#7110,.F.);
#7160 = ADVANCED_FACE('',(#7161),#7033,.F.);
#7161 = FACE_BOUND('',#7162,.T.);
#7162 = EDGE_LOOP('',(#7163,#7164,#7187,#7214));
#7163 = ORIENTED_EDGE('',*,*,#7018,.F.);
#7164 = ORIENTED_EDGE('',*,*,#7165,.T.);
#7165 = EDGE_CURVE('',#6999,#7166,#7168,.T.);
#7166 = VERTEX_POINT('',#7167);
#7167 = CARTESIAN_POINT('',(114.4815,-3.5,3.6));
#7168 = SEAM_CURVE('',#7169,(#7173,#7180),.PCURVE_S1.);
#7169 = LINE('',#7170,#7171);
#7170 = CARTESIAN_POINT('',(114.4815,-3.5,1.5));
#7171 = VECTOR('',#7172,1.);
#7172 = DIRECTION('',(0.,0.,1.));
#7173 = PCURVE('',#7033,#7174);
#7174 = DEFINITIONAL_REPRESENTATION('',(#7175),#7179);
#7175 = LINE('',#7176,#7177);
#7176 = CARTESIAN_POINT('',(-6.28318530718,0.));
#7177 = VECTOR('',#7178,1.);
#7178 = DIRECTION('',(-0.,-1.));
#7179 = ( GEOMETRIC_REPRESENTATION_CONTEXT(2) 
PARAMETRIC_REPRESENTATION_CONTEXT() REPRESENTATION_CONTEXT('2D SPACE',''
  ) );
#7180 = PCURVE('',#7033,#7181);
#7181 = DEFINITIONAL_REPRESENTATION('',(#7182),#7186);
#7182 = LINE('',#7183,#7184);
#7183 = CARTESIAN_POINT('',(-0.,0.));
#7184 = VECTOR('',#7185,1.);
#7185 = DIRECTION('',(-0.,-1.));
#7186 = ( GEOMETRIC_REPRESENTATION_CONTEXT(2) 
PARAMETRIC_REPRESENTATION_CONTEXT() REPRESENTATION_CONTEXT('2D SPACE',''
  ) );
#7187 = ORIENTED_EDGE('',*,*,#7188,.T.);
#7188 = EDGE_CURVE('',#7166,#7166,#7189,.T.);
#7189 = SURFACE_CURVE('',#7190,(#7195,#7202),.PCURVE_S1.);
#7190 = CIRCLE('',#7191,0.8);
#7191 = AXIS2_PLACEMENT_3D('',#7192,#7193,#7194);
#7192 = CARTESIAN_POINT('',(113.6815,-3.5,3.6));
#7193 = DIRECTION('',(0.,0.,1.));
#7194 = DIRECTION('',(1.,0.,0.));
#7195 = PCURVE('',#7033,#7196);
#7196 = DEFINITIONAL_REPRESENTATION('',(#7197),#7201);
#7197 = LINE('',#7198,#7199);
#7198 = CARTESIAN_POINT('',(-0.,-2.1));
#7199 = VECTOR('',#7200,1.);
#7200 = DIRECTION('',(-1.,0.));
#7201 = ( GEOMETRIC_REPRESENTATION_CONTEXT(2) 
PARAMETRIC_REPRESENTATION_CONTEXT() REPRESENTATION_CONTEXT('2D SPACE',''
  ) );
#7202 = PCURVE('',#7203,#7208);
#7203 = PLANE('',#7204);
#7204 = AXIS2_PLACEMENT_3D('',#7205,#7206,#7207);
#7205 = CARTESIAN_POINT('',(113.6815,-3.5,3.6));
#7206 = DIRECTION('',(0.,0.,1.));
#7207 = DIRECTION('',(1.,0.,-0.));
#7208 = DEFINITIONAL_REPRESENTATION('',(#7209),#7213);
#7209 = CIRCLE('',#7210,0.8);
#7210 = AXIS2_PLACEMENT_2D('',#7211,#7212);
#7211 = CARTESIAN_POINT('',(1.42108547152E-14,0.));
#7212 = DIRECTION('',(1.,0.));
#7213 = ( GEOMETRIC_REPRESENTATION_CONTEXT(2) 
PARAMETRIC_REPRESENTATION_CONTEXT() REPRESENTATION_CONTEXT('2D SPACE',''
  ) );
#7214 = ORIENTED_EDGE('',*,*,#7165,.F.);
#7215 = ADVANCED_FACE('',(#7216),#7085,.F.);
#7216 = FACE_BOUND('',#7217,.T.);
#7217 = EDGE_LOOP('',(#7218,#7219,#7242,#7269));
#7218 = ORIENTED_EDGE('',*,*,#7070,.F.);
#7219 = ORIENTED_EDGE('',*,*,#7220,.T.);
#7220 = EDGE_CURVE('',#7051,#7221,#7223,.T.);
#7221 = VERTEX_POINT('',#7222);
#7222 = CARTESIAN_POINT('',(110.3,-47.2,3.6));
#7223 = SEAM_CURVE('',#7224,(#7228,#7235),.PCURVE_S1.);
#7224 = LINE('',#7225,#7226);
#7225 = CARTESIAN_POINT('',(110.3,-47.2,1.5));
#7226 = VECTOR('',#7227,1.);
#7227 = DIRECTION('',(0.,0.,1.));
#7228 = PCURVE('',#7085,#7229);
#7229 = DEFINITIONAL_REPRESENTATION('',(#7230),#7234);
#7230 = LINE('',#7231,#7232);
#7231 = CARTESIAN_POINT('',(-6.28318530718,0.));
#7232 = VECTOR('',#7233,1.);
#7233 = DIRECTION('',(-0.,-1.));
#7234 = ( GEOMETRIC_REPRESENTATION_CONTEXT(2) 
PARAMETRIC_REPRESENTATION_CONTEXT() REPRESENTATION_CONTEXT('2D SPACE',''
  ) );
#7235 = PCURVE('',#7085,#7236);
#7236 = DEFINITIONAL_REPRESENTATION('',(#7237),#7241);
#7237 = LINE('',#7238,#7239);
#7238 = CARTESIAN_POINT('',(-0.,0.));
#7239 = VECTOR('',#7240,1.);
#7240 = DIRECTION('',(-0.,-1.));
#7241 = ( GEOMETRIC_REPRESENTATION_CONTEXT(2) 
PARAMETRIC_REPRESENTATION_CONTEXT() REPRESENTATION_CONTEXT('2D SPACE',''
  ) );
#7242 = ORIENTED_EDGE('',*,*,#7243,.T.);
#7243 = EDGE_CURVE('',#7221,#7221,#7244,.T.);
#7244 = SURFACE_CURVE('',#7245,(#7250,#7257),.PCURVE_S1.);
#7245 = CIRCLE('',#7246,0.8);
#7246 = AXIS2_PLACEMENT_3D('',#7247,#7248,#7249);
#7247 = CARTESIAN_POINT('',(109.5,-47.2,3.6));
#7248 = DIRECTION('',(0.,0.,1.));
#7249 = DIRECTION('',(1.,0.,0.));
#7250 = PCURVE('',#7085,#7251);
#7251 = DEFINITIONAL_REPRESENTATION('',(#7252),#7256);
#7252 = LINE('',#7253,#7254);
#7253 = CARTESIAN_POINT('',(-0.,-2.1));
#7254 = VECTOR('',#7255,1.);
#7255 = DIRECTION('',(-1.,0.));
#7256 = ( GEOMETRIC_REPRESENTATION_CONTEXT(2) 
PARAMETRIC_REPRESENTATION_CONTEXT() REPRESENTATION_CONTEXT('2D SPACE',''
  ) );
#7257 = PCURVE('',#7258,#7263);
#7258 = PLANE('',#7259);
#7259 = AXIS2_PLACEMENT_3D('',#7260,#7261,#7262);
#7260 = CARTESIAN_POINT('',(109.5,-47.2,3.6));
#7261 = DIRECTION('',(0.,0.,1.));
#7262 = DIRECTION('',(1.,0.,-0.));
#7263 = DEFINITIONAL_REPRESENTATION('',(#7264),#7268);
#7264 = CIRCLE('',#7265,0.8);
#7265 = AXIS2_PLACEMENT_2D('',#7266,#7267);
#7266 = CARTESIAN_POINT('',(-1.42108547152E-14,0.));
#7267 = DIRECTION('',(1.,0.));
#7268 = ( GEOMETRIC_REPRESENTATION_CONTEXT(2) 
PARAMETRIC_REPRESENTATION_CONTEXT() REPRESENTATION_CONTEXT('2D SPACE',''
  ) );
#7269 = ORIENTED_EDGE('',*,*,#7220,.F.);
#7270 = ADVANCED_FACE('',(#7271),#7148,.F.);
#7271 = FACE_BOUND('',#7272,.F.);
#7272 = EDGE_LOOP('',(#7273));
#7273 = ORIENTED_EDGE('',*,*,#7133,.T.);
#7274 = ADVANCED_FACE('',(#7275),#7203,.F.);
#7275 = FACE_BOUND('',#7276,.F.);
#7276 = EDGE_LOOP('',(#7277));
#7277 = ORIENTED_EDGE('',*,*,#7188,.T.);
#7278 = ADVANCED_FACE('',(#7279),#7258,.F.);
#7279 = FACE_BOUND('',#7280,.F.);
#7280 = EDGE_LOOP('',(#7281));
#7281 = ORIENTED_EDGE('',*,*,#7243,.T.);
#7282 = ( GEOMETRIC_REPRESENTATION_CONTEXT(3) 
GLOBAL_UNCERTAINTY_ASSIGNED_CONTEXT((#7286)) 
GLOBAL_UNIT_ASSIGNED_CONTEXT((#7283,#7284,#7285)) REPRESENTATION_CONTEXT
('Context #1','3D Context with UNIT and UNCERTAINTY') );
#7283 = ( LENGTH_UNIT() NAMED_UNIT(*) SI_UNIT(.MILLI.,.METRE.) );
#7284 = ( NAMED_UNIT(*) PLANE_ANGLE_UNIT() SI_UNIT($,.RADIAN.) );
#7285 = ( NAMED_UNIT(*) SI_UNIT($,.STERADIAN.) SOLID_ANGLE_UNIT() );
#7286 = UNCERTAINTY_MEASURE_WITH_UNIT(LENGTH_MEASURE(5.E-07),#7283,
  'distance_accuracy_value','confusion accuracy');
#7287 = CONTEXT_DEPENDENT_SHAPE_REPRESENTATION(#7288,#7290);
#7288 = ( REPRESENTATION_RELATIONSHIP('','',#40,#10) 
REPRESENTATION_RELATIONSHIP_WITH_TRANSFORMATION(#7289) 
SHAPE_REPRESENTATION_RELATIONSHIP() );
#7289 = ITEM_DEFINED_TRANSFORMATION('','',#11,#15);
#7290 = PRODUCT_DEFINITION_SHAPE('Placement','Placement of an item',
  #7291);
#7291 = NEXT_ASSEMBLY_USAGE_OCCURRENCE('1','','',#5,#35,$);
#7292 = PRODUCT_RELATED_PRODUCT_CATEGORY('part',$,(#37));
#7293 = SHAPE_DEFINITION_REPRESENTATION(#7294,#7300);
#7294 = PRODUCT_DEFINITION_SHAPE('','',#7295);
#7295 = PRODUCT_DEFINITION('design','',#7296,#7299);
#7296 = PRODUCT_DEFINITION_FORMATION('','',#7297);
#7297 = PRODUCT('Open CASCADE STEP translator 7.9 1.2',
  'Open CASCADE STEP translator 7.9 1.2','',(#7298));
#7298 = PRODUCT_CONTEXT('',#2,'mechanical');
#7299 = PRODUCT_DEFINITION_CONTEXT('part definition',#2,'design');
#7300 = ADVANCED_BREP_SHAPE_REPRESENTATION('',(#11,#7301),#7545);
#7301 = MANIFOLD_SOLID_BREP('',#7302);
#7302 = CLOSED_SHELL('',(#7303,#7395,#7399,#7434,#7486,#7541));
#7303 = ADVANCED_FACE('',(#7304),#7318,.T.);
#7304 = FACE_BOUND('',#7305,.F.);
#7305 = EDGE_LOOP('',(#7306,#7336,#7363,#7364));
#7306 = ORIENTED_EDGE('',*,*,#7307,.F.);
#7307 = EDGE_CURVE('',#7308,#7310,#7312,.T.);
#7308 = VERTEX_POINT('',#7309);
#7309 = CARTESIAN_POINT('',(113.45,-90.9,1.6));
#7310 = VERTEX_POINT('',#7311);
#7311 = CARTESIAN_POINT('',(113.45,-90.9,4.1));
#7312 = SEAM_CURVE('',#7313,(#7317,#7329),.PCURVE_S1.);
#7313 = LINE('',#7314,#7315);
#7314 = CARTESIAN_POINT('',(113.45,-90.9,1.6));
#7315 = VECTOR('',#7316,1.);
#7316 = DIRECTION('',(0.,0.,1.));
#7317 = PCURVE('',#7318,#7323);
#7318 = CYLINDRICAL_SURFACE('',#7319,2.);
#7319 = AXIS2_PLACEMENT_3D('',#7320,#7321,#7322);
#7320 = CARTESIAN_POINT('',(111.45,-90.9,1.6));
#7321 = DIRECTION('',(-0.,-0.,-1.));
#7322 = DIRECTION('',(1.,0.,0.));
#7323 = DEFINITIONAL_REPRESENTATION('',(#7324),#7328);
#7324 = LINE('',#7325,#7326);
#7325 = CARTESIAN_POINT('',(-6.28318530718,0.));
#7326 = VECTOR('',#7327,1.);
#7327 = DIRECTION('',(-0.,-1.));
#7328 = ( GEOMETRIC_REPRESENTATION_CONTEXT(2) 
PARAMETRIC_REPRESENTATION_CONTEXT() REPRESENTATION_CONTEXT('2D SPACE',''
  ) );
#7329 = PCURVE('',#7318,#7330);
#7330 = DEFINITIONAL_REPRESENTATION('',(#7331),#7335);
#7331 = LINE('',#7332,#7333);
#7332 = CARTESIAN_POINT('',(-0.,0.));
#7333 = VECTOR('',#7334,1.);
#7334 = DIRECTION('',(-0.,-1.));
#7335 = ( GEOMETRIC_REPRESENTATION_CONTEXT(2) 
PARAMETRIC_REPRESENTATION_CONTEXT() REPRESENTATION_CONTEXT('2D SPACE',''
  ) );
#7336 = ORIENTED_EDGE('',*,*,#7337,.F.);
#7337 = EDGE_CURVE('',#7308,#7308,#7338,.T.);
#7338 = SURFACE_CURVE('',#7339,(#7344,#7351),.PCURVE_S1.);
#7339 = CIRCLE('',#7340,2.);
#7340 = AXIS2_PLACEMENT_3D('',#7341,#7342,#7343);
#7341 = CARTESIAN_POINT('',(111.45,-90.9,1.6));
#7342 = DIRECTION('',(0.,0.,1.));
#7343 = DIRECTION('',(1.,0.,0.));
#7344 = PCURVE('',#7318,#7345);
#7345 = DEFINITIONAL_REPRESENTATION('',(#7346),#7350);
#7346 = LINE('',#7347,#7348);
#7347 = CARTESIAN_POINT('',(-0.,0.));
#7348 = VECTOR('',#7349,1.);
#7349 = DIRECTION('',(-1.,0.));
#7350 = ( GEOMETRIC_REPRESENTATION_CONTEXT(2) 
PARAMETRIC_REPRESENTATION_CONTEXT() REPRESENTATION_CONTEXT('2D SPACE',''
  ) );
#7351 = PCURVE('',#7352,#7357);
#7352 = PLANE('',#7353);
#7353 = AXIS2_PLACEMENT_3D('',#7354,#7355,#7356);
#7354 = CARTESIAN_POINT('',(111.45,-90.9,1.6));
#7355 = DIRECTION('',(0.,0.,1.));
#7356 = DIRECTION('',(1.,0.,-0.));
#7357 = DEFINITIONAL_REPRESENTATION('',(#7358),#7362);
#7358 = CIRCLE('',#7359,2.);
#7359 = AXIS2_PLACEMENT_2D('',#7360,#7361);
#7360 = CARTESIAN_POINT('',(-1.42108547152E-14,1.42108547152E-14));
#7361 = DIRECTION('',(1.,0.));
#7362 = ( GEOMETRIC_REPRESENTATION_CONTEXT(2) 
PARAMETRIC_REPRESENTATION_CONTEXT() REPRESENTATION_CONTEXT('2D SPACE',''
  ) );
#7363 = ORIENTED_EDGE('',*,*,#7307,.T.);
#7364 = ORIENTED_EDGE('',*,*,#7365,.F.);
#7365 = EDGE_CURVE('',#7310,#7310,#7366,.T.);
#7366 = SURFACE_CURVE('',#7367,(#7372,#7379),.PCURVE_S1.);
#7367 = CIRCLE('',#7368,2.);
#7368 = AXIS2_PLACEMENT_3D('',#7369,#7370,#7371);
#7369 = CARTESIAN_POINT('',(111.45,-90.9,4.1));
#7370 = DIRECTION('',(0.,0.,-1.));
#7371 = DIRECTION('',(1.,0.,0.));
#7372 = PCURVE('',#7318,#7373);
#7373 = DEFINITIONAL_REPRESENTATION('',(#7374),#7378);
#7374 = LINE('',#7375,#7376);
#7375 = CARTESIAN_POINT('',(-6.28318530718,-2.5));
#7376 = VECTOR('',#7377,1.);
#7377 = DIRECTION('',(1.,-0.));
#7378 = ( GEOMETRIC_REPRESENTATION_CONTEXT(2) 
PARAMETRIC_REPRESENTATION_CONTEXT() REPRESENTATION_CONTEXT('2D SPACE',''
  ) );
#7379 = PCURVE('',#7380,#7385);
#7380 = PLANE('',#7381);
#7381 = AXIS2_PLACEMENT_3D('',#7382,#7383,#7384);
#7382 = CARTESIAN_POINT('',(107.2,10.,4.1));
#7383 = DIRECTION('',(-0.,0.,1.));
#7384 = DIRECTION('',(1.,0.,0.));
#7385 = DEFINITIONAL_REPRESENTATION('',(#7386),#7394);
#7386 = ( BOUNDED_CURVE() B_SPLINE_CURVE(2,(#7387,#7388,#7389,#7390,
#7391,#7392,#7393),.UNSPECIFIED.,.T.,.F.) B_SPLINE_CURVE_WITH_KNOTS((1,2
    ,2,2,2,1),(-2.094395102393,0.,2.094395102393,4.188790204786,
6.28318530718,8.377580409573),.UNSPECIFIED.) CURVE() 
GEOMETRIC_REPRESENTATION_ITEM() RATIONAL_B_SPLINE_CURVE((1.,0.5,1.,0.5,
1.,0.5,1.)) REPRESENTATION_ITEM('') );
#7387 = CARTESIAN_POINT('',(6.25,-100.9));
#7388 = CARTESIAN_POINT('',(6.25,-104.3641016151));
#7389 = CARTESIAN_POINT('',(3.25,-102.6320508075));
#7390 = CARTESIAN_POINT('',(0.25,-100.9));
#7391 = CARTESIAN_POINT('',(3.25,-99.16794919243));
#7392 = CARTESIAN_POINT('',(6.25,-97.43589838486));
#7393 = CARTESIAN_POINT('',(6.25,-100.9));
#7394 = ( GEOMETRIC_REPRESENTATION_CONTEXT(2) 
PARAMETRIC_REPRESENTATION_CONTEXT() REPRESENTATION_CONTEXT('2D SPACE',''
  ) );
#7395 = ADVANCED_FACE('',(#7396),#7380,.T.);
#7396 = FACE_BOUND('',#7397,.T.);
#7397 = EDGE_LOOP('',(#7398));
#7398 = ORIENTED_EDGE('',*,*,#7365,.F.);
#7399 = ADVANCED_FACE('',(#7400,#7403),#7352,.F.);
#7400 = FACE_BOUND('',#7401,.F.);
#7401 = EDGE_LOOP('',(#7402));
#7402 = ORIENTED_EDGE('',*,*,#7337,.T.);
#7403 = FACE_BOUND('',#7404,.F.);
#7404 = EDGE_LOOP('',(#7405));
#7405 = ORIENTED_EDGE('',*,*,#7406,.F.);
#7406 = EDGE_CURVE('',#7407,#7407,#7409,.T.);
#7407 = VERTEX_POINT('',#7408);
#7408 = CARTESIAN_POINT('',(112.65,-90.9,1.6));
#7409 = SURFACE_CURVE('',#7410,(#7415,#7422),.PCURVE_S1.);
#7410 = CIRCLE('',#7411,1.2);
#7411 = AXIS2_PLACEMENT_3D('',#7412,#7413,#7414);
#7412 = CARTESIAN_POINT('',(111.45,-90.9,1.6));
#7413 = DIRECTION('',(0.,0.,1.));
#7414 = DIRECTION('',(1.,0.,0.));
#7415 = PCURVE('',#7352,#7416);
#7416 = DEFINITIONAL_REPRESENTATION('',(#7417),#7421);
#7417 = CIRCLE('',#7418,1.2);
#7418 = AXIS2_PLACEMENT_2D('',#7419,#7420);
#7419 = CARTESIAN_POINT('',(-1.42108547152E-14,1.42108547152E-14));
#7420 = DIRECTION('',(1.,0.));
#7421 = ( GEOMETRIC_REPRESENTATION_CONTEXT(2) 
PARAMETRIC_REPRESENTATION_CONTEXT() REPRESENTATION_CONTEXT('2D SPACE',''
  ) );
#7422 = PCURVE('',#7423,#7428);
#7423 = CONICAL_SURFACE('',#7424,1.2,0.785398163397);
#7424 = AXIS2_PLACEMENT_3D('',#7425,#7426,#7427);
#7425 = CARTESIAN_POINT('',(111.45,-90.9,1.6));
#7426 = DIRECTION('',(-0.,-0.,-1.));
#7427 = DIRECTION('',(1.,0.,0.));
#7428 = DEFINITIONAL_REPRESENTATION('',(#7429),#7433);
#7429 = LINE('',#7430,#7431);
#7430 = CARTESIAN_POINT('',(-0.,-0.));
#7431 = VECTOR('',#7432,1.);
#7432 = DIRECTION('',(-1.,-0.));
#7433 = ( GEOMETRIC_REPRESENTATION_CONTEXT(2) 
PARAMETRIC_REPRESENTATION_CONTEXT() REPRESENTATION_CONTEXT('2D SPACE',''
  ) );
#7434 = ADVANCED_FACE('',(#7435),#7423,.F.);
#7435 = FACE_BOUND('',#7436,.F.);
#7436 = EDGE_LOOP('',(#7437,#7438,#7458,#7485));
#7437 = ORIENTED_EDGE('',*,*,#7406,.T.);
#7438 = ORIENTED_EDGE('',*,*,#7439,.T.);
#7439 = EDGE_CURVE('',#7407,#7440,#7442,.T.);
#7440 = VERTEX_POINT('',#7441);
#7441 = CARTESIAN_POINT('',(112.25,-90.9,2.));
#7442 = SEAM_CURVE('',#7443,(#7446,#7452),.PCURVE_S1.);
#7443 = B_SPLINE_CURVE_WITH_KNOTS('',1,(#7444,#7445),.UNSPECIFIED.,.F.,
  .F.,(2,2),(0.,1.),.PIECEWISE_BEZIER_KNOTS.);
#7444 = CARTESIAN_POINT('',(112.65,-90.9,1.6));
#7445 = CARTESIAN_POINT('',(112.25,-90.9,2.));
#7446 = PCURVE('',#7423,#7447);
#7447 = DEFINITIONAL_REPRESENTATION('',(#7448),#7451);
#7448 = B_SPLINE_CURVE_WITH_KNOTS('',1,(#7449,#7450),.UNSPECIFIED.,.F.,
  .F.,(2,2),(0.,1.),.PIECEWISE_BEZIER_KNOTS.);
#7449 = CARTESIAN_POINT('',(-6.28318530718,0.));
#7450 = CARTESIAN_POINT('',(-6.28318530718,-0.4));
#7451 = ( GEOMETRIC_REPRESENTATION_CONTEXT(2) 
PARAMETRIC_REPRESENTATION_CONTEXT() REPRESENTATION_CONTEXT('2D SPACE',''
  ) );
#7452 = PCURVE('',#7423,#7453);
#7453 = DEFINITIONAL_REPRESENTATION('',(#7454),#7457);
#7454 = B_SPLINE_CURVE_WITH_KNOTS('',1,(#7455,#7456),.UNSPECIFIED.,.F.,
  .F.,(2,2),(0.,1.),.PIECEWISE_BEZIER_KNOTS.);
#7455 = CARTESIAN_POINT('',(0.,0.));
#7456 = CARTESIAN_POINT('',(0.,-0.4));
#7457 = ( GEOMETRIC_REPRESENTATION_CONTEXT(2) 
PARAMETRIC_REPRESENTATION_CONTEXT() REPRESENTATION_CONTEXT('2D SPACE',''
  ) );
#7458 = ORIENTED_EDGE('',*,*,#7459,.F.);
#7459 = EDGE_CURVE('',#7440,#7440,#7460,.T.);
#7460 = SURFACE_CURVE('',#7461,(#7466,#7473),.PCURVE_S1.);
#7461 = CIRCLE('',#7462,0.8);
#7462 = AXIS2_PLACEMENT_3D('',#7463,#7464,#7465);
#7463 = CARTESIAN_POINT('',(111.45,-90.9,2.));
#7464 = DIRECTION('',(0.,0.,1.));
#7465 = DIRECTION('',(1.,0.,0.));
#7466 = PCURVE('',#7423,#7467);
#7467 = DEFINITIONAL_REPRESENTATION('',(#7468),#7472);
#7468 = LINE('',#7469,#7470);
#7469 = CARTESIAN_POINT('',(-0.,-0.4));
#7470 = VECTOR('',#7471,1.);
#7471 = DIRECTION('',(-1.,-0.));
#7472 = ( GEOMETRIC_REPRESENTATION_CONTEXT(2) 
PARAMETRIC_REPRESENTATION_CONTEXT() REPRESENTATION_CONTEXT('2D SPACE',''
  ) );
#7473 = PCURVE('',#7474,#7479);
#7474 = CYLINDRICAL_SURFACE('',#7475,0.8);
#7475 = AXIS2_PLACEMENT_3D('',#7476,#7477,#7478);
#7476 = CARTESIAN_POINT('',(111.45,-90.9,1.5));
#7477 = DIRECTION('',(-0.,-0.,-1.));
#7478 = DIRECTION('',(1.,0.,0.));
#7479 = DEFINITIONAL_REPRESENTATION('',(#7480),#7484);
#7480 = LINE('',#7481,#7482);
#7481 = CARTESIAN_POINT('',(-0.,-0.5));
#7482 = VECTOR('',#7483,1.);
#7483 = DIRECTION('',(-1.,0.));
#7484 = ( GEOMETRIC_REPRESENTATION_CONTEXT(2) 
PARAMETRIC_REPRESENTATION_CONTEXT() REPRESENTATION_CONTEXT('2D SPACE',''
  ) );
#7485 = ORIENTED_EDGE('',*,*,#7439,.F.);
#7486 = ADVANCED_FACE('',(#7487),#7474,.F.);
#7487 = FACE_BOUND('',#7488,.T.);
#7488 = EDGE_LOOP('',(#7489,#7490,#7513,#7540));
#7489 = ORIENTED_EDGE('',*,*,#7459,.F.);
#7490 = ORIENTED_EDGE('',*,*,#7491,.T.);
#7491 = EDGE_CURVE('',#7440,#7492,#7494,.T.);
#7492 = VERTEX_POINT('',#7493);
#7493 = CARTESIAN_POINT('',(112.25,-90.9,3.6));
#7494 = SEAM_CURVE('',#7495,(#7499,#7506),.PCURVE_S1.);
#7495 = LINE('',#7496,#7497);
#7496 = CARTESIAN_POINT('',(112.25,-90.9,1.5));
#7497 = VECTOR('',#7498,1.);
#7498 = DIRECTION('',(0.,0.,1.));
#7499 = PCURVE('',#7474,#7500);
#7500 = DEFINITIONAL_REPRESENTATION('',(#7501),#7505);
#7501 = LINE('',#7502,#7503);
#7502 = CARTESIAN_POINT('',(-6.28318530718,0.));
#7503 = VECTOR('',#7504,1.);
#7504 = DIRECTION('',(-0.,-1.));
#7505 = ( GEOMETRIC_REPRESENTATION_CONTEXT(2) 
PARAMETRIC_REPRESENTATION_CONTEXT() REPRESENTATION_CONTEXT('2D SPACE',''
  ) );
#7506 = PCURVE('',#7474,#7507);
#7507 = DEFINITIONAL_REPRESENTATION('',(#7508),#7512);
#7508 = LINE('',#7509,#7510);
#7509 = CARTESIAN_POINT('',(-0.,0.));
#7510 = VECTOR('',#7511,1.);
#7511 = DIRECTION('',(-0.,-1.));
#7512 = ( GEOMETRIC_REPRESENTATION_CONTEXT(2) 
PARAMETRIC_REPRESENTATION_CONTEXT() REPRESENTATION_CONTEXT('2D SPACE',''
  ) );
#7513 = ORIENTED_EDGE('',*,*,#7514,.T.);
#7514 = EDGE_CURVE('',#7492,#7492,#7515,.T.);
#7515 = SURFACE_CURVE('',#7516,(#7521,#7528),.PCURVE_S1.);
#7516 = CIRCLE('',#7517,0.8);
#7517 = AXIS2_PLACEMENT_3D('',#7518,#7519,#7520);
#7518 = CARTESIAN_POINT('',(111.45,-90.9,3.6));
#7519 = DIRECTION('',(0.,0.,1.));
#7520 = DIRECTION('',(1.,0.,0.));
#7521 = PCURVE('',#7474,#7522);
#7522 = DEFINITIONAL_REPRESENTATION('',(#7523),#7527);
#7523 = LINE('',#7524,#7525);
#7524 = CARTESIAN_POINT('',(-0.,-2.1));
#7525 = VECTOR('',#7526,1.);
#7526 = DIRECTION('',(-1.,0.));
#7527 = ( GEOMETRIC_REPRESENTATION_CONTEXT(2) 
PARAMETRIC_REPRESENTATION_CONTEXT() REPRESENTATION_CONTEXT('2D SPACE',''
  ) );
#7528 = PCURVE('',#7529,#7534);
#7529 = PLANE('',#7530);
#7530 = AXIS2_PLACEMENT_3D('',#7531,#7532,#7533);
#7531 = CARTESIAN_POINT('',(111.45,-90.9,3.6));
#7532 = DIRECTION('',(0.,0.,1.));
#7533 = DIRECTION('',(1.,0.,-0.));
#7534 = DEFINITIONAL_REPRESENTATION('',(#7535),#7539);
#7535 = CIRCLE('',#7536,0.8);
#7536 = AXIS2_PLACEMENT_2D('',#7537,#7538);
#7537 = CARTESIAN_POINT('',(1.42108547152E-14,0.));
#7538 = DIRECTION('',(1.,0.));
#7539 = ( GEOMETRIC_REPRESENTATION_CONTEXT(2) 
PARAMETRIC_REPRESENTATION_CONTEXT() REPRESENTATION_CONTEXT('2D SPACE',''
  ) );
#7540 = ORIENTED_EDGE('',*,*,#7491,.F.);
#7541 = ADVANCED_FACE('',(#7542),#7529,.F.);
#7542 = FACE_BOUND('',#7543,.F.);
#7543 = EDGE_LOOP('',(#7544));
#7544 = ORIENTED_EDGE('',*,*,#7514,.T.);
#7545 = ( GEOMETRIC_REPRESENTATION_CONTEXT(3) 
GLOBAL_UNCERTAINTY_ASSIGNED_CONTEXT((#7549)) 
GLOBAL_UNIT_ASSIGNED_CONTEXT((#7546,#7547,#7548)) REPRESENTATION_CONTEXT
('Context #1','3D Context with UNIT and UNCERTAINTY') );
#7546 = ( LENGTH_UNIT() NAMED_UNIT(*) SI_UNIT(.MILLI.,.METRE.) );
#7547 = ( NAMED_UNIT(*) PLANE_ANGLE_UNIT() SI_UNIT($,.RADIAN.) );
#7548 = ( NAMED_UNIT(*) SI_UNIT($,.STERADIAN.) SOLID_ANGLE_UNIT() );
#7549 = UNCERTAINTY_MEASURE_WITH_UNIT(LENGTH_MEASURE(1.E-07),#7546,
  'distance_accuracy_value','confusion accuracy');
#7550 = CONTEXT_DEPENDENT_SHAPE_REPRESENTATION(#7551,#7553);
#7551 = ( REPRESENTATION_RELATIONSHIP('','',#7300,#10) 
REPRESENTATION_RELATIONSHIP_WITH_TRANSFORMATION(#7552) 
SHAPE_REPRESENTATION_RELATIONSHIP() );
#7552 = ITEM_DEFINED_TRANSFORMATION('','',#11,#19);
#7553 = PRODUCT_DEFINITION_SHAPE('Placement','Placement of an item',
  #7554);
#7554 = NEXT_ASSEMBLY_USAGE_OCCURRENCE('2','','',#5,#7295,$);
#7555 = PRODUCT_RELATED_PRODUCT_CATEGORY('part',$,(#7297));
#7556 = SHAPE_DEFINITION_REPRESENTATION(#7557,#7563);
#7557 = PRODUCT_DEFINITION_SHAPE('','',#7558);
#7558 = PRODUCT_DEFINITION('design','',#7559,#7562);
#7559 = PRODUCT_DEFINITION_FORMATION('','',#7560);
#7560 = PRODUCT('Open CASCADE STEP translator 7.9 1.3',
  'Open CASCADE STEP translator 7.9 1.3','',(#7561));
#7561 = PRODUCT_CONTEXT('',#2,'mechanical');
#7562 = PRODUCT_DEFINITION_CONTEXT('part definition',#2,'design');
#7563 = ADVANCED_BREP_SHAPE_REPRESENTATION('',(#11,#7564),#7808);
#7564 = MANIFOLD_SOLID_BREP('',#7565);
#7565 = CLOSED_SHELL('',(#7566,#7658,#7662,#7697,#7749,#7804));
#7566 = ADVANCED_FACE('',(#7567),#7581,.T.);
#7567 = FACE_BOUND('',#7568,.F.);
#7568 = EDGE_LOOP('',(#7569,#7599,#7626,#7627));
#7569 = ORIENTED_EDGE('',*,*,#7570,.F.);
#7570 = EDGE_CURVE('',#7571,#7573,#7575,.T.);
#7571 = VERTEX_POINT('',#7572);
#7572 = CARTESIAN_POINT('',(135.95,-90.9,1.6));
#7573 = VERTEX_POINT('',#7574);
#7574 = CARTESIAN_POINT('',(135.95,-90.9,4.1));
#7575 = SEAM_CURVE('',#7576,(#7580,#7592),.PCURVE_S1.);
#7576 = LINE('',#7577,#7578);
#7577 = CARTESIAN_POINT('',(135.95,-90.9,1.6));
#7578 = VECTOR('',#7579,1.);
#7579 = DIRECTION('',(0.,0.,1.));
#7580 = PCURVE('',#7581,#7586);
#7581 = CYLINDRICAL_SURFACE('',#7582,2.);
#7582 = AXIS2_PLACEMENT_3D('',#7583,#7584,#7585);
#7583 = CARTESIAN_POINT('',(133.95,-90.9,1.6));
#7584 = DIRECTION('',(-0.,-0.,-1.));
#7585 = DIRECTION('',(1.,0.,0.));
#7586 = DEFINITIONAL_REPRESENTATION('',(#7587),#7591);
#7587 = LINE('',#7588,#7589);
#7588 = CARTESIAN_POINT('',(-6.28318530718,0.));
#7589 = VECTOR('',#7590,1.);
#7590 = DIRECTION('',(-0.,-1.));
#7591 = ( GEOMETRIC_REPRESENTATION_CONTEXT(2) 
PARAMETRIC_REPRESENTATION_CONTEXT() REPRESENTATION_CONTEXT('2D SPACE',''
  ) );
#7592 = PCURVE('',#7581,#7593);
#7593 = DEFINITIONAL_REPRESENTATION('',(#7594),#7598);
#7594 = LINE('',#7595,#7596);
#7595 = CARTESIAN_POINT('',(-0.,0.));
#7596 = VECTOR('',#7597,1.);
#7597 = DIRECTION('',(-0.,-1.));
#7598 = ( GEOMETRIC_REPRESENTATION_CONTEXT(2) 
PARAMETRIC_REPRESENTATION_CONTEXT() REPRESENTATION_CONTEXT('2D SPACE',''
  ) );
#7599 = ORIENTED_EDGE('',*,*,#7600,.F.);
#7600 = EDGE_CURVE('',#7571,#7571,#7601,.T.);
#7601 = SURFACE_CURVE('',#7602,(#7607,#7614),.PCURVE_S1.);
#7602 = CIRCLE('',#7603,2.);
#7603 = AXIS2_PLACEMENT_3D('',#7604,#7605,#7606);
#7604 = CARTESIAN_POINT('',(133.95,-90.9,1.6));
#7605 = DIRECTION('',(0.,0.,1.));
#7606 = DIRECTION('',(1.,0.,0.));
#7607 = PCURVE('',#7581,#7608);
#7608 = DEFINITIONAL_REPRESENTATION('',(#7609),#7613);
#7609 = LINE('',#7610,#7611);
#7610 = CARTESIAN_POINT('',(-0.,0.));
#7611 = VECTOR('',#7612,1.);
#7612 = DIRECTION('',(-1.,0.));
#7613 = ( GEOMETRIC_REPRESENTATION_CONTEXT(2) 
PARAMETRIC_REPRESENTATION_CONTEXT() REPRESENTATION_CONTEXT('2D SPACE',''
  ) );
#7614 = PCURVE('',#7615,#7620);
#7615 = PLANE('',#7616);
#7616 = AXIS2_PLACEMENT_3D('',#7617,#7618,#7619);
#7617 = CARTESIAN_POINT('',(133.95,-90.9,1.6));
#7618 = DIRECTION('',(0.,0.,1.));
#7619 = DIRECTION('',(1.,0.,-0.));
#7620 = DEFINITIONAL_REPRESENTATION('',(#7621),#7625);
#7621 = CIRCLE('',#7622,2.);
#7622 = AXIS2_PLACEMENT_2D('',#7623,#7624);
#7623 = CARTESIAN_POINT('',(0.,1.42108547152E-14));
#7624 = DIRECTION('',(1.,0.));
#7625 = ( GEOMETRIC_REPRESENTATION_CONTEXT(2) 
PARAMETRIC_REPRESENTATION_CONTEXT() REPRESENTATION_CONTEXT('2D SPACE',''
  ) );
#7626 = ORIENTED_EDGE('',*,*,#7570,.T.);
#7627 = ORIENTED_EDGE('',*,*,#7628,.F.);
#7628 = EDGE_CURVE('',#7573,#7573,#7629,.T.);
#7629 = SURFACE_CURVE('',#7630,(#7635,#7642),.PCURVE_S1.);
#7630 = CIRCLE('',#7631,2.);
#7631 = AXIS2_PLACEMENT_3D('',#7632,#7633,#7634);
#7632 = CARTESIAN_POINT('',(133.95,-90.9,4.1));
#7633 = DIRECTION('',(0.,0.,-1.));
#7634 = DIRECTION('',(1.,0.,0.));
#7635 = PCURVE('',#7581,#7636);
#7636 = DEFINITIONAL_REPRESENTATION('',(#7637),#7641);
#7637 = LINE('',#7638,#7639);
#7638 = CARTESIAN_POINT('',(-6.28318530718,-2.5));
#7639 = VECTOR('',#7640,1.);
#7640 = DIRECTION('',(1.,-0.));
#7641 = ( GEOMETRIC_REPRESENTATION_CONTEXT(2) 
PARAMETRIC_REPRESENTATION_CONTEXT() REPRESENTATION_CONTEXT('2D SPACE',''
  ) );
#7642 = PCURVE('',#7643,#7648);
#7643 = PLANE('',#7644);
#7644 = AXIS2_PLACEMENT_3D('',#7645,#7646,#7647);
#7645 = CARTESIAN_POINT('',(107.2,10.,4.1));
#7646 = DIRECTION('',(-0.,0.,1.));
#7647 = DIRECTION('',(1.,0.,0.));
#7648 = DEFINITIONAL_REPRESENTATION('',(#7649),#7657);
#7649 = ( BOUNDED_CURVE() B_SPLINE_CURVE(2,(#7650,#7651,#7652,#7653,
#7654,#7655,#7656),.UNSPECIFIED.,.T.,.F.) B_SPLINE_CURVE_WITH_KNOTS((1,2
    ,2,2,2,1),(-2.094395102393,0.,2.094395102393,4.188790204786,
6.28318530718,8.377580409573),.UNSPECIFIED.) CURVE() 
GEOMETRIC_REPRESENTATION_ITEM() RATIONAL_B_SPLINE_CURVE((1.,0.5,1.,0.5,
1.,0.5,1.)) REPRESENTATION_ITEM('') );
#7650 = CARTESIAN_POINT('',(28.75,-100.9));
#7651 = CARTESIAN_POINT('',(28.75,-104.3641016151));
#7652 = CARTESIAN_POINT('',(25.75,-102.6320508075));
#7653 = CARTESIAN_POINT('',(22.75,-100.9));
#7654 = CARTESIAN_POINT('',(25.75,-99.16794919243));
#7655 = CARTESIAN_POINT('',(28.75,-97.43589838486));
#7656 = CARTESIAN_POINT('',(28.75,-100.9));
#7657 = ( GEOMETRIC_REPRESENTATION_CONTEXT(2) 
PARAMETRIC_REPRESENTATION_CONTEXT() REPRESENTATION_CONTEXT('2D SPACE',''
  ) );
#7658 = ADVANCED_FACE('',(#7659),#7643,.T.);
#7659 = FACE_BOUND('',#7660,.T.);
#7660 = EDGE_LOOP('',(#7661));
#7661 = ORIENTED_EDGE('',*,*,#7628,.F.);
#7662 = ADVANCED_FACE('',(#7663,#7666),#7615,.F.);
#7663 = FACE_BOUND('',#7664,.F.);
#7664 = EDGE_LOOP('',(#7665));
#7665 = ORIENTED_EDGE('',*,*,#7600,.T.);
#7666 = FACE_BOUND('',#7667,.F.);
#7667 = EDGE_LOOP('',(#7668));
#7668 = ORIENTED_EDGE('',*,*,#7669,.F.);
#7669 = EDGE_CURVE('',#7670,#7670,#7672,.T.);
#7670 = VERTEX_POINT('',#7671);
#7671 = CARTESIAN_POINT('',(135.15,-90.9,1.6));
#7672 = SURFACE_CURVE('',#7673,(#7678,#7685),.PCURVE_S1.);
#7673 = CIRCLE('',#7674,1.2);
#7674 = AXIS2_PLACEMENT_3D('',#7675,#7676,#7677);
#7675 = CARTESIAN_POINT('',(133.95,-90.9,1.6));
#7676 = DIRECTION('',(0.,0.,1.));
#7677 = DIRECTION('',(1.,0.,0.));
#7678 = PCURVE('',#7615,#7679);
#7679 = DEFINITIONAL_REPRESENTATION('',(#7680),#7684);
#7680 = CIRCLE('',#7681,1.2);
#7681 = AXIS2_PLACEMENT_2D('',#7682,#7683);
#7682 = CARTESIAN_POINT('',(0.,1.42108547152E-14));
#7683 = DIRECTION('',(1.,0.));
#7684 = ( GEOMETRIC_REPRESENTATION_CONTEXT(2) 
PARAMETRIC_REPRESENTATION_CONTEXT() REPRESENTATION_CONTEXT('2D SPACE',''
  ) );
#7685 = PCURVE('',#7686,#7691);
#7686 = CONICAL_SURFACE('',#7687,1.2,0.785398163397);
#7687 = AXIS2_PLACEMENT_3D('',#7688,#7689,#7690);
#7688 = CARTESIAN_POINT('',(133.95,-90.9,1.6));
#7689 = DIRECTION('',(-0.,-0.,-1.));
#7690 = DIRECTION('',(1.,0.,0.));
#7691 = DEFINITIONAL_REPRESENTATION('',(#7692),#7696);
#7692 = LINE('',#7693,#7694);
#7693 = CARTESIAN_POINT('',(-0.,-0.));
#7694 = VECTOR('',#7695,1.);
#7695 = DIRECTION('',(-1.,-0.));
#7696 = ( GEOMETRIC_REPRESENTATION_CONTEXT(2) 
PARAMETRIC_REPRESENTATION_CONTEXT() REPRESENTATION_CONTEXT('2D SPACE',''
  ) );
#7697 = ADVANCED_FACE('',(#7698),#7686,.F.);
#7698 = FACE_BOUND('',#7699,.F.);
#7699 = EDGE_LOOP('',(#7700,#7701,#7721,#7748));
#7700 = ORIENTED_EDGE('',*,*,#7669,.T.);
#7701 = ORIENTED_EDGE('',*,*,#7702,.T.);
#7702 = EDGE_CURVE('',#7670,#7703,#7705,.T.);
#7703 = VERTEX_POINT('',#7704);
#7704 = CARTESIAN_POINT('',(134.75,-90.9,2.));
#7705 = SEAM_CURVE('',#7706,(#7709,#7715),.PCURVE_S1.);
#7706 = B_SPLINE_CURVE_WITH_KNOTS('',1,(#7707,#7708),.UNSPECIFIED.,.F.,
  .F.,(2,2),(0.,1.),.PIECEWISE_BEZIER_KNOTS.);
#7707 = CARTESIAN_POINT('',(135.15,-90.9,1.6));
#7708 = CARTESIAN_POINT('',(134.75,-90.9,2.));
#7709 = PCURVE('',#7686,#7710);
#7710 = DEFINITIONAL_REPRESENTATION('',(#7711),#7714);
#7711 = B_SPLINE_CURVE_WITH_KNOTS('',1,(#7712,#7713),.UNSPECIFIED.,.F.,
  .F.,(2,2),(0.,1.),.PIECEWISE_BEZIER_KNOTS.);
#7712 = CARTESIAN_POINT('',(-6.28318530718,0.));
#7713 = CARTESIAN_POINT('',(-6.28318530718,-0.4));
#7714 = ( GEOMETRIC_REPRESENTATION_CONTEXT(2) 
PARAMETRIC_REPRESENTATION_CONTEXT() REPRESENTATION_CONTEXT('2D SPACE',''
  ) );
#7715 = PCURVE('',#7686,#7716);
#7716 = DEFINITIONAL_REPRESENTATION('',(#7717),#7720);
#7717 = B_SPLINE_CURVE_WITH_KNOTS('',1,(#7718,#7719),.UNSPECIFIED.,.F.,
  .F.,(2,2),(0.,1.),.PIECEWISE_BEZIER_KNOTS.);
#7718 = CARTESIAN_POINT('',(0.,0.));
#7719 = CARTESIAN_POINT('',(0.,-0.4));
#7720 = ( GEOMETRIC_REPRESENTATION_CONTEXT(2) 
PARAMETRIC_REPRESENTATION_CONTEXT() REPRESENTATION_CONTEXT('2D SPACE',''
  ) );
#7721 = ORIENTED_EDGE('',*,*,#7722,.F.);
#7722 = EDGE_CURVE('',#7703,#7703,#7723,.T.);
#7723 = SURFACE_CURVE('',#7724,(#7729,#7736),.PCURVE_S1.);
#7724 = CIRCLE('',#7725,0.8);
#7725 = AXIS2_PLACEMENT_3D('',#7726,#7727,#7728);
#7726 = CARTESIAN_POINT('',(133.95,-90.9,2.));
#7727 = DIRECTION('',(0.,0.,1.));
#7728 = DIRECTION('',(1.,0.,0.));
#7729 = PCURVE('',#7686,#7730);
#7730 = DEFINITIONAL_REPRESENTATION('',(#7731),#7735);
#7731 = LINE('',#7732,#7733);
#7732 = CARTESIAN_POINT('',(-0.,-0.4));
#7733 = VECTOR('',#7734,1.);
#7734 = DIRECTION('',(-1.,-0.));
#7735 = ( GEOMETRIC_REPRESENTATION_CONTEXT(2) 
PARAMETRIC_REPRESENTATION_CONTEXT() REPRESENTATION_CONTEXT('2D SPACE',''
  ) );
#7736 = PCURVE('',#7737,#7742);
#7737 = CYLINDRICAL_SURFACE('',#7738,0.8);
#7738 = AXIS2_PLACEMENT_3D('',#7739,#7740,#7741);
#7739 = CARTESIAN_POINT('',(133.95,-90.9,1.5));
#7740 = DIRECTION('',(-0.,-0.,-1.));
#7741 = DIRECTION('',(1.,0.,0.));
#7742 = DEFINITIONAL_REPRESENTATION('',(#7743),#7747);
#7743 = LINE('',#7744,#7745);
#7744 = CARTESIAN_POINT('',(-0.,-0.5));
#7745 = VECTOR('',#7746,1.);
#7746 = DIRECTION('',(-1.,0.));
#7747 = ( GEOMETRIC_REPRESENTATION_CONTEXT(2) 
PARAMETRIC_REPRESENTATION_CONTEXT() REPRESENTATION_CONTEXT('2D SPACE',''
  ) );
#7748 = ORIENTED_EDGE('',*,*,#7702,.F.);
#7749 = ADVANCED_FACE('',(#7750),#7737,.F.);
#7750 = FACE_BOUND('',#7751,.T.);
#7751 = EDGE_LOOP('',(#7752,#7753,#7776,#7803));
#7752 = ORIENTED_EDGE('',*,*,#7722,.F.);
#7753 = ORIENTED_EDGE('',*,*,#7754,.T.);
#7754 = EDGE_CURVE('',#7703,#7755,#7757,.T.);
#7755 = VERTEX_POINT('',#7756);
#7756 = CARTESIAN_POINT('',(134.75,-90.9,3.6));
#7757 = SEAM_CURVE('',#7758,(#7762,#7769),.PCURVE_S1.);
#7758 = LINE('',#7759,#7760);
#7759 = CARTESIAN_POINT('',(134.75,-90.9,1.5));
#7760 = VECTOR('',#7761,1.);
#7761 = DIRECTION('',(0.,0.,1.));
#7762 = PCURVE('',#7737,#7763);
#7763 = DEFINITIONAL_REPRESENTATION('',(#7764),#7768);
#7764 = LINE('',#7765,#7766);
#7765 = CARTESIAN_POINT('',(-6.28318530718,0.));
#7766 = VECTOR('',#7767,1.);
#7767 = DIRECTION('',(-0.,-1.));
#7768 = ( GEOMETRIC_REPRESENTATION_CONTEXT(2) 
PARAMETRIC_REPRESENTATION_CONTEXT() REPRESENTATION_CONTEXT('2D SPACE',''
  ) );
#7769 = PCURVE('',#7737,#7770);
#7770 = DEFINITIONAL_REPRESENTATION('',(#7771),#7775);
#7771 = LINE('',#7772,#7773);
#7772 = CARTESIAN_POINT('',(-0.,0.));
#7773 = VECTOR('',#7774,1.);
#7774 = DIRECTION('',(-0.,-1.));
#7775 = ( GEOMETRIC_REPRESENTATION_CONTEXT(2) 
PARAMETRIC_REPRESENTATION_CONTEXT() REPRESENTATION_CONTEXT('2D SPACE',''
  ) );
#7776 = ORIENTED_EDGE('',*,*,#7777,.T.);
#7777 = EDGE_CURVE('',#7755,#7755,#7778,.T.);
#7778 = SURFACE_CURVE('',#7779,(#7784,#7791),.PCURVE_S1.);
#7779 = CIRCLE('',#7780,0.8);
#7780 = AXIS2_PLACEMENT_3D('',#7781,#7782,#7783);
#7781 = CARTESIAN_POINT('',(133.95,-90.9,3.6));
#7782 = DIRECTION('',(0.,0.,1.));
#7783 = DIRECTION('',(1.,0.,0.));
#7784 = PCURVE('',#7737,#7785);
#7785 = DEFINITIONAL_REPRESENTATION('',(#7786),#7790);
#7786 = LINE('',#7787,#7788);
#7787 = CARTESIAN_POINT('',(-0.,-2.1));
#7788 = VECTOR('',#7789,1.);
#7789 = DIRECTION('',(-1.,0.));
#7790 = ( GEOMETRIC_REPRESENTATION_CONTEXT(2) 
PARAMETRIC_REPRESENTATION_CONTEXT() REPRESENTATION_CONTEXT('2D SPACE',''
  ) );
#7791 = PCURVE('',#7792,#7797);
#7792 = PLANE('',#7793);
#7793 = AXIS2_PLACEMENT_3D('',#7794,#7795,#7796);
#7794 = CARTESIAN_POINT('',(133.95,-90.9,3.6));
#7795 = DIRECTION('',(0.,0.,1.));
#7796 = DIRECTION('',(1.,0.,-0.));
#7797 = DEFINITIONAL_REPRESENTATION('',(#7798),#7802);
#7798 = CIRCLE('',#7799,0.8);
#7799 = AXIS2_PLACEMENT_2D('',#7800,#7801);
#7800 = CARTESIAN_POINT('',(0.,0.));
#7801 = DIRECTION('',(1.,0.));
#7802 = ( GEOMETRIC_REPRESENTATION_CONTEXT(2) 
PARAMETRIC_REPRESENTATION_CONTEXT() REPRESENTATION_CONTEXT('2D SPACE',''
  ) );
#7803 = ORIENTED_EDGE('',*,*,#7754,.F.);
#7804 = ADVANCED_FACE('',(#7805),#7792,.F.);
#7805 = FACE_BOUND('',#7806,.F.);
#7806 = EDGE_LOOP('',(#7807));
#7807 = ORIENTED_EDGE('',*,*,#7777,.T.);
#7808 = ( GEOMETRIC_REPRESENTATION_CONTEXT(3) 
GLOBAL_UNCERTAINTY_ASSIGNED_CONTEXT((#7812)) 
GLOBAL_UNIT_ASSIGNED_CONTEXT((#7809,#7810,#7811)) REPRESENTATION_CONTEXT
('Context #1','3D Context with UNIT and UNCERTAINTY') );
#7809 = ( LENGTH_UNIT() NAMED_UNIT(*) SI_UNIT(.MILLI.,.METRE.) );
#7810 = ( NAMED_UNIT(*) PLANE_ANGLE_UNIT() SI_UNIT($,.RADIAN.) );
#7811 = ( NAMED_UNIT(*) SI_UNIT($,.STERADIAN.) SOLID_ANGLE_UNIT() );
#7812 = UNCERTAINTY_MEASURE_WITH_UNIT(LENGTH_MEASURE(1.E-07),#7809,
  'distance_accuracy_value','confusion accuracy');
#7813 = CONTEXT_DEPENDENT_SHAPE_REPRESENTATION(#7814,#7816);
#7814 = ( REPRESENTATION_RELATIONSHIP('','',#7563,#10) 
REPRESENTATION_RELATIONSHIP_WITH_TRANSFORMATION(#7815) 
SHAPE_REPRESENTATION_RELATIONSHIP() );
#7815 = ITEM_DEFINED_TRANSFORMATION('','',#11,#23);
#7816 = PRODUCT_DEFINITION_SHAPE('Placement','Placement of an item',
  #7817);
#7817 = NEXT_ASSEMBLY_USAGE_OCCURRENCE('3','','',#5,#7558,$);
#7818 = PRODUCT_RELATED_PRODUCT_CATEGORY('part',$,(#7560));
ENDSEC;
END-ISO-10303-21;
