ISO-10303-21;
HEADER;
FILE_DESCRIPTION(('KiCad electronic assembly'),'2;1');
FILE_NAME('bayleaf-left-pcb.step','2026-09-28T20:24:52',('Pcbnew'),(
    'Kicad'),'Open CASCADE STEP processor 7.6','KiCad to STEP converter'
  ,'Unknown');
FILE_SCHEMA(('AUTOMOTIVE_DESIGN { 1 0 10303 214 1 1 1 1 }'));
ENDSEC;
DATA;
#1 = APPLICATION_PROTOCOL_DEFINITION('international standard',
  'automotive_design',2000,#2);
#2 = APPLICATION_CONTEXT(
  'core data for automotive mechanical design processes');
#3 = SHAPE_DEFINITION_REPRESENTATION(#4,#10);
#4 = PRODUCT_DEFINITION_SHAPE('','',#5);
#5 = PRODUCT_DEFINITION('design','',#6,#9);
#6 = PRODUCT_DEFINITION_FORMATION('','',#7);
#7 = PRODUCT('bayleaf-left-pcb 1','bayleaf-left-pcb 1','',(#8));
#8 = PRODUCT_CONTEXT('',#2,'mechanical');
#9 = PRODUCT_DEFINITION_CONTEXT('part definition',#2,'design');
#10 = SHAPE_REPRESENTATION('',(#11,#15),#19);
#11 = AXIS2_PLACEMENT_3D('',#12,#13,#14);
#12 = CARTESIAN_POINT('',(0.,0.,0.));
#13 = DIRECTION('',(0.,0.,1.));
#14 = DIRECTION('',(1.,0.,-0.));
#15 = AXIS2_PLACEMENT_3D('',#16,#17,#18);
#16 = CARTESIAN_POINT('',(0.,0.,0.));
#17 = DIRECTION('',(0.,0.,1.));
#18 = DIRECTION('',(1.,0.,-0.));
#19 = ( GEOMETRIC_REPRESENTATION_CONTEXT(3) 
GLOBAL_UNCERTAINTY_ASSIGNED_CONTEXT((#23)) GLOBAL_UNIT_ASSIGNED_CONTEXT(
(#20,#21,#22)) REPRESENTATION_CONTEXT('Context #1',
  '3D Context with UNIT and UNCERTAINTY') );
#20 = ( LENGTH_UNIT() NAMED_UNIT(*) SI_UNIT(.MILLI.,.METRE.) );
#21 = ( NAMED_UNIT(*) PLANE_ANGLE_UNIT() SI_UNIT($,.RADIAN.) );
#22 = ( NAMED_UNIT(*) SI_UNIT($,.STERADIAN.) SOLID_ANGLE_UNIT() );
#23 = UNCERTAINTY_MEASURE_WITH_UNIT(LENGTH_MEASURE(1.E-07),#20,
  'distance_accuracy_value','confusion accuracy');
#24 = PRODUCT_RELATED_PRODUCT_CATEGORY('part',$,(#7));
#25 = SHAPE_DEFINITION_REPRESENTATION(#26,#32);
#26 = PRODUCT_DEFINITION_SHAPE('','',#27);
#27 = PRODUCT_DEFINITION('design','',#28,#31);
#28 = PRODUCT_DEFINITION_FORMATION('','',#29);
#29 = PRODUCT('bayleaf-left PCB','bayleaf-left PCB','',(#30));
#30 = PRODUCT_CONTEXT('',#2,'mechanical');
#31 = PRODUCT_DEFINITION_CONTEXT('part definition',#2,'design');
#32 = ADVANCED_BREP_SHAPE_REPRESENTATION('',(#11,#33),#12979);
#33 = MANIFOLD_SOLID_BREP('',#34);
#34 = CLOSED_SHELL('',(#35,#155,#231,#307,#5042,#9057,#9084,#9111,#9138,
    #9165,#9192,#9219,#9246,#9273,#9300,#9327,#9354,#9381,#9408,#9435,
    #9462,#9489,#9516,#9543,#9570,#9597,#9624,#9651,#9678,#9705,#9732,
    #9759,#9786,#9813,#9840,#9867,#9894,#9921,#9948,#9975,#10002,#10029,
    #10056,#10083,#10110,#10137,#10164,#10191,#10218,#10245,#10272,
    #10299,#10326,#10353,#10360,#10387,#10414,#10441,#10468,#10495,
    #10522,#10549,#10576,#10603,#10630,#10657,#10684,#10711,#10738,
    #10765,#10792,#10819,#10846,#10873,#10900,#10927,#10954,#10981,
    #11008,#11035,#11062,#11089,#11116,#11143,#11170,#11197,#11224,
    #11251,#11278,#11305,#11332,#11359,#11386,#11413,#11440,#11467,
    #11494,#11521,#11548,#11575,#11602,#11629,#11656,#11683,#11710,
    #11737,#11764,#11791,#11818,#11845,#11872,#11899,#11926,#11953,
    #11980,#12007,#12054,#12081,#12108,#12115,#12142,#12169,#12196,
    #12223,#12250,#12277,#12304,#12331,#12358,#12385,#12412,#12439,
    #12466,#12493,#12520,#12547,#12574,#12601,#12628,#12655,#12682,
    #12709,#12736,#12763,#12790,#12817,#12844,#12871,#12898,#12925,
    #12952));
#35 = ADVANCED_FACE('',(#36),#50,.T.);
#36 = FACE_BOUND('',#37,.T.);
#37 = EDGE_LOOP('',(#38,#73,#101,#129));
#38 = ORIENTED_EDGE('',*,*,#39,.T.);
#39 = EDGE_CURVE('',#40,#42,#44,.T.);
#40 = VERTEX_POINT('',#41);
#41 = CARTESIAN_POINT('',(133.18463,-2.0357E-02,0.));
#42 = VERTEX_POINT('',#43);
#43 = CARTESIAN_POINT('',(133.18463,-2.0357E-02,1.6));
#44 = SURFACE_CURVE('',#45,(#49,#61),.PCURVE_S1.);
#45 = LINE('',#46,#47);
#46 = CARTESIAN_POINT('',(133.18463,-2.0357E-02,0.));
#47 = VECTOR('',#48,1.);
#48 = DIRECTION('',(0.,0.,1.));
#49 = PCURVE('',#50,#55);
#50 = PLANE('',#51);
#51 = AXIS2_PLACEMENT_3D('',#52,#53,#54);
#52 = CARTESIAN_POINT('',(133.18463,-2.0357E-02,0.));
#53 = DIRECTION('',(0.212565820103,0.977146750557,-0.));
#54 = DIRECTION('',(0.977146750557,-0.212565820103,0.));
#55 = DEFINITIONAL_REPRESENTATION('',(#56),#60);
#56 = LINE('',#57,#58);
#57 = CARTESIAN_POINT('',(0.,0.));
#58 = VECTOR('',#59,1.);
#59 = DIRECTION('',(0.,-1.));
#60 = ( GEOMETRIC_REPRESENTATION_CONTEXT(2) 
PARAMETRIC_REPRESENTATION_CONTEXT() REPRESENTATION_CONTEXT('2D SPACE',''
  ) );
#61 = PCURVE('',#62,#67);
#62 = PLANE('',#63);
#63 = AXIS2_PLACEMENT_3D('',#64,#65,#66);
#64 = CARTESIAN_POINT('',(132.9,-0.,0.));
#65 = DIRECTION('',(7.133869727228E-02,0.997452149364,-0.));
#66 = DIRECTION('',(0.997452149364,-7.133869727228E-02,0.));
#67 = DEFINITIONAL_REPRESENTATION('',(#68),#72);
#68 = LINE('',#69,#70);
#69 = CARTESIAN_POINT('',(0.285357047134,0.));
#70 = VECTOR('',#71,1.);
#71 = DIRECTION('',(0.,-1.));
#72 = ( GEOMETRIC_REPRESENTATION_CONTEXT(2) 
PARAMETRIC_REPRESENTATION_CONTEXT() REPRESENTATION_CONTEXT('2D SPACE',''
  ) );
#73 = ORIENTED_EDGE('',*,*,#74,.T.);
#74 = EDGE_CURVE('',#42,#75,#77,.T.);
#75 = VERTEX_POINT('',#76);
#76 = CARTESIAN_POINT('',(133.463465,-8.1014E-02,1.6));
#77 = SURFACE_CURVE('',#78,(#82,#89),.PCURVE_S1.);
#78 = LINE('',#79,#80);
#79 = CARTESIAN_POINT('',(133.18463,-2.0357E-02,1.6));
#80 = VECTOR('',#81,1.);
#81 = DIRECTION('',(0.977146750557,-0.212565820103,0.));
#82 = PCURVE('',#50,#83);
#83 = DEFINITIONAL_REPRESENTATION('',(#84),#88);
#84 = LINE('',#85,#86);
#85 = CARTESIAN_POINT('',(0.,-1.6));
#86 = VECTOR('',#87,1.);
#87 = DIRECTION('',(1.,0.));
#88 = ( GEOMETRIC_REPRESENTATION_CONTEXT(2) 
PARAMETRIC_REPRESENTATION_CONTEXT() REPRESENTATION_CONTEXT('2D SPACE',''
  ) );
#89 = PCURVE('',#90,#95);
#90 = PLANE('',#91);
#91 = AXIS2_PLACEMENT_3D('',#92,#93,#94);
#92 = CARTESIAN_POINT('',(69.194801047976,-47.34592913152,1.6));
#93 = DIRECTION('',(-0.,-0.,-1.));
#94 = DIRECTION('',(-1.,0.,0.));
#95 = DEFINITIONAL_REPRESENTATION('',(#96),#100);
#96 = LINE('',#97,#98);
#97 = CARTESIAN_POINT('',(-63.98982895202,47.325572131522));
#98 = VECTOR('',#99,1.);
#99 = DIRECTION('',(-0.977146750557,-0.212565820103));
#100 = ( GEOMETRIC_REPRESENTATION_CONTEXT(2) 
PARAMETRIC_REPRESENTATION_CONTEXT() REPRESENTATION_CONTEXT('2D SPACE',''
  ) );
#101 = ORIENTED_EDGE('',*,*,#102,.F.);
#102 = EDGE_CURVE('',#103,#75,#105,.T.);
#103 = VERTEX_POINT('',#104);
#104 = CARTESIAN_POINT('',(133.463465,-8.1014E-02,0.));
#105 = SURFACE_CURVE('',#106,(#110,#117),.PCURVE_S1.);
#106 = LINE('',#107,#108);
#107 = CARTESIAN_POINT('',(133.463465,-8.1014E-02,0.));
#108 = VECTOR('',#109,1.);
#109 = DIRECTION('',(0.,0.,1.));
#110 = PCURVE('',#50,#111);
#111 = DEFINITIONAL_REPRESENTATION('',(#112),#116);
#112 = LINE('',#113,#114);
#113 = CARTESIAN_POINT('',(0.285356319142,0.));
#114 = VECTOR('',#115,1.);
#115 = DIRECTION('',(0.,-1.));
#116 = ( GEOMETRIC_REPRESENTATION_CONTEXT(2) 
PARAMETRIC_REPRESENTATION_CONTEXT() REPRESENTATION_CONTEXT('2D SPACE',''
  ) );
#117 = PCURVE('',#118,#123);
#118 = PLANE('',#119);
#119 = AXIS2_PLACEMENT_3D('',#120,#121,#122);
#120 = CARTESIAN_POINT('',(133.463465,-8.1014E-02,0.));
#121 = DIRECTION('',(0.349464212755,0.936949712633,-0.));
#122 = DIRECTION('',(0.936949712633,-0.349464212755,0.));
#123 = DEFINITIONAL_REPRESENTATION('',(#124),#128);
#124 = LINE('',#125,#126);
#125 = CARTESIAN_POINT('',(0.,0.));
#126 = VECTOR('',#127,1.);
#127 = DIRECTION('',(0.,-1.));
#128 = ( GEOMETRIC_REPRESENTATION_CONTEXT(2) 
PARAMETRIC_REPRESENTATION_CONTEXT() REPRESENTATION_CONTEXT('2D SPACE',''
  ) );
#129 = ORIENTED_EDGE('',*,*,#130,.F.);
#130 = EDGE_CURVE('',#40,#103,#131,.T.);
#131 = SURFACE_CURVE('',#132,(#136,#143),.PCURVE_S1.);
#132 = LINE('',#133,#134);
#133 = CARTESIAN_POINT('',(133.18463,-2.0357E-02,0.));
#134 = VECTOR('',#135,1.);
#135 = DIRECTION('',(0.977146750557,-0.212565820103,0.));
#136 = PCURVE('',#50,#137);
#137 = DEFINITIONAL_REPRESENTATION('',(#138),#142);
#138 = LINE('',#139,#140);
#139 = CARTESIAN_POINT('',(0.,0.));
#140 = VECTOR('',#141,1.);
#141 = DIRECTION('',(1.,0.));
#142 = ( GEOMETRIC_REPRESENTATION_CONTEXT(2) 
PARAMETRIC_REPRESENTATION_CONTEXT() REPRESENTATION_CONTEXT('2D SPACE',''
  ) );
#143 = PCURVE('',#144,#149);
#144 = PLANE('',#145);
#145 = AXIS2_PLACEMENT_3D('',#146,#147,#148);
#146 = CARTESIAN_POINT('',(69.194801047976,-47.34592913152,0.));
#147 = DIRECTION('',(-0.,-0.,-1.));
#148 = DIRECTION('',(-1.,0.,0.));
#149 = DEFINITIONAL_REPRESENTATION('',(#150),#154);
#150 = LINE('',#151,#152);
#151 = CARTESIAN_POINT('',(-63.98982895202,47.325572131522));
#152 = VECTOR('',#153,1.);
#153 = DIRECTION('',(-0.977146750557,-0.212565820103));
#154 = ( GEOMETRIC_REPRESENTATION_CONTEXT(2) 
PARAMETRIC_REPRESENTATION_CONTEXT() REPRESENTATION_CONTEXT('2D SPACE',''
  ) );
#155 = ADVANCED_FACE('',(#156),#62,.T.);
#156 = FACE_BOUND('',#157,.T.);
#157 = EDGE_LOOP('',(#158,#188,#209,#210));
#158 = ORIENTED_EDGE('',*,*,#159,.T.);
#159 = EDGE_CURVE('',#160,#162,#164,.T.);
#160 = VERTEX_POINT('',#161);
#161 = CARTESIAN_POINT('',(132.9,-0.,0.));
#162 = VERTEX_POINT('',#163);
#163 = CARTESIAN_POINT('',(132.9,0.,1.6));
#164 = SURFACE_CURVE('',#165,(#169,#176),.PCURVE_S1.);
#165 = LINE('',#166,#167);
#166 = CARTESIAN_POINT('',(132.9,-0.,0.));
#167 = VECTOR('',#168,1.);
#168 = DIRECTION('',(0.,0.,1.));
#169 = PCURVE('',#62,#170);
#170 = DEFINITIONAL_REPRESENTATION('',(#171),#175);
#171 = LINE('',#172,#173);
#172 = CARTESIAN_POINT('',(0.,0.));
#173 = VECTOR('',#174,1.);
#174 = DIRECTION('',(0.,-1.));
#175 = ( GEOMETRIC_REPRESENTATION_CONTEXT(2) 
PARAMETRIC_REPRESENTATION_CONTEXT() REPRESENTATION_CONTEXT('2D SPACE',''
  ) );
#176 = PCURVE('',#177,#182);
#177 = PLANE('',#178);
#178 = AXIS2_PLACEMENT_3D('',#179,#180,#181);
#179 = CARTESIAN_POINT('',(2.,0.,0.));
#180 = DIRECTION('',(0.,1.,0.));
#181 = DIRECTION('',(1.,0.,0.));
#182 = DEFINITIONAL_REPRESENTATION('',(#183),#187);
#183 = LINE('',#184,#185);
#184 = CARTESIAN_POINT('',(130.9,0.));
#185 = VECTOR('',#186,1.);
#186 = DIRECTION('',(0.,-1.));
#187 = ( GEOMETRIC_REPRESENTATION_CONTEXT(2) 
PARAMETRIC_REPRESENTATION_CONTEXT() REPRESENTATION_CONTEXT('2D SPACE',''
  ) );
#188 = ORIENTED_EDGE('',*,*,#189,.T.);
#189 = EDGE_CURVE('',#162,#42,#190,.T.);
#190 = SURFACE_CURVE('',#191,(#195,#202),.PCURVE_S1.);
#191 = LINE('',#192,#193);
#192 = CARTESIAN_POINT('',(132.9,0.,1.6));
#193 = VECTOR('',#194,1.);
#194 = DIRECTION('',(0.997452149364,-7.133869727228E-02,0.));
#195 = PCURVE('',#62,#196);
#196 = DEFINITIONAL_REPRESENTATION('',(#197),#201);
#197 = LINE('',#198,#199);
#198 = CARTESIAN_POINT('',(0.,-1.6));
#199 = VECTOR('',#200,1.);
#200 = DIRECTION('',(1.,0.));
#201 = ( GEOMETRIC_REPRESENTATION_CONTEXT(2) 
PARAMETRIC_REPRESENTATION_CONTEXT() REPRESENTATION_CONTEXT('2D SPACE',''
  ) );
#202 = PCURVE('',#90,#203);
#203 = DEFINITIONAL_REPRESENTATION('',(#204),#208);
#204 = LINE('',#205,#206);
#205 = CARTESIAN_POINT('',(-63.70519895202,47.345929131522));
#206 = VECTOR('',#207,1.);
#207 = DIRECTION('',(-0.997452149364,-7.133869727228E-02));
#208 = ( GEOMETRIC_REPRESENTATION_CONTEXT(2) 
PARAMETRIC_REPRESENTATION_CONTEXT() REPRESENTATION_CONTEXT('2D SPACE',''
  ) );
#209 = ORIENTED_EDGE('',*,*,#39,.F.);
#210 = ORIENTED_EDGE('',*,*,#211,.F.);
#211 = EDGE_CURVE('',#160,#40,#212,.T.);
#212 = SURFACE_CURVE('',#213,(#217,#224),.PCURVE_S1.);
#213 = LINE('',#214,#215);
#214 = CARTESIAN_POINT('',(132.9,-0.,0.));
#215 = VECTOR('',#216,1.);
#216 = DIRECTION('',(0.997452149364,-7.133869727228E-02,0.));
#217 = PCURVE('',#62,#218);
#218 = DEFINITIONAL_REPRESENTATION('',(#219),#223);
#219 = LINE('',#220,#221);
#220 = CARTESIAN_POINT('',(0.,0.));
#221 = VECTOR('',#222,1.);
#222 = DIRECTION('',(1.,0.));
#223 = ( GEOMETRIC_REPRESENTATION_CONTEXT(2) 
PARAMETRIC_REPRESENTATION_CONTEXT() REPRESENTATION_CONTEXT('2D SPACE',''
  ) );
#224 = PCURVE('',#144,#225);
#225 = DEFINITIONAL_REPRESENTATION('',(#226),#230);
#226 = LINE('',#227,#228);
#227 = CARTESIAN_POINT('',(-63.70519895202,47.345929131522));
#228 = VECTOR('',#229,1.);
#229 = DIRECTION('',(-0.997452149364,-7.133869727228E-02));
#230 = ( GEOMETRIC_REPRESENTATION_CONTEXT(2) 
PARAMETRIC_REPRESENTATION_CONTEXT() REPRESENTATION_CONTEXT('2D SPACE',''
  ) );
#231 = ADVANCED_FACE('',(#232),#118,.T.);
#232 = FACE_BOUND('',#233,.T.);
#233 = EDGE_LOOP('',(#234,#235,#258,#286));
#234 = ORIENTED_EDGE('',*,*,#102,.T.);
#235 = ORIENTED_EDGE('',*,*,#236,.T.);
#236 = EDGE_CURVE('',#75,#237,#239,.T.);
#237 = VERTEX_POINT('',#238);
#238 = CARTESIAN_POINT('',(133.73083,-0.180736,1.6));
#239 = SURFACE_CURVE('',#240,(#244,#251),.PCURVE_S1.);
#240 = LINE('',#241,#242);
#241 = CARTESIAN_POINT('',(133.463465,-8.1014E-02,1.6));
#242 = VECTOR('',#243,1.);
#243 = DIRECTION('',(0.936949712633,-0.349464212755,0.));
#244 = PCURVE('',#118,#245);
#245 = DEFINITIONAL_REPRESENTATION('',(#246),#250);
#246 = LINE('',#247,#248);
#247 = CARTESIAN_POINT('',(0.,-1.6));
#248 = VECTOR('',#249,1.);
#249 = DIRECTION('',(1.,0.));
#250 = ( GEOMETRIC_REPRESENTATION_CONTEXT(2) 
PARAMETRIC_REPRESENTATION_CONTEXT() REPRESENTATION_CONTEXT('2D SPACE',''
  ) );
#251 = PCURVE('',#90,#252);
#252 = DEFINITIONAL_REPRESENTATION('',(#253),#257);
#253 = LINE('',#254,#255);
#254 = CARTESIAN_POINT('',(-64.26866395202,47.264915131522));
#255 = VECTOR('',#256,1.);
#256 = DIRECTION('',(-0.936949712633,-0.349464212755));
#257 = ( GEOMETRIC_REPRESENTATION_CONTEXT(2) 
PARAMETRIC_REPRESENTATION_CONTEXT() REPRESENTATION_CONTEXT('2D SPACE',''
  ) );
#258 = ORIENTED_EDGE('',*,*,#259,.F.);
#259 = EDGE_CURVE('',#260,#237,#262,.T.);
#260 = VERTEX_POINT('',#261);
#261 = CARTESIAN_POINT('',(133.73083,-0.180736,0.));
#262 = SURFACE_CURVE('',#263,(#267,#274),.PCURVE_S1.);
#263 = LINE('',#264,#265);
#264 = CARTESIAN_POINT('',(133.73083,-0.180736,0.));
#265 = VECTOR('',#266,1.);
#266 = DIRECTION('',(0.,0.,1.));
#267 = PCURVE('',#118,#268);
#268 = DEFINITIONAL_REPRESENTATION('',(#269),#273);
#269 = LINE('',#270,#271);
#270 = CARTESIAN_POINT('',(0.285356830143,0.));
#271 = VECTOR('',#272,1.);
#272 = DIRECTION('',(0.,-1.));
#273 = ( GEOMETRIC_REPRESENTATION_CONTEXT(2) 
PARAMETRIC_REPRESENTATION_CONTEXT() REPRESENTATION_CONTEXT('2D SPACE',''
  ) );
#274 = PCURVE('',#275,#280);
#275 = PLANE('',#276);
#276 = AXIS2_PLACEMENT_3D('',#277,#278,#279);
#277 = CARTESIAN_POINT('',(133.73083,-0.180736,0.));
#278 = DIRECTION('',(0.479248612572,0.877679193868,-0.));
#279 = DIRECTION('',(0.877679193868,-0.479248612572,0.));
#280 = DEFINITIONAL_REPRESENTATION('',(#281),#285);
#281 = LINE('',#282,#283);
#282 = CARTESIAN_POINT('',(0.,0.));
#283 = VECTOR('',#284,1.);
#284 = DIRECTION('',(0.,-1.));
#285 = ( GEOMETRIC_REPRESENTATION_CONTEXT(2) 
PARAMETRIC_REPRESENTATION_CONTEXT() REPRESENTATION_CONTEXT('2D SPACE',''
  ) );
#286 = ORIENTED_EDGE('',*,*,#287,.F.);
#287 = EDGE_CURVE('',#103,#260,#288,.T.);
#288 = SURFACE_CURVE('',#289,(#293,#300),.PCURVE_S1.);
#289 = LINE('',#290,#291);
#290 = CARTESIAN_POINT('',(133.463465,-8.1014E-02,0.));
#291 = VECTOR('',#292,1.);
#292 = DIRECTION('',(0.936949712633,-0.349464212755,0.));
#293 = PCURVE('',#118,#294);
#294 = DEFINITIONAL_REPRESENTATION('',(#295),#299);
#295 = LINE('',#296,#297);
#296 = CARTESIAN_POINT('',(0.,0.));
#297 = VECTOR('',#298,1.);
#298 = DIRECTION('',(1.,0.));
#299 = ( GEOMETRIC_REPRESENTATION_CONTEXT(2) 
PARAMETRIC_REPRESENTATION_CONTEXT() REPRESENTATION_CONTEXT('2D SPACE',''
  ) );
#300 = PCURVE('',#144,#301);
#301 = DEFINITIONAL_REPRESENTATION('',(#302),#306);
#302 = LINE('',#303,#304);
#303 = CARTESIAN_POINT('',(-64.26866395202,47.264915131522));
#304 = VECTOR('',#305,1.);
#305 = DIRECTION('',(-0.936949712633,-0.349464212755));
#306 = ( GEOMETRIC_REPRESENTATION_CONTEXT(2) 
PARAMETRIC_REPRESENTATION_CONTEXT() REPRESENTATION_CONTEXT('2D SPACE',''
  ) );
#307 = ADVANCED_FACE('',(#308,#1673,#1708,#1743,#1778,#1813,#1848,#1883,
    #1918,#1953,#1988,#2023,#2058,#2093,#2128,#2163,#2198,#2233,#2268,
    #2303,#2338,#2373,#2408,#2443,#2478,#2513,#2548,#2583,#2618,#2653,
    #2688,#2723,#2758,#2793,#2828,#2863,#2898,#2933,#2968,#3003,#3038,
    #3073,#3108,#3143,#3178,#3213,#3248,#3283,#3318,#3353,#3388,#3423,
    #3458,#3493,#3528,#3563,#3598,#3633,#3668,#3703,#3738,#3773,#3808,
    #3922,#3957,#3992,#4027,#4062,#4097,#4132,#4167,#4202,#4237,#4272,
    #4307,#4342,#4377,#4412,#4447,#4482,#4517,#4552,#4587,#4622,#4657,
    #4692,#4727,#4762,#4797,#4832,#4867,#4902,#4937,#4972,#5007),#144,
  .T.);
#308 = FACE_BOUND('',#309,.T.);
#309 = EDGE_LOOP('',(#310,#311,#312,#335,#363,#391,#419,#447,#475,#503,
    #531,#559,#587,#615,#643,#671,#699,#727,#755,#783,#811,#839,#867,
    #895,#923,#951,#979,#1007,#1035,#1063,#1091,#1119,#1147,#1175,#1203,
    #1231,#1259,#1287,#1315,#1343,#1371,#1399,#1427,#1455,#1483,#1511,
    #1539,#1567,#1595,#1623,#1651,#1672));
#310 = ORIENTED_EDGE('',*,*,#130,.T.);
#311 = ORIENTED_EDGE('',*,*,#287,.T.);
#312 = ORIENTED_EDGE('',*,*,#313,.T.);
#313 = EDGE_CURVE('',#260,#314,#316,.T.);
#314 = VERTEX_POINT('',#315);
#315 = CARTESIAN_POINT('',(133.981282,-0.317493,0.));
#316 = SURFACE_CURVE('',#317,(#321,#328),.PCURVE_S1.);
#317 = LINE('',#318,#319);
#318 = CARTESIAN_POINT('',(133.73083,-0.180736,0.));
#319 = VECTOR('',#320,1.);
#320 = DIRECTION('',(0.877679193868,-0.479248612572,0.));
#321 = PCURVE('',#144,#322);
#322 = DEFINITIONAL_REPRESENTATION('',(#323),#327);
#323 = LINE('',#324,#325);
#324 = CARTESIAN_POINT('',(-64.53602895202,47.165193131522));
#325 = VECTOR('',#326,1.);
#326 = DIRECTION('',(-0.877679193868,-0.479248612572));
#327 = ( GEOMETRIC_REPRESENTATION_CONTEXT(2) 
PARAMETRIC_REPRESENTATION_CONTEXT() REPRESENTATION_CONTEXT('2D SPACE',''
  ) );
#328 = PCURVE('',#275,#329);
#329 = DEFINITIONAL_REPRESENTATION('',(#330),#334);
#330 = LINE('',#331,#332);
#331 = CARTESIAN_POINT('',(0.,0.));
#332 = VECTOR('',#333,1.);
#333 = DIRECTION('',(1.,0.));
#334 = ( GEOMETRIC_REPRESENTATION_CONTEXT(2) 
PARAMETRIC_REPRESENTATION_CONTEXT() REPRESENTATION_CONTEXT('2D SPACE',''
  ) );
#335 = ORIENTED_EDGE('',*,*,#336,.T.);
#336 = EDGE_CURVE('',#314,#337,#339,.T.);
#337 = VERTEX_POINT('',#338);
#338 = CARTESIAN_POINT('',(134.209721,-0.488501,0.));
#339 = SURFACE_CURVE('',#340,(#344,#351),.PCURVE_S1.);
#340 = LINE('',#341,#342);
#341 = CARTESIAN_POINT('',(133.981282,-0.317493,0.));
#342 = VECTOR('',#343,1.);
#343 = DIRECTION('',(0.800540052961,-0.599279253441,0.));
#344 = PCURVE('',#144,#345);
#345 = DEFINITIONAL_REPRESENTATION('',(#346),#350);
#346 = LINE('',#347,#348);
#347 = CARTESIAN_POINT('',(-64.78648095202,47.028436131522));
#348 = VECTOR('',#349,1.);
#349 = DIRECTION('',(-0.800540052961,-0.599279253441));
#350 = ( GEOMETRIC_REPRESENTATION_CONTEXT(2) 
PARAMETRIC_REPRESENTATION_CONTEXT() REPRESENTATION_CONTEXT('2D SPACE',''
  ) );
#351 = PCURVE('',#352,#357);
#352 = PLANE('',#353);
#353 = AXIS2_PLACEMENT_3D('',#354,#355,#356);
#354 = CARTESIAN_POINT('',(133.981282,-0.317493,0.));
#355 = DIRECTION('',(0.599279253441,0.800540052961,-0.));
#356 = DIRECTION('',(0.800540052961,-0.599279253441,0.));
#357 = DEFINITIONAL_REPRESENTATION('',(#358),#362);
#358 = LINE('',#359,#360);
#359 = CARTESIAN_POINT('',(0.,0.));
#360 = VECTOR('',#361,1.);
#361 = DIRECTION('',(1.,0.));
#362 = ( GEOMETRIC_REPRESENTATION_CONTEXT(2) 
PARAMETRIC_REPRESENTATION_CONTEXT() REPRESENTATION_CONTEXT('2D SPACE',''
  ) );
#363 = ORIENTED_EDGE('',*,*,#364,.T.);
#364 = EDGE_CURVE('',#337,#365,#367,.T.);
#365 = VERTEX_POINT('',#366);
#366 = CARTESIAN_POINT('',(134.411499,-0.690279,0.));
#367 = SURFACE_CURVE('',#368,(#372,#379),.PCURVE_S1.);
#368 = LINE('',#369,#370);
#369 = CARTESIAN_POINT('',(134.209721,-0.488501,0.));
#370 = VECTOR('',#371,1.);
#371 = DIRECTION('',(0.707106781187,-0.707106781187,0.));
#372 = PCURVE('',#144,#373);
#373 = DEFINITIONAL_REPRESENTATION('',(#374),#378);
#374 = LINE('',#375,#376);
#375 = CARTESIAN_POINT('',(-65.01491995202,46.857428131522));
#376 = VECTOR('',#377,1.);
#377 = DIRECTION('',(-0.707106781187,-0.707106781187));
#378 = ( GEOMETRIC_REPRESENTATION_CONTEXT(2) 
PARAMETRIC_REPRESENTATION_CONTEXT() REPRESENTATION_CONTEXT('2D SPACE',''
  ) );
#379 = PCURVE('',#380,#385);
#380 = PLANE('',#381);
#381 = AXIS2_PLACEMENT_3D('',#382,#383,#384);
#382 = CARTESIAN_POINT('',(134.209721,-0.488501,0.));
#383 = DIRECTION('',(0.707106781187,0.707106781187,-0.));
#384 = DIRECTION('',(0.707106781187,-0.707106781187,0.));
#385 = DEFINITIONAL_REPRESENTATION('',(#386),#390);
#386 = LINE('',#387,#388);
#387 = CARTESIAN_POINT('',(0.,0.));
#388 = VECTOR('',#389,1.);
#389 = DIRECTION('',(1.,0.));
#390 = ( GEOMETRIC_REPRESENTATION_CONTEXT(2) 
PARAMETRIC_REPRESENTATION_CONTEXT() REPRESENTATION_CONTEXT('2D SPACE',''
  ) );
#391 = ORIENTED_EDGE('',*,*,#392,.T.);
#392 = EDGE_CURVE('',#365,#393,#395,.T.);
#393 = VERTEX_POINT('',#394);
#394 = CARTESIAN_POINT('',(134.582507,-0.918718,0.));
#395 = SURFACE_CURVE('',#396,(#400,#407),.PCURVE_S1.);
#396 = LINE('',#397,#398);
#397 = CARTESIAN_POINT('',(134.411499,-0.690279,0.));
#398 = VECTOR('',#399,1.);
#399 = DIRECTION('',(0.599279253441,-0.800540052961,0.));
#400 = PCURVE('',#144,#401);
#401 = DEFINITIONAL_REPRESENTATION('',(#402),#406);
#402 = LINE('',#403,#404);
#403 = CARTESIAN_POINT('',(-65.21669795202,46.655650131522));
#404 = VECTOR('',#405,1.);
#405 = DIRECTION('',(-0.599279253441,-0.800540052961));
#406 = ( GEOMETRIC_REPRESENTATION_CONTEXT(2) 
PARAMETRIC_REPRESENTATION_CONTEXT() REPRESENTATION_CONTEXT('2D SPACE',''
  ) );
#407 = PCURVE('',#408,#413);
#408 = PLANE('',#409);
#409 = AXIS2_PLACEMENT_3D('',#410,#411,#412);
#410 = CARTESIAN_POINT('',(134.411499,-0.690279,0.));
#411 = DIRECTION('',(0.800540052961,0.599279253441,-0.));
#412 = DIRECTION('',(0.599279253441,-0.800540052961,0.));
#413 = DEFINITIONAL_REPRESENTATION('',(#414),#418);
#414 = LINE('',#415,#416);
#415 = CARTESIAN_POINT('',(0.,0.));
#416 = VECTOR('',#417,1.);
#417 = DIRECTION('',(1.,0.));
#418 = ( GEOMETRIC_REPRESENTATION_CONTEXT(2) 
PARAMETRIC_REPRESENTATION_CONTEXT() REPRESENTATION_CONTEXT('2D SPACE',''
  ) );
#419 = ORIENTED_EDGE('',*,*,#420,.T.);
#420 = EDGE_CURVE('',#393,#421,#423,.T.);
#421 = VERTEX_POINT('',#422);
#422 = CARTESIAN_POINT('',(134.719264,-1.16917,0.));
#423 = SURFACE_CURVE('',#424,(#428,#435),.PCURVE_S1.);
#424 = LINE('',#425,#426);
#425 = CARTESIAN_POINT('',(134.582507,-0.918718,0.));
#426 = VECTOR('',#427,1.);
#427 = DIRECTION('',(0.479248612572,-0.877679193868,0.));
#428 = PCURVE('',#144,#429);
#429 = DEFINITIONAL_REPRESENTATION('',(#430),#434);
#430 = LINE('',#431,#432);
#431 = CARTESIAN_POINT('',(-65.38770595202,46.427211131522));
#432 = VECTOR('',#433,1.);
#433 = DIRECTION('',(-0.479248612572,-0.877679193868));
#434 = ( GEOMETRIC_REPRESENTATION_CONTEXT(2) 
PARAMETRIC_REPRESENTATION_CONTEXT() REPRESENTATION_CONTEXT('2D SPACE',''
  ) );
#435 = PCURVE('',#436,#441);
#436 = PLANE('',#437);
#437 = AXIS2_PLACEMENT_3D('',#438,#439,#440);
#438 = CARTESIAN_POINT('',(134.582507,-0.918718,0.));
#439 = DIRECTION('',(0.877679193868,0.479248612572,-0.));
#440 = DIRECTION('',(0.479248612572,-0.877679193868,0.));
#441 = DEFINITIONAL_REPRESENTATION('',(#442),#446);
#442 = LINE('',#443,#444);
#443 = CARTESIAN_POINT('',(0.,0.));
#444 = VECTOR('',#445,1.);
#445 = DIRECTION('',(1.,0.));
#446 = ( GEOMETRIC_REPRESENTATION_CONTEXT(2) 
PARAMETRIC_REPRESENTATION_CONTEXT() REPRESENTATION_CONTEXT('2D SPACE',''
  ) );
#447 = ORIENTED_EDGE('',*,*,#448,.T.);
#448 = EDGE_CURVE('',#421,#449,#451,.T.);
#449 = VERTEX_POINT('',#450);
#450 = CARTESIAN_POINT('',(134.818986,-1.436535,0.));
#451 = SURFACE_CURVE('',#452,(#456,#463),.PCURVE_S1.);
#452 = LINE('',#453,#454);
#453 = CARTESIAN_POINT('',(134.719264,-1.16917,0.));
#454 = VECTOR('',#455,1.);
#455 = DIRECTION('',(0.349464212755,-0.936949712633,0.));
#456 = PCURVE('',#144,#457);
#457 = DEFINITIONAL_REPRESENTATION('',(#458),#462);
#458 = LINE('',#459,#460);
#459 = CARTESIAN_POINT('',(-65.52446295202,46.176759131522));
#460 = VECTOR('',#461,1.);
#461 = DIRECTION('',(-0.349464212755,-0.936949712633));
#462 = ( GEOMETRIC_REPRESENTATION_CONTEXT(2) 
PARAMETRIC_REPRESENTATION_CONTEXT() REPRESENTATION_CONTEXT('2D SPACE',''
  ) );
#463 = PCURVE('',#464,#469);
#464 = PLANE('',#465);
#465 = AXIS2_PLACEMENT_3D('',#466,#467,#468);
#466 = CARTESIAN_POINT('',(134.719264,-1.16917,0.));
#467 = DIRECTION('',(0.936949712633,0.349464212755,-0.));
#468 = DIRECTION('',(0.349464212755,-0.936949712633,0.));
#469 = DEFINITIONAL_REPRESENTATION('',(#470),#474);
#470 = LINE('',#471,#472);
#471 = CARTESIAN_POINT('',(0.,0.));
#472 = VECTOR('',#473,1.);
#473 = DIRECTION('',(1.,0.));
#474 = ( GEOMETRIC_REPRESENTATION_CONTEXT(2) 
PARAMETRIC_REPRESENTATION_CONTEXT() REPRESENTATION_CONTEXT('2D SPACE',''
  ) );
#475 = ORIENTED_EDGE('',*,*,#476,.T.);
#476 = EDGE_CURVE('',#449,#477,#479,.T.);
#477 = VERTEX_POINT('',#478);
#478 = CARTESIAN_POINT('',(134.879643,-1.71537,0.));
#479 = SURFACE_CURVE('',#480,(#484,#491),.PCURVE_S1.);
#480 = LINE('',#481,#482);
#481 = CARTESIAN_POINT('',(134.818986,-1.436535,0.));
#482 = VECTOR('',#483,1.);
#483 = DIRECTION('',(0.212565820103,-0.977146750557,0.));
#484 = PCURVE('',#144,#485);
#485 = DEFINITIONAL_REPRESENTATION('',(#486),#490);
#486 = LINE('',#487,#488);
#487 = CARTESIAN_POINT('',(-65.62418495202,45.909394131522));
#488 = VECTOR('',#489,1.);
#489 = DIRECTION('',(-0.212565820103,-0.977146750557));
#490 = ( GEOMETRIC_REPRESENTATION_CONTEXT(2) 
PARAMETRIC_REPRESENTATION_CONTEXT() REPRESENTATION_CONTEXT('2D SPACE',''
  ) );
#491 = PCURVE('',#492,#497);
#492 = PLANE('',#493);
#493 = AXIS2_PLACEMENT_3D('',#494,#495,#496);
#494 = CARTESIAN_POINT('',(134.818986,-1.436535,0.));
#495 = DIRECTION('',(0.977146750557,0.212565820103,-0.));
#496 = DIRECTION('',(0.212565820103,-0.977146750557,0.));
#497 = DEFINITIONAL_REPRESENTATION('',(#498),#502);
#498 = LINE('',#499,#500);
#499 = CARTESIAN_POINT('',(0.,0.));
#500 = VECTOR('',#501,1.);
#501 = DIRECTION('',(1.,0.));
#502 = ( GEOMETRIC_REPRESENTATION_CONTEXT(2) 
PARAMETRIC_REPRESENTATION_CONTEXT() REPRESENTATION_CONTEXT('2D SPACE',''
  ) );
#503 = ORIENTED_EDGE('',*,*,#504,.T.);
#504 = EDGE_CURVE('',#477,#505,#507,.T.);
#505 = VERTEX_POINT('',#506);
#506 = CARTESIAN_POINT('',(134.9,-2.,0.));
#507 = SURFACE_CURVE('',#508,(#512,#519),.PCURVE_S1.);
#508 = LINE('',#509,#510);
#509 = CARTESIAN_POINT('',(134.879643,-1.71537,0.));
#510 = VECTOR('',#511,1.);
#511 = DIRECTION('',(7.133869727235E-02,-0.997452149364,0.));
#512 = PCURVE('',#144,#513);
#513 = DEFINITIONAL_REPRESENTATION('',(#514),#518);
#514 = LINE('',#515,#516);
#515 = CARTESIAN_POINT('',(-65.68484195202,45.630559131522));
#516 = VECTOR('',#517,1.);
#517 = DIRECTION('',(-7.133869727235E-02,-0.997452149364));
#518 = ( GEOMETRIC_REPRESENTATION_CONTEXT(2) 
PARAMETRIC_REPRESENTATION_CONTEXT() REPRESENTATION_CONTEXT('2D SPACE',''
  ) );
#519 = PCURVE('',#520,#525);
#520 = PLANE('',#521);
#521 = AXIS2_PLACEMENT_3D('',#522,#523,#524);
#522 = CARTESIAN_POINT('',(134.879643,-1.71537,0.));
#523 = DIRECTION('',(0.997452149364,7.133869727235E-02,-0.));
#524 = DIRECTION('',(7.133869727235E-02,-0.997452149364,0.));
#525 = DEFINITIONAL_REPRESENTATION('',(#526),#530);
#526 = LINE('',#527,#528);
#527 = CARTESIAN_POINT('',(0.,0.));
#528 = VECTOR('',#529,1.);
#529 = DIRECTION('',(1.,0.));
#530 = ( GEOMETRIC_REPRESENTATION_CONTEXT(2) 
PARAMETRIC_REPRESENTATION_CONTEXT() REPRESENTATION_CONTEXT('2D SPACE',''
  ) );
#531 = ORIENTED_EDGE('',*,*,#532,.T.);
#532 = EDGE_CURVE('',#505,#533,#535,.T.);
#533 = VERTEX_POINT('',#534);
#534 = CARTESIAN_POINT('',(134.9,-90.3,0.));
#535 = SURFACE_CURVE('',#536,(#540,#547),.PCURVE_S1.);
#536 = LINE('',#537,#538);
#537 = CARTESIAN_POINT('',(134.9,-2.,0.));
#538 = VECTOR('',#539,1.);
#539 = DIRECTION('',(0.,-1.,0.));
#540 = PCURVE('',#144,#541);
#541 = DEFINITIONAL_REPRESENTATION('',(#542),#546);
#542 = LINE('',#543,#544);
#543 = CARTESIAN_POINT('',(-65.70519895202,45.345929131522));
#544 = VECTOR('',#545,1.);
#545 = DIRECTION('',(0.,-1.));
#546 = ( GEOMETRIC_REPRESENTATION_CONTEXT(2) 
PARAMETRIC_REPRESENTATION_CONTEXT() REPRESENTATION_CONTEXT('2D SPACE',''
  ) );
#547 = PCURVE('',#548,#553);
#548 = PLANE('',#549);
#549 = AXIS2_PLACEMENT_3D('',#550,#551,#552);
#550 = CARTESIAN_POINT('',(134.9,-2.,0.));
#551 = DIRECTION('',(1.,0.,-0.));
#552 = DIRECTION('',(0.,-1.,0.));
#553 = DEFINITIONAL_REPRESENTATION('',(#554),#558);
#554 = LINE('',#555,#556);
#555 = CARTESIAN_POINT('',(0.,0.));
#556 = VECTOR('',#557,1.);
#557 = DIRECTION('',(1.,0.));
#558 = ( GEOMETRIC_REPRESENTATION_CONTEXT(2) 
PARAMETRIC_REPRESENTATION_CONTEXT() REPRESENTATION_CONTEXT('2D SPACE',''
  ) );
#559 = ORIENTED_EDGE('',*,*,#560,.T.);
#560 = EDGE_CURVE('',#533,#561,#563,.T.);
#561 = VERTEX_POINT('',#562);
#562 = CARTESIAN_POINT('',(134.879643,-90.58463,0.));
#563 = SURFACE_CURVE('',#564,(#568,#575),.PCURVE_S1.);
#564 = LINE('',#565,#566);
#565 = CARTESIAN_POINT('',(134.9,-90.3,0.));
#566 = VECTOR('',#567,1.);
#567 = DIRECTION('',(-7.133869727234E-02,-0.997452149364,0.));
#568 = PCURVE('',#144,#569);
#569 = DEFINITIONAL_REPRESENTATION('',(#570),#574);
#570 = LINE('',#571,#572);
#571 = CARTESIAN_POINT('',(-65.70519895202,-42.95407086847));
#572 = VECTOR('',#573,1.);
#573 = DIRECTION('',(7.133869727234E-02,-0.997452149364));
#574 = ( GEOMETRIC_REPRESENTATION_CONTEXT(2) 
PARAMETRIC_REPRESENTATION_CONTEXT() REPRESENTATION_CONTEXT('2D SPACE',''
  ) );
#575 = PCURVE('',#576,#581);
#576 = PLANE('',#577);
#577 = AXIS2_PLACEMENT_3D('',#578,#579,#580);
#578 = CARTESIAN_POINT('',(134.9,-90.3,0.));
#579 = DIRECTION('',(0.997452149364,-7.133869727234E-02,0.));
#580 = DIRECTION('',(-7.133869727234E-02,-0.997452149364,0.));
#581 = DEFINITIONAL_REPRESENTATION('',(#582),#586);
#582 = LINE('',#583,#584);
#583 = CARTESIAN_POINT('',(0.,0.));
#584 = VECTOR('',#585,1.);
#585 = DIRECTION('',(1.,0.));
#586 = ( GEOMETRIC_REPRESENTATION_CONTEXT(2) 
PARAMETRIC_REPRESENTATION_CONTEXT() REPRESENTATION_CONTEXT('2D SPACE',''
  ) );
#587 = ORIENTED_EDGE('',*,*,#588,.T.);
#588 = EDGE_CURVE('',#561,#589,#591,.T.);
#589 = VERTEX_POINT('',#590);
#590 = CARTESIAN_POINT('',(134.818986,-90.863465,0.));
#591 = SURFACE_CURVE('',#592,(#596,#603),.PCURVE_S1.);
#592 = LINE('',#593,#594);
#593 = CARTESIAN_POINT('',(134.879643,-90.58463,0.));
#594 = VECTOR('',#595,1.);
#595 = DIRECTION('',(-0.212565820103,-0.977146750557,0.));
#596 = PCURVE('',#144,#597);
#597 = DEFINITIONAL_REPRESENTATION('',(#598),#602);
#598 = LINE('',#599,#600);
#599 = CARTESIAN_POINT('',(-65.68484195202,-43.23870086847));
#600 = VECTOR('',#601,1.);
#601 = DIRECTION('',(0.212565820103,-0.977146750557));
#602 = ( GEOMETRIC_REPRESENTATION_CONTEXT(2) 
PARAMETRIC_REPRESENTATION_CONTEXT() REPRESENTATION_CONTEXT('2D SPACE',''
  ) );
#603 = PCURVE('',#604,#609);
#604 = PLANE('',#605);
#605 = AXIS2_PLACEMENT_3D('',#606,#607,#608);
#606 = CARTESIAN_POINT('',(134.879643,-90.58463,0.));
#607 = DIRECTION('',(0.977146750557,-0.212565820103,0.));
#608 = DIRECTION('',(-0.212565820103,-0.977146750557,0.));
#609 = DEFINITIONAL_REPRESENTATION('',(#610),#614);
#610 = LINE('',#611,#612);
#611 = CARTESIAN_POINT('',(0.,0.));
#612 = VECTOR('',#613,1.);
#613 = DIRECTION('',(1.,0.));
#614 = ( GEOMETRIC_REPRESENTATION_CONTEXT(2) 
PARAMETRIC_REPRESENTATION_CONTEXT() REPRESENTATION_CONTEXT('2D SPACE',''
  ) );
#615 = ORIENTED_EDGE('',*,*,#616,.T.);
#616 = EDGE_CURVE('',#589,#617,#619,.T.);
#617 = VERTEX_POINT('',#618);
#618 = CARTESIAN_POINT('',(134.719264,-91.13083,0.));
#619 = SURFACE_CURVE('',#620,(#624,#631),.PCURVE_S1.);
#620 = LINE('',#621,#622);
#621 = CARTESIAN_POINT('',(134.818986,-90.863465,0.));
#622 = VECTOR('',#623,1.);
#623 = DIRECTION('',(-0.349464212755,-0.936949712633,0.));
#624 = PCURVE('',#144,#625);
#625 = DEFINITIONAL_REPRESENTATION('',(#626),#630);
#626 = LINE('',#627,#628);
#627 = CARTESIAN_POINT('',(-65.62418495202,-43.51753586847));
#628 = VECTOR('',#629,1.);
#629 = DIRECTION('',(0.349464212755,-0.936949712633));
#630 = ( GEOMETRIC_REPRESENTATION_CONTEXT(2) 
PARAMETRIC_REPRESENTATION_CONTEXT() REPRESENTATION_CONTEXT('2D SPACE',''
  ) );
#631 = PCURVE('',#632,#637);
#632 = PLANE('',#633);
#633 = AXIS2_PLACEMENT_3D('',#634,#635,#636);
#634 = CARTESIAN_POINT('',(134.818986,-90.863465,0.));
#635 = DIRECTION('',(0.936949712633,-0.349464212755,0.));
#636 = DIRECTION('',(-0.349464212755,-0.936949712633,0.));
#637 = DEFINITIONAL_REPRESENTATION('',(#638),#642);
#638 = LINE('',#639,#640);
#639 = CARTESIAN_POINT('',(0.,0.));
#640 = VECTOR('',#641,1.);
#641 = DIRECTION('',(1.,0.));
#642 = ( GEOMETRIC_REPRESENTATION_CONTEXT(2) 
PARAMETRIC_REPRESENTATION_CONTEXT() REPRESENTATION_CONTEXT('2D SPACE',''
  ) );
#643 = ORIENTED_EDGE('',*,*,#644,.T.);
#644 = EDGE_CURVE('',#617,#645,#647,.T.);
#645 = VERTEX_POINT('',#646);
#646 = CARTESIAN_POINT('',(134.582507,-91.381282,0.));
#647 = SURFACE_CURVE('',#648,(#652,#659),.PCURVE_S1.);
#648 = LINE('',#649,#650);
#649 = CARTESIAN_POINT('',(134.719264,-91.13083,0.));
#650 = VECTOR('',#651,1.);
#651 = DIRECTION('',(-0.479248612572,-0.877679193868,0.));
#652 = PCURVE('',#144,#653);
#653 = DEFINITIONAL_REPRESENTATION('',(#654),#658);
#654 = LINE('',#655,#656);
#655 = CARTESIAN_POINT('',(-65.52446295202,-43.78490086847));
#656 = VECTOR('',#657,1.);
#657 = DIRECTION('',(0.479248612572,-0.877679193868));
#658 = ( GEOMETRIC_REPRESENTATION_CONTEXT(2) 
PARAMETRIC_REPRESENTATION_CONTEXT() REPRESENTATION_CONTEXT('2D SPACE',''
  ) );
#659 = PCURVE('',#660,#665);
#660 = PLANE('',#661);
#661 = AXIS2_PLACEMENT_3D('',#662,#663,#664);
#662 = CARTESIAN_POINT('',(134.719264,-91.13083,0.));
#663 = DIRECTION('',(0.877679193868,-0.479248612572,0.));
#664 = DIRECTION('',(-0.479248612572,-0.877679193868,0.));
#665 = DEFINITIONAL_REPRESENTATION('',(#666),#670);
#666 = LINE('',#667,#668);
#667 = CARTESIAN_POINT('',(0.,0.));
#668 = VECTOR('',#669,1.);
#669 = DIRECTION('',(1.,0.));
#670 = ( GEOMETRIC_REPRESENTATION_CONTEXT(2) 
PARAMETRIC_REPRESENTATION_CONTEXT() REPRESENTATION_CONTEXT('2D SPACE',''
  ) );
#671 = ORIENTED_EDGE('',*,*,#672,.T.);
#672 = EDGE_CURVE('',#645,#673,#675,.T.);
#673 = VERTEX_POINT('',#674);
#674 = CARTESIAN_POINT('',(134.411499,-91.609721,0.));
#675 = SURFACE_CURVE('',#676,(#680,#687),.PCURVE_S1.);
#676 = LINE('',#677,#678);
#677 = CARTESIAN_POINT('',(134.582507,-91.381282,0.));
#678 = VECTOR('',#679,1.);
#679 = DIRECTION('',(-0.599279253441,-0.800540052961,0.));
#680 = PCURVE('',#144,#681);
#681 = DEFINITIONAL_REPRESENTATION('',(#682),#686);
#682 = LINE('',#683,#684);
#683 = CARTESIAN_POINT('',(-65.38770595202,-44.03535286847));
#684 = VECTOR('',#685,1.);
#685 = DIRECTION('',(0.599279253441,-0.800540052961));
#686 = ( GEOMETRIC_REPRESENTATION_CONTEXT(2) 
PARAMETRIC_REPRESENTATION_CONTEXT() REPRESENTATION_CONTEXT('2D SPACE',''
  ) );
#687 = PCURVE('',#688,#693);
#688 = PLANE('',#689);
#689 = AXIS2_PLACEMENT_3D('',#690,#691,#692);
#690 = CARTESIAN_POINT('',(134.582507,-91.381282,0.));
#691 = DIRECTION('',(0.800540052961,-0.599279253441,0.));
#692 = DIRECTION('',(-0.599279253441,-0.800540052961,0.));
#693 = DEFINITIONAL_REPRESENTATION('',(#694),#698);
#694 = LINE('',#695,#696);
#695 = CARTESIAN_POINT('',(0.,0.));
#696 = VECTOR('',#697,1.);
#697 = DIRECTION('',(1.,0.));
#698 = ( GEOMETRIC_REPRESENTATION_CONTEXT(2) 
PARAMETRIC_REPRESENTATION_CONTEXT() REPRESENTATION_CONTEXT('2D SPACE',''
  ) );
#699 = ORIENTED_EDGE('',*,*,#700,.T.);
#700 = EDGE_CURVE('',#673,#701,#703,.T.);
#701 = VERTEX_POINT('',#702);
#702 = CARTESIAN_POINT('',(134.209721,-91.811499,0.));
#703 = SURFACE_CURVE('',#704,(#708,#715),.PCURVE_S1.);
#704 = LINE('',#705,#706);
#705 = CARTESIAN_POINT('',(134.411499,-91.609721,0.));
#706 = VECTOR('',#707,1.);
#707 = DIRECTION('',(-0.707106781187,-0.707106781187,0.));
#708 = PCURVE('',#144,#709);
#709 = DEFINITIONAL_REPRESENTATION('',(#710),#714);
#710 = LINE('',#711,#712);
#711 = CARTESIAN_POINT('',(-65.21669795202,-44.26379186847));
#712 = VECTOR('',#713,1.);
#713 = DIRECTION('',(0.707106781187,-0.707106781187));
#714 = ( GEOMETRIC_REPRESENTATION_CONTEXT(2) 
PARAMETRIC_REPRESENTATION_CONTEXT() REPRESENTATION_CONTEXT('2D SPACE',''
  ) );
#715 = PCURVE('',#716,#721);
#716 = PLANE('',#717);
#717 = AXIS2_PLACEMENT_3D('',#718,#719,#720);
#718 = CARTESIAN_POINT('',(134.411499,-91.609721,0.));
#719 = DIRECTION('',(0.707106781187,-0.707106781187,0.));
#720 = DIRECTION('',(-0.707106781187,-0.707106781187,0.));
#721 = DEFINITIONAL_REPRESENTATION('',(#722),#726);
#722 = LINE('',#723,#724);
#723 = CARTESIAN_POINT('',(0.,0.));
#724 = VECTOR('',#725,1.);
#725 = DIRECTION('',(1.,0.));
#726 = ( GEOMETRIC_REPRESENTATION_CONTEXT(2) 
PARAMETRIC_REPRESENTATION_CONTEXT() REPRESENTATION_CONTEXT('2D SPACE',''
  ) );
#727 = ORIENTED_EDGE('',*,*,#728,.T.);
#728 = EDGE_CURVE('',#701,#729,#731,.T.);
#729 = VERTEX_POINT('',#730);
#730 = CARTESIAN_POINT('',(133.981282,-91.982507,0.));
#731 = SURFACE_CURVE('',#732,(#736,#743),.PCURVE_S1.);
#732 = LINE('',#733,#734);
#733 = CARTESIAN_POINT('',(134.209721,-91.811499,0.));
#734 = VECTOR('',#735,1.);
#735 = DIRECTION('',(-0.800540052961,-0.599279253441,0.));
#736 = PCURVE('',#144,#737);
#737 = DEFINITIONAL_REPRESENTATION('',(#738),#742);
#738 = LINE('',#739,#740);
#739 = CARTESIAN_POINT('',(-65.01491995202,-44.46556986847));
#740 = VECTOR('',#741,1.);
#741 = DIRECTION('',(0.800540052961,-0.599279253441));
#742 = ( GEOMETRIC_REPRESENTATION_CONTEXT(2) 
PARAMETRIC_REPRESENTATION_CONTEXT() REPRESENTATION_CONTEXT('2D SPACE',''
  ) );
#743 = PCURVE('',#744,#749);
#744 = PLANE('',#745);
#745 = AXIS2_PLACEMENT_3D('',#746,#747,#748);
#746 = CARTESIAN_POINT('',(134.209721,-91.811499,0.));
#747 = DIRECTION('',(0.599279253441,-0.800540052961,0.));
#748 = DIRECTION('',(-0.800540052961,-0.599279253441,0.));
#749 = DEFINITIONAL_REPRESENTATION('',(#750),#754);
#750 = LINE('',#751,#752);
#751 = CARTESIAN_POINT('',(0.,0.));
#752 = VECTOR('',#753,1.);
#753 = DIRECTION('',(1.,0.));
#754 = ( GEOMETRIC_REPRESENTATION_CONTEXT(2) 
PARAMETRIC_REPRESENTATION_CONTEXT() REPRESENTATION_CONTEXT('2D SPACE',''
  ) );
#755 = ORIENTED_EDGE('',*,*,#756,.T.);
#756 = EDGE_CURVE('',#729,#757,#759,.T.);
#757 = VERTEX_POINT('',#758);
#758 = CARTESIAN_POINT('',(133.73083,-92.119264,0.));
#759 = SURFACE_CURVE('',#760,(#764,#771),.PCURVE_S1.);
#760 = LINE('',#761,#762);
#761 = CARTESIAN_POINT('',(133.981282,-91.982507,0.));
#762 = VECTOR('',#763,1.);
#763 = DIRECTION('',(-0.877679193868,-0.479248612572,0.));
#764 = PCURVE('',#144,#765);
#765 = DEFINITIONAL_REPRESENTATION('',(#766),#770);
#766 = LINE('',#767,#768);
#767 = CARTESIAN_POINT('',(-64.78648095202,-44.63657786847));
#768 = VECTOR('',#769,1.);
#769 = DIRECTION('',(0.877679193868,-0.479248612572));
#770 = ( GEOMETRIC_REPRESENTATION_CONTEXT(2) 
PARAMETRIC_REPRESENTATION_CONTEXT() REPRESENTATION_CONTEXT('2D SPACE',''
  ) );
#771 = PCURVE('',#772,#777);
#772 = PLANE('',#773);
#773 = AXIS2_PLACEMENT_3D('',#774,#775,#776);
#774 = CARTESIAN_POINT('',(133.981282,-91.982507,0.));
#775 = DIRECTION('',(0.479248612572,-0.877679193868,0.));
#776 = DIRECTION('',(-0.877679193868,-0.479248612572,0.));
#777 = DEFINITIONAL_REPRESENTATION('',(#778),#782);
#778 = LINE('',#779,#780);
#779 = CARTESIAN_POINT('',(0.,0.));
#780 = VECTOR('',#781,1.);
#781 = DIRECTION('',(1.,0.));
#782 = ( GEOMETRIC_REPRESENTATION_CONTEXT(2) 
PARAMETRIC_REPRESENTATION_CONTEXT() REPRESENTATION_CONTEXT('2D SPACE',''
  ) );
#783 = ORIENTED_EDGE('',*,*,#784,.T.);
#784 = EDGE_CURVE('',#757,#785,#787,.T.);
#785 = VERTEX_POINT('',#786);
#786 = CARTESIAN_POINT('',(133.463465,-92.218986,0.));
#787 = SURFACE_CURVE('',#788,(#792,#799),.PCURVE_S1.);
#788 = LINE('',#789,#790);
#789 = CARTESIAN_POINT('',(133.73083,-92.119264,0.));
#790 = VECTOR('',#791,1.);
#791 = DIRECTION('',(-0.936949712633,-0.349464212755,0.));
#792 = PCURVE('',#144,#793);
#793 = DEFINITIONAL_REPRESENTATION('',(#794),#798);
#794 = LINE('',#795,#796);
#795 = CARTESIAN_POINT('',(-64.53602895202,-44.77333486847));
#796 = VECTOR('',#797,1.);
#797 = DIRECTION('',(0.936949712633,-0.349464212755));
#798 = ( GEOMETRIC_REPRESENTATION_CONTEXT(2) 
PARAMETRIC_REPRESENTATION_CONTEXT() REPRESENTATION_CONTEXT('2D SPACE',''
  ) );
#799 = PCURVE('',#800,#805);
#800 = PLANE('',#801);
#801 = AXIS2_PLACEMENT_3D('',#802,#803,#804);
#802 = CARTESIAN_POINT('',(133.73083,-92.119264,0.));
#803 = DIRECTION('',(0.349464212755,-0.936949712633,0.));
#804 = DIRECTION('',(-0.936949712633,-0.349464212755,0.));
#805 = DEFINITIONAL_REPRESENTATION('',(#806),#810);
#806 = LINE('',#807,#808);
#807 = CARTESIAN_POINT('',(0.,0.));
#808 = VECTOR('',#809,1.);
#809 = DIRECTION('',(1.,0.));
#810 = ( GEOMETRIC_REPRESENTATION_CONTEXT(2) 
PARAMETRIC_REPRESENTATION_CONTEXT() REPRESENTATION_CONTEXT('2D SPACE',''
  ) );
#811 = ORIENTED_EDGE('',*,*,#812,.T.);
#812 = EDGE_CURVE('',#785,#813,#815,.T.);
#813 = VERTEX_POINT('',#814);
#814 = CARTESIAN_POINT('',(133.18463,-92.279643,0.));
#815 = SURFACE_CURVE('',#816,(#820,#827),.PCURVE_S1.);
#816 = LINE('',#817,#818);
#817 = CARTESIAN_POINT('',(133.463465,-92.218986,0.));
#818 = VECTOR('',#819,1.);
#819 = DIRECTION('',(-0.977146750557,-0.212565820103,0.));
#820 = PCURVE('',#144,#821);
#821 = DEFINITIONAL_REPRESENTATION('',(#822),#826);
#822 = LINE('',#823,#824);
#823 = CARTESIAN_POINT('',(-64.26866395202,-44.87305686847));
#824 = VECTOR('',#825,1.);
#825 = DIRECTION('',(0.977146750557,-0.212565820103));
#826 = ( GEOMETRIC_REPRESENTATION_CONTEXT(2) 
PARAMETRIC_REPRESENTATION_CONTEXT() REPRESENTATION_CONTEXT('2D SPACE',''
  ) );
#827 = PCURVE('',#828,#833);
#828 = PLANE('',#829);
#829 = AXIS2_PLACEMENT_3D('',#830,#831,#832);
#830 = CARTESIAN_POINT('',(133.463465,-92.218986,0.));
#831 = DIRECTION('',(0.212565820103,-0.977146750557,0.));
#832 = DIRECTION('',(-0.977146750557,-0.212565820103,0.));
#833 = DEFINITIONAL_REPRESENTATION('',(#834),#838);
#834 = LINE('',#835,#836);
#835 = CARTESIAN_POINT('',(0.,0.));
#836 = VECTOR('',#837,1.);
#837 = DIRECTION('',(1.,0.));
#838 = ( GEOMETRIC_REPRESENTATION_CONTEXT(2) 
PARAMETRIC_REPRESENTATION_CONTEXT() REPRESENTATION_CONTEXT('2D SPACE',''
  ) );
#839 = ORIENTED_EDGE('',*,*,#840,.T.);
#840 = EDGE_CURVE('',#813,#841,#843,.T.);
#841 = VERTEX_POINT('',#842);
#842 = CARTESIAN_POINT('',(132.9,-92.3,0.));
#843 = SURFACE_CURVE('',#844,(#848,#855),.PCURVE_S1.);
#844 = LINE('',#845,#846);
#845 = CARTESIAN_POINT('',(133.18463,-92.279643,0.));
#846 = VECTOR('',#847,1.);
#847 = DIRECTION('',(-0.997452149364,-7.13386972723E-02,0.));
#848 = PCURVE('',#144,#849);
#849 = DEFINITIONAL_REPRESENTATION('',(#850),#854);
#850 = LINE('',#851,#852);
#851 = CARTESIAN_POINT('',(-63.98982895202,-44.93371386847));
#852 = VECTOR('',#853,1.);
#853 = DIRECTION('',(0.997452149364,-7.13386972723E-02));
#854 = ( GEOMETRIC_REPRESENTATION_CONTEXT(2) 
PARAMETRIC_REPRESENTATION_CONTEXT() REPRESENTATION_CONTEXT('2D SPACE',''
  ) );
#855 = PCURVE('',#856,#861);
#856 = PLANE('',#857);
#857 = AXIS2_PLACEMENT_3D('',#858,#859,#860);
#858 = CARTESIAN_POINT('',(133.18463,-92.279643,0.));
#859 = DIRECTION('',(7.13386972723E-02,-0.997452149364,0.));
#860 = DIRECTION('',(-0.997452149364,-7.13386972723E-02,0.));
#861 = DEFINITIONAL_REPRESENTATION('',(#862),#866);
#862 = LINE('',#863,#864);
#863 = CARTESIAN_POINT('',(0.,0.));
#864 = VECTOR('',#865,1.);
#865 = DIRECTION('',(1.,0.));
#866 = ( GEOMETRIC_REPRESENTATION_CONTEXT(2) 
PARAMETRIC_REPRESENTATION_CONTEXT() REPRESENTATION_CONTEXT('2D SPACE',''
  ) );
#867 = ORIENTED_EDGE('',*,*,#868,.T.);
#868 = EDGE_CURVE('',#841,#869,#871,.T.);
#869 = VERTEX_POINT('',#870);
#870 = CARTESIAN_POINT('',(126.9,-92.3,0.));
#871 = SURFACE_CURVE('',#872,(#876,#883),.PCURVE_S1.);
#872 = LINE('',#873,#874);
#873 = CARTESIAN_POINT('',(132.9,-92.3,0.));
#874 = VECTOR('',#875,1.);
#875 = DIRECTION('',(-1.,0.,0.));
#876 = PCURVE('',#144,#877);
#877 = DEFINITIONAL_REPRESENTATION('',(#878),#882);
#878 = LINE('',#879,#880);
#879 = CARTESIAN_POINT('',(-63.70519895202,-44.95407086847));
#880 = VECTOR('',#881,1.);
#881 = DIRECTION('',(1.,0.));
#882 = ( GEOMETRIC_REPRESENTATION_CONTEXT(2) 
PARAMETRIC_REPRESENTATION_CONTEXT() REPRESENTATION_CONTEXT('2D SPACE',''
  ) );
#883 = PCURVE('',#884,#889);
#884 = PLANE('',#885);
#885 = AXIS2_PLACEMENT_3D('',#886,#887,#888);
#886 = CARTESIAN_POINT('',(132.9,-92.3,0.));
#887 = DIRECTION('',(0.,-1.,0.));
#888 = DIRECTION('',(-1.,0.,0.));
#889 = DEFINITIONAL_REPRESENTATION('',(#890),#894);
#890 = LINE('',#891,#892);
#891 = CARTESIAN_POINT('',(0.,-0.));
#892 = VECTOR('',#893,1.);
#893 = DIRECTION('',(1.,0.));
#894 = ( GEOMETRIC_REPRESENTATION_CONTEXT(2) 
PARAMETRIC_REPRESENTATION_CONTEXT() REPRESENTATION_CONTEXT('2D SPACE',''
  ) );
#895 = ORIENTED_EDGE('',*,*,#896,.T.);
#896 = EDGE_CURVE('',#869,#897,#899,.T.);
#897 = VERTEX_POINT('',#898);
#898 = CARTESIAN_POINT('',(126.9,-84.8,0.));
#899 = SURFACE_CURVE('',#900,(#904,#911),.PCURVE_S1.);
#900 = LINE('',#901,#902);
#901 = CARTESIAN_POINT('',(126.9,-92.3,0.));
#902 = VECTOR('',#903,1.);
#903 = DIRECTION('',(0.,1.,0.));
#904 = PCURVE('',#144,#905);
#905 = DEFINITIONAL_REPRESENTATION('',(#906),#910);
#906 = LINE('',#907,#908);
#907 = CARTESIAN_POINT('',(-57.70519895202,-44.95407086847));
#908 = VECTOR('',#909,1.);
#909 = DIRECTION('',(0.,1.));
#910 = ( GEOMETRIC_REPRESENTATION_CONTEXT(2) 
PARAMETRIC_REPRESENTATION_CONTEXT() REPRESENTATION_CONTEXT('2D SPACE',''
  ) );
#911 = PCURVE('',#912,#917);
#912 = PLANE('',#913);
#913 = AXIS2_PLACEMENT_3D('',#914,#915,#916);
#914 = CARTESIAN_POINT('',(126.9,-92.3,0.));
#915 = DIRECTION('',(-1.,0.,0.));
#916 = DIRECTION('',(0.,1.,0.));
#917 = DEFINITIONAL_REPRESENTATION('',(#918),#922);
#918 = LINE('',#919,#920);
#919 = CARTESIAN_POINT('',(0.,0.));
#920 = VECTOR('',#921,1.);
#921 = DIRECTION('',(1.,0.));
#922 = ( GEOMETRIC_REPRESENTATION_CONTEXT(2) 
PARAMETRIC_REPRESENTATION_CONTEXT() REPRESENTATION_CONTEXT('2D SPACE',''
  ) );
#923 = ORIENTED_EDGE('',*,*,#924,.T.);
#924 = EDGE_CURVE('',#897,#925,#927,.T.);
#925 = VERTEX_POINT('',#926);
#926 = CARTESIAN_POINT('',(116.4,-84.8,0.));
#927 = SURFACE_CURVE('',#928,(#932,#939),.PCURVE_S1.);
#928 = LINE('',#929,#930);
#929 = CARTESIAN_POINT('',(126.9,-84.8,0.));
#930 = VECTOR('',#931,1.);
#931 = DIRECTION('',(-1.,0.,0.));
#932 = PCURVE('',#144,#933);
#933 = DEFINITIONAL_REPRESENTATION('',(#934),#938);
#934 = LINE('',#935,#936);
#935 = CARTESIAN_POINT('',(-57.70519895202,-37.45407086847));
#936 = VECTOR('',#937,1.);
#937 = DIRECTION('',(1.,0.));
#938 = ( GEOMETRIC_REPRESENTATION_CONTEXT(2) 
PARAMETRIC_REPRESENTATION_CONTEXT() REPRESENTATION_CONTEXT('2D SPACE',''
  ) );
#939 = PCURVE('',#940,#945);
#940 = PLANE('',#941);
#941 = AXIS2_PLACEMENT_3D('',#942,#943,#944);
#942 = CARTESIAN_POINT('',(126.9,-84.8,0.));
#943 = DIRECTION('',(0.,-1.,0.));
#944 = DIRECTION('',(-1.,0.,0.));
#945 = DEFINITIONAL_REPRESENTATION('',(#946),#950);
#946 = LINE('',#947,#948);
#947 = CARTESIAN_POINT('',(0.,-0.));
#948 = VECTOR('',#949,1.);
#949 = DIRECTION('',(1.,0.));
#950 = ( GEOMETRIC_REPRESENTATION_CONTEXT(2) 
PARAMETRIC_REPRESENTATION_CONTEXT() REPRESENTATION_CONTEXT('2D SPACE',''
  ) );
#951 = ORIENTED_EDGE('',*,*,#952,.T.);
#952 = EDGE_CURVE('',#925,#953,#955,.T.);
#953 = VERTEX_POINT('',#954);
#954 = CARTESIAN_POINT('',(116.4,-92.3,0.));
#955 = SURFACE_CURVE('',#956,(#960,#967),.PCURVE_S1.);
#956 = LINE('',#957,#958);
#957 = CARTESIAN_POINT('',(116.4,-84.8,0.));
#958 = VECTOR('',#959,1.);
#959 = DIRECTION('',(0.,-1.,0.));
#960 = PCURVE('',#144,#961);
#961 = DEFINITIONAL_REPRESENTATION('',(#962),#966);
#962 = LINE('',#963,#964);
#963 = CARTESIAN_POINT('',(-47.20519895202,-37.45407086847));
#964 = VECTOR('',#965,1.);
#965 = DIRECTION('',(0.,-1.));
#966 = ( GEOMETRIC_REPRESENTATION_CONTEXT(2) 
PARAMETRIC_REPRESENTATION_CONTEXT() REPRESENTATION_CONTEXT('2D SPACE',''
  ) );
#967 = PCURVE('',#968,#973);
#968 = PLANE('',#969);
#969 = AXIS2_PLACEMENT_3D('',#970,#971,#972);
#970 = CARTESIAN_POINT('',(116.4,-84.8,0.));
#971 = DIRECTION('',(1.,0.,-0.));
#972 = DIRECTION('',(0.,-1.,0.));
#973 = DEFINITIONAL_REPRESENTATION('',(#974),#978);
#974 = LINE('',#975,#976);
#975 = CARTESIAN_POINT('',(0.,0.));
#976 = VECTOR('',#977,1.);
#977 = DIRECTION('',(1.,0.));
#978 = ( GEOMETRIC_REPRESENTATION_CONTEXT(2) 
PARAMETRIC_REPRESENTATION_CONTEXT() REPRESENTATION_CONTEXT('2D SPACE',''
  ) );
#979 = ORIENTED_EDGE('',*,*,#980,.T.);
#980 = EDGE_CURVE('',#953,#981,#983,.T.);
#981 = VERTEX_POINT('',#982);
#982 = CARTESIAN_POINT('',(2.,-92.3,0.));
#983 = SURFACE_CURVE('',#984,(#988,#995),.PCURVE_S1.);
#984 = LINE('',#985,#986);
#985 = CARTESIAN_POINT('',(116.4,-92.3,0.));
#986 = VECTOR('',#987,1.);
#987 = DIRECTION('',(-1.,0.,0.));
#988 = PCURVE('',#144,#989);
#989 = DEFINITIONAL_REPRESENTATION('',(#990),#994);
#990 = LINE('',#991,#992);
#991 = CARTESIAN_POINT('',(-47.20519895202,-44.95407086847));
#992 = VECTOR('',#993,1.);
#993 = DIRECTION('',(1.,0.));
#994 = ( GEOMETRIC_REPRESENTATION_CONTEXT(2) 
PARAMETRIC_REPRESENTATION_CONTEXT() REPRESENTATION_CONTEXT('2D SPACE',''
  ) );
#995 = PCURVE('',#996,#1001);
#996 = PLANE('',#997);
#997 = AXIS2_PLACEMENT_3D('',#998,#999,#1000);
#998 = CARTESIAN_POINT('',(116.4,-92.3,0.));
#999 = DIRECTION('',(0.,-1.,0.));
#1000 = DIRECTION('',(-1.,0.,0.));
#1001 = DEFINITIONAL_REPRESENTATION('',(#1002),#1006);
#1002 = LINE('',#1003,#1004);
#1003 = CARTESIAN_POINT('',(0.,-0.));
#1004 = VECTOR('',#1005,1.);
#1005 = DIRECTION('',(1.,0.));
#1006 = ( GEOMETRIC_REPRESENTATION_CONTEXT(2) 
PARAMETRIC_REPRESENTATION_CONTEXT() REPRESENTATION_CONTEXT('2D SPACE',''
  ) );
#1007 = ORIENTED_EDGE('',*,*,#1008,.T.);
#1008 = EDGE_CURVE('',#981,#1009,#1011,.T.);
#1009 = VERTEX_POINT('',#1010);
#1010 = CARTESIAN_POINT('',(1.71537,-92.279643,0.));
#1011 = SURFACE_CURVE('',#1012,(#1016,#1023),.PCURVE_S1.);
#1012 = LINE('',#1013,#1014);
#1013 = CARTESIAN_POINT('',(2.,-92.3,0.));
#1014 = VECTOR('',#1015,1.);
#1015 = DIRECTION('',(-0.997452149364,7.13386972723E-02,0.));
#1016 = PCURVE('',#144,#1017);
#1017 = DEFINITIONAL_REPRESENTATION('',(#1018),#1022);
#1018 = LINE('',#1019,#1020);
#1019 = CARTESIAN_POINT('',(67.194801047976,-44.95407086847));
#1020 = VECTOR('',#1021,1.);
#1021 = DIRECTION('',(0.997452149364,7.13386972723E-02));
#1022 = ( GEOMETRIC_REPRESENTATION_CONTEXT(2) 
PARAMETRIC_REPRESENTATION_CONTEXT() REPRESENTATION_CONTEXT('2D SPACE',''
  ) );
#1023 = PCURVE('',#1024,#1029);
#1024 = PLANE('',#1025);
#1025 = AXIS2_PLACEMENT_3D('',#1026,#1027,#1028);
#1026 = CARTESIAN_POINT('',(2.,-92.3,0.));
#1027 = DIRECTION('',(-7.13386972723E-02,-0.997452149364,0.));
#1028 = DIRECTION('',(-0.997452149364,7.13386972723E-02,0.));
#1029 = DEFINITIONAL_REPRESENTATION('',(#1030),#1034);
#1030 = LINE('',#1031,#1032);
#1031 = CARTESIAN_POINT('',(0.,0.));
#1032 = VECTOR('',#1033,1.);
#1033 = DIRECTION('',(1.,0.));
#1034 = ( GEOMETRIC_REPRESENTATION_CONTEXT(2) 
PARAMETRIC_REPRESENTATION_CONTEXT() REPRESENTATION_CONTEXT('2D SPACE',''
  ) );
#1035 = ORIENTED_EDGE('',*,*,#1036,.T.);
#1036 = EDGE_CURVE('',#1009,#1037,#1039,.T.);
#1037 = VERTEX_POINT('',#1038);
#1038 = CARTESIAN_POINT('',(1.436535,-92.218986,0.));
#1039 = SURFACE_CURVE('',#1040,(#1044,#1051),.PCURVE_S1.);
#1040 = LINE('',#1041,#1042);
#1041 = CARTESIAN_POINT('',(1.71537,-92.279643,0.));
#1042 = VECTOR('',#1043,1.);
#1043 = DIRECTION('',(-0.977146750557,0.212565820103,0.));
#1044 = PCURVE('',#144,#1045);
#1045 = DEFINITIONAL_REPRESENTATION('',(#1046),#1050);
#1046 = LINE('',#1047,#1048);
#1047 = CARTESIAN_POINT('',(67.479431047976,-44.93371386847));
#1048 = VECTOR('',#1049,1.);
#1049 = DIRECTION('',(0.977146750557,0.212565820103));
#1050 = ( GEOMETRIC_REPRESENTATION_CONTEXT(2) 
PARAMETRIC_REPRESENTATION_CONTEXT() REPRESENTATION_CONTEXT('2D SPACE',''
  ) );
#1051 = PCURVE('',#1052,#1057);
#1052 = PLANE('',#1053);
#1053 = AXIS2_PLACEMENT_3D('',#1054,#1055,#1056);
#1054 = CARTESIAN_POINT('',(1.71537,-92.279643,0.));
#1055 = DIRECTION('',(-0.212565820103,-0.977146750557,0.));
#1056 = DIRECTION('',(-0.977146750557,0.212565820103,0.));
#1057 = DEFINITIONAL_REPRESENTATION('',(#1058),#1062);
#1058 = LINE('',#1059,#1060);
#1059 = CARTESIAN_POINT('',(0.,0.));
#1060 = VECTOR('',#1061,1.);
#1061 = DIRECTION('',(1.,0.));
#1062 = ( GEOMETRIC_REPRESENTATION_CONTEXT(2) 
PARAMETRIC_REPRESENTATION_CONTEXT() REPRESENTATION_CONTEXT('2D SPACE',''
  ) );
#1063 = ORIENTED_EDGE('',*,*,#1064,.T.);
#1064 = EDGE_CURVE('',#1037,#1065,#1067,.T.);
#1065 = VERTEX_POINT('',#1066);
#1066 = CARTESIAN_POINT('',(1.16917,-92.119264,0.));
#1067 = SURFACE_CURVE('',#1068,(#1072,#1079),.PCURVE_S1.);
#1068 = LINE('',#1069,#1070);
#1069 = CARTESIAN_POINT('',(1.436535,-92.218986,0.));
#1070 = VECTOR('',#1071,1.);
#1071 = DIRECTION('',(-0.936949712633,0.349464212755,0.));
#1072 = PCURVE('',#144,#1073);
#1073 = DEFINITIONAL_REPRESENTATION('',(#1074),#1078);
#1074 = LINE('',#1075,#1076);
#1075 = CARTESIAN_POINT('',(67.758266047976,-44.87305686847));
#1076 = VECTOR('',#1077,1.);
#1077 = DIRECTION('',(0.936949712633,0.349464212755));
#1078 = ( GEOMETRIC_REPRESENTATION_CONTEXT(2) 
PARAMETRIC_REPRESENTATION_CONTEXT() REPRESENTATION_CONTEXT('2D SPACE',''
  ) );
#1079 = PCURVE('',#1080,#1085);
#1080 = PLANE('',#1081);
#1081 = AXIS2_PLACEMENT_3D('',#1082,#1083,#1084);
#1082 = CARTESIAN_POINT('',(1.436535,-92.218986,0.));
#1083 = DIRECTION('',(-0.349464212755,-0.936949712633,0.));
#1084 = DIRECTION('',(-0.936949712633,0.349464212755,0.));
#1085 = DEFINITIONAL_REPRESENTATION('',(#1086),#1090);
#1086 = LINE('',#1087,#1088);
#1087 = CARTESIAN_POINT('',(0.,0.));
#1088 = VECTOR('',#1089,1.);
#1089 = DIRECTION('',(1.,0.));
#1090 = ( GEOMETRIC_REPRESENTATION_CONTEXT(2) 
PARAMETRIC_REPRESENTATION_CONTEXT() REPRESENTATION_CONTEXT('2D SPACE',''
  ) );
#1091 = ORIENTED_EDGE('',*,*,#1092,.T.);
#1092 = EDGE_CURVE('',#1065,#1093,#1095,.T.);
#1093 = VERTEX_POINT('',#1094);
#1094 = CARTESIAN_POINT('',(0.918718,-91.982507,0.));
#1095 = SURFACE_CURVE('',#1096,(#1100,#1107),.PCURVE_S1.);
#1096 = LINE('',#1097,#1098);
#1097 = CARTESIAN_POINT('',(1.16917,-92.119264,0.));
#1098 = VECTOR('',#1099,1.);
#1099 = DIRECTION('',(-0.877679193868,0.479248612572,0.));
#1100 = PCURVE('',#144,#1101);
#1101 = DEFINITIONAL_REPRESENTATION('',(#1102),#1106);
#1102 = LINE('',#1103,#1104);
#1103 = CARTESIAN_POINT('',(68.025631047976,-44.77333486847));
#1104 = VECTOR('',#1105,1.);
#1105 = DIRECTION('',(0.877679193868,0.479248612572));
#1106 = ( GEOMETRIC_REPRESENTATION_CONTEXT(2) 
PARAMETRIC_REPRESENTATION_CONTEXT() REPRESENTATION_CONTEXT('2D SPACE',''
  ) );
#1107 = PCURVE('',#1108,#1113);
#1108 = PLANE('',#1109);
#1109 = AXIS2_PLACEMENT_3D('',#1110,#1111,#1112);
#1110 = CARTESIAN_POINT('',(1.16917,-92.119264,0.));
#1111 = DIRECTION('',(-0.479248612572,-0.877679193868,0.));
#1112 = DIRECTION('',(-0.877679193868,0.479248612572,0.));
#1113 = DEFINITIONAL_REPRESENTATION('',(#1114),#1118);
#1114 = LINE('',#1115,#1116);
#1115 = CARTESIAN_POINT('',(0.,0.));
#1116 = VECTOR('',#1117,1.);
#1117 = DIRECTION('',(1.,0.));
#1118 = ( GEOMETRIC_REPRESENTATION_CONTEXT(2) 
PARAMETRIC_REPRESENTATION_CONTEXT() REPRESENTATION_CONTEXT('2D SPACE',''
  ) );
#1119 = ORIENTED_EDGE('',*,*,#1120,.T.);
#1120 = EDGE_CURVE('',#1093,#1121,#1123,.T.);
#1121 = VERTEX_POINT('',#1122);
#1122 = CARTESIAN_POINT('',(0.690279,-91.811499,0.));
#1123 = SURFACE_CURVE('',#1124,(#1128,#1135),.PCURVE_S1.);
#1124 = LINE('',#1125,#1126);
#1125 = CARTESIAN_POINT('',(0.918718,-91.982507,0.));
#1126 = VECTOR('',#1127,1.);
#1127 = DIRECTION('',(-0.800540052961,0.599279253441,0.));
#1128 = PCURVE('',#144,#1129);
#1129 = DEFINITIONAL_REPRESENTATION('',(#1130),#1134);
#1130 = LINE('',#1131,#1132);
#1131 = CARTESIAN_POINT('',(68.276083047976,-44.63657786847));
#1132 = VECTOR('',#1133,1.);
#1133 = DIRECTION('',(0.800540052961,0.599279253441));
#1134 = ( GEOMETRIC_REPRESENTATION_CONTEXT(2) 
PARAMETRIC_REPRESENTATION_CONTEXT() REPRESENTATION_CONTEXT('2D SPACE',''
  ) );
#1135 = PCURVE('',#1136,#1141);
#1136 = PLANE('',#1137);
#1137 = AXIS2_PLACEMENT_3D('',#1138,#1139,#1140);
#1138 = CARTESIAN_POINT('',(0.918718,-91.982507,0.));
#1139 = DIRECTION('',(-0.599279253441,-0.800540052961,0.));
#1140 = DIRECTION('',(-0.800540052961,0.599279253441,0.));
#1141 = DEFINITIONAL_REPRESENTATION('',(#1142),#1146);
#1142 = LINE('',#1143,#1144);
#1143 = CARTESIAN_POINT('',(0.,0.));
#1144 = VECTOR('',#1145,1.);
#1145 = DIRECTION('',(1.,0.));
#1146 = ( GEOMETRIC_REPRESENTATION_CONTEXT(2) 
PARAMETRIC_REPRESENTATION_CONTEXT() REPRESENTATION_CONTEXT('2D SPACE',''
  ) );
#1147 = ORIENTED_EDGE('',*,*,#1148,.T.);
#1148 = EDGE_CURVE('',#1121,#1149,#1151,.T.);
#1149 = VERTEX_POINT('',#1150);
#1150 = CARTESIAN_POINT('',(0.488501,-91.609721,0.));
#1151 = SURFACE_CURVE('',#1152,(#1156,#1163),.PCURVE_S1.);
#1152 = LINE('',#1153,#1154);
#1153 = CARTESIAN_POINT('',(0.690279,-91.811499,0.));
#1154 = VECTOR('',#1155,1.);
#1155 = DIRECTION('',(-0.707106781187,0.707106781187,0.));
#1156 = PCURVE('',#144,#1157);
#1157 = DEFINITIONAL_REPRESENTATION('',(#1158),#1162);
#1158 = LINE('',#1159,#1160);
#1159 = CARTESIAN_POINT('',(68.504522047976,-44.46556986847));
#1160 = VECTOR('',#1161,1.);
#1161 = DIRECTION('',(0.707106781187,0.707106781187));
#1162 = ( GEOMETRIC_REPRESENTATION_CONTEXT(2) 
PARAMETRIC_REPRESENTATION_CONTEXT() REPRESENTATION_CONTEXT('2D SPACE',''
  ) );
#1163 = PCURVE('',#1164,#1169);
#1164 = PLANE('',#1165);
#1165 = AXIS2_PLACEMENT_3D('',#1166,#1167,#1168);
#1166 = CARTESIAN_POINT('',(0.690279,-91.811499,0.));
#1167 = DIRECTION('',(-0.707106781187,-0.707106781187,0.));
#1168 = DIRECTION('',(-0.707106781187,0.707106781187,0.));
#1169 = DEFINITIONAL_REPRESENTATION('',(#1170),#1174);
#1170 = LINE('',#1171,#1172);
#1171 = CARTESIAN_POINT('',(0.,0.));
#1172 = VECTOR('',#1173,1.);
#1173 = DIRECTION('',(1.,0.));
#1174 = ( GEOMETRIC_REPRESENTATION_CONTEXT(2) 
PARAMETRIC_REPRESENTATION_CONTEXT() REPRESENTATION_CONTEXT('2D SPACE',''
  ) );
#1175 = ORIENTED_EDGE('',*,*,#1176,.T.);
#1176 = EDGE_CURVE('',#1149,#1177,#1179,.T.);
#1177 = VERTEX_POINT('',#1178);
#1178 = CARTESIAN_POINT('',(0.317493,-91.381282,0.));
#1179 = SURFACE_CURVE('',#1180,(#1184,#1191),.PCURVE_S1.);
#1180 = LINE('',#1181,#1182);
#1181 = CARTESIAN_POINT('',(0.488501,-91.609721,0.));
#1182 = VECTOR('',#1183,1.);
#1183 = DIRECTION('',(-0.599279253441,0.800540052961,0.));
#1184 = PCURVE('',#144,#1185);
#1185 = DEFINITIONAL_REPRESENTATION('',(#1186),#1190);
#1186 = LINE('',#1187,#1188);
#1187 = CARTESIAN_POINT('',(68.706300047976,-44.26379186847));
#1188 = VECTOR('',#1189,1.);
#1189 = DIRECTION('',(0.599279253441,0.800540052961));
#1190 = ( GEOMETRIC_REPRESENTATION_CONTEXT(2) 
PARAMETRIC_REPRESENTATION_CONTEXT() REPRESENTATION_CONTEXT('2D SPACE',''
  ) );
#1191 = PCURVE('',#1192,#1197);
#1192 = PLANE('',#1193);
#1193 = AXIS2_PLACEMENT_3D('',#1194,#1195,#1196);
#1194 = CARTESIAN_POINT('',(0.488501,-91.609721,0.));
#1195 = DIRECTION('',(-0.800540052961,-0.599279253441,0.));
#1196 = DIRECTION('',(-0.599279253441,0.800540052961,0.));
#1197 = DEFINITIONAL_REPRESENTATION('',(#1198),#1202);
#1198 = LINE('',#1199,#1200);
#1199 = CARTESIAN_POINT('',(0.,0.));
#1200 = VECTOR('',#1201,1.);
#1201 = DIRECTION('',(1.,0.));
#1202 = ( GEOMETRIC_REPRESENTATION_CONTEXT(2) 
PARAMETRIC_REPRESENTATION_CONTEXT() REPRESENTATION_CONTEXT('2D SPACE',''
  ) );
#1203 = ORIENTED_EDGE('',*,*,#1204,.T.);
#1204 = EDGE_CURVE('',#1177,#1205,#1207,.T.);
#1205 = VERTEX_POINT('',#1206);
#1206 = CARTESIAN_POINT('',(0.180736,-91.13083,0.));
#1207 = SURFACE_CURVE('',#1208,(#1212,#1219),.PCURVE_S1.);
#1208 = LINE('',#1209,#1210);
#1209 = CARTESIAN_POINT('',(0.317493,-91.381282,0.));
#1210 = VECTOR('',#1211,1.);
#1211 = DIRECTION('',(-0.479248612572,0.877679193868,0.));
#1212 = PCURVE('',#144,#1213);
#1213 = DEFINITIONAL_REPRESENTATION('',(#1214),#1218);
#1214 = LINE('',#1215,#1216);
#1215 = CARTESIAN_POINT('',(68.877308047976,-44.03535286847));
#1216 = VECTOR('',#1217,1.);
#1217 = DIRECTION('',(0.479248612572,0.877679193868));
#1218 = ( GEOMETRIC_REPRESENTATION_CONTEXT(2) 
PARAMETRIC_REPRESENTATION_CONTEXT() REPRESENTATION_CONTEXT('2D SPACE',''
  ) );
#1219 = PCURVE('',#1220,#1225);
#1220 = PLANE('',#1221);
#1221 = AXIS2_PLACEMENT_3D('',#1222,#1223,#1224);
#1222 = CARTESIAN_POINT('',(0.317493,-91.381282,0.));
#1223 = DIRECTION('',(-0.877679193868,-0.479248612572,0.));
#1224 = DIRECTION('',(-0.479248612572,0.877679193868,0.));
#1225 = DEFINITIONAL_REPRESENTATION('',(#1226),#1230);
#1226 = LINE('',#1227,#1228);
#1227 = CARTESIAN_POINT('',(0.,0.));
#1228 = VECTOR('',#1229,1.);
#1229 = DIRECTION('',(1.,0.));
#1230 = ( GEOMETRIC_REPRESENTATION_CONTEXT(2) 
PARAMETRIC_REPRESENTATION_CONTEXT() REPRESENTATION_CONTEXT('2D SPACE',''
  ) );
#1231 = ORIENTED_EDGE('',*,*,#1232,.T.);
#1232 = EDGE_CURVE('',#1205,#1233,#1235,.T.);
#1233 = VERTEX_POINT('',#1234);
#1234 = CARTESIAN_POINT('',(8.1014E-02,-90.863465,0.));
#1235 = SURFACE_CURVE('',#1236,(#1240,#1247),.PCURVE_S1.);
#1236 = LINE('',#1237,#1238);
#1237 = CARTESIAN_POINT('',(0.180736,-91.13083,0.));
#1238 = VECTOR('',#1239,1.);
#1239 = DIRECTION('',(-0.349464212755,0.936949712633,0.));
#1240 = PCURVE('',#144,#1241);
#1241 = DEFINITIONAL_REPRESENTATION('',(#1242),#1246);
#1242 = LINE('',#1243,#1244);
#1243 = CARTESIAN_POINT('',(69.014065047976,-43.78490086847));
#1244 = VECTOR('',#1245,1.);
#1245 = DIRECTION('',(0.349464212755,0.936949712633));
#1246 = ( GEOMETRIC_REPRESENTATION_CONTEXT(2) 
PARAMETRIC_REPRESENTATION_CONTEXT() REPRESENTATION_CONTEXT('2D SPACE',''
  ) );
#1247 = PCURVE('',#1248,#1253);
#1248 = PLANE('',#1249);
#1249 = AXIS2_PLACEMENT_3D('',#1250,#1251,#1252);
#1250 = CARTESIAN_POINT('',(0.180736,-91.13083,0.));
#1251 = DIRECTION('',(-0.936949712633,-0.349464212755,0.));
#1252 = DIRECTION('',(-0.349464212755,0.936949712633,0.));
#1253 = DEFINITIONAL_REPRESENTATION('',(#1254),#1258);
#1254 = LINE('',#1255,#1256);
#1255 = CARTESIAN_POINT('',(0.,0.));
#1256 = VECTOR('',#1257,1.);
#1257 = DIRECTION('',(1.,0.));
#1258 = ( GEOMETRIC_REPRESENTATION_CONTEXT(2) 
PARAMETRIC_REPRESENTATION_CONTEXT() REPRESENTATION_CONTEXT('2D SPACE',''
  ) );
#1259 = ORIENTED_EDGE('',*,*,#1260,.T.);
#1260 = EDGE_CURVE('',#1233,#1261,#1263,.T.);
#1261 = VERTEX_POINT('',#1262);
#1262 = CARTESIAN_POINT('',(2.0357E-02,-90.58463,0.));
#1263 = SURFACE_CURVE('',#1264,(#1268,#1275),.PCURVE_S1.);
#1264 = LINE('',#1265,#1266);
#1265 = CARTESIAN_POINT('',(8.1014E-02,-90.863465,0.));
#1266 = VECTOR('',#1267,1.);
#1267 = DIRECTION('',(-0.212565820103,0.977146750557,0.));
#1268 = PCURVE('',#144,#1269);
#1269 = DEFINITIONAL_REPRESENTATION('',(#1270),#1274);
#1270 = LINE('',#1271,#1272);
#1271 = CARTESIAN_POINT('',(69.113787047976,-43.51753586847));
#1272 = VECTOR('',#1273,1.);
#1273 = DIRECTION('',(0.212565820103,0.977146750557));
#1274 = ( GEOMETRIC_REPRESENTATION_CONTEXT(2) 
PARAMETRIC_REPRESENTATION_CONTEXT() REPRESENTATION_CONTEXT('2D SPACE',''
  ) );
#1275 = PCURVE('',#1276,#1281);
#1276 = PLANE('',#1277);
#1277 = AXIS2_PLACEMENT_3D('',#1278,#1279,#1280);
#1278 = CARTESIAN_POINT('',(8.1014E-02,-90.863465,0.));
#1279 = DIRECTION('',(-0.977146750557,-0.212565820103,0.));
#1280 = DIRECTION('',(-0.212565820103,0.977146750557,0.));
#1281 = DEFINITIONAL_REPRESENTATION('',(#1282),#1286);
#1282 = LINE('',#1283,#1284);
#1283 = CARTESIAN_POINT('',(0.,0.));
#1284 = VECTOR('',#1285,1.);
#1285 = DIRECTION('',(1.,0.));
#1286 = ( GEOMETRIC_REPRESENTATION_CONTEXT(2) 
PARAMETRIC_REPRESENTATION_CONTEXT() REPRESENTATION_CONTEXT('2D SPACE',''
  ) );
#1287 = ORIENTED_EDGE('',*,*,#1288,.T.);
#1288 = EDGE_CURVE('',#1261,#1289,#1291,.T.);
#1289 = VERTEX_POINT('',#1290);
#1290 = CARTESIAN_POINT('',(0.,-90.3,0.));
#1291 = SURFACE_CURVE('',#1292,(#1296,#1303),.PCURVE_S1.);
#1292 = LINE('',#1293,#1294);
#1293 = CARTESIAN_POINT('',(2.0357E-02,-90.58463,0.));
#1294 = VECTOR('',#1295,1.);
#1295 = DIRECTION('',(-7.133869727228E-02,0.997452149364,0.));
#1296 = PCURVE('',#144,#1297);
#1297 = DEFINITIONAL_REPRESENTATION('',(#1298),#1302);
#1298 = LINE('',#1299,#1300);
#1299 = CARTESIAN_POINT('',(69.174444047976,-43.23870086847));
#1300 = VECTOR('',#1301,1.);
#1301 = DIRECTION('',(7.133869727228E-02,0.997452149364));
#1302 = ( GEOMETRIC_REPRESENTATION_CONTEXT(2) 
PARAMETRIC_REPRESENTATION_CONTEXT() REPRESENTATION_CONTEXT('2D SPACE',''
  ) );
#1303 = PCURVE('',#1304,#1309);
#1304 = PLANE('',#1305);
#1305 = AXIS2_PLACEMENT_3D('',#1306,#1307,#1308);
#1306 = CARTESIAN_POINT('',(2.0357E-02,-90.58463,0.));
#1307 = DIRECTION('',(-0.997452149364,-7.133869727228E-02,0.));
#1308 = DIRECTION('',(-7.133869727228E-02,0.997452149364,0.));
#1309 = DEFINITIONAL_REPRESENTATION('',(#1310),#1314);
#1310 = LINE('',#1311,#1312);
#1311 = CARTESIAN_POINT('',(0.,0.));
#1312 = VECTOR('',#1313,1.);
#1313 = DIRECTION('',(1.,0.));
#1314 = ( GEOMETRIC_REPRESENTATION_CONTEXT(2) 
PARAMETRIC_REPRESENTATION_CONTEXT() REPRESENTATION_CONTEXT('2D SPACE',''
  ) );
#1315 = ORIENTED_EDGE('',*,*,#1316,.T.);
#1316 = EDGE_CURVE('',#1289,#1317,#1319,.T.);
#1317 = VERTEX_POINT('',#1318);
#1318 = CARTESIAN_POINT('',(0.,-2.,0.));
#1319 = SURFACE_CURVE('',#1320,(#1324,#1331),.PCURVE_S1.);
#1320 = LINE('',#1321,#1322);
#1321 = CARTESIAN_POINT('',(0.,-90.3,0.));
#1322 = VECTOR('',#1323,1.);
#1323 = DIRECTION('',(0.,1.,0.));
#1324 = PCURVE('',#144,#1325);
#1325 = DEFINITIONAL_REPRESENTATION('',(#1326),#1330);
#1326 = LINE('',#1327,#1328);
#1327 = CARTESIAN_POINT('',(69.194801047976,-42.95407086847));
#1328 = VECTOR('',#1329,1.);
#1329 = DIRECTION('',(0.,1.));
#1330 = ( GEOMETRIC_REPRESENTATION_CONTEXT(2) 
PARAMETRIC_REPRESENTATION_CONTEXT() REPRESENTATION_CONTEXT('2D SPACE',''
  ) );
#1331 = PCURVE('',#1332,#1337);
#1332 = PLANE('',#1333);
#1333 = AXIS2_PLACEMENT_3D('',#1334,#1335,#1336);
#1334 = CARTESIAN_POINT('',(0.,-90.3,0.));
#1335 = DIRECTION('',(-1.,0.,0.));
#1336 = DIRECTION('',(0.,1.,0.));
#1337 = DEFINITIONAL_REPRESENTATION('',(#1338),#1342);
#1338 = LINE('',#1339,#1340);
#1339 = CARTESIAN_POINT('',(0.,0.));
#1340 = VECTOR('',#1341,1.);
#1341 = DIRECTION('',(1.,0.));
#1342 = ( GEOMETRIC_REPRESENTATION_CONTEXT(2) 
PARAMETRIC_REPRESENTATION_CONTEXT() REPRESENTATION_CONTEXT('2D SPACE',''
  ) );
#1343 = ORIENTED_EDGE('',*,*,#1344,.T.);
#1344 = EDGE_CURVE('',#1317,#1345,#1347,.T.);
#1345 = VERTEX_POINT('',#1346);
#1346 = CARTESIAN_POINT('',(2.0357E-02,-1.71537,0.));
#1347 = SURFACE_CURVE('',#1348,(#1352,#1359),.PCURVE_S1.);
#1348 = LINE('',#1349,#1350);
#1349 = CARTESIAN_POINT('',(0.,-2.,0.));
#1350 = VECTOR('',#1351,1.);
#1351 = DIRECTION('',(7.133869727228E-02,0.997452149364,0.));
#1352 = PCURVE('',#144,#1353);
#1353 = DEFINITIONAL_REPRESENTATION('',(#1354),#1358);
#1354 = LINE('',#1355,#1356);
#1355 = CARTESIAN_POINT('',(69.194801047976,45.345929131522));
#1356 = VECTOR('',#1357,1.);
#1357 = DIRECTION('',(-7.133869727228E-02,0.997452149364));
#1358 = ( GEOMETRIC_REPRESENTATION_CONTEXT(2) 
PARAMETRIC_REPRESENTATION_CONTEXT() REPRESENTATION_CONTEXT('2D SPACE',''
  ) );
#1359 = PCURVE('',#1360,#1365);
#1360 = PLANE('',#1361);
#1361 = AXIS2_PLACEMENT_3D('',#1362,#1363,#1364);
#1362 = CARTESIAN_POINT('',(0.,-2.,0.));
#1363 = DIRECTION('',(-0.997452149364,7.133869727228E-02,0.));
#1364 = DIRECTION('',(7.133869727228E-02,0.997452149364,0.));
#1365 = DEFINITIONAL_REPRESENTATION('',(#1366),#1370);
#1366 = LINE('',#1367,#1368);
#1367 = CARTESIAN_POINT('',(0.,0.));
#1368 = VECTOR('',#1369,1.);
#1369 = DIRECTION('',(1.,0.));
#1370 = ( GEOMETRIC_REPRESENTATION_CONTEXT(2) 
PARAMETRIC_REPRESENTATION_CONTEXT() REPRESENTATION_CONTEXT('2D SPACE',''
  ) );
#1371 = ORIENTED_EDGE('',*,*,#1372,.T.);
#1372 = EDGE_CURVE('',#1345,#1373,#1375,.T.);
#1373 = VERTEX_POINT('',#1374);
#1374 = CARTESIAN_POINT('',(8.1014E-02,-1.436535,0.));
#1375 = SURFACE_CURVE('',#1376,(#1380,#1387),.PCURVE_S1.);
#1376 = LINE('',#1377,#1378);
#1377 = CARTESIAN_POINT('',(2.0357E-02,-1.71537,0.));
#1378 = VECTOR('',#1379,1.);
#1379 = DIRECTION('',(0.212565820103,0.977146750557,0.));
#1380 = PCURVE('',#144,#1381);
#1381 = DEFINITIONAL_REPRESENTATION('',(#1382),#1386);
#1382 = LINE('',#1383,#1384);
#1383 = CARTESIAN_POINT('',(69.174444047976,45.630559131522));
#1384 = VECTOR('',#1385,1.);
#1385 = DIRECTION('',(-0.212565820103,0.977146750557));
#1386 = ( GEOMETRIC_REPRESENTATION_CONTEXT(2) 
PARAMETRIC_REPRESENTATION_CONTEXT() REPRESENTATION_CONTEXT('2D SPACE',''
  ) );
#1387 = PCURVE('',#1388,#1393);
#1388 = PLANE('',#1389);
#1389 = AXIS2_PLACEMENT_3D('',#1390,#1391,#1392);
#1390 = CARTESIAN_POINT('',(2.0357E-02,-1.71537,0.));
#1391 = DIRECTION('',(-0.977146750557,0.212565820103,0.));
#1392 = DIRECTION('',(0.212565820103,0.977146750557,0.));
#1393 = DEFINITIONAL_REPRESENTATION('',(#1394),#1398);
#1394 = LINE('',#1395,#1396);
#1395 = CARTESIAN_POINT('',(0.,0.));
#1396 = VECTOR('',#1397,1.);
#1397 = DIRECTION('',(1.,0.));
#1398 = ( GEOMETRIC_REPRESENTATION_CONTEXT(2) 
PARAMETRIC_REPRESENTATION_CONTEXT() REPRESENTATION_CONTEXT('2D SPACE',''
  ) );
#1399 = ORIENTED_EDGE('',*,*,#1400,.T.);
#1400 = EDGE_CURVE('',#1373,#1401,#1403,.T.);
#1401 = VERTEX_POINT('',#1402);
#1402 = CARTESIAN_POINT('',(0.180736,-1.16917,0.));
#1403 = SURFACE_CURVE('',#1404,(#1408,#1415),.PCURVE_S1.);
#1404 = LINE('',#1405,#1406);
#1405 = CARTESIAN_POINT('',(8.1014E-02,-1.436535,0.));
#1406 = VECTOR('',#1407,1.);
#1407 = DIRECTION('',(0.349464212755,0.936949712633,0.));
#1408 = PCURVE('',#144,#1409);
#1409 = DEFINITIONAL_REPRESENTATION('',(#1410),#1414);
#1410 = LINE('',#1411,#1412);
#1411 = CARTESIAN_POINT('',(69.113787047976,45.909394131522));
#1412 = VECTOR('',#1413,1.);
#1413 = DIRECTION('',(-0.349464212755,0.936949712633));
#1414 = ( GEOMETRIC_REPRESENTATION_CONTEXT(2) 
PARAMETRIC_REPRESENTATION_CONTEXT() REPRESENTATION_CONTEXT('2D SPACE',''
  ) );
#1415 = PCURVE('',#1416,#1421);
#1416 = PLANE('',#1417);
#1417 = AXIS2_PLACEMENT_3D('',#1418,#1419,#1420);
#1418 = CARTESIAN_POINT('',(8.1014E-02,-1.436535,0.));
#1419 = DIRECTION('',(-0.936949712633,0.349464212755,0.));
#1420 = DIRECTION('',(0.349464212755,0.936949712633,0.));
#1421 = DEFINITIONAL_REPRESENTATION('',(#1422),#1426);
#1422 = LINE('',#1423,#1424);
#1423 = CARTESIAN_POINT('',(0.,0.));
#1424 = VECTOR('',#1425,1.);
#1425 = DIRECTION('',(1.,0.));
#1426 = ( GEOMETRIC_REPRESENTATION_CONTEXT(2) 
PARAMETRIC_REPRESENTATION_CONTEXT() REPRESENTATION_CONTEXT('2D SPACE',''
  ) );
#1427 = ORIENTED_EDGE('',*,*,#1428,.T.);
#1428 = EDGE_CURVE('',#1401,#1429,#1431,.T.);
#1429 = VERTEX_POINT('',#1430);
#1430 = CARTESIAN_POINT('',(0.317493,-0.918718,0.));
#1431 = SURFACE_CURVE('',#1432,(#1436,#1443),.PCURVE_S1.);
#1432 = LINE('',#1433,#1434);
#1433 = CARTESIAN_POINT('',(0.180736,-1.16917,0.));
#1434 = VECTOR('',#1435,1.);
#1435 = DIRECTION('',(0.479248612572,0.877679193868,0.));
#1436 = PCURVE('',#144,#1437);
#1437 = DEFINITIONAL_REPRESENTATION('',(#1438),#1442);
#1438 = LINE('',#1439,#1440);
#1439 = CARTESIAN_POINT('',(69.014065047976,46.176759131522));
#1440 = VECTOR('',#1441,1.);
#1441 = DIRECTION('',(-0.479248612572,0.877679193868));
#1442 = ( GEOMETRIC_REPRESENTATION_CONTEXT(2) 
PARAMETRIC_REPRESENTATION_CONTEXT() REPRESENTATION_CONTEXT('2D SPACE',''
  ) );
#1443 = PCURVE('',#1444,#1449);
#1444 = PLANE('',#1445);
#1445 = AXIS2_PLACEMENT_3D('',#1446,#1447,#1448);
#1446 = CARTESIAN_POINT('',(0.180736,-1.16917,0.));
#1447 = DIRECTION('',(-0.877679193868,0.479248612572,0.));
#1448 = DIRECTION('',(0.479248612572,0.877679193868,0.));
#1449 = DEFINITIONAL_REPRESENTATION('',(#1450),#1454);
#1450 = LINE('',#1451,#1452);
#1451 = CARTESIAN_POINT('',(0.,0.));
#1452 = VECTOR('',#1453,1.);
#1453 = DIRECTION('',(1.,0.));
#1454 = ( GEOMETRIC_REPRESENTATION_CONTEXT(2) 
PARAMETRIC_REPRESENTATION_CONTEXT() REPRESENTATION_CONTEXT('2D SPACE',''
  ) );
#1455 = ORIENTED_EDGE('',*,*,#1456,.T.);
#1456 = EDGE_CURVE('',#1429,#1457,#1459,.T.);
#1457 = VERTEX_POINT('',#1458);
#1458 = CARTESIAN_POINT('',(0.488501,-0.690278,0.));
#1459 = SURFACE_CURVE('',#1460,(#1464,#1471),.PCURVE_S1.);
#1460 = LINE('',#1461,#1462);
#1461 = CARTESIAN_POINT('',(0.317493,-0.918718,0.));
#1462 = VECTOR('',#1463,1.);
#1463 = DIRECTION('',(0.599277572222,0.800541311508,0.));
#1464 = PCURVE('',#144,#1465);
#1465 = DEFINITIONAL_REPRESENTATION('',(#1466),#1470);
#1466 = LINE('',#1467,#1468);
#1467 = CARTESIAN_POINT('',(68.877308047976,46.427211131522));
#1468 = VECTOR('',#1469,1.);
#1469 = DIRECTION('',(-0.599277572222,0.800541311508));
#1470 = ( GEOMETRIC_REPRESENTATION_CONTEXT(2) 
PARAMETRIC_REPRESENTATION_CONTEXT() REPRESENTATION_CONTEXT('2D SPACE',''
  ) );
#1471 = PCURVE('',#1472,#1477);
#1472 = PLANE('',#1473);
#1473 = AXIS2_PLACEMENT_3D('',#1474,#1475,#1476);
#1474 = CARTESIAN_POINT('',(0.317493,-0.918718,0.));
#1475 = DIRECTION('',(-0.800541311508,0.599277572222,0.));
#1476 = DIRECTION('',(0.599277572222,0.800541311508,0.));
#1477 = DEFINITIONAL_REPRESENTATION('',(#1478),#1482);
#1478 = LINE('',#1479,#1480);
#1479 = CARTESIAN_POINT('',(0.,0.));
#1480 = VECTOR('',#1481,1.);
#1481 = DIRECTION('',(1.,0.));
#1482 = ( GEOMETRIC_REPRESENTATION_CONTEXT(2) 
PARAMETRIC_REPRESENTATION_CONTEXT() REPRESENTATION_CONTEXT('2D SPACE',''
  ) );
#1483 = ORIENTED_EDGE('',*,*,#1484,.T.);
#1484 = EDGE_CURVE('',#1457,#1485,#1487,.T.);
#1485 = VERTEX_POINT('',#1486);
#1486 = CARTESIAN_POINT('',(0.690278,-0.488501,0.));
#1487 = SURFACE_CURVE('',#1488,(#1492,#1499),.PCURVE_S1.);
#1488 = LINE('',#1489,#1490);
#1489 = CARTESIAN_POINT('',(0.488501,-0.690278,0.));
#1490 = VECTOR('',#1491,1.);
#1491 = DIRECTION('',(0.707106781187,0.707106781187,0.));
#1492 = PCURVE('',#144,#1493);
#1493 = DEFINITIONAL_REPRESENTATION('',(#1494),#1498);
#1494 = LINE('',#1495,#1496);
#1495 = CARTESIAN_POINT('',(68.706300047976,46.655651131522));
#1496 = VECTOR('',#1497,1.);
#1497 = DIRECTION('',(-0.707106781187,0.707106781187));
#1498 = ( GEOMETRIC_REPRESENTATION_CONTEXT(2) 
PARAMETRIC_REPRESENTATION_CONTEXT() REPRESENTATION_CONTEXT('2D SPACE',''
  ) );
#1499 = PCURVE('',#1500,#1505);
#1500 = PLANE('',#1501);
#1501 = AXIS2_PLACEMENT_3D('',#1502,#1503,#1504);
#1502 = CARTESIAN_POINT('',(0.488501,-0.690278,0.));
#1503 = DIRECTION('',(-0.707106781187,0.707106781187,0.));
#1504 = DIRECTION('',(0.707106781187,0.707106781187,0.));
#1505 = DEFINITIONAL_REPRESENTATION('',(#1506),#1510);
#1506 = LINE('',#1507,#1508);
#1507 = CARTESIAN_POINT('',(0.,0.));
#1508 = VECTOR('',#1509,1.);
#1509 = DIRECTION('',(1.,0.));
#1510 = ( GEOMETRIC_REPRESENTATION_CONTEXT(2) 
PARAMETRIC_REPRESENTATION_CONTEXT() REPRESENTATION_CONTEXT('2D SPACE',''
  ) );
#1511 = ORIENTED_EDGE('',*,*,#1512,.T.);
#1512 = EDGE_CURVE('',#1485,#1513,#1515,.T.);
#1513 = VERTEX_POINT('',#1514);
#1514 = CARTESIAN_POINT('',(0.918718,-0.317493,0.));
#1515 = SURFACE_CURVE('',#1516,(#1520,#1527),.PCURVE_S1.);
#1516 = LINE('',#1517,#1518);
#1517 = CARTESIAN_POINT('',(0.690278,-0.488501,0.));
#1518 = VECTOR('',#1519,1.);
#1519 = DIRECTION('',(0.800541311508,0.599277572222,0.));
#1520 = PCURVE('',#144,#1521);
#1521 = DEFINITIONAL_REPRESENTATION('',(#1522),#1526);
#1522 = LINE('',#1523,#1524);
#1523 = CARTESIAN_POINT('',(68.504523047976,46.857428131522));
#1524 = VECTOR('',#1525,1.);
#1525 = DIRECTION('',(-0.800541311508,0.599277572222));
#1526 = ( GEOMETRIC_REPRESENTATION_CONTEXT(2) 
PARAMETRIC_REPRESENTATION_CONTEXT() REPRESENTATION_CONTEXT('2D SPACE',''
  ) );
#1527 = PCURVE('',#1528,#1533);
#1528 = PLANE('',#1529);
#1529 = AXIS2_PLACEMENT_3D('',#1530,#1531,#1532);
#1530 = CARTESIAN_POINT('',(0.690278,-0.488501,0.));
#1531 = DIRECTION('',(-0.599277572222,0.800541311508,0.));
#1532 = DIRECTION('',(0.800541311508,0.599277572222,0.));
#1533 = DEFINITIONAL_REPRESENTATION('',(#1534),#1538);
#1534 = LINE('',#1535,#1536);
#1535 = CARTESIAN_POINT('',(0.,0.));
#1536 = VECTOR('',#1537,1.);
#1537 = DIRECTION('',(1.,0.));
#1538 = ( GEOMETRIC_REPRESENTATION_CONTEXT(2) 
PARAMETRIC_REPRESENTATION_CONTEXT() REPRESENTATION_CONTEXT('2D SPACE',''
  ) );
#1539 = ORIENTED_EDGE('',*,*,#1540,.T.);
#1540 = EDGE_CURVE('',#1513,#1541,#1543,.T.);
#1541 = VERTEX_POINT('',#1542);
#1542 = CARTESIAN_POINT('',(1.16917,-0.180736,0.));
#1543 = SURFACE_CURVE('',#1544,(#1548,#1555),.PCURVE_S1.);
#1544 = LINE('',#1545,#1546);
#1545 = CARTESIAN_POINT('',(0.918718,-0.317493,0.));
#1546 = VECTOR('',#1547,1.);
#1547 = DIRECTION('',(0.877679193868,0.479248612572,0.));
#1548 = PCURVE('',#144,#1549);
#1549 = DEFINITIONAL_REPRESENTATION('',(#1550),#1554);
#1550 = LINE('',#1551,#1552);
#1551 = CARTESIAN_POINT('',(68.276083047976,47.028436131522));
#1552 = VECTOR('',#1553,1.);
#1553 = DIRECTION('',(-0.877679193868,0.479248612572));
#1554 = ( GEOMETRIC_REPRESENTATION_CONTEXT(2) 
PARAMETRIC_REPRESENTATION_CONTEXT() REPRESENTATION_CONTEXT('2D SPACE',''
  ) );
#1555 = PCURVE('',#1556,#1561);
#1556 = PLANE('',#1557);
#1557 = AXIS2_PLACEMENT_3D('',#1558,#1559,#1560);
#1558 = CARTESIAN_POINT('',(0.918718,-0.317493,0.));
#1559 = DIRECTION('',(-0.479248612572,0.877679193868,0.));
#1560 = DIRECTION('',(0.877679193868,0.479248612572,0.));
#1561 = DEFINITIONAL_REPRESENTATION('',(#1562),#1566);
#1562 = LINE('',#1563,#1564);
#1563 = CARTESIAN_POINT('',(0.,0.));
#1564 = VECTOR('',#1565,1.);
#1565 = DIRECTION('',(1.,0.));
#1566 = ( GEOMETRIC_REPRESENTATION_CONTEXT(2) 
PARAMETRIC_REPRESENTATION_CONTEXT() REPRESENTATION_CONTEXT('2D SPACE',''
  ) );
#1567 = ORIENTED_EDGE('',*,*,#1568,.T.);
#1568 = EDGE_CURVE('',#1541,#1569,#1571,.T.);
#1569 = VERTEX_POINT('',#1570);
#1570 = CARTESIAN_POINT('',(1.436535,-8.1014E-02,0.));
#1571 = SURFACE_CURVE('',#1572,(#1576,#1583),.PCURVE_S1.);
#1572 = LINE('',#1573,#1574);
#1573 = CARTESIAN_POINT('',(1.16917,-0.180736,0.));
#1574 = VECTOR('',#1575,1.);
#1575 = DIRECTION('',(0.936949712633,0.349464212755,0.));
#1576 = PCURVE('',#144,#1577);
#1577 = DEFINITIONAL_REPRESENTATION('',(#1578),#1582);
#1578 = LINE('',#1579,#1580);
#1579 = CARTESIAN_POINT('',(68.025631047976,47.165193131522));
#1580 = VECTOR('',#1581,1.);
#1581 = DIRECTION('',(-0.936949712633,0.349464212755));
#1582 = ( GEOMETRIC_REPRESENTATION_CONTEXT(2) 
PARAMETRIC_REPRESENTATION_CONTEXT() REPRESENTATION_CONTEXT('2D SPACE',''
  ) );
#1583 = PCURVE('',#1584,#1589);
#1584 = PLANE('',#1585);
#1585 = AXIS2_PLACEMENT_3D('',#1586,#1587,#1588);
#1586 = CARTESIAN_POINT('',(1.16917,-0.180736,0.));
#1587 = DIRECTION('',(-0.349464212755,0.936949712633,0.));
#1588 = DIRECTION('',(0.936949712633,0.349464212755,0.));
#1589 = DEFINITIONAL_REPRESENTATION('',(#1590),#1594);
#1590 = LINE('',#1591,#1592);
#1591 = CARTESIAN_POINT('',(0.,0.));
#1592 = VECTOR('',#1593,1.);
#1593 = DIRECTION('',(1.,0.));
#1594 = ( GEOMETRIC_REPRESENTATION_CONTEXT(2) 
PARAMETRIC_REPRESENTATION_CONTEXT() REPRESENTATION_CONTEXT('2D SPACE',''
  ) );
#1595 = ORIENTED_EDGE('',*,*,#1596,.T.);
#1596 = EDGE_CURVE('',#1569,#1597,#1599,.T.);
#1597 = VERTEX_POINT('',#1598);
#1598 = CARTESIAN_POINT('',(1.71537,-2.0357E-02,0.));
#1599 = SURFACE_CURVE('',#1600,(#1604,#1611),.PCURVE_S1.);
#1600 = LINE('',#1601,#1602);
#1601 = CARTESIAN_POINT('',(1.436535,-8.1014E-02,0.));
#1602 = VECTOR('',#1603,1.);
#1603 = DIRECTION('',(0.977146750557,0.212565820103,0.));
#1604 = PCURVE('',#144,#1605);
#1605 = DEFINITIONAL_REPRESENTATION('',(#1606),#1610);
#1606 = LINE('',#1607,#1608);
#1607 = CARTESIAN_POINT('',(67.758266047976,47.264915131522));
#1608 = VECTOR('',#1609,1.);
#1609 = DIRECTION('',(-0.977146750557,0.212565820103));
#1610 = ( GEOMETRIC_REPRESENTATION_CONTEXT(2) 
PARAMETRIC_REPRESENTATION_CONTEXT() REPRESENTATION_CONTEXT('2D SPACE',''
  ) );
#1611 = PCURVE('',#1612,#1617);
#1612 = PLANE('',#1613);
#1613 = AXIS2_PLACEMENT_3D('',#1614,#1615,#1616);
#1614 = CARTESIAN_POINT('',(1.436535,-8.1014E-02,0.));
#1615 = DIRECTION('',(-0.212565820103,0.977146750557,0.));
#1616 = DIRECTION('',(0.977146750557,0.212565820103,0.));
#1617 = DEFINITIONAL_REPRESENTATION('',(#1618),#1622);
#1618 = LINE('',#1619,#1620);
#1619 = CARTESIAN_POINT('',(0.,0.));
#1620 = VECTOR('',#1621,1.);
#1621 = DIRECTION('',(1.,0.));
#1622 = ( GEOMETRIC_REPRESENTATION_CONTEXT(2) 
PARAMETRIC_REPRESENTATION_CONTEXT() REPRESENTATION_CONTEXT('2D SPACE',''
  ) );
#1623 = ORIENTED_EDGE('',*,*,#1624,.T.);
#1624 = EDGE_CURVE('',#1597,#1625,#1627,.T.);
#1625 = VERTEX_POINT('',#1626);
#1626 = CARTESIAN_POINT('',(2.,-0.,0.));
#1627 = SURFACE_CURVE('',#1628,(#1632,#1639),.PCURVE_S1.);
#1628 = LINE('',#1629,#1630);
#1629 = CARTESIAN_POINT('',(1.71537,-2.0357E-02,0.));
#1630 = VECTOR('',#1631,1.);
#1631 = DIRECTION('',(0.997452149364,7.133869727228E-02,0.));
#1632 = PCURVE('',#144,#1633);
#1633 = DEFINITIONAL_REPRESENTATION('',(#1634),#1638);
#1634 = LINE('',#1635,#1636);
#1635 = CARTESIAN_POINT('',(67.479431047976,47.325572131522));
#1636 = VECTOR('',#1637,1.);
#1637 = DIRECTION('',(-0.997452149364,7.133869727228E-02));
#1638 = ( GEOMETRIC_REPRESENTATION_CONTEXT(2) 
PARAMETRIC_REPRESENTATION_CONTEXT() REPRESENTATION_CONTEXT('2D SPACE',''
  ) );
#1639 = PCURVE('',#1640,#1645);
#1640 = PLANE('',#1641);
#1641 = AXIS2_PLACEMENT_3D('',#1642,#1643,#1644);
#1642 = CARTESIAN_POINT('',(1.71537,-2.0357E-02,0.));
#1643 = DIRECTION('',(-7.133869727228E-02,0.997452149364,0.));
#1644 = DIRECTION('',(0.997452149364,7.133869727228E-02,0.));
#1645 = DEFINITIONAL_REPRESENTATION('',(#1646),#1650);
#1646 = LINE('',#1647,#1648);
#1647 = CARTESIAN_POINT('',(0.,0.));
#1648 = VECTOR('',#1649,1.);
#1649 = DIRECTION('',(1.,0.));
#1650 = ( GEOMETRIC_REPRESENTATION_CONTEXT(2) 
PARAMETRIC_REPRESENTATION_CONTEXT() REPRESENTATION_CONTEXT('2D SPACE',''
  ) );
#1651 = ORIENTED_EDGE('',*,*,#1652,.T.);
#1652 = EDGE_CURVE('',#1625,#160,#1653,.T.);
#1653 = SURFACE_CURVE('',#1654,(#1658,#1665),.PCURVE_S1.);
#1654 = LINE('',#1655,#1656);
#1655 = CARTESIAN_POINT('',(2.,-0.,0.));
#1656 = VECTOR('',#1657,1.);
#1657 = DIRECTION('',(1.,0.,0.));
#1658 = PCURVE('',#144,#1659);
#1659 = DEFINITIONAL_REPRESENTATION('',(#1660),#1664);
#1660 = LINE('',#1661,#1662);
#1661 = CARTESIAN_POINT('',(67.194801047976,47.345929131522));
#1662 = VECTOR('',#1663,1.);
#1663 = DIRECTION('',(-1.,0.));
#1664 = ( GEOMETRIC_REPRESENTATION_CONTEXT(2) 
PARAMETRIC_REPRESENTATION_CONTEXT() REPRESENTATION_CONTEXT('2D SPACE',''
  ) );
#1665 = PCURVE('',#177,#1666);
#1666 = DEFINITIONAL_REPRESENTATION('',(#1667),#1671);
#1667 = LINE('',#1668,#1669);
#1668 = CARTESIAN_POINT('',(0.,0.));
#1669 = VECTOR('',#1670,1.);
#1670 = DIRECTION('',(1.,0.));
#1671 = ( GEOMETRIC_REPRESENTATION_CONTEXT(2) 
PARAMETRIC_REPRESENTATION_CONTEXT() REPRESENTATION_CONTEXT('2D SPACE',''
  ) );
#1672 = ORIENTED_EDGE('',*,*,#211,.T.);
#1673 = FACE_BOUND('',#1674,.T.);
#1674 = EDGE_LOOP('',(#1675));
#1675 = ORIENTED_EDGE('',*,*,#1676,.T.);
#1676 = EDGE_CURVE('',#1677,#1677,#1679,.T.);
#1677 = VERTEX_POINT('',#1678);
#1678 = CARTESIAN_POINT('',(134.,-89.85,0.));
#1679 = SURFACE_CURVE('',#1680,(#1685,#1696),.PCURVE_S1.);
#1680 = CIRCLE('',#1681,1.1);
#1681 = AXIS2_PLACEMENT_3D('',#1682,#1683,#1684);
#1682 = CARTESIAN_POINT('',(132.9,-89.85,0.));
#1683 = DIRECTION('',(0.,0.,1.));
#1684 = DIRECTION('',(1.,0.,-0.));
#1685 = PCURVE('',#144,#1686);
#1686 = DEFINITIONAL_REPRESENTATION('',(#1687),#1695);
#1687 = ( BOUNDED_CURVE() B_SPLINE_CURVE(2,(#1688,#1689,#1690,#1691,
#1692,#1693,#1694),.UNSPECIFIED.,.T.,.F.) B_SPLINE_CURVE_WITH_KNOTS((1,2
    ,2,2,2,1),(-2.094395102393,0.,2.094395102393,4.188790204786,
6.28318530718,8.377580409573),.UNSPECIFIED.) CURVE() 
GEOMETRIC_REPRESENTATION_ITEM() RATIONAL_B_SPLINE_CURVE((1.,0.5,1.,0.5,
1.,0.5,1.)) REPRESENTATION_ITEM('') );
#1688 = CARTESIAN_POINT('',(-64.80519895202,-42.50407086847));
#1689 = CARTESIAN_POINT('',(-64.80519895202,-40.59881498015));
#1690 = CARTESIAN_POINT('',(-63.15519895202,-41.55144292431));
#1691 = CARTESIAN_POINT('',(-61.50519895202,-42.50407086847));
#1692 = CARTESIAN_POINT('',(-63.15519895202,-43.45669881264));
#1693 = CARTESIAN_POINT('',(-64.80519895202,-44.4093267568));
#1694 = CARTESIAN_POINT('',(-64.80519895202,-42.50407086847));
#1695 = ( GEOMETRIC_REPRESENTATION_CONTEXT(2) 
PARAMETRIC_REPRESENTATION_CONTEXT() REPRESENTATION_CONTEXT('2D SPACE',''
  ) );
#1696 = PCURVE('',#1697,#1702);
#1697 = CYLINDRICAL_SURFACE('',#1698,1.1);
#1698 = AXIS2_PLACEMENT_3D('',#1699,#1700,#1701);
#1699 = CARTESIAN_POINT('',(132.9,-89.85,-1.E-02));
#1700 = DIRECTION('',(0.,0.,1.));
#1701 = DIRECTION('',(1.,0.,-0.));
#1702 = DEFINITIONAL_REPRESENTATION('',(#1703),#1707);
#1703 = LINE('',#1704,#1705);
#1704 = CARTESIAN_POINT('',(0.,1.E-02));
#1705 = VECTOR('',#1706,1.);
#1706 = DIRECTION('',(1.,0.));
#1707 = ( GEOMETRIC_REPRESENTATION_CONTEXT(2) 
PARAMETRIC_REPRESENTATION_CONTEXT() REPRESENTATION_CONTEXT('2D SPACE',''
  ) );
#1708 = FACE_BOUND('',#1709,.T.);
#1709 = EDGE_LOOP('',(#1710));
#1710 = ORIENTED_EDGE('',*,*,#1711,.T.);
#1711 = EDGE_CURVE('',#1712,#1712,#1714,.T.);
#1712 = VERTEX_POINT('',#1713);
#1713 = CARTESIAN_POINT('',(129.77,-89.139999,0.));
#1714 = SURFACE_CURVE('',#1715,(#1720,#1731),.PCURVE_S1.);
#1715 = CIRCLE('',#1716,0.5);
#1716 = AXIS2_PLACEMENT_3D('',#1717,#1718,#1719);
#1717 = CARTESIAN_POINT('',(129.27,-89.139999,0.));
#1718 = DIRECTION('',(0.,0.,1.));
#1719 = DIRECTION('',(1.,0.,-0.));
#1720 = PCURVE('',#144,#1721);
#1721 = DEFINITIONAL_REPRESENTATION('',(#1722),#1730);
#1722 = ( BOUNDED_CURVE() B_SPLINE_CURVE(2,(#1723,#1724,#1725,#1726,
#1727,#1728,#1729),.UNSPECIFIED.,.T.,.F.) B_SPLINE_CURVE_WITH_KNOTS((1,2
    ,2,2,2,1),(-2.094395102393,0.,2.094395102393,4.188790204786,
6.28318530718,8.377580409573),.UNSPECIFIED.) CURVE() 
GEOMETRIC_REPRESENTATION_ITEM() RATIONAL_B_SPLINE_CURVE((1.,0.5,1.,0.5,
1.,0.5,1.)) REPRESENTATION_ITEM('') );
#1723 = CARTESIAN_POINT('',(-60.57519895202,-41.79406986847));
#1724 = CARTESIAN_POINT('',(-60.57519895202,-40.92804446469));
#1725 = CARTESIAN_POINT('',(-59.82519895202,-41.36105716658));
#1726 = CARTESIAN_POINT('',(-59.07519895202,-41.79406986847));
#1727 = CARTESIAN_POINT('',(-59.82519895202,-42.22708257037));
#1728 = CARTESIAN_POINT('',(-60.57519895202,-42.66009527226));
#1729 = CARTESIAN_POINT('',(-60.57519895202,-41.79406986847));
#1730 = ( GEOMETRIC_REPRESENTATION_CONTEXT(2) 
PARAMETRIC_REPRESENTATION_CONTEXT() REPRESENTATION_CONTEXT('2D SPACE',''
  ) );
#1731 = PCURVE('',#1732,#1737);
#1732 = CYLINDRICAL_SURFACE('',#1733,0.5);
#1733 = AXIS2_PLACEMENT_3D('',#1734,#1735,#1736);
#1734 = CARTESIAN_POINT('',(129.27,-89.139999,-1.E-02));
#1735 = DIRECTION('',(0.,0.,1.));
#1736 = DIRECTION('',(1.,0.,-0.));
#1737 = DEFINITIONAL_REPRESENTATION('',(#1738),#1742);
#1738 = LINE('',#1739,#1740);
#1739 = CARTESIAN_POINT('',(0.,1.E-02));
#1740 = VECTOR('',#1741,1.);
#1741 = DIRECTION('',(1.,0.));
#1742 = ( GEOMETRIC_REPRESENTATION_CONTEXT(2) 
PARAMETRIC_REPRESENTATION_CONTEXT() REPRESENTATION_CONTEXT('2D SPACE',''
  ) );
#1743 = FACE_BOUND('',#1744,.T.);
#1744 = EDGE_LOOP('',(#1745));
#1745 = ORIENTED_EDGE('',*,*,#1746,.T.);
#1746 = EDGE_CURVE('',#1747,#1747,#1749,.T.);
#1747 = VERTEX_POINT('',#1748);
#1748 = CARTESIAN_POINT('',(129.77,-86.599999,0.));
#1749 = SURFACE_CURVE('',#1750,(#1755,#1766),.PCURVE_S1.);
#1750 = CIRCLE('',#1751,0.5);
#1751 = AXIS2_PLACEMENT_3D('',#1752,#1753,#1754);
#1752 = CARTESIAN_POINT('',(129.27,-86.599999,0.));
#1753 = DIRECTION('',(0.,0.,1.));
#1754 = DIRECTION('',(1.,0.,-0.));
#1755 = PCURVE('',#144,#1756);
#1756 = DEFINITIONAL_REPRESENTATION('',(#1757),#1765);
#1757 = ( BOUNDED_CURVE() B_SPLINE_CURVE(2,(#1758,#1759,#1760,#1761,
#1762,#1763,#1764),.UNSPECIFIED.,.T.,.F.) B_SPLINE_CURVE_WITH_KNOTS((1,2
    ,2,2,2,1),(-2.094395102393,0.,2.094395102393,4.188790204786,
6.28318530718,8.377580409573),.UNSPECIFIED.) CURVE() 
GEOMETRIC_REPRESENTATION_ITEM() RATIONAL_B_SPLINE_CURVE((1.,0.5,1.,0.5,
1.,0.5,1.)) REPRESENTATION_ITEM('') );
#1758 = CARTESIAN_POINT('',(-60.57519895202,-39.25406986847));
#1759 = CARTESIAN_POINT('',(-60.57519895202,-38.38804446469));
#1760 = CARTESIAN_POINT('',(-59.82519895202,-38.82105716658));
#1761 = CARTESIAN_POINT('',(-59.07519895202,-39.25406986847));
#1762 = CARTESIAN_POINT('',(-59.82519895202,-39.68708257037));
#1763 = CARTESIAN_POINT('',(-60.57519895202,-40.12009527226));
#1764 = CARTESIAN_POINT('',(-60.57519895202,-39.25406986847));
#1765 = ( GEOMETRIC_REPRESENTATION_CONTEXT(2) 
PARAMETRIC_REPRESENTATION_CONTEXT() REPRESENTATION_CONTEXT('2D SPACE',''
  ) );
#1766 = PCURVE('',#1767,#1772);
#1767 = CYLINDRICAL_SURFACE('',#1768,0.5);
#1768 = AXIS2_PLACEMENT_3D('',#1769,#1770,#1771);
#1769 = CARTESIAN_POINT('',(129.27,-86.599999,-1.E-02));
#1770 = DIRECTION('',(0.,0.,1.));
#1771 = DIRECTION('',(1.,0.,-0.));
#1772 = DEFINITIONAL_REPRESENTATION('',(#1773),#1777);
#1773 = LINE('',#1774,#1775);
#1774 = CARTESIAN_POINT('',(0.,1.E-02));
#1775 = VECTOR('',#1776,1.);
#1776 = DIRECTION('',(1.,0.));
#1777 = ( GEOMETRIC_REPRESENTATION_CONTEXT(2) 
PARAMETRIC_REPRESENTATION_CONTEXT() REPRESENTATION_CONTEXT('2D SPACE',''
  ) );
#1778 = FACE_BOUND('',#1779,.T.);
#1779 = EDGE_LOOP('',(#1780));
#1780 = ORIENTED_EDGE('',*,*,#1781,.T.);
#1781 = EDGE_CURVE('',#1782,#1782,#1784,.T.);
#1782 = VERTEX_POINT('',#1783);
#1783 = CARTESIAN_POINT('',(129.77,-84.059999,0.));
#1784 = SURFACE_CURVE('',#1785,(#1790,#1801),.PCURVE_S1.);
#1785 = CIRCLE('',#1786,0.5);
#1786 = AXIS2_PLACEMENT_3D('',#1787,#1788,#1789);
#1787 = CARTESIAN_POINT('',(129.27,-84.059999,0.));
#1788 = DIRECTION('',(0.,0.,1.));
#1789 = DIRECTION('',(1.,0.,-0.));
#1790 = PCURVE('',#144,#1791);
#1791 = DEFINITIONAL_REPRESENTATION('',(#1792),#1800);
#1792 = ( BOUNDED_CURVE() B_SPLINE_CURVE(2,(#1793,#1794,#1795,#1796,
#1797,#1798,#1799),.UNSPECIFIED.,.T.,.F.) B_SPLINE_CURVE_WITH_KNOTS((1,2
    ,2,2,2,1),(-2.094395102393,0.,2.094395102393,4.188790204786,
6.28318530718,8.377580409573),.UNSPECIFIED.) CURVE() 
GEOMETRIC_REPRESENTATION_ITEM() RATIONAL_B_SPLINE_CURVE((1.,0.5,1.,0.5,
1.,0.5,1.)) REPRESENTATION_ITEM('') );
#1793 = CARTESIAN_POINT('',(-60.57519895202,-36.71406986847));
#1794 = CARTESIAN_POINT('',(-60.57519895202,-35.84804446469));
#1795 = CARTESIAN_POINT('',(-59.82519895202,-36.28105716658));
#1796 = CARTESIAN_POINT('',(-59.07519895202,-36.71406986847));
#1797 = CARTESIAN_POINT('',(-59.82519895202,-37.14708257037));
#1798 = CARTESIAN_POINT('',(-60.57519895202,-37.58009527226));
#1799 = CARTESIAN_POINT('',(-60.57519895202,-36.71406986847));
#1800 = ( GEOMETRIC_REPRESENTATION_CONTEXT(2) 
PARAMETRIC_REPRESENTATION_CONTEXT() REPRESENTATION_CONTEXT('2D SPACE',''
  ) );
#1801 = PCURVE('',#1802,#1807);
#1802 = CYLINDRICAL_SURFACE('',#1803,0.5);
#1803 = AXIS2_PLACEMENT_3D('',#1804,#1805,#1806);
#1804 = CARTESIAN_POINT('',(129.27,-84.059999,-1.E-02));
#1805 = DIRECTION('',(0.,0.,1.));
#1806 = DIRECTION('',(1.,0.,-0.));
#1807 = DEFINITIONAL_REPRESENTATION('',(#1808),#1812);
#1808 = LINE('',#1809,#1810);
#1809 = CARTESIAN_POINT('',(0.,1.E-02));
#1810 = VECTOR('',#1811,1.);
#1811 = DIRECTION('',(1.,0.));
#1812 = ( GEOMETRIC_REPRESENTATION_CONTEXT(2) 
PARAMETRIC_REPRESENTATION_CONTEXT() REPRESENTATION_CONTEXT('2D SPACE',''
  ) );
#1813 = FACE_BOUND('',#1814,.T.);
#1814 = EDGE_LOOP('',(#1815));
#1815 = ORIENTED_EDGE('',*,*,#1816,.T.);
#1816 = EDGE_CURVE('',#1817,#1817,#1819,.T.);
#1817 = VERTEX_POINT('',#1818);
#1818 = CARTESIAN_POINT('',(129.77,-81.519999,0.));
#1819 = SURFACE_CURVE('',#1820,(#1825,#1836),.PCURVE_S1.);
#1820 = CIRCLE('',#1821,0.5);
#1821 = AXIS2_PLACEMENT_3D('',#1822,#1823,#1824);
#1822 = CARTESIAN_POINT('',(129.27,-81.519999,0.));
#1823 = DIRECTION('',(0.,0.,1.));
#1824 = DIRECTION('',(1.,0.,-0.));
#1825 = PCURVE('',#144,#1826);
#1826 = DEFINITIONAL_REPRESENTATION('',(#1827),#1835);
#1827 = ( BOUNDED_CURVE() B_SPLINE_CURVE(2,(#1828,#1829,#1830,#1831,
#1832,#1833,#1834),.UNSPECIFIED.,.T.,.F.) B_SPLINE_CURVE_WITH_KNOTS((1,2
    ,2,2,2,1),(-2.094395102393,0.,2.094395102393,4.188790204786,
6.28318530718,8.377580409573),.UNSPECIFIED.) CURVE() 
GEOMETRIC_REPRESENTATION_ITEM() RATIONAL_B_SPLINE_CURVE((1.,0.5,1.,0.5,
1.,0.5,1.)) REPRESENTATION_ITEM('') );
#1828 = CARTESIAN_POINT('',(-60.57519895202,-34.17406986847));
#1829 = CARTESIAN_POINT('',(-60.57519895202,-33.30804446469));
#1830 = CARTESIAN_POINT('',(-59.82519895202,-33.74105716658));
#1831 = CARTESIAN_POINT('',(-59.07519895202,-34.17406986847));
#1832 = CARTESIAN_POINT('',(-59.82519895202,-34.60708257037));
#1833 = CARTESIAN_POINT('',(-60.57519895202,-35.04009527226));
#1834 = CARTESIAN_POINT('',(-60.57519895202,-34.17406986847));
#1835 = ( GEOMETRIC_REPRESENTATION_CONTEXT(2) 
PARAMETRIC_REPRESENTATION_CONTEXT() REPRESENTATION_CONTEXT('2D SPACE',''
  ) );
#1836 = PCURVE('',#1837,#1842);
#1837 = CYLINDRICAL_SURFACE('',#1838,0.5);
#1838 = AXIS2_PLACEMENT_3D('',#1839,#1840,#1841);
#1839 = CARTESIAN_POINT('',(129.27,-81.519999,-1.E-02));
#1840 = DIRECTION('',(0.,0.,1.));
#1841 = DIRECTION('',(1.,0.,-0.));
#1842 = DEFINITIONAL_REPRESENTATION('',(#1843),#1847);
#1843 = LINE('',#1844,#1845);
#1844 = CARTESIAN_POINT('',(0.,1.E-02));
#1845 = VECTOR('',#1846,1.);
#1846 = DIRECTION('',(1.,0.));
#1847 = ( GEOMETRIC_REPRESENTATION_CONTEXT(2) 
PARAMETRIC_REPRESENTATION_CONTEXT() REPRESENTATION_CONTEXT('2D SPACE',''
  ) );
#1848 = FACE_BOUND('',#1849,.T.);
#1849 = EDGE_LOOP('',(#1850));
#1850 = ORIENTED_EDGE('',*,*,#1851,.T.);
#1851 = EDGE_CURVE('',#1852,#1852,#1854,.T.);
#1852 = VERTEX_POINT('',#1853);
#1853 = CARTESIAN_POINT('',(114.53,-89.139999,0.));
#1854 = SURFACE_CURVE('',#1855,(#1860,#1871),.PCURVE_S1.);
#1855 = CIRCLE('',#1856,0.5);
#1856 = AXIS2_PLACEMENT_3D('',#1857,#1858,#1859);
#1857 = CARTESIAN_POINT('',(114.03,-89.139999,0.));
#1858 = DIRECTION('',(0.,0.,1.));
#1859 = DIRECTION('',(1.,0.,-0.));
#1860 = PCURVE('',#144,#1861);
#1861 = DEFINITIONAL_REPRESENTATION('',(#1862),#1870);
#1862 = ( BOUNDED_CURVE() B_SPLINE_CURVE(2,(#1863,#1864,#1865,#1866,
#1867,#1868,#1869),.UNSPECIFIED.,.T.,.F.) B_SPLINE_CURVE_WITH_KNOTS((1,2
    ,2,2,2,1),(-2.094395102393,0.,2.094395102393,4.188790204786,
6.28318530718,8.377580409573),.UNSPECIFIED.) CURVE() 
GEOMETRIC_REPRESENTATION_ITEM() RATIONAL_B_SPLINE_CURVE((1.,0.5,1.,0.5,
1.,0.5,1.)) REPRESENTATION_ITEM('') );
#1863 = CARTESIAN_POINT('',(-45.33519895202,-41.79406986847));
#1864 = CARTESIAN_POINT('',(-45.33519895202,-40.92804446469));
#1865 = CARTESIAN_POINT('',(-44.58519895202,-41.36105716658));
#1866 = CARTESIAN_POINT('',(-43.83519895202,-41.79406986847));
#1867 = CARTESIAN_POINT('',(-44.58519895202,-42.22708257037));
#1868 = CARTESIAN_POINT('',(-45.33519895202,-42.66009527226));
#1869 = CARTESIAN_POINT('',(-45.33519895202,-41.79406986847));
#1870 = ( GEOMETRIC_REPRESENTATION_CONTEXT(2) 
PARAMETRIC_REPRESENTATION_CONTEXT() REPRESENTATION_CONTEXT('2D SPACE',''
  ) );
#1871 = PCURVE('',#1872,#1877);
#1872 = CYLINDRICAL_SURFACE('',#1873,0.5);
#1873 = AXIS2_PLACEMENT_3D('',#1874,#1875,#1876);
#1874 = CARTESIAN_POINT('',(114.03,-89.139999,-1.E-02));
#1875 = DIRECTION('',(0.,0.,1.));
#1876 = DIRECTION('',(1.,0.,-0.));
#1877 = DEFINITIONAL_REPRESENTATION('',(#1878),#1882);
#1878 = LINE('',#1879,#1880);
#1879 = CARTESIAN_POINT('',(0.,1.E-02));
#1880 = VECTOR('',#1881,1.);
#1881 = DIRECTION('',(1.,0.));
#1882 = ( GEOMETRIC_REPRESENTATION_CONTEXT(2) 
PARAMETRIC_REPRESENTATION_CONTEXT() REPRESENTATION_CONTEXT('2D SPACE',''
  ) );
#1883 = FACE_BOUND('',#1884,.T.);
#1884 = EDGE_LOOP('',(#1885));
#1885 = ORIENTED_EDGE('',*,*,#1886,.T.);
#1886 = EDGE_CURVE('',#1887,#1887,#1889,.T.);
#1887 = VERTEX_POINT('',#1888);
#1888 = CARTESIAN_POINT('',(111.5,-89.85,0.));
#1889 = SURFACE_CURVE('',#1890,(#1895,#1906),.PCURVE_S1.);
#1890 = CIRCLE('',#1891,1.1);
#1891 = AXIS2_PLACEMENT_3D('',#1892,#1893,#1894);
#1892 = CARTESIAN_POINT('',(110.4,-89.85,0.));
#1893 = DIRECTION('',(0.,0.,1.));
#1894 = DIRECTION('',(1.,0.,-0.));
#1895 = PCURVE('',#144,#1896);
#1896 = DEFINITIONAL_REPRESENTATION('',(#1897),#1905);
#1897 = ( BOUNDED_CURVE() B_SPLINE_CURVE(2,(#1898,#1899,#1900,#1901,
#1902,#1903,#1904),.UNSPECIFIED.,.T.,.F.) B_SPLINE_CURVE_WITH_KNOTS((1,2
    ,2,2,2,1),(-2.094395102393,0.,2.094395102393,4.188790204786,
6.28318530718,8.377580409573),.UNSPECIFIED.) CURVE() 
GEOMETRIC_REPRESENTATION_ITEM() RATIONAL_B_SPLINE_CURVE((1.,0.5,1.,0.5,
1.,0.5,1.)) REPRESENTATION_ITEM('') );
#1898 = CARTESIAN_POINT('',(-42.30519895202,-42.50407086847));
#1899 = CARTESIAN_POINT('',(-42.30519895202,-40.59881498015));
#1900 = CARTESIAN_POINT('',(-40.65519895202,-41.55144292431));
#1901 = CARTESIAN_POINT('',(-39.00519895202,-42.50407086847));
#1902 = CARTESIAN_POINT('',(-40.65519895202,-43.45669881264));
#1903 = CARTESIAN_POINT('',(-42.30519895202,-44.4093267568));
#1904 = CARTESIAN_POINT('',(-42.30519895202,-42.50407086847));
#1905 = ( GEOMETRIC_REPRESENTATION_CONTEXT(2) 
PARAMETRIC_REPRESENTATION_CONTEXT() REPRESENTATION_CONTEXT('2D SPACE',''
  ) );
#1906 = PCURVE('',#1907,#1912);
#1907 = CYLINDRICAL_SURFACE('',#1908,1.1);
#1908 = AXIS2_PLACEMENT_3D('',#1909,#1910,#1911);
#1909 = CARTESIAN_POINT('',(110.4,-89.85,-1.E-02));
#1910 = DIRECTION('',(0.,0.,1.));
#1911 = DIRECTION('',(1.,0.,-0.));
#1912 = DEFINITIONAL_REPRESENTATION('',(#1913),#1917);
#1913 = LINE('',#1914,#1915);
#1914 = CARTESIAN_POINT('',(0.,1.E-02));
#1915 = VECTOR('',#1916,1.);
#1916 = DIRECTION('',(1.,0.));
#1917 = ( GEOMETRIC_REPRESENTATION_CONTEXT(2) 
PARAMETRIC_REPRESENTATION_CONTEXT() REPRESENTATION_CONTEXT('2D SPACE',''
  ) );
#1918 = FACE_BOUND('',#1919,.T.);
#1919 = EDGE_LOOP('',(#1920));
#1920 = ORIENTED_EDGE('',*,*,#1921,.T.);
#1921 = EDGE_CURVE('',#1922,#1922,#1924,.T.);
#1922 = VERTEX_POINT('',#1923);
#1923 = CARTESIAN_POINT('',(114.53,-86.599999,0.));
#1924 = SURFACE_CURVE('',#1925,(#1930,#1941),.PCURVE_S1.);
#1925 = CIRCLE('',#1926,0.5);
#1926 = AXIS2_PLACEMENT_3D('',#1927,#1928,#1929);
#1927 = CARTESIAN_POINT('',(114.03,-86.599999,0.));
#1928 = DIRECTION('',(0.,0.,1.));
#1929 = DIRECTION('',(1.,0.,-0.));
#1930 = PCURVE('',#144,#1931);
#1931 = DEFINITIONAL_REPRESENTATION('',(#1932),#1940);
#1932 = ( BOUNDED_CURVE() B_SPLINE_CURVE(2,(#1933,#1934,#1935,#1936,
#1937,#1938,#1939),.UNSPECIFIED.,.T.,.F.) B_SPLINE_CURVE_WITH_KNOTS((1,2
    ,2,2,2,1),(-2.094395102393,0.,2.094395102393,4.188790204786,
6.28318530718,8.377580409573),.UNSPECIFIED.) CURVE() 
GEOMETRIC_REPRESENTATION_ITEM() RATIONAL_B_SPLINE_CURVE((1.,0.5,1.,0.5,
1.,0.5,1.)) REPRESENTATION_ITEM('') );
#1933 = CARTESIAN_POINT('',(-45.33519895202,-39.25406986847));
#1934 = CARTESIAN_POINT('',(-45.33519895202,-38.38804446469));
#1935 = CARTESIAN_POINT('',(-44.58519895202,-38.82105716658));
#1936 = CARTESIAN_POINT('',(-43.83519895202,-39.25406986847));
#1937 = CARTESIAN_POINT('',(-44.58519895202,-39.68708257037));
#1938 = CARTESIAN_POINT('',(-45.33519895202,-40.12009527226));
#1939 = CARTESIAN_POINT('',(-45.33519895202,-39.25406986847));
#1940 = ( GEOMETRIC_REPRESENTATION_CONTEXT(2) 
PARAMETRIC_REPRESENTATION_CONTEXT() REPRESENTATION_CONTEXT('2D SPACE',''
  ) );
#1941 = PCURVE('',#1942,#1947);
#1942 = CYLINDRICAL_SURFACE('',#1943,0.5);
#1943 = AXIS2_PLACEMENT_3D('',#1944,#1945,#1946);
#1944 = CARTESIAN_POINT('',(114.03,-86.599999,-1.E-02));
#1945 = DIRECTION('',(0.,0.,1.));
#1946 = DIRECTION('',(1.,0.,-0.));
#1947 = DEFINITIONAL_REPRESENTATION('',(#1948),#1952);
#1948 = LINE('',#1949,#1950);
#1949 = CARTESIAN_POINT('',(0.,1.E-02));
#1950 = VECTOR('',#1951,1.);
#1951 = DIRECTION('',(1.,0.));
#1952 = ( GEOMETRIC_REPRESENTATION_CONTEXT(2) 
PARAMETRIC_REPRESENTATION_CONTEXT() REPRESENTATION_CONTEXT('2D SPACE',''
  ) );
#1953 = FACE_BOUND('',#1954,.T.);
#1954 = EDGE_LOOP('',(#1955));
#1955 = ORIENTED_EDGE('',*,*,#1956,.T.);
#1956 = EDGE_CURVE('',#1957,#1957,#1959,.T.);
#1957 = VERTEX_POINT('',#1958);
#1958 = CARTESIAN_POINT('',(114.53,-84.059999,0.));
#1959 = SURFACE_CURVE('',#1960,(#1965,#1976),.PCURVE_S1.);
#1960 = CIRCLE('',#1961,0.5);
#1961 = AXIS2_PLACEMENT_3D('',#1962,#1963,#1964);
#1962 = CARTESIAN_POINT('',(114.03,-84.059999,0.));
#1963 = DIRECTION('',(0.,0.,1.));
#1964 = DIRECTION('',(1.,0.,-0.));
#1965 = PCURVE('',#144,#1966);
#1966 = DEFINITIONAL_REPRESENTATION('',(#1967),#1975);
#1967 = ( BOUNDED_CURVE() B_SPLINE_CURVE(2,(#1968,#1969,#1970,#1971,
#1972,#1973,#1974),.UNSPECIFIED.,.T.,.F.) B_SPLINE_CURVE_WITH_KNOTS((1,2
    ,2,2,2,1),(-2.094395102393,0.,2.094395102393,4.188790204786,
6.28318530718,8.377580409573),.UNSPECIFIED.) CURVE() 
GEOMETRIC_REPRESENTATION_ITEM() RATIONAL_B_SPLINE_CURVE((1.,0.5,1.,0.5,
1.,0.5,1.)) REPRESENTATION_ITEM('') );
#1968 = CARTESIAN_POINT('',(-45.33519895202,-36.71406986847));
#1969 = CARTESIAN_POINT('',(-45.33519895202,-35.84804446469));
#1970 = CARTESIAN_POINT('',(-44.58519895202,-36.28105716658));
#1971 = CARTESIAN_POINT('',(-43.83519895202,-36.71406986847));
#1972 = CARTESIAN_POINT('',(-44.58519895202,-37.14708257037));
#1973 = CARTESIAN_POINT('',(-45.33519895202,-37.58009527226));
#1974 = CARTESIAN_POINT('',(-45.33519895202,-36.71406986847));
#1975 = ( GEOMETRIC_REPRESENTATION_CONTEXT(2) 
PARAMETRIC_REPRESENTATION_CONTEXT() REPRESENTATION_CONTEXT('2D SPACE',''
  ) );
#1976 = PCURVE('',#1977,#1982);
#1977 = CYLINDRICAL_SURFACE('',#1978,0.5);
#1978 = AXIS2_PLACEMENT_3D('',#1979,#1980,#1981);
#1979 = CARTESIAN_POINT('',(114.03,-84.059999,-1.E-02));
#1980 = DIRECTION('',(0.,0.,1.));
#1981 = DIRECTION('',(1.,0.,-0.));
#1982 = DEFINITIONAL_REPRESENTATION('',(#1983),#1987);
#1983 = LINE('',#1984,#1985);
#1984 = CARTESIAN_POINT('',(0.,1.E-02));
#1985 = VECTOR('',#1986,1.);
#1986 = DIRECTION('',(1.,0.));
#1987 = ( GEOMETRIC_REPRESENTATION_CONTEXT(2) 
PARAMETRIC_REPRESENTATION_CONTEXT() REPRESENTATION_CONTEXT('2D SPACE',''
  ) );
#1988 = FACE_BOUND('',#1989,.T.);
#1989 = EDGE_LOOP('',(#1990));
#1990 = ORIENTED_EDGE('',*,*,#1991,.T.);
#1991 = EDGE_CURVE('',#1992,#1992,#1994,.T.);
#1992 = VERTEX_POINT('',#1993);
#1993 = CARTESIAN_POINT('',(114.53,-81.519999,0.));
#1994 = SURFACE_CURVE('',#1995,(#2000,#2011),.PCURVE_S1.);
#1995 = CIRCLE('',#1996,0.5);
#1996 = AXIS2_PLACEMENT_3D('',#1997,#1998,#1999);
#1997 = CARTESIAN_POINT('',(114.03,-81.519999,0.));
#1998 = DIRECTION('',(0.,0.,1.));
#1999 = DIRECTION('',(1.,0.,-0.));
#2000 = PCURVE('',#144,#2001);
#2001 = DEFINITIONAL_REPRESENTATION('',(#2002),#2010);
#2002 = ( BOUNDED_CURVE() B_SPLINE_CURVE(2,(#2003,#2004,#2005,#2006,
#2007,#2008,#2009),.UNSPECIFIED.,.T.,.F.) B_SPLINE_CURVE_WITH_KNOTS((1,2
    ,2,2,2,1),(-2.094395102393,0.,2.094395102393,4.188790204786,
6.28318530718,8.377580409573),.UNSPECIFIED.) CURVE() 
GEOMETRIC_REPRESENTATION_ITEM() RATIONAL_B_SPLINE_CURVE((1.,0.5,1.,0.5,
1.,0.5,1.)) REPRESENTATION_ITEM('') );
#2003 = CARTESIAN_POINT('',(-45.33519895202,-34.17406986847));
#2004 = CARTESIAN_POINT('',(-45.33519895202,-33.30804446469));
#2005 = CARTESIAN_POINT('',(-44.58519895202,-33.74105716658));
#2006 = CARTESIAN_POINT('',(-43.83519895202,-34.17406986847));
#2007 = CARTESIAN_POINT('',(-44.58519895202,-34.60708257037));
#2008 = CARTESIAN_POINT('',(-45.33519895202,-35.04009527226));
#2009 = CARTESIAN_POINT('',(-45.33519895202,-34.17406986847));
#2010 = ( GEOMETRIC_REPRESENTATION_CONTEXT(2) 
PARAMETRIC_REPRESENTATION_CONTEXT() REPRESENTATION_CONTEXT('2D SPACE',''
  ) );
#2011 = PCURVE('',#2012,#2017);
#2012 = CYLINDRICAL_SURFACE('',#2013,0.5);
#2013 = AXIS2_PLACEMENT_3D('',#2014,#2015,#2016);
#2014 = CARTESIAN_POINT('',(114.03,-81.519999,-1.E-02));
#2015 = DIRECTION('',(0.,0.,1.));
#2016 = DIRECTION('',(1.,0.,-0.));
#2017 = DEFINITIONAL_REPRESENTATION('',(#2018),#2022);
#2018 = LINE('',#2019,#2020);
#2019 = CARTESIAN_POINT('',(0.,1.E-02));
#2020 = VECTOR('',#2021,1.);
#2021 = DIRECTION('',(1.,0.));
#2022 = ( GEOMETRIC_REPRESENTATION_CONTEXT(2) 
PARAMETRIC_REPRESENTATION_CONTEXT() REPRESENTATION_CONTEXT('2D SPACE',''
  ) );
#2023 = FACE_BOUND('',#2024,.T.);
#2024 = EDGE_LOOP('',(#2025));
#2025 = ORIENTED_EDGE('',*,*,#2026,.T.);
#2026 = EDGE_CURVE('',#2027,#2027,#2029,.T.);
#2027 = VERTEX_POINT('',#2028);
#2028 = CARTESIAN_POINT('',(129.77,-78.979999,0.));
#2029 = SURFACE_CURVE('',#2030,(#2035,#2046),.PCURVE_S1.);
#2030 = CIRCLE('',#2031,0.5);
#2031 = AXIS2_PLACEMENT_3D('',#2032,#2033,#2034);
#2032 = CARTESIAN_POINT('',(129.27,-78.979999,0.));
#2033 = DIRECTION('',(0.,0.,1.));
#2034 = DIRECTION('',(1.,0.,-0.));
#2035 = PCURVE('',#144,#2036);
#2036 = DEFINITIONAL_REPRESENTATION('',(#2037),#2045);
#2037 = ( BOUNDED_CURVE() B_SPLINE_CURVE(2,(#2038,#2039,#2040,#2041,
#2042,#2043,#2044),.UNSPECIFIED.,.T.,.F.) B_SPLINE_CURVE_WITH_KNOTS((1,2
    ,2,2,2,1),(-2.094395102393,0.,2.094395102393,4.188790204786,
6.28318530718,8.377580409573),.UNSPECIFIED.) CURVE() 
GEOMETRIC_REPRESENTATION_ITEM() RATIONAL_B_SPLINE_CURVE((1.,0.5,1.,0.5,
1.,0.5,1.)) REPRESENTATION_ITEM('') );
#2038 = CARTESIAN_POINT('',(-60.57519895202,-31.63406986847));
#2039 = CARTESIAN_POINT('',(-60.57519895202,-30.76804446469));
#2040 = CARTESIAN_POINT('',(-59.82519895202,-31.20105716658));
#2041 = CARTESIAN_POINT('',(-59.07519895202,-31.63406986847));
#2042 = CARTESIAN_POINT('',(-59.82519895202,-32.06708257037));
#2043 = CARTESIAN_POINT('',(-60.57519895202,-32.50009527226));
#2044 = CARTESIAN_POINT('',(-60.57519895202,-31.63406986847));
#2045 = ( GEOMETRIC_REPRESENTATION_CONTEXT(2) 
PARAMETRIC_REPRESENTATION_CONTEXT() REPRESENTATION_CONTEXT('2D SPACE',''
  ) );
#2046 = PCURVE('',#2047,#2052);
#2047 = CYLINDRICAL_SURFACE('',#2048,0.5);
#2048 = AXIS2_PLACEMENT_3D('',#2049,#2050,#2051);
#2049 = CARTESIAN_POINT('',(129.27,-78.979999,-1.E-02));
#2050 = DIRECTION('',(0.,0.,1.));
#2051 = DIRECTION('',(1.,0.,-0.));
#2052 = DEFINITIONAL_REPRESENTATION('',(#2053),#2057);
#2053 = LINE('',#2054,#2055);
#2054 = CARTESIAN_POINT('',(0.,1.E-02));
#2055 = VECTOR('',#2056,1.);
#2056 = DIRECTION('',(1.,0.));
#2057 = ( GEOMETRIC_REPRESENTATION_CONTEXT(2) 
PARAMETRIC_REPRESENTATION_CONTEXT() REPRESENTATION_CONTEXT('2D SPACE',''
  ) );
#2058 = FACE_BOUND('',#2059,.T.);
#2059 = EDGE_LOOP('',(#2060));
#2060 = ORIENTED_EDGE('',*,*,#2061,.T.);
#2061 = EDGE_CURVE('',#2062,#2062,#2064,.T.);
#2062 = VERTEX_POINT('',#2063);
#2063 = CARTESIAN_POINT('',(129.77,-76.439999,0.));
#2064 = SURFACE_CURVE('',#2065,(#2070,#2081),.PCURVE_S1.);
#2065 = CIRCLE('',#2066,0.5);
#2066 = AXIS2_PLACEMENT_3D('',#2067,#2068,#2069);
#2067 = CARTESIAN_POINT('',(129.27,-76.439999,0.));
#2068 = DIRECTION('',(0.,0.,1.));
#2069 = DIRECTION('',(1.,0.,-0.));
#2070 = PCURVE('',#144,#2071);
#2071 = DEFINITIONAL_REPRESENTATION('',(#2072),#2080);
#2072 = ( BOUNDED_CURVE() B_SPLINE_CURVE(2,(#2073,#2074,#2075,#2076,
#2077,#2078,#2079),.UNSPECIFIED.,.T.,.F.) B_SPLINE_CURVE_WITH_KNOTS((1,2
    ,2,2,2,1),(-2.094395102393,0.,2.094395102393,4.188790204786,
6.28318530718,8.377580409573),.UNSPECIFIED.) CURVE() 
GEOMETRIC_REPRESENTATION_ITEM() RATIONAL_B_SPLINE_CURVE((1.,0.5,1.,0.5,
1.,0.5,1.)) REPRESENTATION_ITEM('') );
#2073 = CARTESIAN_POINT('',(-60.57519895202,-29.09406986847));
#2074 = CARTESIAN_POINT('',(-60.57519895202,-28.22804446469));
#2075 = CARTESIAN_POINT('',(-59.82519895202,-28.66105716658));
#2076 = CARTESIAN_POINT('',(-59.07519895202,-29.09406986847));
#2077 = CARTESIAN_POINT('',(-59.82519895202,-29.52708257037));
#2078 = CARTESIAN_POINT('',(-60.57519895202,-29.96009527226));
#2079 = CARTESIAN_POINT('',(-60.57519895202,-29.09406986847));
#2080 = ( GEOMETRIC_REPRESENTATION_CONTEXT(2) 
PARAMETRIC_REPRESENTATION_CONTEXT() REPRESENTATION_CONTEXT('2D SPACE',''
  ) );
#2081 = PCURVE('',#2082,#2087);
#2082 = CYLINDRICAL_SURFACE('',#2083,0.5);
#2083 = AXIS2_PLACEMENT_3D('',#2084,#2085,#2086);
#2084 = CARTESIAN_POINT('',(129.27,-76.439999,-1.E-02));
#2085 = DIRECTION('',(0.,0.,1.));
#2086 = DIRECTION('',(1.,0.,-0.));
#2087 = DEFINITIONAL_REPRESENTATION('',(#2088),#2092);
#2088 = LINE('',#2089,#2090);
#2089 = CARTESIAN_POINT('',(0.,1.E-02));
#2090 = VECTOR('',#2091,1.);
#2091 = DIRECTION('',(1.,0.));
#2092 = ( GEOMETRIC_REPRESENTATION_CONTEXT(2) 
PARAMETRIC_REPRESENTATION_CONTEXT() REPRESENTATION_CONTEXT('2D SPACE',''
  ) );
#2093 = FACE_BOUND('',#2094,.T.);
#2094 = EDGE_LOOP('',(#2095));
#2095 = ORIENTED_EDGE('',*,*,#2096,.T.);
#2096 = EDGE_CURVE('',#2097,#2097,#2099,.T.);
#2097 = VERTEX_POINT('',#2098);
#2098 = CARTESIAN_POINT('',(129.77,-73.899999,0.));
#2099 = SURFACE_CURVE('',#2100,(#2105,#2116),.PCURVE_S1.);
#2100 = CIRCLE('',#2101,0.5);
#2101 = AXIS2_PLACEMENT_3D('',#2102,#2103,#2104);
#2102 = CARTESIAN_POINT('',(129.27,-73.899999,0.));
#2103 = DIRECTION('',(0.,0.,1.));
#2104 = DIRECTION('',(1.,0.,-0.));
#2105 = PCURVE('',#144,#2106);
#2106 = DEFINITIONAL_REPRESENTATION('',(#2107),#2115);
#2107 = ( BOUNDED_CURVE() B_SPLINE_CURVE(2,(#2108,#2109,#2110,#2111,
#2112,#2113,#2114),.UNSPECIFIED.,.T.,.F.) B_SPLINE_CURVE_WITH_KNOTS((1,2
    ,2,2,2,1),(-2.094395102393,0.,2.094395102393,4.188790204786,
6.28318530718,8.377580409573),.UNSPECIFIED.) CURVE() 
GEOMETRIC_REPRESENTATION_ITEM() RATIONAL_B_SPLINE_CURVE((1.,0.5,1.,0.5,
1.,0.5,1.)) REPRESENTATION_ITEM('') );
#2108 = CARTESIAN_POINT('',(-60.57519895202,-26.55406986847));
#2109 = CARTESIAN_POINT('',(-60.57519895202,-25.68804446469));
#2110 = CARTESIAN_POINT('',(-59.82519895202,-26.12105716658));
#2111 = CARTESIAN_POINT('',(-59.07519895202,-26.55406986847));
#2112 = CARTESIAN_POINT('',(-59.82519895202,-26.98708257037));
#2113 = CARTESIAN_POINT('',(-60.57519895202,-27.42009527226));
#2114 = CARTESIAN_POINT('',(-60.57519895202,-26.55406986847));
#2115 = ( GEOMETRIC_REPRESENTATION_CONTEXT(2) 
PARAMETRIC_REPRESENTATION_CONTEXT() REPRESENTATION_CONTEXT('2D SPACE',''
  ) );
#2116 = PCURVE('',#2117,#2122);
#2117 = CYLINDRICAL_SURFACE('',#2118,0.5);
#2118 = AXIS2_PLACEMENT_3D('',#2119,#2120,#2121);
#2119 = CARTESIAN_POINT('',(129.27,-73.899999,-1.E-02));
#2120 = DIRECTION('',(0.,0.,1.));
#2121 = DIRECTION('',(1.,0.,-0.));
#2122 = DEFINITIONAL_REPRESENTATION('',(#2123),#2127);
#2123 = LINE('',#2124,#2125);
#2124 = CARTESIAN_POINT('',(0.,1.E-02));
#2125 = VECTOR('',#2126,1.);
#2126 = DIRECTION('',(1.,0.));
#2127 = ( GEOMETRIC_REPRESENTATION_CONTEXT(2) 
PARAMETRIC_REPRESENTATION_CONTEXT() REPRESENTATION_CONTEXT('2D SPACE',''
  ) );
#2128 = FACE_BOUND('',#2129,.T.);
#2129 = EDGE_LOOP('',(#2130));
#2130 = ORIENTED_EDGE('',*,*,#2131,.T.);
#2131 = EDGE_CURVE('',#2132,#2132,#2134,.T.);
#2132 = VERTEX_POINT('',#2133);
#2133 = CARTESIAN_POINT('',(129.77,-71.359999,0.));
#2134 = SURFACE_CURVE('',#2135,(#2140,#2151),.PCURVE_S1.);
#2135 = CIRCLE('',#2136,0.5);
#2136 = AXIS2_PLACEMENT_3D('',#2137,#2138,#2139);
#2137 = CARTESIAN_POINT('',(129.27,-71.359999,0.));
#2138 = DIRECTION('',(0.,0.,1.));
#2139 = DIRECTION('',(1.,0.,-0.));
#2140 = PCURVE('',#144,#2141);
#2141 = DEFINITIONAL_REPRESENTATION('',(#2142),#2150);
#2142 = ( BOUNDED_CURVE() B_SPLINE_CURVE(2,(#2143,#2144,#2145,#2146,
#2147,#2148,#2149),.UNSPECIFIED.,.T.,.F.) B_SPLINE_CURVE_WITH_KNOTS((1,2
    ,2,2,2,1),(-2.094395102393,0.,2.094395102393,4.188790204786,
6.28318530718,8.377580409573),.UNSPECIFIED.) CURVE() 
GEOMETRIC_REPRESENTATION_ITEM() RATIONAL_B_SPLINE_CURVE((1.,0.5,1.,0.5,
1.,0.5,1.)) REPRESENTATION_ITEM('') );
#2143 = CARTESIAN_POINT('',(-60.57519895202,-24.01406986847));
#2144 = CARTESIAN_POINT('',(-60.57519895202,-23.14804446469));
#2145 = CARTESIAN_POINT('',(-59.82519895202,-23.58105716658));
#2146 = CARTESIAN_POINT('',(-59.07519895202,-24.01406986847));
#2147 = CARTESIAN_POINT('',(-59.82519895202,-24.44708257037));
#2148 = CARTESIAN_POINT('',(-60.57519895202,-24.88009527226));
#2149 = CARTESIAN_POINT('',(-60.57519895202,-24.01406986847));
#2150 = ( GEOMETRIC_REPRESENTATION_CONTEXT(2) 
PARAMETRIC_REPRESENTATION_CONTEXT() REPRESENTATION_CONTEXT('2D SPACE',''
  ) );
#2151 = PCURVE('',#2152,#2157);
#2152 = CYLINDRICAL_SURFACE('',#2153,0.5);
#2153 = AXIS2_PLACEMENT_3D('',#2154,#2155,#2156);
#2154 = CARTESIAN_POINT('',(129.27,-71.359999,-1.E-02));
#2155 = DIRECTION('',(0.,0.,1.));
#2156 = DIRECTION('',(1.,0.,-0.));
#2157 = DEFINITIONAL_REPRESENTATION('',(#2158),#2162);
#2158 = LINE('',#2159,#2160);
#2159 = CARTESIAN_POINT('',(0.,1.E-02));
#2160 = VECTOR('',#2161,1.);
#2161 = DIRECTION('',(1.,0.));
#2162 = ( GEOMETRIC_REPRESENTATION_CONTEXT(2) 
PARAMETRIC_REPRESENTATION_CONTEXT() REPRESENTATION_CONTEXT('2D SPACE',''
  ) );
#2163 = FACE_BOUND('',#2164,.T.);
#2164 = EDGE_LOOP('',(#2165));
#2165 = ORIENTED_EDGE('',*,*,#2166,.T.);
#2166 = EDGE_CURVE('',#2167,#2167,#2169,.T.);
#2167 = VERTEX_POINT('',#2168);
#2168 = CARTESIAN_POINT('',(129.77,-68.819999,0.));
#2169 = SURFACE_CURVE('',#2170,(#2175,#2186),.PCURVE_S1.);
#2170 = CIRCLE('',#2171,0.5);
#2171 = AXIS2_PLACEMENT_3D('',#2172,#2173,#2174);
#2172 = CARTESIAN_POINT('',(129.27,-68.819999,0.));
#2173 = DIRECTION('',(0.,0.,1.));
#2174 = DIRECTION('',(1.,0.,-0.));
#2175 = PCURVE('',#144,#2176);
#2176 = DEFINITIONAL_REPRESENTATION('',(#2177),#2185);
#2177 = ( BOUNDED_CURVE() B_SPLINE_CURVE(2,(#2178,#2179,#2180,#2181,
#2182,#2183,#2184),.UNSPECIFIED.,.T.,.F.) B_SPLINE_CURVE_WITH_KNOTS((1,2
    ,2,2,2,1),(-2.094395102393,0.,2.094395102393,4.188790204786,
6.28318530718,8.377580409573),.UNSPECIFIED.) CURVE() 
GEOMETRIC_REPRESENTATION_ITEM() RATIONAL_B_SPLINE_CURVE((1.,0.5,1.,0.5,
1.,0.5,1.)) REPRESENTATION_ITEM('') );
#2178 = CARTESIAN_POINT('',(-60.57519895202,-21.47406986847));
#2179 = CARTESIAN_POINT('',(-60.57519895202,-20.60804446469));
#2180 = CARTESIAN_POINT('',(-59.82519895202,-21.04105716658));
#2181 = CARTESIAN_POINT('',(-59.07519895202,-21.47406986847));
#2182 = CARTESIAN_POINT('',(-59.82519895202,-21.90708257037));
#2183 = CARTESIAN_POINT('',(-60.57519895202,-22.34009527226));
#2184 = CARTESIAN_POINT('',(-60.57519895202,-21.47406986847));
#2185 = ( GEOMETRIC_REPRESENTATION_CONTEXT(2) 
PARAMETRIC_REPRESENTATION_CONTEXT() REPRESENTATION_CONTEXT('2D SPACE',''
  ) );
#2186 = PCURVE('',#2187,#2192);
#2187 = CYLINDRICAL_SURFACE('',#2188,0.5);
#2188 = AXIS2_PLACEMENT_3D('',#2189,#2190,#2191);
#2189 = CARTESIAN_POINT('',(129.27,-68.819999,-1.E-02));
#2190 = DIRECTION('',(0.,0.,1.));
#2191 = DIRECTION('',(1.,0.,-0.));
#2192 = DEFINITIONAL_REPRESENTATION('',(#2193),#2197);
#2193 = LINE('',#2194,#2195);
#2194 = CARTESIAN_POINT('',(0.,1.E-02));
#2195 = VECTOR('',#2196,1.);
#2196 = DIRECTION('',(1.,0.));
#2197 = ( GEOMETRIC_REPRESENTATION_CONTEXT(2) 
PARAMETRIC_REPRESENTATION_CONTEXT() REPRESENTATION_CONTEXT('2D SPACE',''
  ) );
#2198 = FACE_BOUND('',#2199,.T.);
#2199 = EDGE_LOOP('',(#2200));
#2200 = ORIENTED_EDGE('',*,*,#2201,.T.);
#2201 = EDGE_CURVE('',#2202,#2202,#2204,.T.);
#2202 = VERTEX_POINT('',#2203);
#2203 = CARTESIAN_POINT('',(114.53,-78.979999,0.));
#2204 = SURFACE_CURVE('',#2205,(#2210,#2221),.PCURVE_S1.);
#2205 = CIRCLE('',#2206,0.5);
#2206 = AXIS2_PLACEMENT_3D('',#2207,#2208,#2209);
#2207 = CARTESIAN_POINT('',(114.03,-78.979999,0.));
#2208 = DIRECTION('',(0.,0.,1.));
#2209 = DIRECTION('',(1.,0.,-0.));
#2210 = PCURVE('',#144,#2211);
#2211 = DEFINITIONAL_REPRESENTATION('',(#2212),#2220);
#2212 = ( BOUNDED_CURVE() B_SPLINE_CURVE(2,(#2213,#2214,#2215,#2216,
#2217,#2218,#2219),.UNSPECIFIED.,.T.,.F.) B_SPLINE_CURVE_WITH_KNOTS((1,2
    ,2,2,2,1),(-2.094395102393,0.,2.094395102393,4.188790204786,
6.28318530718,8.377580409573),.UNSPECIFIED.) CURVE() 
GEOMETRIC_REPRESENTATION_ITEM() RATIONAL_B_SPLINE_CURVE((1.,0.5,1.,0.5,
1.,0.5,1.)) REPRESENTATION_ITEM('') );
#2213 = CARTESIAN_POINT('',(-45.33519895202,-31.63406986847));
#2214 = CARTESIAN_POINT('',(-45.33519895202,-30.76804446469));
#2215 = CARTESIAN_POINT('',(-44.58519895202,-31.20105716658));
#2216 = CARTESIAN_POINT('',(-43.83519895202,-31.63406986847));
#2217 = CARTESIAN_POINT('',(-44.58519895202,-32.06708257037));
#2218 = CARTESIAN_POINT('',(-45.33519895202,-32.50009527226));
#2219 = CARTESIAN_POINT('',(-45.33519895202,-31.63406986847));
#2220 = ( GEOMETRIC_REPRESENTATION_CONTEXT(2) 
PARAMETRIC_REPRESENTATION_CONTEXT() REPRESENTATION_CONTEXT('2D SPACE',''
  ) );
#2221 = PCURVE('',#2222,#2227);
#2222 = CYLINDRICAL_SURFACE('',#2223,0.5);
#2223 = AXIS2_PLACEMENT_3D('',#2224,#2225,#2226);
#2224 = CARTESIAN_POINT('',(114.03,-78.979999,-1.E-02));
#2225 = DIRECTION('',(0.,0.,1.));
#2226 = DIRECTION('',(1.,0.,-0.));
#2227 = DEFINITIONAL_REPRESENTATION('',(#2228),#2232);
#2228 = LINE('',#2229,#2230);
#2229 = CARTESIAN_POINT('',(0.,1.E-02));
#2230 = VECTOR('',#2231,1.);
#2231 = DIRECTION('',(1.,0.));
#2232 = ( GEOMETRIC_REPRESENTATION_CONTEXT(2) 
PARAMETRIC_REPRESENTATION_CONTEXT() REPRESENTATION_CONTEXT('2D SPACE',''
  ) );
#2233 = FACE_BOUND('',#2234,.T.);
#2234 = EDGE_LOOP('',(#2235));
#2235 = ORIENTED_EDGE('',*,*,#2236,.T.);
#2236 = EDGE_CURVE('',#2237,#2237,#2239,.T.);
#2237 = VERTEX_POINT('',#2238);
#2238 = CARTESIAN_POINT('',(114.53,-76.439999,0.));
#2239 = SURFACE_CURVE('',#2240,(#2245,#2256),.PCURVE_S1.);
#2240 = CIRCLE('',#2241,0.5);
#2241 = AXIS2_PLACEMENT_3D('',#2242,#2243,#2244);
#2242 = CARTESIAN_POINT('',(114.03,-76.439999,0.));
#2243 = DIRECTION('',(0.,0.,1.));
#2244 = DIRECTION('',(1.,0.,-0.));
#2245 = PCURVE('',#144,#2246);
#2246 = DEFINITIONAL_REPRESENTATION('',(#2247),#2255);
#2247 = ( BOUNDED_CURVE() B_SPLINE_CURVE(2,(#2248,#2249,#2250,#2251,
#2252,#2253,#2254),.UNSPECIFIED.,.T.,.F.) B_SPLINE_CURVE_WITH_KNOTS((1,2
    ,2,2,2,1),(-2.094395102393,0.,2.094395102393,4.188790204786,
6.28318530718,8.377580409573),.UNSPECIFIED.) CURVE() 
GEOMETRIC_REPRESENTATION_ITEM() RATIONAL_B_SPLINE_CURVE((1.,0.5,1.,0.5,
1.,0.5,1.)) REPRESENTATION_ITEM('') );
#2248 = CARTESIAN_POINT('',(-45.33519895202,-29.09406986847));
#2249 = CARTESIAN_POINT('',(-45.33519895202,-28.22804446469));
#2250 = CARTESIAN_POINT('',(-44.58519895202,-28.66105716658));
#2251 = CARTESIAN_POINT('',(-43.83519895202,-29.09406986847));
#2252 = CARTESIAN_POINT('',(-44.58519895202,-29.52708257037));
#2253 = CARTESIAN_POINT('',(-45.33519895202,-29.96009527226));
#2254 = CARTESIAN_POINT('',(-45.33519895202,-29.09406986847));
#2255 = ( GEOMETRIC_REPRESENTATION_CONTEXT(2) 
PARAMETRIC_REPRESENTATION_CONTEXT() REPRESENTATION_CONTEXT('2D SPACE',''
  ) );
#2256 = PCURVE('',#2257,#2262);
#2257 = CYLINDRICAL_SURFACE('',#2258,0.5);
#2258 = AXIS2_PLACEMENT_3D('',#2259,#2260,#2261);
#2259 = CARTESIAN_POINT('',(114.03,-76.439999,-1.E-02));
#2260 = DIRECTION('',(0.,0.,1.));
#2261 = DIRECTION('',(1.,0.,-0.));
#2262 = DEFINITIONAL_REPRESENTATION('',(#2263),#2267);
#2263 = LINE('',#2264,#2265);
#2264 = CARTESIAN_POINT('',(0.,1.E-02));
#2265 = VECTOR('',#2266,1.);
#2266 = DIRECTION('',(1.,0.));
#2267 = ( GEOMETRIC_REPRESENTATION_CONTEXT(2) 
PARAMETRIC_REPRESENTATION_CONTEXT() REPRESENTATION_CONTEXT('2D SPACE',''
  ) );
#2268 = FACE_BOUND('',#2269,.T.);
#2269 = EDGE_LOOP('',(#2270));
#2270 = ORIENTED_EDGE('',*,*,#2271,.T.);
#2271 = EDGE_CURVE('',#2272,#2272,#2274,.T.);
#2272 = VERTEX_POINT('',#2273);
#2273 = CARTESIAN_POINT('',(103.575,-77.4,0.));
#2274 = SURFACE_CURVE('',#2275,(#2280,#2291),.PCURVE_S1.);
#2275 = CIRCLE('',#2276,0.625);
#2276 = AXIS2_PLACEMENT_3D('',#2277,#2278,#2279);
#2277 = CARTESIAN_POINT('',(102.95,-77.4,0.));
#2278 = DIRECTION('',(0.,0.,1.));
#2279 = DIRECTION('',(1.,0.,-0.));
#2280 = PCURVE('',#144,#2281);
#2281 = DEFINITIONAL_REPRESENTATION('',(#2282),#2290);
#2282 = ( BOUNDED_CURVE() B_SPLINE_CURVE(2,(#2283,#2284,#2285,#2286,
#2287,#2288,#2289),.UNSPECIFIED.,.T.,.F.) B_SPLINE_CURVE_WITH_KNOTS((1,2
    ,2,2,2,1),(-2.094395102393,0.,2.094395102393,4.188790204786,
6.28318530718,8.377580409573),.UNSPECIFIED.) CURVE() 
GEOMETRIC_REPRESENTATION_ITEM() RATIONAL_B_SPLINE_CURVE((1.,0.5,1.,0.5,
1.,0.5,1.)) REPRESENTATION_ITEM('') );
#2283 = CARTESIAN_POINT('',(-34.38019895202,-30.05407086847));
#2284 = CARTESIAN_POINT('',(-34.38019895202,-28.97153911374));
#2285 = CARTESIAN_POINT('',(-33.44269895202,-29.51280499111));
#2286 = CARTESIAN_POINT('',(-32.50519895202,-30.05407086847));
#2287 = CARTESIAN_POINT('',(-33.44269895202,-30.59533674584));
#2288 = CARTESIAN_POINT('',(-34.38019895202,-31.1366026232));
#2289 = CARTESIAN_POINT('',(-34.38019895202,-30.05407086847));
#2290 = ( GEOMETRIC_REPRESENTATION_CONTEXT(2) 
PARAMETRIC_REPRESENTATION_CONTEXT() REPRESENTATION_CONTEXT('2D SPACE',''
  ) );
#2291 = PCURVE('',#2292,#2297);
#2292 = CYLINDRICAL_SURFACE('',#2293,0.625);
#2293 = AXIS2_PLACEMENT_3D('',#2294,#2295,#2296);
#2294 = CARTESIAN_POINT('',(102.95,-77.4,-1.E-02));
#2295 = DIRECTION('',(0.,0.,1.));
#2296 = DIRECTION('',(1.,0.,-0.));
#2297 = DEFINITIONAL_REPRESENTATION('',(#2298),#2302);
#2298 = LINE('',#2299,#2300);
#2299 = CARTESIAN_POINT('',(0.,1.E-02));
#2300 = VECTOR('',#2301,1.);
#2301 = DIRECTION('',(1.,0.));
#2302 = ( GEOMETRIC_REPRESENTATION_CONTEXT(2) 
PARAMETRIC_REPRESENTATION_CONTEXT() REPRESENTATION_CONTEXT('2D SPACE',''
  ) );
#2303 = FACE_BOUND('',#2304,.T.);
#2304 = EDGE_LOOP('',(#2305));
#2305 = ORIENTED_EDGE('',*,*,#2306,.T.);
#2306 = EDGE_CURVE('',#2307,#2307,#2309,.T.);
#2307 = VERTEX_POINT('',#2308);
#2308 = CARTESIAN_POINT('',(114.53,-73.899999,0.));
#2309 = SURFACE_CURVE('',#2310,(#2315,#2326),.PCURVE_S1.);
#2310 = CIRCLE('',#2311,0.5);
#2311 = AXIS2_PLACEMENT_3D('',#2312,#2313,#2314);
#2312 = CARTESIAN_POINT('',(114.03,-73.899999,0.));
#2313 = DIRECTION('',(0.,0.,1.));
#2314 = DIRECTION('',(1.,0.,-0.));
#2315 = PCURVE('',#144,#2316);
#2316 = DEFINITIONAL_REPRESENTATION('',(#2317),#2325);
#2317 = ( BOUNDED_CURVE() B_SPLINE_CURVE(2,(#2318,#2319,#2320,#2321,
#2322,#2323,#2324),.UNSPECIFIED.,.T.,.F.) B_SPLINE_CURVE_WITH_KNOTS((1,2
    ,2,2,2,1),(-2.094395102393,0.,2.094395102393,4.188790204786,
6.28318530718,8.377580409573),.UNSPECIFIED.) CURVE() 
GEOMETRIC_REPRESENTATION_ITEM() RATIONAL_B_SPLINE_CURVE((1.,0.5,1.,0.5,
1.,0.5,1.)) REPRESENTATION_ITEM('') );
#2318 = CARTESIAN_POINT('',(-45.33519895202,-26.55406986847));
#2319 = CARTESIAN_POINT('',(-45.33519895202,-25.68804446469));
#2320 = CARTESIAN_POINT('',(-44.58519895202,-26.12105716658));
#2321 = CARTESIAN_POINT('',(-43.83519895202,-26.55406986847));
#2322 = CARTESIAN_POINT('',(-44.58519895202,-26.98708257037));
#2323 = CARTESIAN_POINT('',(-45.33519895202,-27.42009527226));
#2324 = CARTESIAN_POINT('',(-45.33519895202,-26.55406986847));
#2325 = ( GEOMETRIC_REPRESENTATION_CONTEXT(2) 
PARAMETRIC_REPRESENTATION_CONTEXT() REPRESENTATION_CONTEXT('2D SPACE',''
  ) );
#2326 = PCURVE('',#2327,#2332);
#2327 = CYLINDRICAL_SURFACE('',#2328,0.5);
#2328 = AXIS2_PLACEMENT_3D('',#2329,#2330,#2331);
#2329 = CARTESIAN_POINT('',(114.03,-73.899999,-1.E-02));
#2330 = DIRECTION('',(0.,0.,1.));
#2331 = DIRECTION('',(1.,0.,-0.));
#2332 = DEFINITIONAL_REPRESENTATION('',(#2333),#2337);
#2333 = LINE('',#2334,#2335);
#2334 = CARTESIAN_POINT('',(0.,1.E-02));
#2335 = VECTOR('',#2336,1.);
#2336 = DIRECTION('',(1.,0.));
#2337 = ( GEOMETRIC_REPRESENTATION_CONTEXT(2) 
PARAMETRIC_REPRESENTATION_CONTEXT() REPRESENTATION_CONTEXT('2D SPACE',''
  ) );
#2338 = FACE_BOUND('',#2339,.T.);
#2339 = EDGE_LOOP('',(#2340));
#2340 = ORIENTED_EDGE('',*,*,#2341,.T.);
#2341 = EDGE_CURVE('',#2342,#2342,#2344,.T.);
#2342 = VERTEX_POINT('',#2343);
#2343 = CARTESIAN_POINT('',(114.53,-71.359999,0.));
#2344 = SURFACE_CURVE('',#2345,(#2350,#2361),.PCURVE_S1.);
#2345 = CIRCLE('',#2346,0.5);
#2346 = AXIS2_PLACEMENT_3D('',#2347,#2348,#2349);
#2347 = CARTESIAN_POINT('',(114.03,-71.359999,0.));
#2348 = DIRECTION('',(0.,0.,1.));
#2349 = DIRECTION('',(1.,0.,-0.));
#2350 = PCURVE('',#144,#2351);
#2351 = DEFINITIONAL_REPRESENTATION('',(#2352),#2360);
#2352 = ( BOUNDED_CURVE() B_SPLINE_CURVE(2,(#2353,#2354,#2355,#2356,
#2357,#2358,#2359),.UNSPECIFIED.,.T.,.F.) B_SPLINE_CURVE_WITH_KNOTS((1,2
    ,2,2,2,1),(-2.094395102393,0.,2.094395102393,4.188790204786,
6.28318530718,8.377580409573),.UNSPECIFIED.) CURVE() 
GEOMETRIC_REPRESENTATION_ITEM() RATIONAL_B_SPLINE_CURVE((1.,0.5,1.,0.5,
1.,0.5,1.)) REPRESENTATION_ITEM('') );
#2353 = CARTESIAN_POINT('',(-45.33519895202,-24.01406986847));
#2354 = CARTESIAN_POINT('',(-45.33519895202,-23.14804446469));
#2355 = CARTESIAN_POINT('',(-44.58519895202,-23.58105716658));
#2356 = CARTESIAN_POINT('',(-43.83519895202,-24.01406986847));
#2357 = CARTESIAN_POINT('',(-44.58519895202,-24.44708257037));
#2358 = CARTESIAN_POINT('',(-45.33519895202,-24.88009527226));
#2359 = CARTESIAN_POINT('',(-45.33519895202,-24.01406986847));
#2360 = ( GEOMETRIC_REPRESENTATION_CONTEXT(2) 
PARAMETRIC_REPRESENTATION_CONTEXT() REPRESENTATION_CONTEXT('2D SPACE',''
  ) );
#2361 = PCURVE('',#2362,#2367);
#2362 = CYLINDRICAL_SURFACE('',#2363,0.5);
#2363 = AXIS2_PLACEMENT_3D('',#2364,#2365,#2366);
#2364 = CARTESIAN_POINT('',(114.03,-71.359999,-1.E-02));
#2365 = DIRECTION('',(0.,0.,1.));
#2366 = DIRECTION('',(1.,0.,-0.));
#2367 = DEFINITIONAL_REPRESENTATION('',(#2368),#2372);
#2368 = LINE('',#2369,#2370);
#2369 = CARTESIAN_POINT('',(0.,1.E-02));
#2370 = VECTOR('',#2371,1.);
#2371 = DIRECTION('',(1.,0.));
#2372 = ( GEOMETRIC_REPRESENTATION_CONTEXT(2) 
PARAMETRIC_REPRESENTATION_CONTEXT() REPRESENTATION_CONTEXT('2D SPACE',''
  ) );
#2373 = FACE_BOUND('',#2374,.T.);
#2374 = EDGE_LOOP('',(#2375));
#2375 = ORIENTED_EDGE('',*,*,#2376,.T.);
#2376 = EDGE_CURVE('',#2377,#2377,#2379,.T.);
#2377 = VERTEX_POINT('',#2378);
#2378 = CARTESIAN_POINT('',(114.53,-68.819999,0.));
#2379 = SURFACE_CURVE('',#2380,(#2385,#2396),.PCURVE_S1.);
#2380 = CIRCLE('',#2381,0.5);
#2381 = AXIS2_PLACEMENT_3D('',#2382,#2383,#2384);
#2382 = CARTESIAN_POINT('',(114.03,-68.819999,0.));
#2383 = DIRECTION('',(0.,0.,1.));
#2384 = DIRECTION('',(1.,0.,-0.));
#2385 = PCURVE('',#144,#2386);
#2386 = DEFINITIONAL_REPRESENTATION('',(#2387),#2395);
#2387 = ( BOUNDED_CURVE() B_SPLINE_CURVE(2,(#2388,#2389,#2390,#2391,
#2392,#2393,#2394),.UNSPECIFIED.,.T.,.F.) B_SPLINE_CURVE_WITH_KNOTS((1,2
    ,2,2,2,1),(-2.094395102393,0.,2.094395102393,4.188790204786,
6.28318530718,8.377580409573),.UNSPECIFIED.) CURVE() 
GEOMETRIC_REPRESENTATION_ITEM() RATIONAL_B_SPLINE_CURVE((1.,0.5,1.,0.5,
1.,0.5,1.)) REPRESENTATION_ITEM('') );
#2388 = CARTESIAN_POINT('',(-45.33519895202,-21.47406986847));
#2389 = CARTESIAN_POINT('',(-45.33519895202,-20.60804446469));
#2390 = CARTESIAN_POINT('',(-44.58519895202,-21.04105716658));
#2391 = CARTESIAN_POINT('',(-43.83519895202,-21.47406986847));
#2392 = CARTESIAN_POINT('',(-44.58519895202,-21.90708257037));
#2393 = CARTESIAN_POINT('',(-45.33519895202,-22.34009527226));
#2394 = CARTESIAN_POINT('',(-45.33519895202,-21.47406986847));
#2395 = ( GEOMETRIC_REPRESENTATION_CONTEXT(2) 
PARAMETRIC_REPRESENTATION_CONTEXT() REPRESENTATION_CONTEXT('2D SPACE',''
  ) );
#2396 = PCURVE('',#2397,#2402);
#2397 = CYLINDRICAL_SURFACE('',#2398,0.5);
#2398 = AXIS2_PLACEMENT_3D('',#2399,#2400,#2401);
#2399 = CARTESIAN_POINT('',(114.03,-68.819999,-1.E-02));
#2400 = DIRECTION('',(0.,0.,1.));
#2401 = DIRECTION('',(1.,0.,-0.));
#2402 = DEFINITIONAL_REPRESENTATION('',(#2403),#2407);
#2403 = LINE('',#2404,#2405);
#2404 = CARTESIAN_POINT('',(0.,1.E-02));
#2405 = VECTOR('',#2406,1.);
#2406 = DIRECTION('',(1.,0.));
#2407 = ( GEOMETRIC_REPRESENTATION_CONTEXT(2) 
PARAMETRIC_REPRESENTATION_CONTEXT() REPRESENTATION_CONTEXT('2D SPACE',''
  ) );
#2408 = FACE_BOUND('',#2409,.T.);
#2409 = EDGE_LOOP('',(#2410));
#2410 = ORIENTED_EDGE('',*,*,#2411,.T.);
#2411 = EDGE_CURVE('',#2412,#2412,#2414,.T.);
#2412 = VERTEX_POINT('',#2413);
#2413 = CARTESIAN_POINT('',(91.875,-82.9,0.));
#2414 = SURFACE_CURVE('',#2415,(#2420,#2431),.PCURVE_S1.);
#2415 = CIRCLE('',#2416,0.525);
#2416 = AXIS2_PLACEMENT_3D('',#2417,#2418,#2419);
#2417 = CARTESIAN_POINT('',(91.35,-82.9,0.));
#2418 = DIRECTION('',(0.,0.,1.));
#2419 = DIRECTION('',(1.,0.,-0.));
#2420 = PCURVE('',#144,#2421);
#2421 = DEFINITIONAL_REPRESENTATION('',(#2422),#2430);
#2422 = ( BOUNDED_CURVE() B_SPLINE_CURVE(2,(#2423,#2424,#2425,#2426,
#2427,#2428,#2429),.UNSPECIFIED.,.T.,.F.) B_SPLINE_CURVE_WITH_KNOTS((1,2
    ,2,2,2,1),(-2.094395102393,0.,2.094395102393,4.188790204786,
6.28318530718,8.377580409573),.UNSPECIFIED.) CURVE() 
GEOMETRIC_REPRESENTATION_ITEM() RATIONAL_B_SPLINE_CURVE((1.,0.5,1.,0.5,
1.,0.5,1.)) REPRESENTATION_ITEM('') );
#2423 = CARTESIAN_POINT('',(-22.68019895202,-35.55407086847));
#2424 = CARTESIAN_POINT('',(-22.68019895202,-34.6447441945));
#2425 = CARTESIAN_POINT('',(-21.89269895202,-35.09940753149));
#2426 = CARTESIAN_POINT('',(-21.10519895202,-35.55407086847));
#2427 = CARTESIAN_POINT('',(-21.89269895202,-36.00873420546));
#2428 = CARTESIAN_POINT('',(-22.68019895202,-36.46339754245));
#2429 = CARTESIAN_POINT('',(-22.68019895202,-35.55407086847));
#2430 = ( GEOMETRIC_REPRESENTATION_CONTEXT(2) 
PARAMETRIC_REPRESENTATION_CONTEXT() REPRESENTATION_CONTEXT('2D SPACE',''
  ) );
#2431 = PCURVE('',#2432,#2437);
#2432 = CYLINDRICAL_SURFACE('',#2433,0.525);
#2433 = AXIS2_PLACEMENT_3D('',#2434,#2435,#2436);
#2434 = CARTESIAN_POINT('',(91.35,-82.9,-1.E-02));
#2435 = DIRECTION('',(0.,0.,1.));
#2436 = DIRECTION('',(1.,0.,-0.));
#2437 = DEFINITIONAL_REPRESENTATION('',(#2438),#2442);
#2438 = LINE('',#2439,#2440);
#2439 = CARTESIAN_POINT('',(0.,1.E-02));
#2440 = VECTOR('',#2441,1.);
#2441 = DIRECTION('',(1.,0.));
#2442 = ( GEOMETRIC_REPRESENTATION_CONTEXT(2) 
PARAMETRIC_REPRESENTATION_CONTEXT() REPRESENTATION_CONTEXT('2D SPACE',''
  ) );
#2443 = FACE_BOUND('',#2444,.T.);
#2444 = EDGE_LOOP('',(#2445));
#2445 = ORIENTED_EDGE('',*,*,#2446,.T.);
#2446 = EDGE_CURVE('',#2447,#2447,#2449,.T.);
#2447 = VERTEX_POINT('',#2448);
#2448 = CARTESIAN_POINT('',(74.875,-82.9,0.));
#2449 = SURFACE_CURVE('',#2450,(#2455,#2466),.PCURVE_S1.);
#2450 = CIRCLE('',#2451,0.525);
#2451 = AXIS2_PLACEMENT_3D('',#2452,#2453,#2454);
#2452 = CARTESIAN_POINT('',(74.35,-82.9,0.));
#2453 = DIRECTION('',(0.,0.,1.));
#2454 = DIRECTION('',(1.,0.,-0.));
#2455 = PCURVE('',#144,#2456);
#2456 = DEFINITIONAL_REPRESENTATION('',(#2457),#2465);
#2457 = ( BOUNDED_CURVE() B_SPLINE_CURVE(2,(#2458,#2459,#2460,#2461,
#2462,#2463,#2464),.UNSPECIFIED.,.T.,.F.) B_SPLINE_CURVE_WITH_KNOTS((1,2
    ,2,2,2,1),(-2.094395102393,0.,2.094395102393,4.188790204786,
6.28318530718,8.377580409573),.UNSPECIFIED.) CURVE() 
GEOMETRIC_REPRESENTATION_ITEM() RATIONAL_B_SPLINE_CURVE((1.,0.5,1.,0.5,
1.,0.5,1.)) REPRESENTATION_ITEM('') );
#2458 = CARTESIAN_POINT('',(-5.680198952024,-35.55407086847));
#2459 = CARTESIAN_POINT('',(-5.680198952024,-34.6447441945));
#2460 = CARTESIAN_POINT('',(-4.892698952024,-35.09940753149));
#2461 = CARTESIAN_POINT('',(-4.105198952024,-35.55407086847));
#2462 = CARTESIAN_POINT('',(-4.892698952024,-36.00873420546));
#2463 = CARTESIAN_POINT('',(-5.680198952024,-36.46339754245));
#2464 = CARTESIAN_POINT('',(-5.680198952024,-35.55407086847));
#2465 = ( GEOMETRIC_REPRESENTATION_CONTEXT(2) 
PARAMETRIC_REPRESENTATION_CONTEXT() REPRESENTATION_CONTEXT('2D SPACE',''
  ) );
#2466 = PCURVE('',#2467,#2472);
#2467 = CYLINDRICAL_SURFACE('',#2468,0.525);
#2468 = AXIS2_PLACEMENT_3D('',#2469,#2470,#2471);
#2469 = CARTESIAN_POINT('',(74.35,-82.9,-1.E-02));
#2470 = DIRECTION('',(0.,0.,1.));
#2471 = DIRECTION('',(1.,0.,-0.));
#2472 = DEFINITIONAL_REPRESENTATION('',(#2473),#2477);
#2473 = LINE('',#2474,#2475);
#2474 = CARTESIAN_POINT('',(0.,1.E-02));
#2475 = VECTOR('',#2476,1.);
#2476 = DIRECTION('',(1.,0.));
#2477 = ( GEOMETRIC_REPRESENTATION_CONTEXT(2) 
PARAMETRIC_REPRESENTATION_CONTEXT() REPRESENTATION_CONTEXT('2D SPACE',''
  ) );
#2478 = FACE_BOUND('',#2479,.T.);
#2479 = EDGE_LOOP('',(#2480));
#2480 = ORIENTED_EDGE('',*,*,#2481,.T.);
#2481 = EDGE_CURVE('',#2482,#2482,#2484,.T.);
#2482 = VERTEX_POINT('',#2483);
#2483 = CARTESIAN_POINT('',(86.575,-77.4,0.));
#2484 = SURFACE_CURVE('',#2485,(#2490,#2501),.PCURVE_S1.);
#2485 = CIRCLE('',#2486,0.625);
#2486 = AXIS2_PLACEMENT_3D('',#2487,#2488,#2489);
#2487 = CARTESIAN_POINT('',(85.95,-77.4,0.));
#2488 = DIRECTION('',(0.,0.,1.));
#2489 = DIRECTION('',(1.,0.,-0.));
#2490 = PCURVE('',#144,#2491);
#2491 = DEFINITIONAL_REPRESENTATION('',(#2492),#2500);
#2492 = ( BOUNDED_CURVE() B_SPLINE_CURVE(2,(#2493,#2494,#2495,#2496,
#2497,#2498,#2499),.UNSPECIFIED.,.T.,.F.) B_SPLINE_CURVE_WITH_KNOTS((1,2
    ,2,2,2,1),(-2.094395102393,0.,2.094395102393,4.188790204786,
6.28318530718,8.377580409573),.UNSPECIFIED.) CURVE() 
GEOMETRIC_REPRESENTATION_ITEM() RATIONAL_B_SPLINE_CURVE((1.,0.5,1.,0.5,
1.,0.5,1.)) REPRESENTATION_ITEM('') );
#2493 = CARTESIAN_POINT('',(-17.38019895202,-30.05407086847));
#2494 = CARTESIAN_POINT('',(-17.38019895202,-28.97153911374));
#2495 = CARTESIAN_POINT('',(-16.44269895202,-29.51280499111));
#2496 = CARTESIAN_POINT('',(-15.50519895202,-30.05407086847));
#2497 = CARTESIAN_POINT('',(-16.44269895202,-30.59533674584));
#2498 = CARTESIAN_POINT('',(-17.38019895202,-31.1366026232));
#2499 = CARTESIAN_POINT('',(-17.38019895202,-30.05407086847));
#2500 = ( GEOMETRIC_REPRESENTATION_CONTEXT(2) 
PARAMETRIC_REPRESENTATION_CONTEXT() REPRESENTATION_CONTEXT('2D SPACE',''
  ) );
#2501 = PCURVE('',#2502,#2507);
#2502 = CYLINDRICAL_SURFACE('',#2503,0.625);
#2503 = AXIS2_PLACEMENT_3D('',#2504,#2505,#2506);
#2504 = CARTESIAN_POINT('',(85.95,-77.4,-1.E-02));
#2505 = DIRECTION('',(0.,0.,1.));
#2506 = DIRECTION('',(1.,0.,-0.));
#2507 = DEFINITIONAL_REPRESENTATION('',(#2508),#2512);
#2508 = LINE('',#2509,#2510);
#2509 = CARTESIAN_POINT('',(0.,1.E-02));
#2510 = VECTOR('',#2511,1.);
#2511 = DIRECTION('',(1.,0.));
#2512 = ( GEOMETRIC_REPRESENTATION_CONTEXT(2) 
PARAMETRIC_REPRESENTATION_CONTEXT() REPRESENTATION_CONTEXT('2D SPACE',''
  ) );
#2513 = FACE_BOUND('',#2514,.T.);
#2514 = EDGE_LOOP('',(#2515));
#2515 = ORIENTED_EDGE('',*,*,#2516,.T.);
#2516 = EDGE_CURVE('',#2517,#2517,#2519,.T.);
#2517 = VERTEX_POINT('',#2518);
#2518 = CARTESIAN_POINT('',(69.575,-77.4,0.));
#2519 = SURFACE_CURVE('',#2520,(#2525,#2536),.PCURVE_S1.);
#2520 = CIRCLE('',#2521,0.625);
#2521 = AXIS2_PLACEMENT_3D('',#2522,#2523,#2524);
#2522 = CARTESIAN_POINT('',(68.95,-77.4,0.));
#2523 = DIRECTION('',(0.,0.,1.));
#2524 = DIRECTION('',(1.,0.,-0.));
#2525 = PCURVE('',#144,#2526);
#2526 = DEFINITIONAL_REPRESENTATION('',(#2527),#2535);
#2527 = ( BOUNDED_CURVE() B_SPLINE_CURVE(2,(#2528,#2529,#2530,#2531,
#2532,#2533,#2534),.UNSPECIFIED.,.T.,.F.) B_SPLINE_CURVE_WITH_KNOTS((1,2
    ,2,2,2,1),(-2.094395102393,0.,2.094395102393,4.188790204786,
6.28318530718,8.377580409573),.UNSPECIFIED.) CURVE() 
GEOMETRIC_REPRESENTATION_ITEM() RATIONAL_B_SPLINE_CURVE((1.,0.5,1.,0.5,
1.,0.5,1.)) REPRESENTATION_ITEM('') );
#2528 = CARTESIAN_POINT('',(-0.380198952024,-30.05407086847));
#2529 = CARTESIAN_POINT('',(-0.380198952024,-28.97153911374));
#2530 = CARTESIAN_POINT('',(0.557301047976,-29.51280499111));
#2531 = CARTESIAN_POINT('',(1.494801047976,-30.05407086847));
#2532 = CARTESIAN_POINT('',(0.557301047976,-30.59533674584));
#2533 = CARTESIAN_POINT('',(-0.380198952024,-31.1366026232));
#2534 = CARTESIAN_POINT('',(-0.380198952024,-30.05407086847));
#2535 = ( GEOMETRIC_REPRESENTATION_CONTEXT(2) 
PARAMETRIC_REPRESENTATION_CONTEXT() REPRESENTATION_CONTEXT('2D SPACE',''
  ) );
#2536 = PCURVE('',#2537,#2542);
#2537 = CYLINDRICAL_SURFACE('',#2538,0.625);
#2538 = AXIS2_PLACEMENT_3D('',#2539,#2540,#2541);
#2539 = CARTESIAN_POINT('',(68.95,-77.4,-1.E-02));
#2540 = DIRECTION('',(0.,0.,1.));
#2541 = DIRECTION('',(1.,0.,-0.));
#2542 = DEFINITIONAL_REPRESENTATION('',(#2543),#2547);
#2543 = LINE('',#2544,#2545);
#2544 = CARTESIAN_POINT('',(0.,1.E-02));
#2545 = VECTOR('',#2546,1.);
#2546 = DIRECTION('',(1.,0.));
#2547 = ( GEOMETRIC_REPRESENTATION_CONTEXT(2) 
PARAMETRIC_REPRESENTATION_CONTEXT() REPRESENTATION_CONTEXT('2D SPACE',''
  ) );
#2548 = FACE_BOUND('',#2549,.T.);
#2549 = EDGE_LOOP('',(#2550));
#2550 = ORIENTED_EDGE('',*,*,#2551,.T.);
#2551 = EDGE_CURVE('',#2552,#2552,#2554,.T.);
#2552 = VERTEX_POINT('',#2553);
#2553 = CARTESIAN_POINT('',(129.77,-66.279999,0.));
#2554 = SURFACE_CURVE('',#2555,(#2560,#2571),.PCURVE_S1.);
#2555 = CIRCLE('',#2556,0.5);
#2556 = AXIS2_PLACEMENT_3D('',#2557,#2558,#2559);
#2557 = CARTESIAN_POINT('',(129.27,-66.279999,0.));
#2558 = DIRECTION('',(0.,0.,1.));
#2559 = DIRECTION('',(1.,0.,-0.));
#2560 = PCURVE('',#144,#2561);
#2561 = DEFINITIONAL_REPRESENTATION('',(#2562),#2570);
#2562 = ( BOUNDED_CURVE() B_SPLINE_CURVE(2,(#2563,#2564,#2565,#2566,
#2567,#2568,#2569),.UNSPECIFIED.,.T.,.F.) B_SPLINE_CURVE_WITH_KNOTS((1,2
    ,2,2,2,1),(-2.094395102393,0.,2.094395102393,4.188790204786,
6.28318530718,8.377580409573),.UNSPECIFIED.) CURVE() 
GEOMETRIC_REPRESENTATION_ITEM() RATIONAL_B_SPLINE_CURVE((1.,0.5,1.,0.5,
1.,0.5,1.)) REPRESENTATION_ITEM('') );
#2563 = CARTESIAN_POINT('',(-60.57519895202,-18.93406986847));
#2564 = CARTESIAN_POINT('',(-60.57519895202,-18.06804446469));
#2565 = CARTESIAN_POINT('',(-59.82519895202,-18.50105716658));
#2566 = CARTESIAN_POINT('',(-59.07519895202,-18.93406986847));
#2567 = CARTESIAN_POINT('',(-59.82519895202,-19.36708257037));
#2568 = CARTESIAN_POINT('',(-60.57519895202,-19.80009527226));
#2569 = CARTESIAN_POINT('',(-60.57519895202,-18.93406986847));
#2570 = ( GEOMETRIC_REPRESENTATION_CONTEXT(2) 
PARAMETRIC_REPRESENTATION_CONTEXT() REPRESENTATION_CONTEXT('2D SPACE',''
  ) );
#2571 = PCURVE('',#2572,#2577);
#2572 = CYLINDRICAL_SURFACE('',#2573,0.5);
#2573 = AXIS2_PLACEMENT_3D('',#2574,#2575,#2576);
#2574 = CARTESIAN_POINT('',(129.27,-66.279999,-1.E-02));
#2575 = DIRECTION('',(0.,0.,1.));
#2576 = DIRECTION('',(1.,0.,-0.));
#2577 = DEFINITIONAL_REPRESENTATION('',(#2578),#2582);
#2578 = LINE('',#2579,#2580);
#2579 = CARTESIAN_POINT('',(0.,1.E-02));
#2580 = VECTOR('',#2581,1.);
#2581 = DIRECTION('',(1.,0.));
#2582 = ( GEOMETRIC_REPRESENTATION_CONTEXT(2) 
PARAMETRIC_REPRESENTATION_CONTEXT() REPRESENTATION_CONTEXT('2D SPACE',''
  ) );
#2583 = FACE_BOUND('',#2584,.T.);
#2584 = EDGE_LOOP('',(#2585));
#2585 = ORIENTED_EDGE('',*,*,#2586,.T.);
#2586 = EDGE_CURVE('',#2587,#2587,#2589,.T.);
#2587 = VERTEX_POINT('',#2588);
#2588 = CARTESIAN_POINT('',(129.77,-63.739999,0.));
#2589 = SURFACE_CURVE('',#2590,(#2595,#2606),.PCURVE_S1.);
#2590 = CIRCLE('',#2591,0.5);
#2591 = AXIS2_PLACEMENT_3D('',#2592,#2593,#2594);
#2592 = CARTESIAN_POINT('',(129.27,-63.739999,0.));
#2593 = DIRECTION('',(0.,0.,1.));
#2594 = DIRECTION('',(1.,0.,-0.));
#2595 = PCURVE('',#144,#2596);
#2596 = DEFINITIONAL_REPRESENTATION('',(#2597),#2605);
#2597 = ( BOUNDED_CURVE() B_SPLINE_CURVE(2,(#2598,#2599,#2600,#2601,
#2602,#2603,#2604),.UNSPECIFIED.,.T.,.F.) B_SPLINE_CURVE_WITH_KNOTS((1,2
    ,2,2,2,1),(-2.094395102393,0.,2.094395102393,4.188790204786,
6.28318530718,8.377580409573),.UNSPECIFIED.) CURVE() 
GEOMETRIC_REPRESENTATION_ITEM() RATIONAL_B_SPLINE_CURVE((1.,0.5,1.,0.5,
1.,0.5,1.)) REPRESENTATION_ITEM('') );
#2598 = CARTESIAN_POINT('',(-60.57519895202,-16.39406986847));
#2599 = CARTESIAN_POINT('',(-60.57519895202,-15.52804446469));
#2600 = CARTESIAN_POINT('',(-59.82519895202,-15.96105716658));
#2601 = CARTESIAN_POINT('',(-59.07519895202,-16.39406986847));
#2602 = CARTESIAN_POINT('',(-59.82519895202,-16.82708257037));
#2603 = CARTESIAN_POINT('',(-60.57519895202,-17.26009527226));
#2604 = CARTESIAN_POINT('',(-60.57519895202,-16.39406986847));
#2605 = ( GEOMETRIC_REPRESENTATION_CONTEXT(2) 
PARAMETRIC_REPRESENTATION_CONTEXT() REPRESENTATION_CONTEXT('2D SPACE',''
  ) );
#2606 = PCURVE('',#2607,#2612);
#2607 = CYLINDRICAL_SURFACE('',#2608,0.5);
#2608 = AXIS2_PLACEMENT_3D('',#2609,#2610,#2611);
#2609 = CARTESIAN_POINT('',(129.27,-63.739999,-1.E-02));
#2610 = DIRECTION('',(0.,0.,1.));
#2611 = DIRECTION('',(1.,0.,-0.));
#2612 = DEFINITIONAL_REPRESENTATION('',(#2613),#2617);
#2613 = LINE('',#2614,#2615);
#2614 = CARTESIAN_POINT('',(0.,1.E-02));
#2615 = VECTOR('',#2616,1.);
#2616 = DIRECTION('',(1.,0.));
#2617 = ( GEOMETRIC_REPRESENTATION_CONTEXT(2) 
PARAMETRIC_REPRESENTATION_CONTEXT() REPRESENTATION_CONTEXT('2D SPACE',''
  ) );
#2618 = FACE_BOUND('',#2619,.T.);
#2619 = EDGE_LOOP('',(#2620));
#2620 = ORIENTED_EDGE('',*,*,#2621,.T.);
#2621 = EDGE_CURVE('',#2622,#2622,#2624,.T.);
#2622 = VERTEX_POINT('',#2623);
#2623 = CARTESIAN_POINT('',(129.77,-61.199999,0.));
#2624 = SURFACE_CURVE('',#2625,(#2630,#2641),.PCURVE_S1.);
#2625 = CIRCLE('',#2626,0.5);
#2626 = AXIS2_PLACEMENT_3D('',#2627,#2628,#2629);
#2627 = CARTESIAN_POINT('',(129.27,-61.199999,0.));
#2628 = DIRECTION('',(0.,0.,1.));
#2629 = DIRECTION('',(1.,0.,-0.));
#2630 = PCURVE('',#144,#2631);
#2631 = DEFINITIONAL_REPRESENTATION('',(#2632),#2640);
#2632 = ( BOUNDED_CURVE() B_SPLINE_CURVE(2,(#2633,#2634,#2635,#2636,
#2637,#2638,#2639),.UNSPECIFIED.,.T.,.F.) B_SPLINE_CURVE_WITH_KNOTS((1,2
    ,2,2,2,1),(-2.094395102393,0.,2.094395102393,4.188790204786,
6.28318530718,8.377580409573),.UNSPECIFIED.) CURVE() 
GEOMETRIC_REPRESENTATION_ITEM() RATIONAL_B_SPLINE_CURVE((1.,0.5,1.,0.5,
1.,0.5,1.)) REPRESENTATION_ITEM('') );
#2633 = CARTESIAN_POINT('',(-60.57519895202,-13.85406986847));
#2634 = CARTESIAN_POINT('',(-60.57519895202,-12.98804446469));
#2635 = CARTESIAN_POINT('',(-59.82519895202,-13.42105716658));
#2636 = CARTESIAN_POINT('',(-59.07519895202,-13.85406986847));
#2637 = CARTESIAN_POINT('',(-59.82519895202,-14.28708257037));
#2638 = CARTESIAN_POINT('',(-60.57519895202,-14.72009527226));
#2639 = CARTESIAN_POINT('',(-60.57519895202,-13.85406986847));
#2640 = ( GEOMETRIC_REPRESENTATION_CONTEXT(2) 
PARAMETRIC_REPRESENTATION_CONTEXT() REPRESENTATION_CONTEXT('2D SPACE',''
  ) );
#2641 = PCURVE('',#2642,#2647);
#2642 = CYLINDRICAL_SURFACE('',#2643,0.5);
#2643 = AXIS2_PLACEMENT_3D('',#2644,#2645,#2646);
#2644 = CARTESIAN_POINT('',(129.27,-61.199999,-1.E-02));
#2645 = DIRECTION('',(0.,0.,1.));
#2646 = DIRECTION('',(1.,0.,-0.));
#2647 = DEFINITIONAL_REPRESENTATION('',(#2648),#2652);
#2648 = LINE('',#2649,#2650);
#2649 = CARTESIAN_POINT('',(0.,1.E-02));
#2650 = VECTOR('',#2651,1.);
#2651 = DIRECTION('',(1.,0.));
#2652 = ( GEOMETRIC_REPRESENTATION_CONTEXT(2) 
PARAMETRIC_REPRESENTATION_CONTEXT() REPRESENTATION_CONTEXT('2D SPACE',''
  ) );
#2653 = FACE_BOUND('',#2654,.T.);
#2654 = EDGE_LOOP('',(#2655));
#2655 = ORIENTED_EDGE('',*,*,#2656,.T.);
#2656 = EDGE_CURVE('',#2657,#2657,#2659,.T.);
#2657 = VERTEX_POINT('',#2658);
#2658 = CARTESIAN_POINT('',(114.53,-66.279999,0.));
#2659 = SURFACE_CURVE('',#2660,(#2665,#2676),.PCURVE_S1.);
#2660 = CIRCLE('',#2661,0.5);
#2661 = AXIS2_PLACEMENT_3D('',#2662,#2663,#2664);
#2662 = CARTESIAN_POINT('',(114.03,-66.279999,0.));
#2663 = DIRECTION('',(0.,0.,1.));
#2664 = DIRECTION('',(1.,0.,-0.));
#2665 = PCURVE('',#144,#2666);
#2666 = DEFINITIONAL_REPRESENTATION('',(#2667),#2675);
#2667 = ( BOUNDED_CURVE() B_SPLINE_CURVE(2,(#2668,#2669,#2670,#2671,
#2672,#2673,#2674),.UNSPECIFIED.,.T.,.F.) B_SPLINE_CURVE_WITH_KNOTS((1,2
    ,2,2,2,1),(-2.094395102393,0.,2.094395102393,4.188790204786,
6.28318530718,8.377580409573),.UNSPECIFIED.) CURVE() 
GEOMETRIC_REPRESENTATION_ITEM() RATIONAL_B_SPLINE_CURVE((1.,0.5,1.,0.5,
1.,0.5,1.)) REPRESENTATION_ITEM('') );
#2668 = CARTESIAN_POINT('',(-45.33519895202,-18.93406986847));
#2669 = CARTESIAN_POINT('',(-45.33519895202,-18.06804446469));
#2670 = CARTESIAN_POINT('',(-44.58519895202,-18.50105716658));
#2671 = CARTESIAN_POINT('',(-43.83519895202,-18.93406986847));
#2672 = CARTESIAN_POINT('',(-44.58519895202,-19.36708257037));
#2673 = CARTESIAN_POINT('',(-45.33519895202,-19.80009527226));
#2674 = CARTESIAN_POINT('',(-45.33519895202,-18.93406986847));
#2675 = ( GEOMETRIC_REPRESENTATION_CONTEXT(2) 
PARAMETRIC_REPRESENTATION_CONTEXT() REPRESENTATION_CONTEXT('2D SPACE',''
  ) );
#2676 = PCURVE('',#2677,#2682);
#2677 = CYLINDRICAL_SURFACE('',#2678,0.5);
#2678 = AXIS2_PLACEMENT_3D('',#2679,#2680,#2681);
#2679 = CARTESIAN_POINT('',(114.03,-66.279999,-1.E-02));
#2680 = DIRECTION('',(0.,0.,1.));
#2681 = DIRECTION('',(1.,0.,-0.));
#2682 = DEFINITIONAL_REPRESENTATION('',(#2683),#2687);
#2683 = LINE('',#2684,#2685);
#2684 = CARTESIAN_POINT('',(0.,1.E-02));
#2685 = VECTOR('',#2686,1.);
#2686 = DIRECTION('',(1.,0.));
#2687 = ( GEOMETRIC_REPRESENTATION_CONTEXT(2) 
PARAMETRIC_REPRESENTATION_CONTEXT() REPRESENTATION_CONTEXT('2D SPACE',''
  ) );
#2688 = FACE_BOUND('',#2689,.T.);
#2689 = EDGE_LOOP('',(#2690));
#2690 = ORIENTED_EDGE('',*,*,#2691,.T.);
#2691 = EDGE_CURVE('',#2692,#2692,#2694,.T.);
#2692 = VERTEX_POINT('',#2693);
#2693 = CARTESIAN_POINT('',(114.53,-63.739999,0.));
#2694 = SURFACE_CURVE('',#2695,(#2700,#2711),.PCURVE_S1.);
#2695 = CIRCLE('',#2696,0.5);
#2696 = AXIS2_PLACEMENT_3D('',#2697,#2698,#2699);
#2697 = CARTESIAN_POINT('',(114.03,-63.739999,0.));
#2698 = DIRECTION('',(0.,0.,1.));
#2699 = DIRECTION('',(1.,0.,-0.));
#2700 = PCURVE('',#144,#2701);
#2701 = DEFINITIONAL_REPRESENTATION('',(#2702),#2710);
#2702 = ( BOUNDED_CURVE() B_SPLINE_CURVE(2,(#2703,#2704,#2705,#2706,
#2707,#2708,#2709),.UNSPECIFIED.,.T.,.F.) B_SPLINE_CURVE_WITH_KNOTS((1,2
    ,2,2,2,1),(-2.094395102393,0.,2.094395102393,4.188790204786,
6.28318530718,8.377580409573),.UNSPECIFIED.) CURVE() 
GEOMETRIC_REPRESENTATION_ITEM() RATIONAL_B_SPLINE_CURVE((1.,0.5,1.,0.5,
1.,0.5,1.)) REPRESENTATION_ITEM('') );
#2703 = CARTESIAN_POINT('',(-45.33519895202,-16.39406986847));
#2704 = CARTESIAN_POINT('',(-45.33519895202,-15.52804446469));
#2705 = CARTESIAN_POINT('',(-44.58519895202,-15.96105716658));
#2706 = CARTESIAN_POINT('',(-43.83519895202,-16.39406986847));
#2707 = CARTESIAN_POINT('',(-44.58519895202,-16.82708257037));
#2708 = CARTESIAN_POINT('',(-45.33519895202,-17.26009527226));
#2709 = CARTESIAN_POINT('',(-45.33519895202,-16.39406986847));
#2710 = ( GEOMETRIC_REPRESENTATION_CONTEXT(2) 
PARAMETRIC_REPRESENTATION_CONTEXT() REPRESENTATION_CONTEXT('2D SPACE',''
  ) );
#2711 = PCURVE('',#2712,#2717);
#2712 = CYLINDRICAL_SURFACE('',#2713,0.5);
#2713 = AXIS2_PLACEMENT_3D('',#2714,#2715,#2716);
#2714 = CARTESIAN_POINT('',(114.03,-63.739999,-1.E-02));
#2715 = DIRECTION('',(0.,0.,1.));
#2716 = DIRECTION('',(1.,0.,-0.));
#2717 = DEFINITIONAL_REPRESENTATION('',(#2718),#2722);
#2718 = LINE('',#2719,#2720);
#2719 = CARTESIAN_POINT('',(0.,1.E-02));
#2720 = VECTOR('',#2721,1.);
#2721 = DIRECTION('',(1.,0.));
#2722 = ( GEOMETRIC_REPRESENTATION_CONTEXT(2) 
PARAMETRIC_REPRESENTATION_CONTEXT() REPRESENTATION_CONTEXT('2D SPACE',''
  ) );
#2723 = FACE_BOUND('',#2724,.T.);
#2724 = EDGE_LOOP('',(#2725));
#2725 = ORIENTED_EDGE('',*,*,#2726,.T.);
#2726 = EDGE_CURVE('',#2727,#2727,#2729,.T.);
#2727 = VERTEX_POINT('',#2728);
#2728 = CARTESIAN_POINT('',(114.53,-61.199999,0.));
#2729 = SURFACE_CURVE('',#2730,(#2735,#2746),.PCURVE_S1.);
#2730 = CIRCLE('',#2731,0.5);
#2731 = AXIS2_PLACEMENT_3D('',#2732,#2733,#2734);
#2732 = CARTESIAN_POINT('',(114.03,-61.199999,0.));
#2733 = DIRECTION('',(0.,0.,1.));
#2734 = DIRECTION('',(1.,0.,-0.));
#2735 = PCURVE('',#144,#2736);
#2736 = DEFINITIONAL_REPRESENTATION('',(#2737),#2745);
#2737 = ( BOUNDED_CURVE() B_SPLINE_CURVE(2,(#2738,#2739,#2740,#2741,
#2742,#2743,#2744),.UNSPECIFIED.,.T.,.F.) B_SPLINE_CURVE_WITH_KNOTS((1,2
    ,2,2,2,1),(-2.094395102393,0.,2.094395102393,4.188790204786,
6.28318530718,8.377580409573),.UNSPECIFIED.) CURVE() 
GEOMETRIC_REPRESENTATION_ITEM() RATIONAL_B_SPLINE_CURVE((1.,0.5,1.,0.5,
1.,0.5,1.)) REPRESENTATION_ITEM('') );
#2738 = CARTESIAN_POINT('',(-45.33519895202,-13.85406986847));
#2739 = CARTESIAN_POINT('',(-45.33519895202,-12.98804446469));
#2740 = CARTESIAN_POINT('',(-44.58519895202,-13.42105716658));
#2741 = CARTESIAN_POINT('',(-43.83519895202,-13.85406986847));
#2742 = CARTESIAN_POINT('',(-44.58519895202,-14.28708257037));
#2743 = CARTESIAN_POINT('',(-45.33519895202,-14.72009527226));
#2744 = CARTESIAN_POINT('',(-45.33519895202,-13.85406986847));
#2745 = ( GEOMETRIC_REPRESENTATION_CONTEXT(2) 
PARAMETRIC_REPRESENTATION_CONTEXT() REPRESENTATION_CONTEXT('2D SPACE',''
  ) );
#2746 = PCURVE('',#2747,#2752);
#2747 = CYLINDRICAL_SURFACE('',#2748,0.5);
#2748 = AXIS2_PLACEMENT_3D('',#2749,#2750,#2751);
#2749 = CARTESIAN_POINT('',(114.03,-61.199999,-1.E-02));
#2750 = DIRECTION('',(0.,0.,1.));
#2751 = DIRECTION('',(1.,0.,-0.));
#2752 = DEFINITIONAL_REPRESENTATION('',(#2753),#2757);
#2753 = LINE('',#2754,#2755);
#2754 = CARTESIAN_POINT('',(0.,1.E-02));
#2755 = VECTOR('',#2756,1.);
#2756 = DIRECTION('',(1.,0.));
#2757 = ( GEOMETRIC_REPRESENTATION_CONTEXT(2) 
PARAMETRIC_REPRESENTATION_CONTEXT() REPRESENTATION_CONTEXT('2D SPACE',''
  ) );
#2758 = FACE_BOUND('',#2759,.T.);
#2759 = EDGE_LOOP('',(#2760));
#2760 = ORIENTED_EDGE('',*,*,#2761,.T.);
#2761 = EDGE_CURVE('',#2762,#2762,#2764,.T.);
#2762 = VERTEX_POINT('',#2763);
#2763 = CARTESIAN_POINT('',(103.575,-60.4,0.));
#2764 = SURFACE_CURVE('',#2765,(#2770,#2781),.PCURVE_S1.);
#2765 = CIRCLE('',#2766,0.625);
#2766 = AXIS2_PLACEMENT_3D('',#2767,#2768,#2769);
#2767 = CARTESIAN_POINT('',(102.95,-60.4,0.));
#2768 = DIRECTION('',(0.,0.,1.));
#2769 = DIRECTION('',(1.,0.,-0.));
#2770 = PCURVE('',#144,#2771);
#2771 = DEFINITIONAL_REPRESENTATION('',(#2772),#2780);
#2772 = ( BOUNDED_CURVE() B_SPLINE_CURVE(2,(#2773,#2774,#2775,#2776,
#2777,#2778,#2779),.UNSPECIFIED.,.T.,.F.) B_SPLINE_CURVE_WITH_KNOTS((1,2
    ,2,2,2,1),(-2.094395102393,0.,2.094395102393,4.188790204786,
6.28318530718,8.377580409573),.UNSPECIFIED.) CURVE() 
GEOMETRIC_REPRESENTATION_ITEM() RATIONAL_B_SPLINE_CURVE((1.,0.5,1.,0.5,
1.,0.5,1.)) REPRESENTATION_ITEM('') );
#2773 = CARTESIAN_POINT('',(-34.38019895202,-13.05407086847));
#2774 = CARTESIAN_POINT('',(-34.38019895202,-11.97153911374));
#2775 = CARTESIAN_POINT('',(-33.44269895202,-12.51280499111));
#2776 = CARTESIAN_POINT('',(-32.50519895202,-13.05407086847));
#2777 = CARTESIAN_POINT('',(-33.44269895202,-13.59533674584));
#2778 = CARTESIAN_POINT('',(-34.38019895202,-14.1366026232));
#2779 = CARTESIAN_POINT('',(-34.38019895202,-13.05407086847));
#2780 = ( GEOMETRIC_REPRESENTATION_CONTEXT(2) 
PARAMETRIC_REPRESENTATION_CONTEXT() REPRESENTATION_CONTEXT('2D SPACE',''
  ) );
#2781 = PCURVE('',#2782,#2787);
#2782 = CYLINDRICAL_SURFACE('',#2783,0.625);
#2783 = AXIS2_PLACEMENT_3D('',#2784,#2785,#2786);
#2784 = CARTESIAN_POINT('',(102.95,-60.4,-1.E-02));
#2785 = DIRECTION('',(0.,0.,1.));
#2786 = DIRECTION('',(1.,0.,-0.));
#2787 = DEFINITIONAL_REPRESENTATION('',(#2788),#2792);
#2788 = LINE('',#2789,#2790);
#2789 = CARTESIAN_POINT('',(0.,1.E-02));
#2790 = VECTOR('',#2791,1.);
#2791 = DIRECTION('',(1.,0.));
#2792 = ( GEOMETRIC_REPRESENTATION_CONTEXT(2) 
PARAMETRIC_REPRESENTATION_CONTEXT() REPRESENTATION_CONTEXT('2D SPACE',''
  ) );
#2793 = FACE_BOUND('',#2794,.T.);
#2794 = EDGE_LOOP('',(#2795));
#2795 = ORIENTED_EDGE('',*,*,#2796,.T.);
#2796 = EDGE_CURVE('',#2797,#2797,#2799,.T.);
#2797 = VERTEX_POINT('',#2798);
#2798 = CARTESIAN_POINT('',(133.38,-55.4,0.));
#2799 = SURFACE_CURVE('',#2800,(#2805,#2816),.PCURVE_S1.);
#2800 = CIRCLE('',#2801,0.45);
#2801 = AXIS2_PLACEMENT_3D('',#2802,#2803,#2804);
#2802 = CARTESIAN_POINT('',(132.93,-55.4,0.));
#2803 = DIRECTION('',(0.,0.,1.));
#2804 = DIRECTION('',(1.,0.,-0.));
#2805 = PCURVE('',#144,#2806);
#2806 = DEFINITIONAL_REPRESENTATION('',(#2807),#2815);
#2807 = ( BOUNDED_CURVE() B_SPLINE_CURVE(2,(#2808,#2809,#2810,#2811,
#2812,#2813,#2814),.UNSPECIFIED.,.T.,.F.) B_SPLINE_CURVE_WITH_KNOTS((1,2
    ,2,2,2,1),(-2.094395102393,0.,2.094395102393,4.188790204786,
6.28318530718,8.377580409573),.UNSPECIFIED.) CURVE() 
GEOMETRIC_REPRESENTATION_ITEM() RATIONAL_B_SPLINE_CURVE((1.,0.5,1.,0.5,
1.,0.5,1.)) REPRESENTATION_ITEM('') );
#2808 = CARTESIAN_POINT('',(-64.18519895202,-8.054070868478));
#2809 = CARTESIAN_POINT('',(-64.18519895202,-7.274648005072));
#2810 = CARTESIAN_POINT('',(-63.51019895202,-7.664359436775));
#2811 = CARTESIAN_POINT('',(-62.83519895202,-8.054070868478));
#2812 = CARTESIAN_POINT('',(-63.51019895202,-8.443782300181));
#2813 = CARTESIAN_POINT('',(-64.18519895202,-8.833493731884));
#2814 = CARTESIAN_POINT('',(-64.18519895202,-8.054070868478));
#2815 = ( GEOMETRIC_REPRESENTATION_CONTEXT(2) 
PARAMETRIC_REPRESENTATION_CONTEXT() REPRESENTATION_CONTEXT('2D SPACE',''
  ) );
#2816 = PCURVE('',#2817,#2822);
#2817 = CYLINDRICAL_SURFACE('',#2818,0.45);
#2818 = AXIS2_PLACEMENT_3D('',#2819,#2820,#2821);
#2819 = CARTESIAN_POINT('',(132.93,-55.4,-1.E-02));
#2820 = DIRECTION('',(0.,0.,1.));
#2821 = DIRECTION('',(1.,0.,-0.));
#2822 = DEFINITIONAL_REPRESENTATION('',(#2823),#2827);
#2823 = LINE('',#2824,#2825);
#2824 = CARTESIAN_POINT('',(0.,1.E-02));
#2825 = VECTOR('',#2826,1.);
#2826 = DIRECTION('',(1.,0.));
#2827 = ( GEOMETRIC_REPRESENTATION_CONTEXT(2) 
PARAMETRIC_REPRESENTATION_CONTEXT() REPRESENTATION_CONTEXT('2D SPACE',''
  ) );
#2828 = FACE_BOUND('',#2829,.T.);
#2829 = EDGE_LOOP('',(#2830));
#2830 = ORIENTED_EDGE('',*,*,#2831,.T.);
#2831 = EDGE_CURVE('',#2832,#2832,#2834,.T.);
#2832 = VERTEX_POINT('',#2833);
#2833 = CARTESIAN_POINT('',(133.38,-52.4,0.));
#2834 = SURFACE_CURVE('',#2835,(#2840,#2851),.PCURVE_S1.);
#2835 = CIRCLE('',#2836,0.45);
#2836 = AXIS2_PLACEMENT_3D('',#2837,#2838,#2839);
#2837 = CARTESIAN_POINT('',(132.93,-52.4,0.));
#2838 = DIRECTION('',(0.,0.,1.));
#2839 = DIRECTION('',(1.,0.,-0.));
#2840 = PCURVE('',#144,#2841);
#2841 = DEFINITIONAL_REPRESENTATION('',(#2842),#2850);
#2842 = ( BOUNDED_CURVE() B_SPLINE_CURVE(2,(#2843,#2844,#2845,#2846,
#2847,#2848,#2849),.UNSPECIFIED.,.T.,.F.) B_SPLINE_CURVE_WITH_KNOTS((1,2
    ,2,2,2,1),(-2.094395102393,0.,2.094395102393,4.188790204786,
6.28318530718,8.377580409573),.UNSPECIFIED.) CURVE() 
GEOMETRIC_REPRESENTATION_ITEM() RATIONAL_B_SPLINE_CURVE((1.,0.5,1.,0.5,
1.,0.5,1.)) REPRESENTATION_ITEM('') );
#2843 = CARTESIAN_POINT('',(-64.18519895202,-5.054070868478));
#2844 = CARTESIAN_POINT('',(-64.18519895202,-4.274648005072));
#2845 = CARTESIAN_POINT('',(-63.51019895202,-4.664359436775));
#2846 = CARTESIAN_POINT('',(-62.83519895202,-5.054070868478));
#2847 = CARTESIAN_POINT('',(-63.51019895202,-5.443782300181));
#2848 = CARTESIAN_POINT('',(-64.18519895202,-5.833493731884));
#2849 = CARTESIAN_POINT('',(-64.18519895202,-5.054070868478));
#2850 = ( GEOMETRIC_REPRESENTATION_CONTEXT(2) 
PARAMETRIC_REPRESENTATION_CONTEXT() REPRESENTATION_CONTEXT('2D SPACE',''
  ) );
#2851 = PCURVE('',#2852,#2857);
#2852 = CYLINDRICAL_SURFACE('',#2853,0.45);
#2853 = AXIS2_PLACEMENT_3D('',#2854,#2855,#2856);
#2854 = CARTESIAN_POINT('',(132.93,-52.4,-1.E-02));
#2855 = DIRECTION('',(0.,0.,1.));
#2856 = DIRECTION('',(1.,0.,-0.));
#2857 = DEFINITIONAL_REPRESENTATION('',(#2858),#2862);
#2858 = LINE('',#2859,#2860);
#2859 = CARTESIAN_POINT('',(0.,1.E-02));
#2860 = VECTOR('',#2861,1.);
#2861 = DIRECTION('',(1.,0.));
#2862 = ( GEOMETRIC_REPRESENTATION_CONTEXT(2) 
PARAMETRIC_REPRESENTATION_CONTEXT() REPRESENTATION_CONTEXT('2D SPACE',''
  ) );
#2863 = FACE_BOUND('',#2864,.T.);
#2864 = EDGE_LOOP('',(#2865));
#2865 = ORIENTED_EDGE('',*,*,#2866,.T.);
#2866 = EDGE_CURVE('',#2867,#2867,#2869,.T.);
#2867 = VERTEX_POINT('',#2868);
#2868 = CARTESIAN_POINT('',(91.875,-65.9,0.));
#2869 = SURFACE_CURVE('',#2870,(#2875,#2886),.PCURVE_S1.);
#2870 = CIRCLE('',#2871,0.525);
#2871 = AXIS2_PLACEMENT_3D('',#2872,#2873,#2874);
#2872 = CARTESIAN_POINT('',(91.35,-65.9,0.));
#2873 = DIRECTION('',(0.,0.,1.));
#2874 = DIRECTION('',(1.,0.,-0.));
#2875 = PCURVE('',#144,#2876);
#2876 = DEFINITIONAL_REPRESENTATION('',(#2877),#2885);
#2877 = ( BOUNDED_CURVE() B_SPLINE_CURVE(2,(#2878,#2879,#2880,#2881,
#2882,#2883,#2884),.UNSPECIFIED.,.T.,.F.) B_SPLINE_CURVE_WITH_KNOTS((1,2
    ,2,2,2,1),(-2.094395102393,0.,2.094395102393,4.188790204786,
6.28318530718,8.377580409573),.UNSPECIFIED.) CURVE() 
GEOMETRIC_REPRESENTATION_ITEM() RATIONAL_B_SPLINE_CURVE((1.,0.5,1.,0.5,
1.,0.5,1.)) REPRESENTATION_ITEM('') );
#2878 = CARTESIAN_POINT('',(-22.68019895202,-18.55407086847));
#2879 = CARTESIAN_POINT('',(-22.68019895202,-17.6447441945));
#2880 = CARTESIAN_POINT('',(-21.89269895202,-18.09940753149));
#2881 = CARTESIAN_POINT('',(-21.10519895202,-18.55407086847));
#2882 = CARTESIAN_POINT('',(-21.89269895202,-19.00873420546));
#2883 = CARTESIAN_POINT('',(-22.68019895202,-19.46339754245));
#2884 = CARTESIAN_POINT('',(-22.68019895202,-18.55407086847));
#2885 = ( GEOMETRIC_REPRESENTATION_CONTEXT(2) 
PARAMETRIC_REPRESENTATION_CONTEXT() REPRESENTATION_CONTEXT('2D SPACE',''
  ) );
#2886 = PCURVE('',#2887,#2892);
#2887 = CYLINDRICAL_SURFACE('',#2888,0.525);
#2888 = AXIS2_PLACEMENT_3D('',#2889,#2890,#2891);
#2889 = CARTESIAN_POINT('',(91.35,-65.9,-1.E-02));
#2890 = DIRECTION('',(0.,0.,1.));
#2891 = DIRECTION('',(1.,0.,-0.));
#2892 = DEFINITIONAL_REPRESENTATION('',(#2893),#2897);
#2893 = LINE('',#2894,#2895);
#2894 = CARTESIAN_POINT('',(0.,1.E-02));
#2895 = VECTOR('',#2896,1.);
#2896 = DIRECTION('',(1.,0.));
#2897 = ( GEOMETRIC_REPRESENTATION_CONTEXT(2) 
PARAMETRIC_REPRESENTATION_CONTEXT() REPRESENTATION_CONTEXT('2D SPACE',''
  ) );
#2898 = FACE_BOUND('',#2899,.T.);
#2899 = EDGE_LOOP('',(#2900));
#2900 = ORIENTED_EDGE('',*,*,#2901,.T.);
#2901 = EDGE_CURVE('',#2902,#2902,#2904,.T.);
#2902 = VERTEX_POINT('',#2903);
#2903 = CARTESIAN_POINT('',(86.575,-60.4,0.));
#2904 = SURFACE_CURVE('',#2905,(#2910,#2921),.PCURVE_S1.);
#2905 = CIRCLE('',#2906,0.625);
#2906 = AXIS2_PLACEMENT_3D('',#2907,#2908,#2909);
#2907 = CARTESIAN_POINT('',(85.95,-60.4,0.));
#2908 = DIRECTION('',(0.,0.,1.));
#2909 = DIRECTION('',(1.,0.,-0.));
#2910 = PCURVE('',#144,#2911);
#2911 = DEFINITIONAL_REPRESENTATION('',(#2912),#2920);
#2912 = ( BOUNDED_CURVE() B_SPLINE_CURVE(2,(#2913,#2914,#2915,#2916,
#2917,#2918,#2919),.UNSPECIFIED.,.T.,.F.) B_SPLINE_CURVE_WITH_KNOTS((1,2
    ,2,2,2,1),(-2.094395102393,0.,2.094395102393,4.188790204786,
6.28318530718,8.377580409573),.UNSPECIFIED.) CURVE() 
GEOMETRIC_REPRESENTATION_ITEM() RATIONAL_B_SPLINE_CURVE((1.,0.5,1.,0.5,
1.,0.5,1.)) REPRESENTATION_ITEM('') );
#2913 = CARTESIAN_POINT('',(-17.38019895202,-13.05407086847));
#2914 = CARTESIAN_POINT('',(-17.38019895202,-11.97153911374));
#2915 = CARTESIAN_POINT('',(-16.44269895202,-12.51280499111));
#2916 = CARTESIAN_POINT('',(-15.50519895202,-13.05407086847));
#2917 = CARTESIAN_POINT('',(-16.44269895202,-13.59533674584));
#2918 = CARTESIAN_POINT('',(-17.38019895202,-14.1366026232));
#2919 = CARTESIAN_POINT('',(-17.38019895202,-13.05407086847));
#2920 = ( GEOMETRIC_REPRESENTATION_CONTEXT(2) 
PARAMETRIC_REPRESENTATION_CONTEXT() REPRESENTATION_CONTEXT('2D SPACE',''
  ) );
#2921 = PCURVE('',#2922,#2927);
#2922 = CYLINDRICAL_SURFACE('',#2923,0.625);
#2923 = AXIS2_PLACEMENT_3D('',#2924,#2925,#2926);
#2924 = CARTESIAN_POINT('',(85.95,-60.4,-1.E-02));
#2925 = DIRECTION('',(0.,0.,1.));
#2926 = DIRECTION('',(1.,0.,-0.));
#2927 = DEFINITIONAL_REPRESENTATION('',(#2928),#2932);
#2928 = LINE('',#2929,#2930);
#2929 = CARTESIAN_POINT('',(0.,1.E-02));
#2930 = VECTOR('',#2931,1.);
#2931 = DIRECTION('',(1.,0.));
#2932 = ( GEOMETRIC_REPRESENTATION_CONTEXT(2) 
PARAMETRIC_REPRESENTATION_CONTEXT() REPRESENTATION_CONTEXT('2D SPACE',''
  ) );
#2933 = FACE_BOUND('',#2934,.T.);
#2934 = EDGE_LOOP('',(#2935));
#2935 = ORIENTED_EDGE('',*,*,#2936,.T.);
#2936 = EDGE_CURVE('',#2937,#2937,#2939,.T.);
#2937 = VERTEX_POINT('',#2938);
#2938 = CARTESIAN_POINT('',(74.875,-65.9,0.));
#2939 = SURFACE_CURVE('',#2940,(#2945,#2956),.PCURVE_S1.);
#2940 = CIRCLE('',#2941,0.525);
#2941 = AXIS2_PLACEMENT_3D('',#2942,#2943,#2944);
#2942 = CARTESIAN_POINT('',(74.35,-65.9,0.));
#2943 = DIRECTION('',(0.,0.,1.));
#2944 = DIRECTION('',(1.,0.,-0.));
#2945 = PCURVE('',#144,#2946);
#2946 = DEFINITIONAL_REPRESENTATION('',(#2947),#2955);
#2947 = ( BOUNDED_CURVE() B_SPLINE_CURVE(2,(#2948,#2949,#2950,#2951,
#2952,#2953,#2954),.UNSPECIFIED.,.T.,.F.) B_SPLINE_CURVE_WITH_KNOTS((1,2
    ,2,2,2,1),(-2.094395102393,0.,2.094395102393,4.188790204786,
6.28318530718,8.377580409573),.UNSPECIFIED.) CURVE() 
GEOMETRIC_REPRESENTATION_ITEM() RATIONAL_B_SPLINE_CURVE((1.,0.5,1.,0.5,
1.,0.5,1.)) REPRESENTATION_ITEM('') );
#2948 = CARTESIAN_POINT('',(-5.680198952024,-18.55407086847));
#2949 = CARTESIAN_POINT('',(-5.680198952024,-17.6447441945));
#2950 = CARTESIAN_POINT('',(-4.892698952024,-18.09940753149));
#2951 = CARTESIAN_POINT('',(-4.105198952024,-18.55407086847));
#2952 = CARTESIAN_POINT('',(-4.892698952024,-19.00873420546));
#2953 = CARTESIAN_POINT('',(-5.680198952024,-19.46339754245));
#2954 = CARTESIAN_POINT('',(-5.680198952024,-18.55407086847));
#2955 = ( GEOMETRIC_REPRESENTATION_CONTEXT(2) 
PARAMETRIC_REPRESENTATION_CONTEXT() REPRESENTATION_CONTEXT('2D SPACE',''
  ) );
#2956 = PCURVE('',#2957,#2962);
#2957 = CYLINDRICAL_SURFACE('',#2958,0.525);
#2958 = AXIS2_PLACEMENT_3D('',#2959,#2960,#2961);
#2959 = CARTESIAN_POINT('',(74.35,-65.9,-1.E-02));
#2960 = DIRECTION('',(0.,0.,1.));
#2961 = DIRECTION('',(1.,0.,-0.));
#2962 = DEFINITIONAL_REPRESENTATION('',(#2963),#2967);
#2963 = LINE('',#2964,#2965);
#2964 = CARTESIAN_POINT('',(0.,1.E-02));
#2965 = VECTOR('',#2966,1.);
#2966 = DIRECTION('',(1.,0.));
#2967 = ( GEOMETRIC_REPRESENTATION_CONTEXT(2) 
PARAMETRIC_REPRESENTATION_CONTEXT() REPRESENTATION_CONTEXT('2D SPACE',''
  ) );
#2968 = FACE_BOUND('',#2969,.T.);
#2969 = EDGE_LOOP('',(#2970));
#2970 = ORIENTED_EDGE('',*,*,#2971,.T.);
#2971 = EDGE_CURVE('',#2972,#2972,#2974,.T.);
#2972 = VERTEX_POINT('',#2973);
#2973 = CARTESIAN_POINT('',(69.575,-60.4,0.));
#2974 = SURFACE_CURVE('',#2975,(#2980,#2991),.PCURVE_S1.);
#2975 = CIRCLE('',#2976,0.625);
#2976 = AXIS2_PLACEMENT_3D('',#2977,#2978,#2979);
#2977 = CARTESIAN_POINT('',(68.95,-60.4,0.));
#2978 = DIRECTION('',(0.,0.,1.));
#2979 = DIRECTION('',(1.,0.,-0.));
#2980 = PCURVE('',#144,#2981);
#2981 = DEFINITIONAL_REPRESENTATION('',(#2982),#2990);
#2982 = ( BOUNDED_CURVE() B_SPLINE_CURVE(2,(#2983,#2984,#2985,#2986,
#2987,#2988,#2989),.UNSPECIFIED.,.T.,.F.) B_SPLINE_CURVE_WITH_KNOTS((1,2
    ,2,2,2,1),(-2.094395102393,0.,2.094395102393,4.188790204786,
6.28318530718,8.377580409573),.UNSPECIFIED.) CURVE() 
GEOMETRIC_REPRESENTATION_ITEM() RATIONAL_B_SPLINE_CURVE((1.,0.5,1.,0.5,
1.,0.5,1.)) REPRESENTATION_ITEM('') );
#2983 = CARTESIAN_POINT('',(-0.380198952024,-13.05407086847));
#2984 = CARTESIAN_POINT('',(-0.380198952024,-11.97153911374));
#2985 = CARTESIAN_POINT('',(0.557301047976,-12.51280499111));
#2986 = CARTESIAN_POINT('',(1.494801047976,-13.05407086847));
#2987 = CARTESIAN_POINT('',(0.557301047976,-13.59533674584));
#2988 = CARTESIAN_POINT('',(-0.380198952024,-14.1366026232));
#2989 = CARTESIAN_POINT('',(-0.380198952024,-13.05407086847));
#2990 = ( GEOMETRIC_REPRESENTATION_CONTEXT(2) 
PARAMETRIC_REPRESENTATION_CONTEXT() REPRESENTATION_CONTEXT('2D SPACE',''
  ) );
#2991 = PCURVE('',#2992,#2997);
#2992 = CYLINDRICAL_SURFACE('',#2993,0.625);
#2993 = AXIS2_PLACEMENT_3D('',#2994,#2995,#2996);
#2994 = CARTESIAN_POINT('',(68.95,-60.4,-1.E-02));
#2995 = DIRECTION('',(0.,0.,1.));
#2996 = DIRECTION('',(1.,0.,-0.));
#2997 = DEFINITIONAL_REPRESENTATION('',(#2998),#3002);
#2998 = LINE('',#2999,#3000);
#2999 = CARTESIAN_POINT('',(0.,1.E-02));
#3000 = VECTOR('',#3001,1.);
#3001 = DIRECTION('',(1.,0.));
#3002 = ( GEOMETRIC_REPRESENTATION_CONTEXT(2) 
PARAMETRIC_REPRESENTATION_CONTEXT() REPRESENTATION_CONTEXT('2D SPACE',''
  ) );
#3003 = FACE_BOUND('',#3004,.T.);
#3004 = EDGE_LOOP('',(#3005));
#3005 = ORIENTED_EDGE('',*,*,#3006,.T.);
#3006 = EDGE_CURVE('',#3007,#3007,#3009,.T.);
#3007 = VERTEX_POINT('',#3008);
#3008 = CARTESIAN_POINT('',(91.875,-48.9,0.));
#3009 = SURFACE_CURVE('',#3010,(#3015,#3026),.PCURVE_S1.);
#3010 = CIRCLE('',#3011,0.525);
#3011 = AXIS2_PLACEMENT_3D('',#3012,#3013,#3014);
#3012 = CARTESIAN_POINT('',(91.35,-48.9,0.));
#3013 = DIRECTION('',(0.,0.,1.));
#3014 = DIRECTION('',(1.,0.,-0.));
#3015 = PCURVE('',#144,#3016);
#3016 = DEFINITIONAL_REPRESENTATION('',(#3017),#3025);
#3017 = ( BOUNDED_CURVE() B_SPLINE_CURVE(2,(#3018,#3019,#3020,#3021,
#3022,#3023,#3024),.UNSPECIFIED.,.T.,.F.) B_SPLINE_CURVE_WITH_KNOTS((1,2
    ,2,2,2,1),(-2.094395102393,0.,2.094395102393,4.188790204786,
6.28318530718,8.377580409573),.UNSPECIFIED.) CURVE() 
GEOMETRIC_REPRESENTATION_ITEM() RATIONAL_B_SPLINE_CURVE((1.,0.5,1.,0.5,
1.,0.5,1.)) REPRESENTATION_ITEM('') );
#3018 = CARTESIAN_POINT('',(-22.68019895202,-1.554070868478));
#3019 = CARTESIAN_POINT('',(-22.68019895202,-0.644744194504));
#3020 = CARTESIAN_POINT('',(-21.89269895202,-1.099407531491));
#3021 = CARTESIAN_POINT('',(-21.10519895202,-1.554070868478));
#3022 = CARTESIAN_POINT('',(-21.89269895202,-2.008734205464));
#3023 = CARTESIAN_POINT('',(-22.68019895202,-2.463397542451));
#3024 = CARTESIAN_POINT('',(-22.68019895202,-1.554070868478));
#3025 = ( GEOMETRIC_REPRESENTATION_CONTEXT(2) 
PARAMETRIC_REPRESENTATION_CONTEXT() REPRESENTATION_CONTEXT('2D SPACE',''
  ) );
#3026 = PCURVE('',#3027,#3032);
#3027 = CYLINDRICAL_SURFACE('',#3028,0.525);
#3028 = AXIS2_PLACEMENT_3D('',#3029,#3030,#3031);
#3029 = CARTESIAN_POINT('',(91.35,-48.9,-1.E-02));
#3030 = DIRECTION('',(0.,0.,1.));
#3031 = DIRECTION('',(1.,0.,-0.));
#3032 = DEFINITIONAL_REPRESENTATION('',(#3033),#3037);
#3033 = LINE('',#3034,#3035);
#3034 = CARTESIAN_POINT('',(0.,1.E-02));
#3035 = VECTOR('',#3036,1.);
#3036 = DIRECTION('',(1.,0.));
#3037 = ( GEOMETRIC_REPRESENTATION_CONTEXT(2) 
PARAMETRIC_REPRESENTATION_CONTEXT() REPRESENTATION_CONTEXT('2D SPACE',''
  ) );
#3038 = FACE_BOUND('',#3039,.T.);
#3039 = EDGE_LOOP('',(#3040));
#3040 = ORIENTED_EDGE('',*,*,#3041,.T.);
#3041 = EDGE_CURVE('',#3042,#3042,#3044,.T.);
#3042 = VERTEX_POINT('',#3043);
#3043 = CARTESIAN_POINT('',(74.875,-48.9,0.));
#3044 = SURFACE_CURVE('',#3045,(#3050,#3061),.PCURVE_S1.);
#3045 = CIRCLE('',#3046,0.525);
#3046 = AXIS2_PLACEMENT_3D('',#3047,#3048,#3049);
#3047 = CARTESIAN_POINT('',(74.35,-48.9,0.));
#3048 = DIRECTION('',(0.,0.,1.));
#3049 = DIRECTION('',(1.,0.,-0.));
#3050 = PCURVE('',#144,#3051);
#3051 = DEFINITIONAL_REPRESENTATION('',(#3052),#3060);
#3052 = ( BOUNDED_CURVE() B_SPLINE_CURVE(2,(#3053,#3054,#3055,#3056,
#3057,#3058,#3059),.UNSPECIFIED.,.T.,.F.) B_SPLINE_CURVE_WITH_KNOTS((1,2
    ,2,2,2,1),(-2.094395102393,0.,2.094395102393,4.188790204786,
6.28318530718,8.377580409573),.UNSPECIFIED.) CURVE() 
GEOMETRIC_REPRESENTATION_ITEM() RATIONAL_B_SPLINE_CURVE((1.,0.5,1.,0.5,
1.,0.5,1.)) REPRESENTATION_ITEM('') );
#3053 = CARTESIAN_POINT('',(-5.680198952024,-1.554070868478));
#3054 = CARTESIAN_POINT('',(-5.680198952024,-0.644744194504));
#3055 = CARTESIAN_POINT('',(-4.892698952024,-1.099407531491));
#3056 = CARTESIAN_POINT('',(-4.105198952024,-1.554070868478));
#3057 = CARTESIAN_POINT('',(-4.892698952024,-2.008734205464));
#3058 = CARTESIAN_POINT('',(-5.680198952024,-2.463397542451));
#3059 = CARTESIAN_POINT('',(-5.680198952024,-1.554070868478));
#3060 = ( GEOMETRIC_REPRESENTATION_CONTEXT(2) 
PARAMETRIC_REPRESENTATION_CONTEXT() REPRESENTATION_CONTEXT('2D SPACE',''
  ) );
#3061 = PCURVE('',#3062,#3067);
#3062 = CYLINDRICAL_SURFACE('',#3063,0.525);
#3063 = AXIS2_PLACEMENT_3D('',#3064,#3065,#3066);
#3064 = CARTESIAN_POINT('',(74.35,-48.9,-1.E-02));
#3065 = DIRECTION('',(0.,0.,1.));
#3066 = DIRECTION('',(1.,0.,-0.));
#3067 = DEFINITIONAL_REPRESENTATION('',(#3068),#3072);
#3068 = LINE('',#3069,#3070);
#3069 = CARTESIAN_POINT('',(0.,1.E-02));
#3070 = VECTOR('',#3071,1.);
#3071 = DIRECTION('',(1.,0.));
#3072 = ( GEOMETRIC_REPRESENTATION_CONTEXT(2) 
PARAMETRIC_REPRESENTATION_CONTEXT() REPRESENTATION_CONTEXT('2D SPACE',''
  ) );
#3073 = FACE_BOUND('',#3074,.T.);
#3074 = EDGE_LOOP('',(#3075));
#3075 = ORIENTED_EDGE('',*,*,#3076,.T.);
#3076 = EDGE_CURVE('',#3077,#3077,#3079,.T.);
#3077 = VERTEX_POINT('',#3078);
#3078 = CARTESIAN_POINT('',(57.875,-82.9,0.));
#3079 = SURFACE_CURVE('',#3080,(#3085,#3096),.PCURVE_S1.);
#3080 = CIRCLE('',#3081,0.525);
#3081 = AXIS2_PLACEMENT_3D('',#3082,#3083,#3084);
#3082 = CARTESIAN_POINT('',(57.35,-82.9,0.));
#3083 = DIRECTION('',(0.,0.,1.));
#3084 = DIRECTION('',(1.,0.,-0.));
#3085 = PCURVE('',#144,#3086);
#3086 = DEFINITIONAL_REPRESENTATION('',(#3087),#3095);
#3087 = ( BOUNDED_CURVE() B_SPLINE_CURVE(2,(#3088,#3089,#3090,#3091,
#3092,#3093,#3094),.UNSPECIFIED.,.T.,.F.) B_SPLINE_CURVE_WITH_KNOTS((1,2
    ,2,2,2,1),(-2.094395102393,0.,2.094395102393,4.188790204786,
6.28318530718,8.377580409573),.UNSPECIFIED.) CURVE() 
GEOMETRIC_REPRESENTATION_ITEM() RATIONAL_B_SPLINE_CURVE((1.,0.5,1.,0.5,
1.,0.5,1.)) REPRESENTATION_ITEM('') );
#3088 = CARTESIAN_POINT('',(11.319801047976,-35.55407086847));
#3089 = CARTESIAN_POINT('',(11.319801047976,-34.6447441945));
#3090 = CARTESIAN_POINT('',(12.107301047976,-35.09940753149));
#3091 = CARTESIAN_POINT('',(12.894801047976,-35.55407086847));
#3092 = CARTESIAN_POINT('',(12.107301047976,-36.00873420546));
#3093 = CARTESIAN_POINT('',(11.319801047976,-36.46339754245));
#3094 = CARTESIAN_POINT('',(11.319801047976,-35.55407086847));
#3095 = ( GEOMETRIC_REPRESENTATION_CONTEXT(2) 
PARAMETRIC_REPRESENTATION_CONTEXT() REPRESENTATION_CONTEXT('2D SPACE',''
  ) );
#3096 = PCURVE('',#3097,#3102);
#3097 = CYLINDRICAL_SURFACE('',#3098,0.525);
#3098 = AXIS2_PLACEMENT_3D('',#3099,#3100,#3101);
#3099 = CARTESIAN_POINT('',(57.35,-82.9,-1.E-02));
#3100 = DIRECTION('',(0.,0.,1.));
#3101 = DIRECTION('',(1.,0.,-0.));
#3102 = DEFINITIONAL_REPRESENTATION('',(#3103),#3107);
#3103 = LINE('',#3104,#3105);
#3104 = CARTESIAN_POINT('',(0.,1.E-02));
#3105 = VECTOR('',#3106,1.);
#3106 = DIRECTION('',(1.,0.));
#3107 = ( GEOMETRIC_REPRESENTATION_CONTEXT(2) 
PARAMETRIC_REPRESENTATION_CONTEXT() REPRESENTATION_CONTEXT('2D SPACE',''
  ) );
#3108 = FACE_BOUND('',#3109,.T.);
#3109 = EDGE_LOOP('',(#3110));
#3110 = ORIENTED_EDGE('',*,*,#3111,.T.);
#3111 = EDGE_CURVE('',#3112,#3112,#3114,.T.);
#3112 = VERTEX_POINT('',#3113);
#3113 = CARTESIAN_POINT('',(40.875,-82.9,0.));
#3114 = SURFACE_CURVE('',#3115,(#3120,#3131),.PCURVE_S1.);
#3115 = CIRCLE('',#3116,0.525);
#3116 = AXIS2_PLACEMENT_3D('',#3117,#3118,#3119);
#3117 = CARTESIAN_POINT('',(40.35,-82.9,0.));
#3118 = DIRECTION('',(0.,0.,1.));
#3119 = DIRECTION('',(1.,0.,-0.));
#3120 = PCURVE('',#144,#3121);
#3121 = DEFINITIONAL_REPRESENTATION('',(#3122),#3130);
#3122 = ( BOUNDED_CURVE() B_SPLINE_CURVE(2,(#3123,#3124,#3125,#3126,
#3127,#3128,#3129),.UNSPECIFIED.,.T.,.F.) B_SPLINE_CURVE_WITH_KNOTS((1,2
    ,2,2,2,1),(-2.094395102393,0.,2.094395102393,4.188790204786,
6.28318530718,8.377580409573),.UNSPECIFIED.) CURVE() 
GEOMETRIC_REPRESENTATION_ITEM() RATIONAL_B_SPLINE_CURVE((1.,0.5,1.,0.5,
1.,0.5,1.)) REPRESENTATION_ITEM('') );
#3123 = CARTESIAN_POINT('',(28.319801047976,-35.55407086847));
#3124 = CARTESIAN_POINT('',(28.319801047976,-34.6447441945));
#3125 = CARTESIAN_POINT('',(29.107301047976,-35.09940753149));
#3126 = CARTESIAN_POINT('',(29.894801047976,-35.55407086847));
#3127 = CARTESIAN_POINT('',(29.107301047976,-36.00873420546));
#3128 = CARTESIAN_POINT('',(28.319801047976,-36.46339754245));
#3129 = CARTESIAN_POINT('',(28.319801047976,-35.55407086847));
#3130 = ( GEOMETRIC_REPRESENTATION_CONTEXT(2) 
PARAMETRIC_REPRESENTATION_CONTEXT() REPRESENTATION_CONTEXT('2D SPACE',''
  ) );
#3131 = PCURVE('',#3132,#3137);
#3132 = CYLINDRICAL_SURFACE('',#3133,0.525);
#3133 = AXIS2_PLACEMENT_3D('',#3134,#3135,#3136);
#3134 = CARTESIAN_POINT('',(40.35,-82.9,-1.E-02));
#3135 = DIRECTION('',(0.,0.,1.));
#3136 = DIRECTION('',(1.,0.,-0.));
#3137 = DEFINITIONAL_REPRESENTATION('',(#3138),#3142);
#3138 = LINE('',#3139,#3140);
#3139 = CARTESIAN_POINT('',(0.,1.E-02));
#3140 = VECTOR('',#3141,1.);
#3141 = DIRECTION('',(1.,0.));
#3142 = ( GEOMETRIC_REPRESENTATION_CONTEXT(2) 
PARAMETRIC_REPRESENTATION_CONTEXT() REPRESENTATION_CONTEXT('2D SPACE',''
  ) );
#3143 = FACE_BOUND('',#3144,.T.);
#3144 = EDGE_LOOP('',(#3145));
#3145 = ORIENTED_EDGE('',*,*,#3146,.T.);
#3146 = EDGE_CURVE('',#3147,#3147,#3149,.T.);
#3147 = VERTEX_POINT('',#3148);
#3148 = CARTESIAN_POINT('',(52.575,-77.4,0.));
#3149 = SURFACE_CURVE('',#3150,(#3155,#3166),.PCURVE_S1.);
#3150 = CIRCLE('',#3151,0.625);
#3151 = AXIS2_PLACEMENT_3D('',#3152,#3153,#3154);
#3152 = CARTESIAN_POINT('',(51.95,-77.4,0.));
#3153 = DIRECTION('',(0.,0.,1.));
#3154 = DIRECTION('',(1.,0.,-0.));
#3155 = PCURVE('',#144,#3156);
#3156 = DEFINITIONAL_REPRESENTATION('',(#3157),#3165);
#3157 = ( BOUNDED_CURVE() B_SPLINE_CURVE(2,(#3158,#3159,#3160,#3161,
#3162,#3163,#3164),.UNSPECIFIED.,.T.,.F.) B_SPLINE_CURVE_WITH_KNOTS((1,2
    ,2,2,2,1),(-2.094395102393,0.,2.094395102393,4.188790204786,
6.28318530718,8.377580409573),.UNSPECIFIED.) CURVE() 
GEOMETRIC_REPRESENTATION_ITEM() RATIONAL_B_SPLINE_CURVE((1.,0.5,1.,0.5,
1.,0.5,1.)) REPRESENTATION_ITEM('') );
#3158 = CARTESIAN_POINT('',(16.619801047976,-30.05407086847));
#3159 = CARTESIAN_POINT('',(16.619801047976,-28.97153911374));
#3160 = CARTESIAN_POINT('',(17.557301047976,-29.51280499111));
#3161 = CARTESIAN_POINT('',(18.494801047976,-30.05407086847));
#3162 = CARTESIAN_POINT('',(17.557301047976,-30.59533674584));
#3163 = CARTESIAN_POINT('',(16.619801047976,-31.1366026232));
#3164 = CARTESIAN_POINT('',(16.619801047976,-30.05407086847));
#3165 = ( GEOMETRIC_REPRESENTATION_CONTEXT(2) 
PARAMETRIC_REPRESENTATION_CONTEXT() REPRESENTATION_CONTEXT('2D SPACE',''
  ) );
#3166 = PCURVE('',#3167,#3172);
#3167 = CYLINDRICAL_SURFACE('',#3168,0.625);
#3168 = AXIS2_PLACEMENT_3D('',#3169,#3170,#3171);
#3169 = CARTESIAN_POINT('',(51.95,-77.4,-1.E-02));
#3170 = DIRECTION('',(0.,0.,1.));
#3171 = DIRECTION('',(1.,0.,-0.));
#3172 = DEFINITIONAL_REPRESENTATION('',(#3173),#3177);
#3173 = LINE('',#3174,#3175);
#3174 = CARTESIAN_POINT('',(0.,1.E-02));
#3175 = VECTOR('',#3176,1.);
#3176 = DIRECTION('',(1.,0.));
#3177 = ( GEOMETRIC_REPRESENTATION_CONTEXT(2) 
PARAMETRIC_REPRESENTATION_CONTEXT() REPRESENTATION_CONTEXT('2D SPACE',''
  ) );
#3178 = FACE_BOUND('',#3179,.T.);
#3179 = EDGE_LOOP('',(#3180));
#3180 = ORIENTED_EDGE('',*,*,#3181,.T.);
#3181 = EDGE_CURVE('',#3182,#3182,#3184,.T.);
#3182 = VERTEX_POINT('',#3183);
#3183 = CARTESIAN_POINT('',(35.575,-77.4,0.));
#3184 = SURFACE_CURVE('',#3185,(#3190,#3201),.PCURVE_S1.);
#3185 = CIRCLE('',#3186,0.625);
#3186 = AXIS2_PLACEMENT_3D('',#3187,#3188,#3189);
#3187 = CARTESIAN_POINT('',(34.95,-77.4,0.));
#3188 = DIRECTION('',(0.,0.,1.));
#3189 = DIRECTION('',(1.,0.,-0.));
#3190 = PCURVE('',#144,#3191);
#3191 = DEFINITIONAL_REPRESENTATION('',(#3192),#3200);
#3192 = ( BOUNDED_CURVE() B_SPLINE_CURVE(2,(#3193,#3194,#3195,#3196,
#3197,#3198,#3199),.UNSPECIFIED.,.T.,.F.) B_SPLINE_CURVE_WITH_KNOTS((1,2
    ,2,2,2,1),(-2.094395102393,0.,2.094395102393,4.188790204786,
6.28318530718,8.377580409573),.UNSPECIFIED.) CURVE() 
GEOMETRIC_REPRESENTATION_ITEM() RATIONAL_B_SPLINE_CURVE((1.,0.5,1.,0.5,
1.,0.5,1.)) REPRESENTATION_ITEM('') );
#3193 = CARTESIAN_POINT('',(33.619801047976,-30.05407086847));
#3194 = CARTESIAN_POINT('',(33.619801047976,-28.97153911374));
#3195 = CARTESIAN_POINT('',(34.557301047976,-29.51280499111));
#3196 = CARTESIAN_POINT('',(35.494801047976,-30.05407086847));
#3197 = CARTESIAN_POINT('',(34.557301047976,-30.59533674584));
#3198 = CARTESIAN_POINT('',(33.619801047976,-31.1366026232));
#3199 = CARTESIAN_POINT('',(33.619801047976,-30.05407086847));
#3200 = ( GEOMETRIC_REPRESENTATION_CONTEXT(2) 
PARAMETRIC_REPRESENTATION_CONTEXT() REPRESENTATION_CONTEXT('2D SPACE',''
  ) );
#3201 = PCURVE('',#3202,#3207);
#3202 = CYLINDRICAL_SURFACE('',#3203,0.625);
#3203 = AXIS2_PLACEMENT_3D('',#3204,#3205,#3206);
#3204 = CARTESIAN_POINT('',(34.95,-77.4,-1.E-02));
#3205 = DIRECTION('',(0.,0.,1.));
#3206 = DIRECTION('',(1.,0.,-0.));
#3207 = DEFINITIONAL_REPRESENTATION('',(#3208),#3212);
#3208 = LINE('',#3209,#3210);
#3209 = CARTESIAN_POINT('',(0.,1.E-02));
#3210 = VECTOR('',#3211,1.);
#3211 = DIRECTION('',(1.,0.));
#3212 = ( GEOMETRIC_REPRESENTATION_CONTEXT(2) 
PARAMETRIC_REPRESENTATION_CONTEXT() REPRESENTATION_CONTEXT('2D SPACE',''
  ) );
#3213 = FACE_BOUND('',#3214,.T.);
#3214 = EDGE_LOOP('',(#3215));
#3215 = ORIENTED_EDGE('',*,*,#3216,.T.);
#3216 = EDGE_CURVE('',#3217,#3217,#3219,.T.);
#3217 = VERTEX_POINT('',#3218);
#3218 = CARTESIAN_POINT('',(23.875,-82.9,0.));
#3219 = SURFACE_CURVE('',#3220,(#3225,#3236),.PCURVE_S1.);
#3220 = CIRCLE('',#3221,0.525);
#3221 = AXIS2_PLACEMENT_3D('',#3222,#3223,#3224);
#3222 = CARTESIAN_POINT('',(23.35,-82.9,0.));
#3223 = DIRECTION('',(0.,0.,1.));
#3224 = DIRECTION('',(1.,0.,-0.));
#3225 = PCURVE('',#144,#3226);
#3226 = DEFINITIONAL_REPRESENTATION('',(#3227),#3235);
#3227 = ( BOUNDED_CURVE() B_SPLINE_CURVE(2,(#3228,#3229,#3230,#3231,
#3232,#3233,#3234),.UNSPECIFIED.,.T.,.F.) B_SPLINE_CURVE_WITH_KNOTS((1,2
    ,2,2,2,1),(-2.094395102393,0.,2.094395102393,4.188790204786,
6.28318530718,8.377580409573),.UNSPECIFIED.) CURVE() 
GEOMETRIC_REPRESENTATION_ITEM() RATIONAL_B_SPLINE_CURVE((1.,0.5,1.,0.5,
1.,0.5,1.)) REPRESENTATION_ITEM('') );
#3228 = CARTESIAN_POINT('',(45.319801047976,-35.55407086847));
#3229 = CARTESIAN_POINT('',(45.319801047976,-34.6447441945));
#3230 = CARTESIAN_POINT('',(46.107301047976,-35.09940753149));
#3231 = CARTESIAN_POINT('',(46.894801047976,-35.55407086847));
#3232 = CARTESIAN_POINT('',(46.107301047976,-36.00873420546));
#3233 = CARTESIAN_POINT('',(45.319801047976,-36.46339754245));
#3234 = CARTESIAN_POINT('',(45.319801047976,-35.55407086847));
#3235 = ( GEOMETRIC_REPRESENTATION_CONTEXT(2) 
PARAMETRIC_REPRESENTATION_CONTEXT() REPRESENTATION_CONTEXT('2D SPACE',''
  ) );
#3236 = PCURVE('',#3237,#3242);
#3237 = CYLINDRICAL_SURFACE('',#3238,0.525);
#3238 = AXIS2_PLACEMENT_3D('',#3239,#3240,#3241);
#3239 = CARTESIAN_POINT('',(23.35,-82.9,-1.E-02));
#3240 = DIRECTION('',(0.,0.,1.));
#3241 = DIRECTION('',(1.,0.,-0.));
#3242 = DEFINITIONAL_REPRESENTATION('',(#3243),#3247);
#3243 = LINE('',#3244,#3245);
#3244 = CARTESIAN_POINT('',(0.,1.E-02));
#3245 = VECTOR('',#3246,1.);
#3246 = DIRECTION('',(1.,0.));
#3247 = ( GEOMETRIC_REPRESENTATION_CONTEXT(2) 
PARAMETRIC_REPRESENTATION_CONTEXT() REPRESENTATION_CONTEXT('2D SPACE',''
  ) );
#3248 = FACE_BOUND('',#3249,.T.);
#3249 = EDGE_LOOP('',(#3250));
#3250 = ORIENTED_EDGE('',*,*,#3251,.T.);
#3251 = EDGE_CURVE('',#3252,#3252,#3254,.T.);
#3252 = VERTEX_POINT('',#3253);
#3253 = CARTESIAN_POINT('',(2.95,-89.85,0.));
#3254 = SURFACE_CURVE('',#3255,(#3260,#3271),.PCURVE_S1.);
#3255 = CIRCLE('',#3256,1.1);
#3256 = AXIS2_PLACEMENT_3D('',#3257,#3258,#3259);
#3257 = CARTESIAN_POINT('',(1.85,-89.85,0.));
#3258 = DIRECTION('',(0.,0.,1.));
#3259 = DIRECTION('',(1.,0.,-0.));
#3260 = PCURVE('',#144,#3261);
#3261 = DEFINITIONAL_REPRESENTATION('',(#3262),#3270);
#3262 = ( BOUNDED_CURVE() B_SPLINE_CURVE(2,(#3263,#3264,#3265,#3266,
#3267,#3268,#3269),.UNSPECIFIED.,.T.,.F.) B_SPLINE_CURVE_WITH_KNOTS((1,2
    ,2,2,2,1),(-2.094395102393,0.,2.094395102393,4.188790204786,
6.28318530718,8.377580409573),.UNSPECIFIED.) CURVE() 
GEOMETRIC_REPRESENTATION_ITEM() RATIONAL_B_SPLINE_CURVE((1.,0.5,1.,0.5,
1.,0.5,1.)) REPRESENTATION_ITEM('') );
#3263 = CARTESIAN_POINT('',(66.244801047976,-42.50407086847));
#3264 = CARTESIAN_POINT('',(66.244801047976,-40.59881498015));
#3265 = CARTESIAN_POINT('',(67.894801047976,-41.55144292431));
#3266 = CARTESIAN_POINT('',(69.544801047976,-42.50407086847));
#3267 = CARTESIAN_POINT('',(67.894801047976,-43.45669881264));
#3268 = CARTESIAN_POINT('',(66.244801047976,-44.4093267568));
#3269 = CARTESIAN_POINT('',(66.244801047976,-42.50407086847));
#3270 = ( GEOMETRIC_REPRESENTATION_CONTEXT(2) 
PARAMETRIC_REPRESENTATION_CONTEXT() REPRESENTATION_CONTEXT('2D SPACE',''
  ) );
#3271 = PCURVE('',#3272,#3277);
#3272 = CYLINDRICAL_SURFACE('',#3273,1.1);
#3273 = AXIS2_PLACEMENT_3D('',#3274,#3275,#3276);
#3274 = CARTESIAN_POINT('',(1.85,-89.85,-1.E-02));
#3275 = DIRECTION('',(0.,0.,1.));
#3276 = DIRECTION('',(1.,0.,-0.));
#3277 = DEFINITIONAL_REPRESENTATION('',(#3278),#3282);
#3278 = LINE('',#3279,#3280);
#3279 = CARTESIAN_POINT('',(0.,1.E-02));
#3280 = VECTOR('',#3281,1.);
#3281 = DIRECTION('',(1.,0.));
#3282 = ( GEOMETRIC_REPRESENTATION_CONTEXT(2) 
PARAMETRIC_REPRESENTATION_CONTEXT() REPRESENTATION_CONTEXT('2D SPACE',''
  ) );
#3283 = FACE_BOUND('',#3284,.T.);
#3284 = EDGE_LOOP('',(#3285));
#3285 = ORIENTED_EDGE('',*,*,#3286,.T.);
#3286 = EDGE_CURVE('',#3287,#3287,#3289,.T.);
#3287 = VERTEX_POINT('',#3288);
#3288 = CARTESIAN_POINT('',(6.875,-82.9,0.));
#3289 = SURFACE_CURVE('',#3290,(#3295,#3306),.PCURVE_S1.);
#3290 = CIRCLE('',#3291,0.525);
#3291 = AXIS2_PLACEMENT_3D('',#3292,#3293,#3294);
#3292 = CARTESIAN_POINT('',(6.35,-82.9,0.));
#3293 = DIRECTION('',(0.,0.,1.));
#3294 = DIRECTION('',(1.,0.,-0.));
#3295 = PCURVE('',#144,#3296);
#3296 = DEFINITIONAL_REPRESENTATION('',(#3297),#3305);
#3297 = ( BOUNDED_CURVE() B_SPLINE_CURVE(2,(#3298,#3299,#3300,#3301,
#3302,#3303,#3304),.UNSPECIFIED.,.T.,.F.) B_SPLINE_CURVE_WITH_KNOTS((1,2
    ,2,2,2,1),(-2.094395102393,0.,2.094395102393,4.188790204786,
6.28318530718,8.377580409573),.UNSPECIFIED.) CURVE() 
GEOMETRIC_REPRESENTATION_ITEM() RATIONAL_B_SPLINE_CURVE((1.,0.5,1.,0.5,
1.,0.5,1.)) REPRESENTATION_ITEM('') );
#3298 = CARTESIAN_POINT('',(62.319801047976,-35.55407086847));
#3299 = CARTESIAN_POINT('',(62.319801047976,-34.6447441945));
#3300 = CARTESIAN_POINT('',(63.107301047976,-35.09940753149));
#3301 = CARTESIAN_POINT('',(63.894801047976,-35.55407086847));
#3302 = CARTESIAN_POINT('',(63.107301047976,-36.00873420546));
#3303 = CARTESIAN_POINT('',(62.319801047976,-36.46339754245));
#3304 = CARTESIAN_POINT('',(62.319801047976,-35.55407086847));
#3305 = ( GEOMETRIC_REPRESENTATION_CONTEXT(2) 
PARAMETRIC_REPRESENTATION_CONTEXT() REPRESENTATION_CONTEXT('2D SPACE',''
  ) );
#3306 = PCURVE('',#3307,#3312);
#3307 = CYLINDRICAL_SURFACE('',#3308,0.525);
#3308 = AXIS2_PLACEMENT_3D('',#3309,#3310,#3311);
#3309 = CARTESIAN_POINT('',(6.35,-82.9,-1.E-02));
#3310 = DIRECTION('',(0.,0.,1.));
#3311 = DIRECTION('',(1.,0.,-0.));
#3312 = DEFINITIONAL_REPRESENTATION('',(#3313),#3317);
#3313 = LINE('',#3314,#3315);
#3314 = CARTESIAN_POINT('',(0.,1.E-02));
#3315 = VECTOR('',#3316,1.);
#3316 = DIRECTION('',(1.,0.));
#3317 = ( GEOMETRIC_REPRESENTATION_CONTEXT(2) 
PARAMETRIC_REPRESENTATION_CONTEXT() REPRESENTATION_CONTEXT('2D SPACE',''
  ) );
#3318 = FACE_BOUND('',#3319,.T.);
#3319 = EDGE_LOOP('',(#3320));
#3320 = ORIENTED_EDGE('',*,*,#3321,.T.);
#3321 = EDGE_CURVE('',#3322,#3322,#3324,.T.);
#3322 = VERTEX_POINT('',#3323);
#3323 = CARTESIAN_POINT('',(18.575,-77.4,0.));
#3324 = SURFACE_CURVE('',#3325,(#3330,#3341),.PCURVE_S1.);
#3325 = CIRCLE('',#3326,0.625);
#3326 = AXIS2_PLACEMENT_3D('',#3327,#3328,#3329);
#3327 = CARTESIAN_POINT('',(17.95,-77.4,0.));
#3328 = DIRECTION('',(0.,0.,1.));
#3329 = DIRECTION('',(1.,0.,-0.));
#3330 = PCURVE('',#144,#3331);
#3331 = DEFINITIONAL_REPRESENTATION('',(#3332),#3340);
#3332 = ( BOUNDED_CURVE() B_SPLINE_CURVE(2,(#3333,#3334,#3335,#3336,
#3337,#3338,#3339),.UNSPECIFIED.,.T.,.F.) B_SPLINE_CURVE_WITH_KNOTS((1,2
    ,2,2,2,1),(-2.094395102393,0.,2.094395102393,4.188790204786,
6.28318530718,8.377580409573),.UNSPECIFIED.) CURVE() 
GEOMETRIC_REPRESENTATION_ITEM() RATIONAL_B_SPLINE_CURVE((1.,0.5,1.,0.5,
1.,0.5,1.)) REPRESENTATION_ITEM('') );
#3333 = CARTESIAN_POINT('',(50.619801047976,-30.05407086847));
#3334 = CARTESIAN_POINT('',(50.619801047976,-28.97153911374));
#3335 = CARTESIAN_POINT('',(51.557301047976,-29.51280499111));
#3336 = CARTESIAN_POINT('',(52.494801047976,-30.05407086847));
#3337 = CARTESIAN_POINT('',(51.557301047976,-30.59533674584));
#3338 = CARTESIAN_POINT('',(50.619801047976,-31.1366026232));
#3339 = CARTESIAN_POINT('',(50.619801047976,-30.05407086847));
#3340 = ( GEOMETRIC_REPRESENTATION_CONTEXT(2) 
PARAMETRIC_REPRESENTATION_CONTEXT() REPRESENTATION_CONTEXT('2D SPACE',''
  ) );
#3341 = PCURVE('',#3342,#3347);
#3342 = CYLINDRICAL_SURFACE('',#3343,0.625);
#3343 = AXIS2_PLACEMENT_3D('',#3344,#3345,#3346);
#3344 = CARTESIAN_POINT('',(17.95,-77.4,-1.E-02));
#3345 = DIRECTION('',(0.,0.,1.));
#3346 = DIRECTION('',(1.,0.,-0.));
#3347 = DEFINITIONAL_REPRESENTATION('',(#3348),#3352);
#3348 = LINE('',#3349,#3350);
#3349 = CARTESIAN_POINT('',(0.,1.E-02));
#3350 = VECTOR('',#3351,1.);
#3351 = DIRECTION('',(1.,0.));
#3352 = ( GEOMETRIC_REPRESENTATION_CONTEXT(2) 
PARAMETRIC_REPRESENTATION_CONTEXT() REPRESENTATION_CONTEXT('2D SPACE',''
  ) );
#3353 = FACE_BOUND('',#3354,.T.);
#3354 = EDGE_LOOP('',(#3355));
#3355 = ORIENTED_EDGE('',*,*,#3356,.T.);
#3356 = EDGE_CURVE('',#3357,#3357,#3359,.T.);
#3357 = VERTEX_POINT('',#3358);
#3358 = CARTESIAN_POINT('',(57.875,-65.9,0.));
#3359 = SURFACE_CURVE('',#3360,(#3365,#3376),.PCURVE_S1.);
#3360 = CIRCLE('',#3361,0.525);
#3361 = AXIS2_PLACEMENT_3D('',#3362,#3363,#3364);
#3362 = CARTESIAN_POINT('',(57.35,-65.9,0.));
#3363 = DIRECTION('',(0.,0.,1.));
#3364 = DIRECTION('',(1.,0.,-0.));
#3365 = PCURVE('',#144,#3366);
#3366 = DEFINITIONAL_REPRESENTATION('',(#3367),#3375);
#3367 = ( BOUNDED_CURVE() B_SPLINE_CURVE(2,(#3368,#3369,#3370,#3371,
#3372,#3373,#3374),.UNSPECIFIED.,.T.,.F.) B_SPLINE_CURVE_WITH_KNOTS((1,2
    ,2,2,2,1),(-2.094395102393,0.,2.094395102393,4.188790204786,
6.28318530718,8.377580409573),.UNSPECIFIED.) CURVE() 
GEOMETRIC_REPRESENTATION_ITEM() RATIONAL_B_SPLINE_CURVE((1.,0.5,1.,0.5,
1.,0.5,1.)) REPRESENTATION_ITEM('') );
#3368 = CARTESIAN_POINT('',(11.319801047976,-18.55407086847));
#3369 = CARTESIAN_POINT('',(11.319801047976,-17.6447441945));
#3370 = CARTESIAN_POINT('',(12.107301047976,-18.09940753149));
#3371 = CARTESIAN_POINT('',(12.894801047976,-18.55407086847));
#3372 = CARTESIAN_POINT('',(12.107301047976,-19.00873420546));
#3373 = CARTESIAN_POINT('',(11.319801047976,-19.46339754245));
#3374 = CARTESIAN_POINT('',(11.319801047976,-18.55407086847));
#3375 = ( GEOMETRIC_REPRESENTATION_CONTEXT(2) 
PARAMETRIC_REPRESENTATION_CONTEXT() REPRESENTATION_CONTEXT('2D SPACE',''
  ) );
#3376 = PCURVE('',#3377,#3382);
#3377 = CYLINDRICAL_SURFACE('',#3378,0.525);
#3378 = AXIS2_PLACEMENT_3D('',#3379,#3380,#3381);
#3379 = CARTESIAN_POINT('',(57.35,-65.9,-1.E-02));
#3380 = DIRECTION('',(0.,0.,1.));
#3381 = DIRECTION('',(1.,0.,-0.));
#3382 = DEFINITIONAL_REPRESENTATION('',(#3383),#3387);
#3383 = LINE('',#3384,#3385);
#3384 = CARTESIAN_POINT('',(0.,1.E-02));
#3385 = VECTOR('',#3386,1.);
#3386 = DIRECTION('',(1.,0.));
#3387 = ( GEOMETRIC_REPRESENTATION_CONTEXT(2) 
PARAMETRIC_REPRESENTATION_CONTEXT() REPRESENTATION_CONTEXT('2D SPACE',''
  ) );
#3388 = FACE_BOUND('',#3389,.T.);
#3389 = EDGE_LOOP('',(#3390));
#3390 = ORIENTED_EDGE('',*,*,#3391,.T.);
#3391 = EDGE_CURVE('',#3392,#3392,#3394,.T.);
#3392 = VERTEX_POINT('',#3393);
#3393 = CARTESIAN_POINT('',(52.575,-60.4,0.));
#3394 = SURFACE_CURVE('',#3395,(#3400,#3411),.PCURVE_S1.);
#3395 = CIRCLE('',#3396,0.625);
#3396 = AXIS2_PLACEMENT_3D('',#3397,#3398,#3399);
#3397 = CARTESIAN_POINT('',(51.95,-60.4,0.));
#3398 = DIRECTION('',(0.,0.,1.));
#3399 = DIRECTION('',(1.,0.,-0.));
#3400 = PCURVE('',#144,#3401);
#3401 = DEFINITIONAL_REPRESENTATION('',(#3402),#3410);
#3402 = ( BOUNDED_CURVE() B_SPLINE_CURVE(2,(#3403,#3404,#3405,#3406,
#3407,#3408,#3409),.UNSPECIFIED.,.T.,.F.) B_SPLINE_CURVE_WITH_KNOTS((1,2
    ,2,2,2,1),(-2.094395102393,0.,2.094395102393,4.188790204786,
6.28318530718,8.377580409573),.UNSPECIFIED.) CURVE() 
GEOMETRIC_REPRESENTATION_ITEM() RATIONAL_B_SPLINE_CURVE((1.,0.5,1.,0.5,
1.,0.5,1.)) REPRESENTATION_ITEM('') );
#3403 = CARTESIAN_POINT('',(16.619801047976,-13.05407086847));
#3404 = CARTESIAN_POINT('',(16.619801047976,-11.97153911374));
#3405 = CARTESIAN_POINT('',(17.557301047976,-12.51280499111));
#3406 = CARTESIAN_POINT('',(18.494801047976,-13.05407086847));
#3407 = CARTESIAN_POINT('',(17.557301047976,-13.59533674584));
#3408 = CARTESIAN_POINT('',(16.619801047976,-14.1366026232));
#3409 = CARTESIAN_POINT('',(16.619801047976,-13.05407086847));
#3410 = ( GEOMETRIC_REPRESENTATION_CONTEXT(2) 
PARAMETRIC_REPRESENTATION_CONTEXT() REPRESENTATION_CONTEXT('2D SPACE',''
  ) );
#3411 = PCURVE('',#3412,#3417);
#3412 = CYLINDRICAL_SURFACE('',#3413,0.625);
#3413 = AXIS2_PLACEMENT_3D('',#3414,#3415,#3416);
#3414 = CARTESIAN_POINT('',(51.95,-60.4,-1.E-02));
#3415 = DIRECTION('',(0.,0.,1.));
#3416 = DIRECTION('',(1.,0.,-0.));
#3417 = DEFINITIONAL_REPRESENTATION('',(#3418),#3422);
#3418 = LINE('',#3419,#3420);
#3419 = CARTESIAN_POINT('',(0.,1.E-02));
#3420 = VECTOR('',#3421,1.);
#3421 = DIRECTION('',(1.,0.));
#3422 = ( GEOMETRIC_REPRESENTATION_CONTEXT(2) 
PARAMETRIC_REPRESENTATION_CONTEXT() REPRESENTATION_CONTEXT('2D SPACE',''
  ) );
#3423 = FACE_BOUND('',#3424,.T.);
#3424 = EDGE_LOOP('',(#3425));
#3425 = ORIENTED_EDGE('',*,*,#3426,.T.);
#3426 = EDGE_CURVE('',#3427,#3427,#3429,.T.);
#3427 = VERTEX_POINT('',#3428);
#3428 = CARTESIAN_POINT('',(40.875,-65.9,0.));
#3429 = SURFACE_CURVE('',#3430,(#3435,#3446),.PCURVE_S1.);
#3430 = CIRCLE('',#3431,0.525);
#3431 = AXIS2_PLACEMENT_3D('',#3432,#3433,#3434);
#3432 = CARTESIAN_POINT('',(40.35,-65.9,0.));
#3433 = DIRECTION('',(0.,0.,1.));
#3434 = DIRECTION('',(1.,0.,-0.));
#3435 = PCURVE('',#144,#3436);
#3436 = DEFINITIONAL_REPRESENTATION('',(#3437),#3445);
#3437 = ( BOUNDED_CURVE() B_SPLINE_CURVE(2,(#3438,#3439,#3440,#3441,
#3442,#3443,#3444),.UNSPECIFIED.,.T.,.F.) B_SPLINE_CURVE_WITH_KNOTS((1,2
    ,2,2,2,1),(-2.094395102393,0.,2.094395102393,4.188790204786,
6.28318530718,8.377580409573),.UNSPECIFIED.) CURVE() 
GEOMETRIC_REPRESENTATION_ITEM() RATIONAL_B_SPLINE_CURVE((1.,0.5,1.,0.5,
1.,0.5,1.)) REPRESENTATION_ITEM('') );
#3438 = CARTESIAN_POINT('',(28.319801047976,-18.55407086847));
#3439 = CARTESIAN_POINT('',(28.319801047976,-17.6447441945));
#3440 = CARTESIAN_POINT('',(29.107301047976,-18.09940753149));
#3441 = CARTESIAN_POINT('',(29.894801047976,-18.55407086847));
#3442 = CARTESIAN_POINT('',(29.107301047976,-19.00873420546));
#3443 = CARTESIAN_POINT('',(28.319801047976,-19.46339754245));
#3444 = CARTESIAN_POINT('',(28.319801047976,-18.55407086847));
#3445 = ( GEOMETRIC_REPRESENTATION_CONTEXT(2) 
PARAMETRIC_REPRESENTATION_CONTEXT() REPRESENTATION_CONTEXT('2D SPACE',''
  ) );
#3446 = PCURVE('',#3447,#3452);
#3447 = CYLINDRICAL_SURFACE('',#3448,0.525);
#3448 = AXIS2_PLACEMENT_3D('',#3449,#3450,#3451);
#3449 = CARTESIAN_POINT('',(40.35,-65.9,-1.E-02));
#3450 = DIRECTION('',(0.,0.,1.));
#3451 = DIRECTION('',(1.,0.,-0.));
#3452 = DEFINITIONAL_REPRESENTATION('',(#3453),#3457);
#3453 = LINE('',#3454,#3455);
#3454 = CARTESIAN_POINT('',(0.,1.E-02));
#3455 = VECTOR('',#3456,1.);
#3456 = DIRECTION('',(1.,0.));
#3457 = ( GEOMETRIC_REPRESENTATION_CONTEXT(2) 
PARAMETRIC_REPRESENTATION_CONTEXT() REPRESENTATION_CONTEXT('2D SPACE',''
  ) );
#3458 = FACE_BOUND('',#3459,.T.);
#3459 = EDGE_LOOP('',(#3460));
#3460 = ORIENTED_EDGE('',*,*,#3461,.T.);
#3461 = EDGE_CURVE('',#3462,#3462,#3464,.T.);
#3462 = VERTEX_POINT('',#3463);
#3463 = CARTESIAN_POINT('',(35.575,-60.4,0.));
#3464 = SURFACE_CURVE('',#3465,(#3470,#3481),.PCURVE_S1.);
#3465 = CIRCLE('',#3466,0.625);
#3466 = AXIS2_PLACEMENT_3D('',#3467,#3468,#3469);
#3467 = CARTESIAN_POINT('',(34.95,-60.4,0.));
#3468 = DIRECTION('',(0.,0.,1.));
#3469 = DIRECTION('',(1.,0.,-0.));
#3470 = PCURVE('',#144,#3471);
#3471 = DEFINITIONAL_REPRESENTATION('',(#3472),#3480);
#3472 = ( BOUNDED_CURVE() B_SPLINE_CURVE(2,(#3473,#3474,#3475,#3476,
#3477,#3478,#3479),.UNSPECIFIED.,.T.,.F.) B_SPLINE_CURVE_WITH_KNOTS((1,2
    ,2,2,2,1),(-2.094395102393,0.,2.094395102393,4.188790204786,
6.28318530718,8.377580409573),.UNSPECIFIED.) CURVE() 
GEOMETRIC_REPRESENTATION_ITEM() RATIONAL_B_SPLINE_CURVE((1.,0.5,1.,0.5,
1.,0.5,1.)) REPRESENTATION_ITEM('') );
#3473 = CARTESIAN_POINT('',(33.619801047976,-13.05407086847));
#3474 = CARTESIAN_POINT('',(33.619801047976,-11.97153911374));
#3475 = CARTESIAN_POINT('',(34.557301047976,-12.51280499111));
#3476 = CARTESIAN_POINT('',(35.494801047976,-13.05407086847));
#3477 = CARTESIAN_POINT('',(34.557301047976,-13.59533674584));
#3478 = CARTESIAN_POINT('',(33.619801047976,-14.1366026232));
#3479 = CARTESIAN_POINT('',(33.619801047976,-13.05407086847));
#3480 = ( GEOMETRIC_REPRESENTATION_CONTEXT(2) 
PARAMETRIC_REPRESENTATION_CONTEXT() REPRESENTATION_CONTEXT('2D SPACE',''
  ) );
#3481 = PCURVE('',#3482,#3487);
#3482 = CYLINDRICAL_SURFACE('',#3483,0.625);
#3483 = AXIS2_PLACEMENT_3D('',#3484,#3485,#3486);
#3484 = CARTESIAN_POINT('',(34.95,-60.4,-1.E-02));
#3485 = DIRECTION('',(0.,0.,1.));
#3486 = DIRECTION('',(1.,0.,-0.));
#3487 = DEFINITIONAL_REPRESENTATION('',(#3488),#3492);
#3488 = LINE('',#3489,#3490);
#3489 = CARTESIAN_POINT('',(0.,1.E-02));
#3490 = VECTOR('',#3491,1.);
#3491 = DIRECTION('',(1.,0.));
#3492 = ( GEOMETRIC_REPRESENTATION_CONTEXT(2) 
PARAMETRIC_REPRESENTATION_CONTEXT() REPRESENTATION_CONTEXT('2D SPACE',''
  ) );
#3493 = FACE_BOUND('',#3494,.T.);
#3494 = EDGE_LOOP('',(#3495));
#3495 = ORIENTED_EDGE('',*,*,#3496,.T.);
#3496 = EDGE_CURVE('',#3497,#3497,#3499,.T.);
#3497 = VERTEX_POINT('',#3498);
#3498 = CARTESIAN_POINT('',(57.875,-48.9,0.));
#3499 = SURFACE_CURVE('',#3500,(#3505,#3516),.PCURVE_S1.);
#3500 = CIRCLE('',#3501,0.525);
#3501 = AXIS2_PLACEMENT_3D('',#3502,#3503,#3504);
#3502 = CARTESIAN_POINT('',(57.35,-48.9,0.));
#3503 = DIRECTION('',(0.,0.,1.));
#3504 = DIRECTION('',(1.,0.,-0.));
#3505 = PCURVE('',#144,#3506);
#3506 = DEFINITIONAL_REPRESENTATION('',(#3507),#3515);
#3507 = ( BOUNDED_CURVE() B_SPLINE_CURVE(2,(#3508,#3509,#3510,#3511,
#3512,#3513,#3514),.UNSPECIFIED.,.T.,.F.) B_SPLINE_CURVE_WITH_KNOTS((1,2
    ,2,2,2,1),(-2.094395102393,0.,2.094395102393,4.188790204786,
6.28318530718,8.377580409573),.UNSPECIFIED.) CURVE() 
GEOMETRIC_REPRESENTATION_ITEM() RATIONAL_B_SPLINE_CURVE((1.,0.5,1.,0.5,
1.,0.5,1.)) REPRESENTATION_ITEM('') );
#3508 = CARTESIAN_POINT('',(11.319801047976,-1.554070868478));
#3509 = CARTESIAN_POINT('',(11.319801047976,-0.644744194504));
#3510 = CARTESIAN_POINT('',(12.107301047976,-1.099407531491));
#3511 = CARTESIAN_POINT('',(12.894801047976,-1.554070868478));
#3512 = CARTESIAN_POINT('',(12.107301047976,-2.008734205464));
#3513 = CARTESIAN_POINT('',(11.319801047976,-2.463397542451));
#3514 = CARTESIAN_POINT('',(11.319801047976,-1.554070868478));
#3515 = ( GEOMETRIC_REPRESENTATION_CONTEXT(2) 
PARAMETRIC_REPRESENTATION_CONTEXT() REPRESENTATION_CONTEXT('2D SPACE',''
  ) );
#3516 = PCURVE('',#3517,#3522);
#3517 = CYLINDRICAL_SURFACE('',#3518,0.525);
#3518 = AXIS2_PLACEMENT_3D('',#3519,#3520,#3521);
#3519 = CARTESIAN_POINT('',(57.35,-48.9,-1.E-02));
#3520 = DIRECTION('',(0.,0.,1.));
#3521 = DIRECTION('',(1.,0.,-0.));
#3522 = DEFINITIONAL_REPRESENTATION('',(#3523),#3527);
#3523 = LINE('',#3524,#3525);
#3524 = CARTESIAN_POINT('',(0.,1.E-02));
#3525 = VECTOR('',#3526,1.);
#3526 = DIRECTION('',(1.,0.));
#3527 = ( GEOMETRIC_REPRESENTATION_CONTEXT(2) 
PARAMETRIC_REPRESENTATION_CONTEXT() REPRESENTATION_CONTEXT('2D SPACE',''
  ) );
#3528 = FACE_BOUND('',#3529,.T.);
#3529 = EDGE_LOOP('',(#3530));
#3530 = ORIENTED_EDGE('',*,*,#3531,.T.);
#3531 = EDGE_CURVE('',#3532,#3532,#3534,.T.);
#3532 = VERTEX_POINT('',#3533);
#3533 = CARTESIAN_POINT('',(40.875,-48.9,0.));
#3534 = SURFACE_CURVE('',#3535,(#3540,#3551),.PCURVE_S1.);
#3535 = CIRCLE('',#3536,0.525);
#3536 = AXIS2_PLACEMENT_3D('',#3537,#3538,#3539);
#3537 = CARTESIAN_POINT('',(40.35,-48.9,0.));
#3538 = DIRECTION('',(0.,0.,1.));
#3539 = DIRECTION('',(1.,0.,-0.));
#3540 = PCURVE('',#144,#3541);
#3541 = DEFINITIONAL_REPRESENTATION('',(#3542),#3550);
#3542 = ( BOUNDED_CURVE() B_SPLINE_CURVE(2,(#3543,#3544,#3545,#3546,
#3547,#3548,#3549),.UNSPECIFIED.,.T.,.F.) B_SPLINE_CURVE_WITH_KNOTS((1,2
    ,2,2,2,1),(-2.094395102393,0.,2.094395102393,4.188790204786,
6.28318530718,8.377580409573),.UNSPECIFIED.) CURVE() 
GEOMETRIC_REPRESENTATION_ITEM() RATIONAL_B_SPLINE_CURVE((1.,0.5,1.,0.5,
1.,0.5,1.)) REPRESENTATION_ITEM('') );
#3543 = CARTESIAN_POINT('',(28.319801047976,-1.554070868478));
#3544 = CARTESIAN_POINT('',(28.319801047976,-0.644744194504));
#3545 = CARTESIAN_POINT('',(29.107301047976,-1.099407531491));
#3546 = CARTESIAN_POINT('',(29.894801047976,-1.554070868478));
#3547 = CARTESIAN_POINT('',(29.107301047976,-2.008734205464));
#3548 = CARTESIAN_POINT('',(28.319801047976,-2.463397542451));
#3549 = CARTESIAN_POINT('',(28.319801047976,-1.554070868478));
#3550 = ( GEOMETRIC_REPRESENTATION_CONTEXT(2) 
PARAMETRIC_REPRESENTATION_CONTEXT() REPRESENTATION_CONTEXT('2D SPACE',''
  ) );
#3551 = PCURVE('',#3552,#3557);
#3552 = CYLINDRICAL_SURFACE('',#3553,0.525);
#3553 = AXIS2_PLACEMENT_3D('',#3554,#3555,#3556);
#3554 = CARTESIAN_POINT('',(40.35,-48.9,-1.E-02));
#3555 = DIRECTION('',(0.,0.,1.));
#3556 = DIRECTION('',(1.,0.,-0.));
#3557 = DEFINITIONAL_REPRESENTATION('',(#3558),#3562);
#3558 = LINE('',#3559,#3560);
#3559 = CARTESIAN_POINT('',(0.,1.E-02));
#3560 = VECTOR('',#3561,1.);
#3561 = DIRECTION('',(1.,0.));
#3562 = ( GEOMETRIC_REPRESENTATION_CONTEXT(2) 
PARAMETRIC_REPRESENTATION_CONTEXT() REPRESENTATION_CONTEXT('2D SPACE',''
  ) );
#3563 = FACE_BOUND('',#3564,.T.);
#3564 = EDGE_LOOP('',(#3565));
#3565 = ORIENTED_EDGE('',*,*,#3566,.T.);
#3566 = EDGE_CURVE('',#3567,#3567,#3569,.T.);
#3567 = VERTEX_POINT('',#3568);
#3568 = CARTESIAN_POINT('',(23.875,-65.9,0.));
#3569 = SURFACE_CURVE('',#3570,(#3575,#3586),.PCURVE_S1.);
#3570 = CIRCLE('',#3571,0.525);
#3571 = AXIS2_PLACEMENT_3D('',#3572,#3573,#3574);
#3572 = CARTESIAN_POINT('',(23.35,-65.9,0.));
#3573 = DIRECTION('',(0.,0.,1.));
#3574 = DIRECTION('',(1.,0.,-0.));
#3575 = PCURVE('',#144,#3576);
#3576 = DEFINITIONAL_REPRESENTATION('',(#3577),#3585);
#3577 = ( BOUNDED_CURVE() B_SPLINE_CURVE(2,(#3578,#3579,#3580,#3581,
#3582,#3583,#3584),.UNSPECIFIED.,.T.,.F.) B_SPLINE_CURVE_WITH_KNOTS((1,2
    ,2,2,2,1),(-2.094395102393,0.,2.094395102393,4.188790204786,
6.28318530718,8.377580409573),.UNSPECIFIED.) CURVE() 
GEOMETRIC_REPRESENTATION_ITEM() RATIONAL_B_SPLINE_CURVE((1.,0.5,1.,0.5,
1.,0.5,1.)) REPRESENTATION_ITEM('') );
#3578 = CARTESIAN_POINT('',(45.319801047976,-18.55407086847));
#3579 = CARTESIAN_POINT('',(45.319801047976,-17.6447441945));
#3580 = CARTESIAN_POINT('',(46.107301047976,-18.09940753149));
#3581 = CARTESIAN_POINT('',(46.894801047976,-18.55407086847));
#3582 = CARTESIAN_POINT('',(46.107301047976,-19.00873420546));
#3583 = CARTESIAN_POINT('',(45.319801047976,-19.46339754245));
#3584 = CARTESIAN_POINT('',(45.319801047976,-18.55407086847));
#3585 = ( GEOMETRIC_REPRESENTATION_CONTEXT(2) 
PARAMETRIC_REPRESENTATION_CONTEXT() REPRESENTATION_CONTEXT('2D SPACE',''
  ) );
#3586 = PCURVE('',#3587,#3592);
#3587 = CYLINDRICAL_SURFACE('',#3588,0.525);
#3588 = AXIS2_PLACEMENT_3D('',#3589,#3590,#3591);
#3589 = CARTESIAN_POINT('',(23.35,-65.9,-1.E-02));
#3590 = DIRECTION('',(0.,0.,1.));
#3591 = DIRECTION('',(1.,0.,-0.));
#3592 = DEFINITIONAL_REPRESENTATION('',(#3593),#3597);
#3593 = LINE('',#3594,#3595);
#3594 = CARTESIAN_POINT('',(0.,1.E-02));
#3595 = VECTOR('',#3596,1.);
#3596 = DIRECTION('',(1.,0.));
#3597 = ( GEOMETRIC_REPRESENTATION_CONTEXT(2) 
PARAMETRIC_REPRESENTATION_CONTEXT() REPRESENTATION_CONTEXT('2D SPACE',''
  ) );
#3598 = FACE_BOUND('',#3599,.T.);
#3599 = EDGE_LOOP('',(#3600));
#3600 = ORIENTED_EDGE('',*,*,#3601,.T.);
#3601 = EDGE_CURVE('',#3602,#3602,#3604,.T.);
#3602 = VERTEX_POINT('',#3603);
#3603 = CARTESIAN_POINT('',(18.575,-60.4,0.));
#3604 = SURFACE_CURVE('',#3605,(#3610,#3621),.PCURVE_S1.);
#3605 = CIRCLE('',#3606,0.625);
#3606 = AXIS2_PLACEMENT_3D('',#3607,#3608,#3609);
#3607 = CARTESIAN_POINT('',(17.95,-60.4,0.));
#3608 = DIRECTION('',(0.,0.,1.));
#3609 = DIRECTION('',(1.,0.,-0.));
#3610 = PCURVE('',#144,#3611);
#3611 = DEFINITIONAL_REPRESENTATION('',(#3612),#3620);
#3612 = ( BOUNDED_CURVE() B_SPLINE_CURVE(2,(#3613,#3614,#3615,#3616,
#3617,#3618,#3619),.UNSPECIFIED.,.T.,.F.) B_SPLINE_CURVE_WITH_KNOTS((1,2
    ,2,2,2,1),(-2.094395102393,0.,2.094395102393,4.188790204786,
6.28318530718,8.377580409573),.UNSPECIFIED.) CURVE() 
GEOMETRIC_REPRESENTATION_ITEM() RATIONAL_B_SPLINE_CURVE((1.,0.5,1.,0.5,
1.,0.5,1.)) REPRESENTATION_ITEM('') );
#3613 = CARTESIAN_POINT('',(50.619801047976,-13.05407086847));
#3614 = CARTESIAN_POINT('',(50.619801047976,-11.97153911374));
#3615 = CARTESIAN_POINT('',(51.557301047976,-12.51280499111));
#3616 = CARTESIAN_POINT('',(52.494801047976,-13.05407086847));
#3617 = CARTESIAN_POINT('',(51.557301047976,-13.59533674584));
#3618 = CARTESIAN_POINT('',(50.619801047976,-14.1366026232));
#3619 = CARTESIAN_POINT('',(50.619801047976,-13.05407086847));
#3620 = ( GEOMETRIC_REPRESENTATION_CONTEXT(2) 
PARAMETRIC_REPRESENTATION_CONTEXT() REPRESENTATION_CONTEXT('2D SPACE',''
  ) );
#3621 = PCURVE('',#3622,#3627);
#3622 = CYLINDRICAL_SURFACE('',#3623,0.625);
#3623 = AXIS2_PLACEMENT_3D('',#3624,#3625,#3626);
#3624 = CARTESIAN_POINT('',(17.95,-60.4,-1.E-02));
#3625 = DIRECTION('',(0.,0.,1.));
#3626 = DIRECTION('',(1.,0.,-0.));
#3627 = DEFINITIONAL_REPRESENTATION('',(#3628),#3632);
#3628 = LINE('',#3629,#3630);
#3629 = CARTESIAN_POINT('',(0.,1.E-02));
#3630 = VECTOR('',#3631,1.);
#3631 = DIRECTION('',(1.,0.));
#3632 = ( GEOMETRIC_REPRESENTATION_CONTEXT(2) 
PARAMETRIC_REPRESENTATION_CONTEXT() REPRESENTATION_CONTEXT('2D SPACE',''
  ) );
#3633 = FACE_BOUND('',#3634,.T.);
#3634 = EDGE_LOOP('',(#3635));
#3635 = ORIENTED_EDGE('',*,*,#3636,.T.);
#3636 = EDGE_CURVE('',#3637,#3637,#3639,.T.);
#3637 = VERTEX_POINT('',#3638);
#3638 = CARTESIAN_POINT('',(6.875,-65.9,0.));
#3639 = SURFACE_CURVE('',#3640,(#3645,#3656),.PCURVE_S1.);
#3640 = CIRCLE('',#3641,0.525);
#3641 = AXIS2_PLACEMENT_3D('',#3642,#3643,#3644);
#3642 = CARTESIAN_POINT('',(6.35,-65.9,0.));
#3643 = DIRECTION('',(0.,0.,1.));
#3644 = DIRECTION('',(1.,0.,-0.));
#3645 = PCURVE('',#144,#3646);
#3646 = DEFINITIONAL_REPRESENTATION('',(#3647),#3655);
#3647 = ( BOUNDED_CURVE() B_SPLINE_CURVE(2,(#3648,#3649,#3650,#3651,
#3652,#3653,#3654),.UNSPECIFIED.,.T.,.F.) B_SPLINE_CURVE_WITH_KNOTS((1,2
    ,2,2,2,1),(-2.094395102393,0.,2.094395102393,4.188790204786,
6.28318530718,8.377580409573),.UNSPECIFIED.) CURVE() 
GEOMETRIC_REPRESENTATION_ITEM() RATIONAL_B_SPLINE_CURVE((1.,0.5,1.,0.5,
1.,0.5,1.)) REPRESENTATION_ITEM('') );
#3648 = CARTESIAN_POINT('',(62.319801047976,-18.55407086847));
#3649 = CARTESIAN_POINT('',(62.319801047976,-17.6447441945));
#3650 = CARTESIAN_POINT('',(63.107301047976,-18.09940753149));
#3651 = CARTESIAN_POINT('',(63.894801047976,-18.55407086847));
#3652 = CARTESIAN_POINT('',(63.107301047976,-19.00873420546));
#3653 = CARTESIAN_POINT('',(62.319801047976,-19.46339754245));
#3654 = CARTESIAN_POINT('',(62.319801047976,-18.55407086847));
#3655 = ( GEOMETRIC_REPRESENTATION_CONTEXT(2) 
PARAMETRIC_REPRESENTATION_CONTEXT() REPRESENTATION_CONTEXT('2D SPACE',''
  ) );
#3656 = PCURVE('',#3657,#3662);
#3657 = CYLINDRICAL_SURFACE('',#3658,0.525);
#3658 = AXIS2_PLACEMENT_3D('',#3659,#3660,#3661);
#3659 = CARTESIAN_POINT('',(6.35,-65.9,-1.E-02));
#3660 = DIRECTION('',(0.,0.,1.));
#3661 = DIRECTION('',(1.,0.,-0.));
#3662 = DEFINITIONAL_REPRESENTATION('',(#3663),#3667);
#3663 = LINE('',#3664,#3665);
#3664 = CARTESIAN_POINT('',(0.,1.E-02));
#3665 = VECTOR('',#3666,1.);
#3666 = DIRECTION('',(1.,0.));
#3667 = ( GEOMETRIC_REPRESENTATION_CONTEXT(2) 
PARAMETRIC_REPRESENTATION_CONTEXT() REPRESENTATION_CONTEXT('2D SPACE',''
  ) );
#3668 = FACE_BOUND('',#3669,.T.);
#3669 = EDGE_LOOP('',(#3670));
#3670 = ORIENTED_EDGE('',*,*,#3671,.T.);
#3671 = EDGE_CURVE('',#3672,#3672,#3674,.T.);
#3672 = VERTEX_POINT('',#3673);
#3673 = CARTESIAN_POINT('',(23.875,-48.9,0.));
#3674 = SURFACE_CURVE('',#3675,(#3680,#3691),.PCURVE_S1.);
#3675 = CIRCLE('',#3676,0.525);
#3676 = AXIS2_PLACEMENT_3D('',#3677,#3678,#3679);
#3677 = CARTESIAN_POINT('',(23.35,-48.9,0.));
#3678 = DIRECTION('',(0.,0.,1.));
#3679 = DIRECTION('',(1.,0.,-0.));
#3680 = PCURVE('',#144,#3681);
#3681 = DEFINITIONAL_REPRESENTATION('',(#3682),#3690);
#3682 = ( BOUNDED_CURVE() B_SPLINE_CURVE(2,(#3683,#3684,#3685,#3686,
#3687,#3688,#3689),.UNSPECIFIED.,.T.,.F.) B_SPLINE_CURVE_WITH_KNOTS((1,2
    ,2,2,2,1),(-2.094395102393,0.,2.094395102393,4.188790204786,
6.28318530718,8.377580409573),.UNSPECIFIED.) CURVE() 
GEOMETRIC_REPRESENTATION_ITEM() RATIONAL_B_SPLINE_CURVE((1.,0.5,1.,0.5,
1.,0.5,1.)) REPRESENTATION_ITEM('') );
#3683 = CARTESIAN_POINT('',(45.319801047976,-1.554070868478));
#3684 = CARTESIAN_POINT('',(45.319801047976,-0.644744194504));
#3685 = CARTESIAN_POINT('',(46.107301047976,-1.099407531491));
#3686 = CARTESIAN_POINT('',(46.894801047976,-1.554070868478));
#3687 = CARTESIAN_POINT('',(46.107301047976,-2.008734205464));
#3688 = CARTESIAN_POINT('',(45.319801047976,-2.463397542451));
#3689 = CARTESIAN_POINT('',(45.319801047976,-1.554070868478));
#3690 = ( GEOMETRIC_REPRESENTATION_CONTEXT(2) 
PARAMETRIC_REPRESENTATION_CONTEXT() REPRESENTATION_CONTEXT('2D SPACE',''
  ) );
#3691 = PCURVE('',#3692,#3697);
#3692 = CYLINDRICAL_SURFACE('',#3693,0.525);
#3693 = AXIS2_PLACEMENT_3D('',#3694,#3695,#3696);
#3694 = CARTESIAN_POINT('',(23.35,-48.9,-1.E-02));
#3695 = DIRECTION('',(0.,0.,1.));
#3696 = DIRECTION('',(1.,0.,-0.));
#3697 = DEFINITIONAL_REPRESENTATION('',(#3698),#3702);
#3698 = LINE('',#3699,#3700);
#3699 = CARTESIAN_POINT('',(0.,1.E-02));
#3700 = VECTOR('',#3701,1.);
#3701 = DIRECTION('',(1.,0.));
#3702 = ( GEOMETRIC_REPRESENTATION_CONTEXT(2) 
PARAMETRIC_REPRESENTATION_CONTEXT() REPRESENTATION_CONTEXT('2D SPACE',''
  ) );
#3703 = FACE_BOUND('',#3704,.T.);
#3704 = EDGE_LOOP('',(#3705));
#3705 = ORIENTED_EDGE('',*,*,#3706,.T.);
#3706 = EDGE_CURVE('',#3707,#3707,#3709,.T.);
#3707 = VERTEX_POINT('',#3708);
#3708 = CARTESIAN_POINT('',(6.875,-48.9,0.));
#3709 = SURFACE_CURVE('',#3710,(#3715,#3726),.PCURVE_S1.);
#3710 = CIRCLE('',#3711,0.525);
#3711 = AXIS2_PLACEMENT_3D('',#3712,#3713,#3714);
#3712 = CARTESIAN_POINT('',(6.35,-48.9,0.));
#3713 = DIRECTION('',(0.,0.,1.));
#3714 = DIRECTION('',(1.,0.,-0.));
#3715 = PCURVE('',#144,#3716);
#3716 = DEFINITIONAL_REPRESENTATION('',(#3717),#3725);
#3717 = ( BOUNDED_CURVE() B_SPLINE_CURVE(2,(#3718,#3719,#3720,#3721,
#3722,#3723,#3724),.UNSPECIFIED.,.T.,.F.) B_SPLINE_CURVE_WITH_KNOTS((1,2
    ,2,2,2,1),(-2.094395102393,0.,2.094395102393,4.188790204786,
6.28318530718,8.377580409573),.UNSPECIFIED.) CURVE() 
GEOMETRIC_REPRESENTATION_ITEM() RATIONAL_B_SPLINE_CURVE((1.,0.5,1.,0.5,
1.,0.5,1.)) REPRESENTATION_ITEM('') );
#3718 = CARTESIAN_POINT('',(62.319801047976,-1.554070868478));
#3719 = CARTESIAN_POINT('',(62.319801047976,-0.644744194504));
#3720 = CARTESIAN_POINT('',(63.107301047976,-1.099407531491));
#3721 = CARTESIAN_POINT('',(63.894801047976,-1.554070868478));
#3722 = CARTESIAN_POINT('',(63.107301047976,-2.008734205464));
#3723 = CARTESIAN_POINT('',(62.319801047976,-2.463397542451));
#3724 = CARTESIAN_POINT('',(62.319801047976,-1.554070868478));
#3725 = ( GEOMETRIC_REPRESENTATION_CONTEXT(2) 
PARAMETRIC_REPRESENTATION_CONTEXT() REPRESENTATION_CONTEXT('2D SPACE',''
  ) );
#3726 = PCURVE('',#3727,#3732);
#3727 = CYLINDRICAL_SURFACE('',#3728,0.525);
#3728 = AXIS2_PLACEMENT_3D('',#3729,#3730,#3731);
#3729 = CARTESIAN_POINT('',(6.35,-48.9,-1.E-02));
#3730 = DIRECTION('',(0.,0.,1.));
#3731 = DIRECTION('',(1.,0.,-0.));
#3732 = DEFINITIONAL_REPRESENTATION('',(#3733),#3737);
#3733 = LINE('',#3734,#3735);
#3734 = CARTESIAN_POINT('',(0.,1.E-02));
#3735 = VECTOR('',#3736,1.);
#3736 = DIRECTION('',(1.,0.));
#3737 = ( GEOMETRIC_REPRESENTATION_CONTEXT(2) 
PARAMETRIC_REPRESENTATION_CONTEXT() REPRESENTATION_CONTEXT('2D SPACE',''
  ) );
#3738 = FACE_BOUND('',#3739,.T.);
#3739 = EDGE_LOOP('',(#3740));
#3740 = ORIENTED_EDGE('',*,*,#3741,.T.);
#3741 = EDGE_CURVE('',#3742,#3742,#3744,.T.);
#3742 = VERTEX_POINT('',#3743);
#3743 = CARTESIAN_POINT('',(109.55,-46.15,0.));
#3744 = SURFACE_CURVE('',#3745,(#3750,#3761),.PCURVE_S1.);
#3745 = CIRCLE('',#3746,1.1);
#3746 = AXIS2_PLACEMENT_3D('',#3747,#3748,#3749);
#3747 = CARTESIAN_POINT('',(108.45,-46.15,0.));
#3748 = DIRECTION('',(0.,0.,1.));
#3749 = DIRECTION('',(1.,0.,-0.));
#3750 = PCURVE('',#144,#3751);
#3751 = DEFINITIONAL_REPRESENTATION('',(#3752),#3760);
#3752 = ( BOUNDED_CURVE() B_SPLINE_CURVE(2,(#3753,#3754,#3755,#3756,
#3757,#3758,#3759),.UNSPECIFIED.,.T.,.F.) B_SPLINE_CURVE_WITH_KNOTS((1,2
    ,2,2,2,1),(-2.094395102393,0.,2.094395102393,4.188790204786,
6.28318530718,8.377580409573),.UNSPECIFIED.) CURVE() 
GEOMETRIC_REPRESENTATION_ITEM() RATIONAL_B_SPLINE_CURVE((1.,0.5,1.,0.5,
1.,0.5,1.)) REPRESENTATION_ITEM('') );
#3753 = CARTESIAN_POINT('',(-40.35519895202,1.195929131522));
#3754 = CARTESIAN_POINT('',(-40.35519895202,3.101185019848));
#3755 = CARTESIAN_POINT('',(-38.70519895202,2.148557075685));
#3756 = CARTESIAN_POINT('',(-37.05519895202,1.195929131522));
#3757 = CARTESIAN_POINT('',(-38.70519895202,0.24330118736));
#3758 = CARTESIAN_POINT('',(-40.35519895202,-0.709326756803));
#3759 = CARTESIAN_POINT('',(-40.35519895202,1.195929131522));
#3760 = ( GEOMETRIC_REPRESENTATION_CONTEXT(2) 
PARAMETRIC_REPRESENTATION_CONTEXT() REPRESENTATION_CONTEXT('2D SPACE',''
  ) );
#3761 = PCURVE('',#3762,#3767);
#3762 = CYLINDRICAL_SURFACE('',#3763,1.1);
#3763 = AXIS2_PLACEMENT_3D('',#3764,#3765,#3766);
#3764 = CARTESIAN_POINT('',(108.45,-46.15,-1.E-02));
#3765 = DIRECTION('',(0.,0.,1.));
#3766 = DIRECTION('',(1.,0.,-0.));
#3767 = DEFINITIONAL_REPRESENTATION('',(#3768),#3772);
#3768 = LINE('',#3769,#3770);
#3769 = CARTESIAN_POINT('',(0.,1.E-02));
#3770 = VECTOR('',#3771,1.);
#3771 = DIRECTION('',(1.,0.));
#3772 = ( GEOMETRIC_REPRESENTATION_CONTEXT(2) 
PARAMETRIC_REPRESENTATION_CONTEXT() REPRESENTATION_CONTEXT('2D SPACE',''
  ) );
#3773 = FACE_BOUND('',#3774,.T.);
#3774 = EDGE_LOOP('',(#3775));
#3775 = ORIENTED_EDGE('',*,*,#3776,.T.);
#3776 = EDGE_CURVE('',#3777,#3777,#3779,.T.);
#3777 = VERTEX_POINT('',#3778);
#3778 = CARTESIAN_POINT('',(103.575,-43.4,0.));
#3779 = SURFACE_CURVE('',#3780,(#3785,#3796),.PCURVE_S1.);
#3780 = CIRCLE('',#3781,0.625);
#3781 = AXIS2_PLACEMENT_3D('',#3782,#3783,#3784);
#3782 = CARTESIAN_POINT('',(102.95,-43.4,0.));
#3783 = DIRECTION('',(0.,0.,1.));
#3784 = DIRECTION('',(1.,0.,-0.));
#3785 = PCURVE('',#144,#3786);
#3786 = DEFINITIONAL_REPRESENTATION('',(#3787),#3795);
#3787 = ( BOUNDED_CURVE() B_SPLINE_CURVE(2,(#3788,#3789,#3790,#3791,
#3792,#3793,#3794),.UNSPECIFIED.,.T.,.F.) B_SPLINE_CURVE_WITH_KNOTS((1,2
    ,2,2,2,1),(-2.094395102393,0.,2.094395102393,4.188790204786,
6.28318530718,8.377580409573),.UNSPECIFIED.) CURVE() 
GEOMETRIC_REPRESENTATION_ITEM() RATIONAL_B_SPLINE_CURVE((1.,0.5,1.,0.5,
1.,0.5,1.)) REPRESENTATION_ITEM('') );
#3788 = CARTESIAN_POINT('',(-34.38019895202,3.945929131522));
#3789 = CARTESIAN_POINT('',(-34.38019895202,5.028460886253));
#3790 = CARTESIAN_POINT('',(-33.44269895202,4.487195008888));
#3791 = CARTESIAN_POINT('',(-32.50519895202,3.945929131522));
#3792 = CARTESIAN_POINT('',(-33.44269895202,3.404663254157));
#3793 = CARTESIAN_POINT('',(-34.38019895202,2.863397376792));
#3794 = CARTESIAN_POINT('',(-34.38019895202,3.945929131522));
#3795 = ( GEOMETRIC_REPRESENTATION_CONTEXT(2) 
PARAMETRIC_REPRESENTATION_CONTEXT() REPRESENTATION_CONTEXT('2D SPACE',''
  ) );
#3796 = PCURVE('',#3797,#3802);
#3797 = CYLINDRICAL_SURFACE('',#3798,0.625);
#3798 = AXIS2_PLACEMENT_3D('',#3799,#3800,#3801);
#3799 = CARTESIAN_POINT('',(102.95,-43.4,-1.E-02));
#3800 = DIRECTION('',(0.,0.,1.));
#3801 = DIRECTION('',(1.,0.,-0.));
#3802 = DEFINITIONAL_REPRESENTATION('',(#3803),#3807);
#3803 = LINE('',#3804,#3805);
#3804 = CARTESIAN_POINT('',(0.,1.E-02));
#3805 = VECTOR('',#3806,1.);
#3806 = DIRECTION('',(1.,0.));
#3807 = ( GEOMETRIC_REPRESENTATION_CONTEXT(2) 
PARAMETRIC_REPRESENTATION_CONTEXT() REPRESENTATION_CONTEXT('2D SPACE',''
  ) );
#3808 = FACE_BOUND('',#3809,.T.);
#3809 = EDGE_LOOP('',(#3810,#3840,#3868,#3896));
#3810 = ORIENTED_EDGE('',*,*,#3811,.T.);
#3811 = EDGE_CURVE('',#3812,#3814,#3816,.T.);
#3812 = VERTEX_POINT('',#3813);
#3813 = CARTESIAN_POINT('',(111.15,-6.45,0.));
#3814 = VERTEX_POINT('',#3815);
#3815 = CARTESIAN_POINT('',(111.15,-48.45,0.));
#3816 = SURFACE_CURVE('',#3817,(#3821,#3828),.PCURVE_S1.);
#3817 = LINE('',#3818,#3819);
#3818 = CARTESIAN_POINT('',(111.15,-6.45,0.));
#3819 = VECTOR('',#3820,1.);
#3820 = DIRECTION('',(0.,-1.,0.));
#3821 = PCURVE('',#144,#3822);
#3822 = DEFINITIONAL_REPRESENTATION('',(#3823),#3827);
#3823 = LINE('',#3824,#3825);
#3824 = CARTESIAN_POINT('',(-41.95519895202,40.895929131522));
#3825 = VECTOR('',#3826,1.);
#3826 = DIRECTION('',(0.,-1.));
#3827 = ( GEOMETRIC_REPRESENTATION_CONTEXT(2) 
PARAMETRIC_REPRESENTATION_CONTEXT() REPRESENTATION_CONTEXT('2D SPACE',''
  ) );
#3828 = PCURVE('',#3829,#3834);
#3829 = PLANE('',#3830);
#3830 = AXIS2_PLACEMENT_3D('',#3831,#3832,#3833);
#3831 = CARTESIAN_POINT('',(111.15,-6.45,0.));
#3832 = DIRECTION('',(1.,0.,-0.));
#3833 = DIRECTION('',(0.,-1.,0.));
#3834 = DEFINITIONAL_REPRESENTATION('',(#3835),#3839);
#3835 = LINE('',#3836,#3837);
#3836 = CARTESIAN_POINT('',(0.,0.));
#3837 = VECTOR('',#3838,1.);
#3838 = DIRECTION('',(1.,0.));
#3839 = ( GEOMETRIC_REPRESENTATION_CONTEXT(2) 
PARAMETRIC_REPRESENTATION_CONTEXT() REPRESENTATION_CONTEXT('2D SPACE',''
  ) );
#3840 = ORIENTED_EDGE('',*,*,#3841,.T.);
#3841 = EDGE_CURVE('',#3814,#3842,#3844,.T.);
#3842 = VERTEX_POINT('',#3843);
#3843 = CARTESIAN_POINT('',(132.15,-48.45,0.));
#3844 = SURFACE_CURVE('',#3845,(#3849,#3856),.PCURVE_S1.);
#3845 = LINE('',#3846,#3847);
#3846 = CARTESIAN_POINT('',(111.15,-48.45,0.));
#3847 = VECTOR('',#3848,1.);
#3848 = DIRECTION('',(1.,0.,0.));
#3849 = PCURVE('',#144,#3850);
#3850 = DEFINITIONAL_REPRESENTATION('',(#3851),#3855);
#3851 = LINE('',#3852,#3853);
#3852 = CARTESIAN_POINT('',(-41.95519895202,-1.104070868478));
#3853 = VECTOR('',#3854,1.);
#3854 = DIRECTION('',(-1.,0.));
#3855 = ( GEOMETRIC_REPRESENTATION_CONTEXT(2) 
PARAMETRIC_REPRESENTATION_CONTEXT() REPRESENTATION_CONTEXT('2D SPACE',''
  ) );
#3856 = PCURVE('',#3857,#3862);
#3857 = PLANE('',#3858);
#3858 = AXIS2_PLACEMENT_3D('',#3859,#3860,#3861);
#3859 = CARTESIAN_POINT('',(111.15,-48.45,0.));
#3860 = DIRECTION('',(0.,1.,0.));
#3861 = DIRECTION('',(1.,0.,0.));
#3862 = DEFINITIONAL_REPRESENTATION('',(#3863),#3867);
#3863 = LINE('',#3864,#3865);
#3864 = CARTESIAN_POINT('',(0.,0.));
#3865 = VECTOR('',#3866,1.);
#3866 = DIRECTION('',(1.,0.));
#3867 = ( GEOMETRIC_REPRESENTATION_CONTEXT(2) 
PARAMETRIC_REPRESENTATION_CONTEXT() REPRESENTATION_CONTEXT('2D SPACE',''
  ) );
#3868 = ORIENTED_EDGE('',*,*,#3869,.T.);
#3869 = EDGE_CURVE('',#3842,#3870,#3872,.T.);
#3870 = VERTEX_POINT('',#3871);
#3871 = CARTESIAN_POINT('',(132.15,-6.45,0.));
#3872 = SURFACE_CURVE('',#3873,(#3877,#3884),.PCURVE_S1.);
#3873 = LINE('',#3874,#3875);
#3874 = CARTESIAN_POINT('',(132.15,-48.45,0.));
#3875 = VECTOR('',#3876,1.);
#3876 = DIRECTION('',(0.,1.,0.));
#3877 = PCURVE('',#144,#3878);
#3878 = DEFINITIONAL_REPRESENTATION('',(#3879),#3883);
#3879 = LINE('',#3880,#3881);
#3880 = CARTESIAN_POINT('',(-62.95519895202,-1.104070868478));
#3881 = VECTOR('',#3882,1.);
#3882 = DIRECTION('',(0.,1.));
#3883 = ( GEOMETRIC_REPRESENTATION_CONTEXT(2) 
PARAMETRIC_REPRESENTATION_CONTEXT() REPRESENTATION_CONTEXT('2D SPACE',''
  ) );
#3884 = PCURVE('',#3885,#3890);
#3885 = PLANE('',#3886);
#3886 = AXIS2_PLACEMENT_3D('',#3887,#3888,#3889);
#3887 = CARTESIAN_POINT('',(132.15,-48.45,0.));
#3888 = DIRECTION('',(-1.,0.,0.));
#3889 = DIRECTION('',(0.,1.,0.));
#3890 = DEFINITIONAL_REPRESENTATION('',(#3891),#3895);
#3891 = LINE('',#3892,#3893);
#3892 = CARTESIAN_POINT('',(0.,0.));
#3893 = VECTOR('',#3894,1.);
#3894 = DIRECTION('',(1.,0.));
#3895 = ( GEOMETRIC_REPRESENTATION_CONTEXT(2) 
PARAMETRIC_REPRESENTATION_CONTEXT() REPRESENTATION_CONTEXT('2D SPACE',''
  ) );
#3896 = ORIENTED_EDGE('',*,*,#3897,.T.);
#3897 = EDGE_CURVE('',#3870,#3812,#3898,.T.);
#3898 = SURFACE_CURVE('',#3899,(#3903,#3910),.PCURVE_S1.);
#3899 = LINE('',#3900,#3901);
#3900 = CARTESIAN_POINT('',(132.15,-6.45,0.));
#3901 = VECTOR('',#3902,1.);
#3902 = DIRECTION('',(-1.,0.,0.));
#3903 = PCURVE('',#144,#3904);
#3904 = DEFINITIONAL_REPRESENTATION('',(#3905),#3909);
#3905 = LINE('',#3906,#3907);
#3906 = CARTESIAN_POINT('',(-62.95519895202,40.895929131522));
#3907 = VECTOR('',#3908,1.);
#3908 = DIRECTION('',(1.,0.));
#3909 = ( GEOMETRIC_REPRESENTATION_CONTEXT(2) 
PARAMETRIC_REPRESENTATION_CONTEXT() REPRESENTATION_CONTEXT('2D SPACE',''
  ) );
#3910 = PCURVE('',#3911,#3916);
#3911 = PLANE('',#3912);
#3912 = AXIS2_PLACEMENT_3D('',#3913,#3914,#3915);
#3913 = CARTESIAN_POINT('',(132.15,-6.45,0.));
#3914 = DIRECTION('',(0.,-1.,0.));
#3915 = DIRECTION('',(-1.,0.,0.));
#3916 = DEFINITIONAL_REPRESENTATION('',(#3917),#3921);
#3917 = LINE('',#3918,#3919);
#3918 = CARTESIAN_POINT('',(0.,-0.));
#3919 = VECTOR('',#3920,1.);
#3920 = DIRECTION('',(1.,0.));
#3921 = ( GEOMETRIC_REPRESENTATION_CONTEXT(2) 
PARAMETRIC_REPRESENTATION_CONTEXT() REPRESENTATION_CONTEXT('2D SPACE',''
  ) );
#3922 = FACE_BOUND('',#3923,.T.);
#3923 = EDGE_LOOP('',(#3924));
#3924 = ORIENTED_EDGE('',*,*,#3925,.T.);
#3925 = EDGE_CURVE('',#3926,#3926,#3928,.T.);
#3926 = VERTEX_POINT('',#3927);
#3927 = CARTESIAN_POINT('',(103.575,-26.4,0.));
#3928 = SURFACE_CURVE('',#3929,(#3934,#3945),.PCURVE_S1.);
#3929 = CIRCLE('',#3930,0.625);
#3930 = AXIS2_PLACEMENT_3D('',#3931,#3932,#3933);
#3931 = CARTESIAN_POINT('',(102.95,-26.4,0.));
#3932 = DIRECTION('',(0.,0.,1.));
#3933 = DIRECTION('',(1.,0.,-0.));
#3934 = PCURVE('',#144,#3935);
#3935 = DEFINITIONAL_REPRESENTATION('',(#3936),#3944);
#3936 = ( BOUNDED_CURVE() B_SPLINE_CURVE(2,(#3937,#3938,#3939,#3940,
#3941,#3942,#3943),.UNSPECIFIED.,.T.,.F.) B_SPLINE_CURVE_WITH_KNOTS((1,2
    ,2,2,2,1),(-2.094395102393,0.,2.094395102393,4.188790204786,
6.28318530718,8.377580409573),.UNSPECIFIED.) CURVE() 
GEOMETRIC_REPRESENTATION_ITEM() RATIONAL_B_SPLINE_CURVE((1.,0.5,1.,0.5,
1.,0.5,1.)) REPRESENTATION_ITEM('') );
#3937 = CARTESIAN_POINT('',(-34.38019895202,20.945929131522));
#3938 = CARTESIAN_POINT('',(-34.38019895202,22.028460886253));
#3939 = CARTESIAN_POINT('',(-33.44269895202,21.487195008888));
#3940 = CARTESIAN_POINT('',(-32.50519895202,20.945929131522));
#3941 = CARTESIAN_POINT('',(-33.44269895202,20.404663254157));
#3942 = CARTESIAN_POINT('',(-34.38019895202,19.863397376792));
#3943 = CARTESIAN_POINT('',(-34.38019895202,20.945929131522));
#3944 = ( GEOMETRIC_REPRESENTATION_CONTEXT(2) 
PARAMETRIC_REPRESENTATION_CONTEXT() REPRESENTATION_CONTEXT('2D SPACE',''
  ) );
#3945 = PCURVE('',#3946,#3951);
#3946 = CYLINDRICAL_SURFACE('',#3947,0.625);
#3947 = AXIS2_PLACEMENT_3D('',#3948,#3949,#3950);
#3948 = CARTESIAN_POINT('',(102.95,-26.4,-1.E-02));
#3949 = DIRECTION('',(0.,0.,1.));
#3950 = DIRECTION('',(1.,0.,-0.));
#3951 = DEFINITIONAL_REPRESENTATION('',(#3952),#3956);
#3952 = LINE('',#3953,#3954);
#3953 = CARTESIAN_POINT('',(0.,1.E-02));
#3954 = VECTOR('',#3955,1.);
#3955 = DIRECTION('',(1.,0.));
#3956 = ( GEOMETRIC_REPRESENTATION_CONTEXT(2) 
PARAMETRIC_REPRESENTATION_CONTEXT() REPRESENTATION_CONTEXT('2D SPACE',''
  ) );
#3957 = FACE_BOUND('',#3958,.T.);
#3958 = EDGE_LOOP('',(#3959));
#3959 = ORIENTED_EDGE('',*,*,#3960,.T.);
#3960 = EDGE_CURVE('',#3961,#3961,#3963,.T.);
#3961 = VERTEX_POINT('',#3962);
#3962 = CARTESIAN_POINT('',(86.575,-43.4,0.));
#3963 = SURFACE_CURVE('',#3964,(#3969,#3980),.PCURVE_S1.);
#3964 = CIRCLE('',#3965,0.625);
#3965 = AXIS2_PLACEMENT_3D('',#3966,#3967,#3968);
#3966 = CARTESIAN_POINT('',(85.95,-43.4,0.));
#3967 = DIRECTION('',(0.,0.,1.));
#3968 = DIRECTION('',(1.,0.,-0.));
#3969 = PCURVE('',#144,#3970);
#3970 = DEFINITIONAL_REPRESENTATION('',(#3971),#3979);
#3971 = ( BOUNDED_CURVE() B_SPLINE_CURVE(2,(#3972,#3973,#3974,#3975,
#3976,#3977,#3978),.UNSPECIFIED.,.T.,.F.) B_SPLINE_CURVE_WITH_KNOTS((1,2
    ,2,2,2,1),(-2.094395102393,0.,2.094395102393,4.188790204786,
6.28318530718,8.377580409573),.UNSPECIFIED.) CURVE() 
GEOMETRIC_REPRESENTATION_ITEM() RATIONAL_B_SPLINE_CURVE((1.,0.5,1.,0.5,
1.,0.5,1.)) REPRESENTATION_ITEM('') );
#3972 = CARTESIAN_POINT('',(-17.38019895202,3.945929131522));
#3973 = CARTESIAN_POINT('',(-17.38019895202,5.028460886253));
#3974 = CARTESIAN_POINT('',(-16.44269895202,4.487195008888));
#3975 = CARTESIAN_POINT('',(-15.50519895202,3.945929131522));
#3976 = CARTESIAN_POINT('',(-16.44269895202,3.404663254157));
#3977 = CARTESIAN_POINT('',(-17.38019895202,2.863397376792));
#3978 = CARTESIAN_POINT('',(-17.38019895202,3.945929131522));
#3979 = ( GEOMETRIC_REPRESENTATION_CONTEXT(2) 
PARAMETRIC_REPRESENTATION_CONTEXT() REPRESENTATION_CONTEXT('2D SPACE',''
  ) );
#3980 = PCURVE('',#3981,#3986);
#3981 = CYLINDRICAL_SURFACE('',#3982,0.625);
#3982 = AXIS2_PLACEMENT_3D('',#3983,#3984,#3985);
#3983 = CARTESIAN_POINT('',(85.95,-43.4,-1.E-02));
#3984 = DIRECTION('',(0.,0.,1.));
#3985 = DIRECTION('',(1.,0.,-0.));
#3986 = DEFINITIONAL_REPRESENTATION('',(#3987),#3991);
#3987 = LINE('',#3988,#3989);
#3988 = CARTESIAN_POINT('',(0.,1.E-02));
#3989 = VECTOR('',#3990,1.);
#3990 = DIRECTION('',(1.,0.));
#3991 = ( GEOMETRIC_REPRESENTATION_CONTEXT(2) 
PARAMETRIC_REPRESENTATION_CONTEXT() REPRESENTATION_CONTEXT('2D SPACE',''
  ) );
#3992 = FACE_BOUND('',#3993,.T.);
#3993 = EDGE_LOOP('',(#3994));
#3994 = ORIENTED_EDGE('',*,*,#3995,.T.);
#3995 = EDGE_CURVE('',#3996,#3996,#3998,.T.);
#3996 = VERTEX_POINT('',#3997);
#3997 = CARTESIAN_POINT('',(69.575,-43.4,0.));
#3998 = SURFACE_CURVE('',#3999,(#4004,#4015),.PCURVE_S1.);
#3999 = CIRCLE('',#4000,0.625);
#4000 = AXIS2_PLACEMENT_3D('',#4001,#4002,#4003);
#4001 = CARTESIAN_POINT('',(68.95,-43.4,0.));
#4002 = DIRECTION('',(0.,0.,1.));
#4003 = DIRECTION('',(1.,0.,-0.));
#4004 = PCURVE('',#144,#4005);
#4005 = DEFINITIONAL_REPRESENTATION('',(#4006),#4014);
#4006 = ( BOUNDED_CURVE() B_SPLINE_CURVE(2,(#4007,#4008,#4009,#4010,
#4011,#4012,#4013),.UNSPECIFIED.,.T.,.F.) B_SPLINE_CURVE_WITH_KNOTS((1,2
    ,2,2,2,1),(-2.094395102393,0.,2.094395102393,4.188790204786,
6.28318530718,8.377580409573),.UNSPECIFIED.) CURVE() 
GEOMETRIC_REPRESENTATION_ITEM() RATIONAL_B_SPLINE_CURVE((1.,0.5,1.,0.5,
1.,0.5,1.)) REPRESENTATION_ITEM('') );
#4007 = CARTESIAN_POINT('',(-0.380198952024,3.945929131522));
#4008 = CARTESIAN_POINT('',(-0.380198952024,5.028460886253));
#4009 = CARTESIAN_POINT('',(0.557301047976,4.487195008888));
#4010 = CARTESIAN_POINT('',(1.494801047976,3.945929131522));
#4011 = CARTESIAN_POINT('',(0.557301047976,3.404663254157));
#4012 = CARTESIAN_POINT('',(-0.380198952024,2.863397376792));
#4013 = CARTESIAN_POINT('',(-0.380198952024,3.945929131522));
#4014 = ( GEOMETRIC_REPRESENTATION_CONTEXT(2) 
PARAMETRIC_REPRESENTATION_CONTEXT() REPRESENTATION_CONTEXT('2D SPACE',''
  ) );
#4015 = PCURVE('',#4016,#4021);
#4016 = CYLINDRICAL_SURFACE('',#4017,0.625);
#4017 = AXIS2_PLACEMENT_3D('',#4018,#4019,#4020);
#4018 = CARTESIAN_POINT('',(68.95,-43.4,-1.E-02));
#4019 = DIRECTION('',(0.,0.,1.));
#4020 = DIRECTION('',(1.,0.,-0.));
#4021 = DEFINITIONAL_REPRESENTATION('',(#4022),#4026);
#4022 = LINE('',#4023,#4024);
#4023 = CARTESIAN_POINT('',(0.,1.E-02));
#4024 = VECTOR('',#4025,1.);
#4025 = DIRECTION('',(1.,0.));
#4026 = ( GEOMETRIC_REPRESENTATION_CONTEXT(2) 
PARAMETRIC_REPRESENTATION_CONTEXT() REPRESENTATION_CONTEXT('2D SPACE',''
  ) );
#4027 = FACE_BOUND('',#4028,.T.);
#4028 = EDGE_LOOP('',(#4029));
#4029 = ORIENTED_EDGE('',*,*,#4030,.T.);
#4030 = EDGE_CURVE('',#4031,#4031,#4033,.T.);
#4031 = VERTEX_POINT('',#4032);
#4032 = CARTESIAN_POINT('',(91.875,-31.9,0.));
#4033 = SURFACE_CURVE('',#4034,(#4039,#4050),.PCURVE_S1.);
#4034 = CIRCLE('',#4035,0.525);
#4035 = AXIS2_PLACEMENT_3D('',#4036,#4037,#4038);
#4036 = CARTESIAN_POINT('',(91.35,-31.9,0.));
#4037 = DIRECTION('',(0.,0.,1.));
#4038 = DIRECTION('',(1.,0.,-0.));
#4039 = PCURVE('',#144,#4040);
#4040 = DEFINITIONAL_REPRESENTATION('',(#4041),#4049);
#4041 = ( BOUNDED_CURVE() B_SPLINE_CURVE(2,(#4042,#4043,#4044,#4045,
#4046,#4047,#4048),.UNSPECIFIED.,.T.,.F.) B_SPLINE_CURVE_WITH_KNOTS((1,2
    ,2,2,2,1),(-2.094395102393,0.,2.094395102393,4.188790204786,
6.28318530718,8.377580409573),.UNSPECIFIED.) CURVE() 
GEOMETRIC_REPRESENTATION_ITEM() RATIONAL_B_SPLINE_CURVE((1.,0.5,1.,0.5,
1.,0.5,1.)) REPRESENTATION_ITEM('') );
#4042 = CARTESIAN_POINT('',(-22.68019895202,15.445929131522));
#4043 = CARTESIAN_POINT('',(-22.68019895202,16.355255805496));
#4044 = CARTESIAN_POINT('',(-21.89269895202,15.900592468509));
#4045 = CARTESIAN_POINT('',(-21.10519895202,15.445929131522));
#4046 = CARTESIAN_POINT('',(-21.89269895202,14.991265794536));
#4047 = CARTESIAN_POINT('',(-22.68019895202,14.536602457549));
#4048 = CARTESIAN_POINT('',(-22.68019895202,15.445929131522));
#4049 = ( GEOMETRIC_REPRESENTATION_CONTEXT(2) 
PARAMETRIC_REPRESENTATION_CONTEXT() REPRESENTATION_CONTEXT('2D SPACE',''
  ) );
#4050 = PCURVE('',#4051,#4056);
#4051 = CYLINDRICAL_SURFACE('',#4052,0.525);
#4052 = AXIS2_PLACEMENT_3D('',#4053,#4054,#4055);
#4053 = CARTESIAN_POINT('',(91.35,-31.9,-1.E-02));
#4054 = DIRECTION('',(0.,0.,1.));
#4055 = DIRECTION('',(1.,0.,-0.));
#4056 = DEFINITIONAL_REPRESENTATION('',(#4057),#4061);
#4057 = LINE('',#4058,#4059);
#4058 = CARTESIAN_POINT('',(0.,1.E-02));
#4059 = VECTOR('',#4060,1.);
#4060 = DIRECTION('',(1.,0.));
#4061 = ( GEOMETRIC_REPRESENTATION_CONTEXT(2) 
PARAMETRIC_REPRESENTATION_CONTEXT() REPRESENTATION_CONTEXT('2D SPACE',''
  ) );
#4062 = FACE_BOUND('',#4063,.T.);
#4063 = EDGE_LOOP('',(#4064));
#4064 = ORIENTED_EDGE('',*,*,#4065,.T.);
#4065 = EDGE_CURVE('',#4066,#4066,#4068,.T.);
#4066 = VERTEX_POINT('',#4067);
#4067 = CARTESIAN_POINT('',(86.575,-26.4,0.));
#4068 = SURFACE_CURVE('',#4069,(#4074,#4085),.PCURVE_S1.);
#4069 = CIRCLE('',#4070,0.625);
#4070 = AXIS2_PLACEMENT_3D('',#4071,#4072,#4073);
#4071 = CARTESIAN_POINT('',(85.95,-26.4,0.));
#4072 = DIRECTION('',(0.,0.,1.));
#4073 = DIRECTION('',(1.,0.,-0.));
#4074 = PCURVE('',#144,#4075);
#4075 = DEFINITIONAL_REPRESENTATION('',(#4076),#4084);
#4076 = ( BOUNDED_CURVE() B_SPLINE_CURVE(2,(#4077,#4078,#4079,#4080,
#4081,#4082,#4083),.UNSPECIFIED.,.T.,.F.) B_SPLINE_CURVE_WITH_KNOTS((1,2
    ,2,2,2,1),(-2.094395102393,0.,2.094395102393,4.188790204786,
6.28318530718,8.377580409573),.UNSPECIFIED.) CURVE() 
GEOMETRIC_REPRESENTATION_ITEM() RATIONAL_B_SPLINE_CURVE((1.,0.5,1.,0.5,
1.,0.5,1.)) REPRESENTATION_ITEM('') );
#4077 = CARTESIAN_POINT('',(-17.38019895202,20.945929131522));
#4078 = CARTESIAN_POINT('',(-17.38019895202,22.028460886253));
#4079 = CARTESIAN_POINT('',(-16.44269895202,21.487195008888));
#4080 = CARTESIAN_POINT('',(-15.50519895202,20.945929131522));
#4081 = CARTESIAN_POINT('',(-16.44269895202,20.404663254157));
#4082 = CARTESIAN_POINT('',(-17.38019895202,19.863397376792));
#4083 = CARTESIAN_POINT('',(-17.38019895202,20.945929131522));
#4084 = ( GEOMETRIC_REPRESENTATION_CONTEXT(2) 
PARAMETRIC_REPRESENTATION_CONTEXT() REPRESENTATION_CONTEXT('2D SPACE',''
  ) );
#4085 = PCURVE('',#4086,#4091);
#4086 = CYLINDRICAL_SURFACE('',#4087,0.625);
#4087 = AXIS2_PLACEMENT_3D('',#4088,#4089,#4090);
#4088 = CARTESIAN_POINT('',(85.95,-26.4,-1.E-02));
#4089 = DIRECTION('',(0.,0.,1.));
#4090 = DIRECTION('',(1.,0.,-0.));
#4091 = DEFINITIONAL_REPRESENTATION('',(#4092),#4096);
#4092 = LINE('',#4093,#4094);
#4093 = CARTESIAN_POINT('',(0.,1.E-02));
#4094 = VECTOR('',#4095,1.);
#4095 = DIRECTION('',(1.,0.));
#4096 = ( GEOMETRIC_REPRESENTATION_CONTEXT(2) 
PARAMETRIC_REPRESENTATION_CONTEXT() REPRESENTATION_CONTEXT('2D SPACE',''
  ) );
#4097 = FACE_BOUND('',#4098,.T.);
#4098 = EDGE_LOOP('',(#4099));
#4099 = ORIENTED_EDGE('',*,*,#4100,.T.);
#4100 = EDGE_CURVE('',#4101,#4101,#4103,.T.);
#4101 = VERTEX_POINT('',#4102);
#4102 = CARTESIAN_POINT('',(74.875,-31.9,0.));
#4103 = SURFACE_CURVE('',#4104,(#4109,#4120),.PCURVE_S1.);
#4104 = CIRCLE('',#4105,0.525);
#4105 = AXIS2_PLACEMENT_3D('',#4106,#4107,#4108);
#4106 = CARTESIAN_POINT('',(74.35,-31.9,0.));
#4107 = DIRECTION('',(0.,0.,1.));
#4108 = DIRECTION('',(1.,0.,-0.));
#4109 = PCURVE('',#144,#4110);
#4110 = DEFINITIONAL_REPRESENTATION('',(#4111),#4119);
#4111 = ( BOUNDED_CURVE() B_SPLINE_CURVE(2,(#4112,#4113,#4114,#4115,
#4116,#4117,#4118),.UNSPECIFIED.,.T.,.F.) B_SPLINE_CURVE_WITH_KNOTS((1,2
    ,2,2,2,1),(-2.094395102393,0.,2.094395102393,4.188790204786,
6.28318530718,8.377580409573),.UNSPECIFIED.) CURVE() 
GEOMETRIC_REPRESENTATION_ITEM() RATIONAL_B_SPLINE_CURVE((1.,0.5,1.,0.5,
1.,0.5,1.)) REPRESENTATION_ITEM('') );
#4112 = CARTESIAN_POINT('',(-5.680198952024,15.445929131522));
#4113 = CARTESIAN_POINT('',(-5.680198952024,16.355255805496));
#4114 = CARTESIAN_POINT('',(-4.892698952024,15.900592468509));
#4115 = CARTESIAN_POINT('',(-4.105198952024,15.445929131522));
#4116 = CARTESIAN_POINT('',(-4.892698952024,14.991265794536));
#4117 = CARTESIAN_POINT('',(-5.680198952024,14.536602457549));
#4118 = CARTESIAN_POINT('',(-5.680198952024,15.445929131522));
#4119 = ( GEOMETRIC_REPRESENTATION_CONTEXT(2) 
PARAMETRIC_REPRESENTATION_CONTEXT() REPRESENTATION_CONTEXT('2D SPACE',''
  ) );
#4120 = PCURVE('',#4121,#4126);
#4121 = CYLINDRICAL_SURFACE('',#4122,0.525);
#4122 = AXIS2_PLACEMENT_3D('',#4123,#4124,#4125);
#4123 = CARTESIAN_POINT('',(74.35,-31.9,-1.E-02));
#4124 = DIRECTION('',(0.,0.,1.));
#4125 = DIRECTION('',(1.,0.,-0.));
#4126 = DEFINITIONAL_REPRESENTATION('',(#4127),#4131);
#4127 = LINE('',#4128,#4129);
#4128 = CARTESIAN_POINT('',(0.,1.E-02));
#4129 = VECTOR('',#4130,1.);
#4130 = DIRECTION('',(1.,0.));
#4131 = ( GEOMETRIC_REPRESENTATION_CONTEXT(2) 
PARAMETRIC_REPRESENTATION_CONTEXT() REPRESENTATION_CONTEXT('2D SPACE',''
  ) );
#4132 = FACE_BOUND('',#4133,.T.);
#4133 = EDGE_LOOP('',(#4134));
#4134 = ORIENTED_EDGE('',*,*,#4135,.T.);
#4135 = EDGE_CURVE('',#4136,#4136,#4138,.T.);
#4136 = VERTEX_POINT('',#4137);
#4137 = CARTESIAN_POINT('',(69.575,-26.4,0.));
#4138 = SURFACE_CURVE('',#4139,(#4144,#4155),.PCURVE_S1.);
#4139 = CIRCLE('',#4140,0.625);
#4140 = AXIS2_PLACEMENT_3D('',#4141,#4142,#4143);
#4141 = CARTESIAN_POINT('',(68.95,-26.4,0.));
#4142 = DIRECTION('',(0.,0.,1.));
#4143 = DIRECTION('',(1.,0.,-0.));
#4144 = PCURVE('',#144,#4145);
#4145 = DEFINITIONAL_REPRESENTATION('',(#4146),#4154);
#4146 = ( BOUNDED_CURVE() B_SPLINE_CURVE(2,(#4147,#4148,#4149,#4150,
#4151,#4152,#4153),.UNSPECIFIED.,.T.,.F.) B_SPLINE_CURVE_WITH_KNOTS((1,2
    ,2,2,2,1),(-2.094395102393,0.,2.094395102393,4.188790204786,
6.28318530718,8.377580409573),.UNSPECIFIED.) CURVE() 
GEOMETRIC_REPRESENTATION_ITEM() RATIONAL_B_SPLINE_CURVE((1.,0.5,1.,0.5,
1.,0.5,1.)) REPRESENTATION_ITEM('') );
#4147 = CARTESIAN_POINT('',(-0.380198952024,20.945929131522));
#4148 = CARTESIAN_POINT('',(-0.380198952024,22.028460886253));
#4149 = CARTESIAN_POINT('',(0.557301047976,21.487195008888));
#4150 = CARTESIAN_POINT('',(1.494801047976,20.945929131522));
#4151 = CARTESIAN_POINT('',(0.557301047976,20.404663254157));
#4152 = CARTESIAN_POINT('',(-0.380198952024,19.863397376792));
#4153 = CARTESIAN_POINT('',(-0.380198952024,20.945929131522));
#4154 = ( GEOMETRIC_REPRESENTATION_CONTEXT(2) 
PARAMETRIC_REPRESENTATION_CONTEXT() REPRESENTATION_CONTEXT('2D SPACE',''
  ) );
#4155 = PCURVE('',#4156,#4161);
#4156 = CYLINDRICAL_SURFACE('',#4157,0.625);
#4157 = AXIS2_PLACEMENT_3D('',#4158,#4159,#4160);
#4158 = CARTESIAN_POINT('',(68.95,-26.4,-1.E-02));
#4159 = DIRECTION('',(0.,0.,1.));
#4160 = DIRECTION('',(1.,0.,-0.));
#4161 = DEFINITIONAL_REPRESENTATION('',(#4162),#4166);
#4162 = LINE('',#4163,#4164);
#4163 = CARTESIAN_POINT('',(0.,1.E-02));
#4164 = VECTOR('',#4165,1.);
#4165 = DIRECTION('',(1.,0.));
#4166 = ( GEOMETRIC_REPRESENTATION_CONTEXT(2) 
PARAMETRIC_REPRESENTATION_CONTEXT() REPRESENTATION_CONTEXT('2D SPACE',''
  ) );
#4167 = FACE_BOUND('',#4168,.T.);
#4168 = EDGE_LOOP('',(#4169));
#4169 = ORIENTED_EDGE('',*,*,#4170,.T.);
#4170 = EDGE_CURVE('',#4171,#4171,#4173,.T.);
#4171 = VERTEX_POINT('',#4172);
#4172 = CARTESIAN_POINT('',(131.769999,-2.45,0.));
#4173 = SURFACE_CURVE('',#4174,(#4179,#4190),.PCURVE_S1.);
#4174 = CIRCLE('',#4175,1.1);
#4175 = AXIS2_PLACEMENT_3D('',#4176,#4177,#4178);
#4176 = CARTESIAN_POINT('',(130.669999,-2.45,0.));
#4177 = DIRECTION('',(0.,0.,1.));
#4178 = DIRECTION('',(1.,0.,-0.));
#4179 = PCURVE('',#144,#4180);
#4180 = DEFINITIONAL_REPRESENTATION('',(#4181),#4189);
#4181 = ( BOUNDED_CURVE() B_SPLINE_CURVE(2,(#4182,#4183,#4184,#4185,
#4186,#4187,#4188),.UNSPECIFIED.,.T.,.F.) B_SPLINE_CURVE_WITH_KNOTS((1,2
    ,2,2,2,1),(-2.094395102393,0.,2.094395102393,4.188790204786,
6.28318530718,8.377580409573),.UNSPECIFIED.) CURVE() 
GEOMETRIC_REPRESENTATION_ITEM() RATIONAL_B_SPLINE_CURVE((1.,0.5,1.,0.5,
1.,0.5,1.)) REPRESENTATION_ITEM('') );
#4182 = CARTESIAN_POINT('',(-62.57519795202,44.895929131522));
#4183 = CARTESIAN_POINT('',(-62.57519795202,46.801185019848));
#4184 = CARTESIAN_POINT('',(-60.92519795202,45.848557075685));
#4185 = CARTESIAN_POINT('',(-59.27519795202,44.895929131522));
#4186 = CARTESIAN_POINT('',(-60.92519795202,43.94330118736));
#4187 = CARTESIAN_POINT('',(-62.57519795202,42.990673243197));
#4188 = CARTESIAN_POINT('',(-62.57519795202,44.895929131522));
#4189 = ( GEOMETRIC_REPRESENTATION_CONTEXT(2) 
PARAMETRIC_REPRESENTATION_CONTEXT() REPRESENTATION_CONTEXT('2D SPACE',''
  ) );
#4190 = PCURVE('',#4191,#4196);
#4191 = CYLINDRICAL_SURFACE('',#4192,1.1);
#4192 = AXIS2_PLACEMENT_3D('',#4193,#4194,#4195);
#4193 = CARTESIAN_POINT('',(130.669999,-2.45,-1.E-02));
#4194 = DIRECTION('',(0.,0.,1.));
#4195 = DIRECTION('',(1.,0.,-0.));
#4196 = DEFINITIONAL_REPRESENTATION('',(#4197),#4201);
#4197 = LINE('',#4198,#4199);
#4198 = CARTESIAN_POINT('',(0.,1.E-02));
#4199 = VECTOR('',#4200,1.);
#4200 = DIRECTION('',(1.,0.));
#4201 = ( GEOMETRIC_REPRESENTATION_CONTEXT(2) 
PARAMETRIC_REPRESENTATION_CONTEXT() REPRESENTATION_CONTEXT('2D SPACE',''
  ) );
#4202 = FACE_BOUND('',#4203,.T.);
#4203 = EDGE_LOOP('',(#4204));
#4204 = ORIENTED_EDGE('',*,*,#4205,.T.);
#4205 = EDGE_CURVE('',#4206,#4206,#4208,.T.);
#4206 = VERTEX_POINT('',#4207);
#4207 = CARTESIAN_POINT('',(103.575,-9.4,0.));
#4208 = SURFACE_CURVE('',#4209,(#4214,#4225),.PCURVE_S1.);
#4209 = CIRCLE('',#4210,0.625);
#4210 = AXIS2_PLACEMENT_3D('',#4211,#4212,#4213);
#4211 = CARTESIAN_POINT('',(102.95,-9.4,0.));
#4212 = DIRECTION('',(0.,0.,1.));
#4213 = DIRECTION('',(1.,0.,-0.));
#4214 = PCURVE('',#144,#4215);
#4215 = DEFINITIONAL_REPRESENTATION('',(#4216),#4224);
#4216 = ( BOUNDED_CURVE() B_SPLINE_CURVE(2,(#4217,#4218,#4219,#4220,
#4221,#4222,#4223),.UNSPECIFIED.,.T.,.F.) B_SPLINE_CURVE_WITH_KNOTS((1,2
    ,2,2,2,1),(-2.094395102393,0.,2.094395102393,4.188790204786,
6.28318530718,8.377580409573),.UNSPECIFIED.) CURVE() 
GEOMETRIC_REPRESENTATION_ITEM() RATIONAL_B_SPLINE_CURVE((1.,0.5,1.,0.5,
1.,0.5,1.)) REPRESENTATION_ITEM('') );
#4217 = CARTESIAN_POINT('',(-34.38019895202,37.945929131522));
#4218 = CARTESIAN_POINT('',(-34.38019895202,39.028460886253));
#4219 = CARTESIAN_POINT('',(-33.44269895202,38.487195008888));
#4220 = CARTESIAN_POINT('',(-32.50519895202,37.945929131522));
#4221 = CARTESIAN_POINT('',(-33.44269895202,37.404663254157));
#4222 = CARTESIAN_POINT('',(-34.38019895202,36.863397376792));
#4223 = CARTESIAN_POINT('',(-34.38019895202,37.945929131522));
#4224 = ( GEOMETRIC_REPRESENTATION_CONTEXT(2) 
PARAMETRIC_REPRESENTATION_CONTEXT() REPRESENTATION_CONTEXT('2D SPACE',''
  ) );
#4225 = PCURVE('',#4226,#4231);
#4226 = CYLINDRICAL_SURFACE('',#4227,0.625);
#4227 = AXIS2_PLACEMENT_3D('',#4228,#4229,#4230);
#4228 = CARTESIAN_POINT('',(102.95,-9.4,-1.E-02));
#4229 = DIRECTION('',(0.,0.,1.));
#4230 = DIRECTION('',(1.,0.,-0.));
#4231 = DEFINITIONAL_REPRESENTATION('',(#4232),#4236);
#4232 = LINE('',#4233,#4234);
#4233 = CARTESIAN_POINT('',(0.,1.E-02));
#4234 = VECTOR('',#4235,1.);
#4235 = DIRECTION('',(1.,0.));
#4236 = ( GEOMETRIC_REPRESENTATION_CONTEXT(2) 
PARAMETRIC_REPRESENTATION_CONTEXT() REPRESENTATION_CONTEXT('2D SPACE',''
  ) );
#4237 = FACE_BOUND('',#4238,.T.);
#4238 = EDGE_LOOP('',(#4239));
#4239 = ORIENTED_EDGE('',*,*,#4240,.T.);
#4240 = EDGE_CURVE('',#4241,#4241,#4243,.T.);
#4241 = VERTEX_POINT('',#4242);
#4242 = CARTESIAN_POINT('',(113.73,-2.45,0.));
#4243 = SURFACE_CURVE('',#4244,(#4249,#4260),.PCURVE_S1.);
#4244 = CIRCLE('',#4245,1.1);
#4245 = AXIS2_PLACEMENT_3D('',#4246,#4247,#4248);
#4246 = CARTESIAN_POINT('',(112.63,-2.45,0.));
#4247 = DIRECTION('',(0.,0.,1.));
#4248 = DIRECTION('',(1.,0.,-0.));
#4249 = PCURVE('',#144,#4250);
#4250 = DEFINITIONAL_REPRESENTATION('',(#4251),#4259);
#4251 = ( BOUNDED_CURVE() B_SPLINE_CURVE(2,(#4252,#4253,#4254,#4255,
#4256,#4257,#4258),.UNSPECIFIED.,.T.,.F.) B_SPLINE_CURVE_WITH_KNOTS((1,2
    ,2,2,2,1),(-2.094395102393,0.,2.094395102393,4.188790204786,
6.28318530718,8.377580409573),.UNSPECIFIED.) CURVE() 
GEOMETRIC_REPRESENTATION_ITEM() RATIONAL_B_SPLINE_CURVE((1.,0.5,1.,0.5,
1.,0.5,1.)) REPRESENTATION_ITEM('') );
#4252 = CARTESIAN_POINT('',(-44.53519895202,44.895929131522));
#4253 = CARTESIAN_POINT('',(-44.53519895202,46.801185019848));
#4254 = CARTESIAN_POINT('',(-42.88519895202,45.848557075685));
#4255 = CARTESIAN_POINT('',(-41.23519895202,44.895929131522));
#4256 = CARTESIAN_POINT('',(-42.88519895202,43.94330118736));
#4257 = CARTESIAN_POINT('',(-44.53519895202,42.990673243197));
#4258 = CARTESIAN_POINT('',(-44.53519895202,44.895929131522));
#4259 = ( GEOMETRIC_REPRESENTATION_CONTEXT(2) 
PARAMETRIC_REPRESENTATION_CONTEXT() REPRESENTATION_CONTEXT('2D SPACE',''
  ) );
#4260 = PCURVE('',#4261,#4266);
#4261 = CYLINDRICAL_SURFACE('',#4262,1.1);
#4262 = AXIS2_PLACEMENT_3D('',#4263,#4264,#4265);
#4263 = CARTESIAN_POINT('',(112.63,-2.45,-1.E-02));
#4264 = DIRECTION('',(0.,0.,1.));
#4265 = DIRECTION('',(1.,0.,-0.));
#4266 = DEFINITIONAL_REPRESENTATION('',(#4267),#4271);
#4267 = LINE('',#4268,#4269);
#4268 = CARTESIAN_POINT('',(0.,1.E-02));
#4269 = VECTOR('',#4270,1.);
#4270 = DIRECTION('',(1.,0.));
#4271 = ( GEOMETRIC_REPRESENTATION_CONTEXT(2) 
PARAMETRIC_REPRESENTATION_CONTEXT() REPRESENTATION_CONTEXT('2D SPACE',''
  ) );
#4272 = FACE_BOUND('',#4273,.T.);
#4273 = EDGE_LOOP('',(#4274));
#4274 = ORIENTED_EDGE('',*,*,#4275,.T.);
#4275 = EDGE_CURVE('',#4276,#4276,#4278,.T.);
#4276 = VERTEX_POINT('',#4277);
#4277 = CARTESIAN_POINT('',(91.875,-14.9,0.));
#4278 = SURFACE_CURVE('',#4279,(#4284,#4295),.PCURVE_S1.);
#4279 = CIRCLE('',#4280,0.525);
#4280 = AXIS2_PLACEMENT_3D('',#4281,#4282,#4283);
#4281 = CARTESIAN_POINT('',(91.35,-14.9,0.));
#4282 = DIRECTION('',(0.,0.,1.));
#4283 = DIRECTION('',(1.,0.,-0.));
#4284 = PCURVE('',#144,#4285);
#4285 = DEFINITIONAL_REPRESENTATION('',(#4286),#4294);
#4286 = ( BOUNDED_CURVE() B_SPLINE_CURVE(2,(#4287,#4288,#4289,#4290,
#4291,#4292,#4293),.UNSPECIFIED.,.T.,.F.) B_SPLINE_CURVE_WITH_KNOTS((1,2
    ,2,2,2,1),(-2.094395102393,0.,2.094395102393,4.188790204786,
6.28318530718,8.377580409573),.UNSPECIFIED.) CURVE() 
GEOMETRIC_REPRESENTATION_ITEM() RATIONAL_B_SPLINE_CURVE((1.,0.5,1.,0.5,
1.,0.5,1.)) REPRESENTATION_ITEM('') );
#4287 = CARTESIAN_POINT('',(-22.68019895202,32.445929131522));
#4288 = CARTESIAN_POINT('',(-22.68019895202,33.355255805496));
#4289 = CARTESIAN_POINT('',(-21.89269895202,32.900592468509));
#4290 = CARTESIAN_POINT('',(-21.10519895202,32.445929131522));
#4291 = CARTESIAN_POINT('',(-21.89269895202,31.991265794536));
#4292 = CARTESIAN_POINT('',(-22.68019895202,31.536602457549));
#4293 = CARTESIAN_POINT('',(-22.68019895202,32.445929131522));
#4294 = ( GEOMETRIC_REPRESENTATION_CONTEXT(2) 
PARAMETRIC_REPRESENTATION_CONTEXT() REPRESENTATION_CONTEXT('2D SPACE',''
  ) );
#4295 = PCURVE('',#4296,#4301);
#4296 = CYLINDRICAL_SURFACE('',#4297,0.525);
#4297 = AXIS2_PLACEMENT_3D('',#4298,#4299,#4300);
#4298 = CARTESIAN_POINT('',(91.35,-14.9,-1.E-02));
#4299 = DIRECTION('',(0.,0.,1.));
#4300 = DIRECTION('',(1.,0.,-0.));
#4301 = DEFINITIONAL_REPRESENTATION('',(#4302),#4306);
#4302 = LINE('',#4303,#4304);
#4303 = CARTESIAN_POINT('',(0.,1.E-02));
#4304 = VECTOR('',#4305,1.);
#4305 = DIRECTION('',(1.,0.));
#4306 = ( GEOMETRIC_REPRESENTATION_CONTEXT(2) 
PARAMETRIC_REPRESENTATION_CONTEXT() REPRESENTATION_CONTEXT('2D SPACE',''
  ) );
#4307 = FACE_BOUND('',#4308,.T.);
#4308 = EDGE_LOOP('',(#4309));
#4309 = ORIENTED_EDGE('',*,*,#4310,.T.);
#4310 = EDGE_CURVE('',#4311,#4311,#4313,.T.);
#4311 = VERTEX_POINT('',#4312);
#4312 = CARTESIAN_POINT('',(74.875,-14.9,0.));
#4313 = SURFACE_CURVE('',#4314,(#4319,#4330),.PCURVE_S1.);
#4314 = CIRCLE('',#4315,0.525);
#4315 = AXIS2_PLACEMENT_3D('',#4316,#4317,#4318);
#4316 = CARTESIAN_POINT('',(74.35,-14.9,0.));
#4317 = DIRECTION('',(0.,0.,1.));
#4318 = DIRECTION('',(1.,0.,-0.));
#4319 = PCURVE('',#144,#4320);
#4320 = DEFINITIONAL_REPRESENTATION('',(#4321),#4329);
#4321 = ( BOUNDED_CURVE() B_SPLINE_CURVE(2,(#4322,#4323,#4324,#4325,
#4326,#4327,#4328),.UNSPECIFIED.,.T.,.F.) B_SPLINE_CURVE_WITH_KNOTS((1,2
    ,2,2,2,1),(-2.094395102393,0.,2.094395102393,4.188790204786,
6.28318530718,8.377580409573),.UNSPECIFIED.) CURVE() 
GEOMETRIC_REPRESENTATION_ITEM() RATIONAL_B_SPLINE_CURVE((1.,0.5,1.,0.5,
1.,0.5,1.)) REPRESENTATION_ITEM('') );
#4322 = CARTESIAN_POINT('',(-5.680198952024,32.445929131522));
#4323 = CARTESIAN_POINT('',(-5.680198952024,33.355255805496));
#4324 = CARTESIAN_POINT('',(-4.892698952024,32.900592468509));
#4325 = CARTESIAN_POINT('',(-4.105198952024,32.445929131522));
#4326 = CARTESIAN_POINT('',(-4.892698952024,31.991265794536));
#4327 = CARTESIAN_POINT('',(-5.680198952024,31.536602457549));
#4328 = CARTESIAN_POINT('',(-5.680198952024,32.445929131522));
#4329 = ( GEOMETRIC_REPRESENTATION_CONTEXT(2) 
PARAMETRIC_REPRESENTATION_CONTEXT() REPRESENTATION_CONTEXT('2D SPACE',''
  ) );
#4330 = PCURVE('',#4331,#4336);
#4331 = CYLINDRICAL_SURFACE('',#4332,0.525);
#4332 = AXIS2_PLACEMENT_3D('',#4333,#4334,#4335);
#4333 = CARTESIAN_POINT('',(74.35,-14.9,-1.E-02));
#4334 = DIRECTION('',(0.,0.,1.));
#4335 = DIRECTION('',(1.,0.,-0.));
#4336 = DEFINITIONAL_REPRESENTATION('',(#4337),#4341);
#4337 = LINE('',#4338,#4339);
#4338 = CARTESIAN_POINT('',(0.,1.E-02));
#4339 = VECTOR('',#4340,1.);
#4340 = DIRECTION('',(1.,0.));
#4341 = ( GEOMETRIC_REPRESENTATION_CONTEXT(2) 
PARAMETRIC_REPRESENTATION_CONTEXT() REPRESENTATION_CONTEXT('2D SPACE',''
  ) );
#4342 = FACE_BOUND('',#4343,.T.);
#4343 = EDGE_LOOP('',(#4344));
#4344 = ORIENTED_EDGE('',*,*,#4345,.T.);
#4345 = EDGE_CURVE('',#4346,#4346,#4348,.T.);
#4346 = VERTEX_POINT('',#4347);
#4347 = CARTESIAN_POINT('',(86.575,-9.4,0.));
#4348 = SURFACE_CURVE('',#4349,(#4354,#4365),.PCURVE_S1.);
#4349 = CIRCLE('',#4350,0.625);
#4350 = AXIS2_PLACEMENT_3D('',#4351,#4352,#4353);
#4351 = CARTESIAN_POINT('',(85.95,-9.4,0.));
#4352 = DIRECTION('',(0.,0.,1.));
#4353 = DIRECTION('',(1.,0.,-0.));
#4354 = PCURVE('',#144,#4355);
#4355 = DEFINITIONAL_REPRESENTATION('',(#4356),#4364);
#4356 = ( BOUNDED_CURVE() B_SPLINE_CURVE(2,(#4357,#4358,#4359,#4360,
#4361,#4362,#4363),.UNSPECIFIED.,.T.,.F.) B_SPLINE_CURVE_WITH_KNOTS((1,2
    ,2,2,2,1),(-2.094395102393,0.,2.094395102393,4.188790204786,
6.28318530718,8.377580409573),.UNSPECIFIED.) CURVE() 
GEOMETRIC_REPRESENTATION_ITEM() RATIONAL_B_SPLINE_CURVE((1.,0.5,1.,0.5,
1.,0.5,1.)) REPRESENTATION_ITEM('') );
#4357 = CARTESIAN_POINT('',(-17.38019895202,37.945929131522));
#4358 = CARTESIAN_POINT('',(-17.38019895202,39.028460886253));
#4359 = CARTESIAN_POINT('',(-16.44269895202,38.487195008888));
#4360 = CARTESIAN_POINT('',(-15.50519895202,37.945929131522));
#4361 = CARTESIAN_POINT('',(-16.44269895202,37.404663254157));
#4362 = CARTESIAN_POINT('',(-17.38019895202,36.863397376792));
#4363 = CARTESIAN_POINT('',(-17.38019895202,37.945929131522));
#4364 = ( GEOMETRIC_REPRESENTATION_CONTEXT(2) 
PARAMETRIC_REPRESENTATION_CONTEXT() REPRESENTATION_CONTEXT('2D SPACE',''
  ) );
#4365 = PCURVE('',#4366,#4371);
#4366 = CYLINDRICAL_SURFACE('',#4367,0.625);
#4367 = AXIS2_PLACEMENT_3D('',#4368,#4369,#4370);
#4368 = CARTESIAN_POINT('',(85.95,-9.4,-1.E-02));
#4369 = DIRECTION('',(0.,0.,1.));
#4370 = DIRECTION('',(1.,0.,-0.));
#4371 = DEFINITIONAL_REPRESENTATION('',(#4372),#4376);
#4372 = LINE('',#4373,#4374);
#4373 = CARTESIAN_POINT('',(0.,1.E-02));
#4374 = VECTOR('',#4375,1.);
#4375 = DIRECTION('',(1.,0.));
#4376 = ( GEOMETRIC_REPRESENTATION_CONTEXT(2) 
PARAMETRIC_REPRESENTATION_CONTEXT() REPRESENTATION_CONTEXT('2D SPACE',''
  ) );
#4377 = FACE_BOUND('',#4378,.T.);
#4378 = EDGE_LOOP('',(#4379));
#4379 = ORIENTED_EDGE('',*,*,#4380,.T.);
#4380 = EDGE_CURVE('',#4381,#4381,#4383,.T.);
#4381 = VERTEX_POINT('',#4382);
#4382 = CARTESIAN_POINT('',(69.575,-9.4,0.));
#4383 = SURFACE_CURVE('',#4384,(#4389,#4400),.PCURVE_S1.);
#4384 = CIRCLE('',#4385,0.625);
#4385 = AXIS2_PLACEMENT_3D('',#4386,#4387,#4388);
#4386 = CARTESIAN_POINT('',(68.95,-9.4,0.));
#4387 = DIRECTION('',(0.,0.,1.));
#4388 = DIRECTION('',(1.,0.,-0.));
#4389 = PCURVE('',#144,#4390);
#4390 = DEFINITIONAL_REPRESENTATION('',(#4391),#4399);
#4391 = ( BOUNDED_CURVE() B_SPLINE_CURVE(2,(#4392,#4393,#4394,#4395,
#4396,#4397,#4398),.UNSPECIFIED.,.T.,.F.) B_SPLINE_CURVE_WITH_KNOTS((1,2
    ,2,2,2,1),(-2.094395102393,0.,2.094395102393,4.188790204786,
6.28318530718,8.377580409573),.UNSPECIFIED.) CURVE() 
GEOMETRIC_REPRESENTATION_ITEM() RATIONAL_B_SPLINE_CURVE((1.,0.5,1.,0.5,
1.,0.5,1.)) REPRESENTATION_ITEM('') );
#4392 = CARTESIAN_POINT('',(-0.380198952024,37.945929131522));
#4393 = CARTESIAN_POINT('',(-0.380198952024,39.028460886253));
#4394 = CARTESIAN_POINT('',(0.557301047976,38.487195008888));
#4395 = CARTESIAN_POINT('',(1.494801047976,37.945929131522));
#4396 = CARTESIAN_POINT('',(0.557301047976,37.404663254157));
#4397 = CARTESIAN_POINT('',(-0.380198952024,36.863397376792));
#4398 = CARTESIAN_POINT('',(-0.380198952024,37.945929131522));
#4399 = ( GEOMETRIC_REPRESENTATION_CONTEXT(2) 
PARAMETRIC_REPRESENTATION_CONTEXT() REPRESENTATION_CONTEXT('2D SPACE',''
  ) );
#4400 = PCURVE('',#4401,#4406);
#4401 = CYLINDRICAL_SURFACE('',#4402,0.625);
#4402 = AXIS2_PLACEMENT_3D('',#4403,#4404,#4405);
#4403 = CARTESIAN_POINT('',(68.95,-9.4,-1.E-02));
#4404 = DIRECTION('',(0.,0.,1.));
#4405 = DIRECTION('',(1.,0.,-0.));
#4406 = DEFINITIONAL_REPRESENTATION('',(#4407),#4411);
#4407 = LINE('',#4408,#4409);
#4408 = CARTESIAN_POINT('',(0.,1.E-02));
#4409 = VECTOR('',#4410,1.);
#4410 = DIRECTION('',(1.,0.));
#4411 = ( GEOMETRIC_REPRESENTATION_CONTEXT(2) 
PARAMETRIC_REPRESENTATION_CONTEXT() REPRESENTATION_CONTEXT('2D SPACE',''
  ) );
#4412 = FACE_BOUND('',#4413,.T.);
#4413 = EDGE_LOOP('',(#4414));
#4414 = ORIENTED_EDGE('',*,*,#4415,.T.);
#4415 = EDGE_CURVE('',#4416,#4416,#4418,.T.);
#4416 = VERTEX_POINT('',#4417);
#4417 = CARTESIAN_POINT('',(52.575,-43.4,0.));
#4418 = SURFACE_CURVE('',#4419,(#4424,#4435),.PCURVE_S1.);
#4419 = CIRCLE('',#4420,0.625);
#4420 = AXIS2_PLACEMENT_3D('',#4421,#4422,#4423);
#4421 = CARTESIAN_POINT('',(51.95,-43.4,0.));
#4422 = DIRECTION('',(0.,0.,1.));
#4423 = DIRECTION('',(1.,0.,-0.));
#4424 = PCURVE('',#144,#4425);
#4425 = DEFINITIONAL_REPRESENTATION('',(#4426),#4434);
#4426 = ( BOUNDED_CURVE() B_SPLINE_CURVE(2,(#4427,#4428,#4429,#4430,
#4431,#4432,#4433),.UNSPECIFIED.,.T.,.F.) B_SPLINE_CURVE_WITH_KNOTS((1,2
    ,2,2,2,1),(-2.094395102393,0.,2.094395102393,4.188790204786,
6.28318530718,8.377580409573),.UNSPECIFIED.) CURVE() 
GEOMETRIC_REPRESENTATION_ITEM() RATIONAL_B_SPLINE_CURVE((1.,0.5,1.,0.5,
1.,0.5,1.)) REPRESENTATION_ITEM('') );
#4427 = CARTESIAN_POINT('',(16.619801047976,3.945929131522));
#4428 = CARTESIAN_POINT('',(16.619801047976,5.028460886253));
#4429 = CARTESIAN_POINT('',(17.557301047976,4.487195008888));
#4430 = CARTESIAN_POINT('',(18.494801047976,3.945929131522));
#4431 = CARTESIAN_POINT('',(17.557301047976,3.404663254157));
#4432 = CARTESIAN_POINT('',(16.619801047976,2.863397376792));
#4433 = CARTESIAN_POINT('',(16.619801047976,3.945929131522));
#4434 = ( GEOMETRIC_REPRESENTATION_CONTEXT(2) 
PARAMETRIC_REPRESENTATION_CONTEXT() REPRESENTATION_CONTEXT('2D SPACE',''
  ) );
#4435 = PCURVE('',#4436,#4441);
#4436 = CYLINDRICAL_SURFACE('',#4437,0.625);
#4437 = AXIS2_PLACEMENT_3D('',#4438,#4439,#4440);
#4438 = CARTESIAN_POINT('',(51.95,-43.4,-1.E-02));
#4439 = DIRECTION('',(0.,0.,1.));
#4440 = DIRECTION('',(1.,0.,-0.));
#4441 = DEFINITIONAL_REPRESENTATION('',(#4442),#4446);
#4442 = LINE('',#4443,#4444);
#4443 = CARTESIAN_POINT('',(0.,1.E-02));
#4444 = VECTOR('',#4445,1.);
#4445 = DIRECTION('',(1.,0.));
#4446 = ( GEOMETRIC_REPRESENTATION_CONTEXT(2) 
PARAMETRIC_REPRESENTATION_CONTEXT() REPRESENTATION_CONTEXT('2D SPACE',''
  ) );
#4447 = FACE_BOUND('',#4448,.T.);
#4448 = EDGE_LOOP('',(#4449));
#4449 = ORIENTED_EDGE('',*,*,#4450,.T.);
#4450 = EDGE_CURVE('',#4451,#4451,#4453,.T.);
#4451 = VERTEX_POINT('',#4452);
#4452 = CARTESIAN_POINT('',(35.575,-43.4,0.));
#4453 = SURFACE_CURVE('',#4454,(#4459,#4470),.PCURVE_S1.);
#4454 = CIRCLE('',#4455,0.625);
#4455 = AXIS2_PLACEMENT_3D('',#4456,#4457,#4458);
#4456 = CARTESIAN_POINT('',(34.95,-43.4,0.));
#4457 = DIRECTION('',(0.,0.,1.));
#4458 = DIRECTION('',(1.,0.,-0.));
#4459 = PCURVE('',#144,#4460);
#4460 = DEFINITIONAL_REPRESENTATION('',(#4461),#4469);
#4461 = ( BOUNDED_CURVE() B_SPLINE_CURVE(2,(#4462,#4463,#4464,#4465,
#4466,#4467,#4468),.UNSPECIFIED.,.T.,.F.) B_SPLINE_CURVE_WITH_KNOTS((1,2
    ,2,2,2,1),(-2.094395102393,0.,2.094395102393,4.188790204786,
6.28318530718,8.377580409573),.UNSPECIFIED.) CURVE() 
GEOMETRIC_REPRESENTATION_ITEM() RATIONAL_B_SPLINE_CURVE((1.,0.5,1.,0.5,
1.,0.5,1.)) REPRESENTATION_ITEM('') );
#4462 = CARTESIAN_POINT('',(33.619801047976,3.945929131522));
#4463 = CARTESIAN_POINT('',(33.619801047976,5.028460886253));
#4464 = CARTESIAN_POINT('',(34.557301047976,4.487195008888));
#4465 = CARTESIAN_POINT('',(35.494801047976,3.945929131522));
#4466 = CARTESIAN_POINT('',(34.557301047976,3.404663254157));
#4467 = CARTESIAN_POINT('',(33.619801047976,2.863397376792));
#4468 = CARTESIAN_POINT('',(33.619801047976,3.945929131522));
#4469 = ( GEOMETRIC_REPRESENTATION_CONTEXT(2) 
PARAMETRIC_REPRESENTATION_CONTEXT() REPRESENTATION_CONTEXT('2D SPACE',''
  ) );
#4470 = PCURVE('',#4471,#4476);
#4471 = CYLINDRICAL_SURFACE('',#4472,0.625);
#4472 = AXIS2_PLACEMENT_3D('',#4473,#4474,#4475);
#4473 = CARTESIAN_POINT('',(34.95,-43.4,-1.E-02));
#4474 = DIRECTION('',(0.,0.,1.));
#4475 = DIRECTION('',(1.,0.,-0.));
#4476 = DEFINITIONAL_REPRESENTATION('',(#4477),#4481);
#4477 = LINE('',#4478,#4479);
#4478 = CARTESIAN_POINT('',(0.,1.E-02));
#4479 = VECTOR('',#4480,1.);
#4480 = DIRECTION('',(1.,0.));
#4481 = ( GEOMETRIC_REPRESENTATION_CONTEXT(2) 
PARAMETRIC_REPRESENTATION_CONTEXT() REPRESENTATION_CONTEXT('2D SPACE',''
  ) );
#4482 = FACE_BOUND('',#4483,.T.);
#4483 = EDGE_LOOP('',(#4484));
#4484 = ORIENTED_EDGE('',*,*,#4485,.T.);
#4485 = EDGE_CURVE('',#4486,#4486,#4488,.T.);
#4486 = VERTEX_POINT('',#4487);
#4487 = CARTESIAN_POINT('',(57.875,-31.9,0.));
#4488 = SURFACE_CURVE('',#4489,(#4494,#4505),.PCURVE_S1.);
#4489 = CIRCLE('',#4490,0.525);
#4490 = AXIS2_PLACEMENT_3D('',#4491,#4492,#4493);
#4491 = CARTESIAN_POINT('',(57.35,-31.9,0.));
#4492 = DIRECTION('',(0.,0.,1.));
#4493 = DIRECTION('',(1.,0.,-0.));
#4494 = PCURVE('',#144,#4495);
#4495 = DEFINITIONAL_REPRESENTATION('',(#4496),#4504);
#4496 = ( BOUNDED_CURVE() B_SPLINE_CURVE(2,(#4497,#4498,#4499,#4500,
#4501,#4502,#4503),.UNSPECIFIED.,.T.,.F.) B_SPLINE_CURVE_WITH_KNOTS((1,2
    ,2,2,2,1),(-2.094395102393,0.,2.094395102393,4.188790204786,
6.28318530718,8.377580409573),.UNSPECIFIED.) CURVE() 
GEOMETRIC_REPRESENTATION_ITEM() RATIONAL_B_SPLINE_CURVE((1.,0.5,1.,0.5,
1.,0.5,1.)) REPRESENTATION_ITEM('') );
#4497 = CARTESIAN_POINT('',(11.319801047976,15.445929131522));
#4498 = CARTESIAN_POINT('',(11.319801047976,16.355255805496));
#4499 = CARTESIAN_POINT('',(12.107301047976,15.900592468509));
#4500 = CARTESIAN_POINT('',(12.894801047976,15.445929131522));
#4501 = CARTESIAN_POINT('',(12.107301047976,14.991265794536));
#4502 = CARTESIAN_POINT('',(11.319801047976,14.536602457549));
#4503 = CARTESIAN_POINT('',(11.319801047976,15.445929131522));
#4504 = ( GEOMETRIC_REPRESENTATION_CONTEXT(2) 
PARAMETRIC_REPRESENTATION_CONTEXT() REPRESENTATION_CONTEXT('2D SPACE',''
  ) );
#4505 = PCURVE('',#4506,#4511);
#4506 = CYLINDRICAL_SURFACE('',#4507,0.525);
#4507 = AXIS2_PLACEMENT_3D('',#4508,#4509,#4510);
#4508 = CARTESIAN_POINT('',(57.35,-31.9,-1.E-02));
#4509 = DIRECTION('',(0.,0.,1.));
#4510 = DIRECTION('',(1.,0.,-0.));
#4511 = DEFINITIONAL_REPRESENTATION('',(#4512),#4516);
#4512 = LINE('',#4513,#4514);
#4513 = CARTESIAN_POINT('',(0.,1.E-02));
#4514 = VECTOR('',#4515,1.);
#4515 = DIRECTION('',(1.,0.));
#4516 = ( GEOMETRIC_REPRESENTATION_CONTEXT(2) 
PARAMETRIC_REPRESENTATION_CONTEXT() REPRESENTATION_CONTEXT('2D SPACE',''
  ) );
#4517 = FACE_BOUND('',#4518,.T.);
#4518 = EDGE_LOOP('',(#4519));
#4519 = ORIENTED_EDGE('',*,*,#4520,.T.);
#4520 = EDGE_CURVE('',#4521,#4521,#4523,.T.);
#4521 = VERTEX_POINT('',#4522);
#4522 = CARTESIAN_POINT('',(52.575,-26.4,0.));
#4523 = SURFACE_CURVE('',#4524,(#4529,#4540),.PCURVE_S1.);
#4524 = CIRCLE('',#4525,0.625);
#4525 = AXIS2_PLACEMENT_3D('',#4526,#4527,#4528);
#4526 = CARTESIAN_POINT('',(51.95,-26.4,0.));
#4527 = DIRECTION('',(0.,0.,1.));
#4528 = DIRECTION('',(1.,0.,-0.));
#4529 = PCURVE('',#144,#4530);
#4530 = DEFINITIONAL_REPRESENTATION('',(#4531),#4539);
#4531 = ( BOUNDED_CURVE() B_SPLINE_CURVE(2,(#4532,#4533,#4534,#4535,
#4536,#4537,#4538),.UNSPECIFIED.,.T.,.F.) B_SPLINE_CURVE_WITH_KNOTS((1,2
    ,2,2,2,1),(-2.094395102393,0.,2.094395102393,4.188790204786,
6.28318530718,8.377580409573),.UNSPECIFIED.) CURVE() 
GEOMETRIC_REPRESENTATION_ITEM() RATIONAL_B_SPLINE_CURVE((1.,0.5,1.,0.5,
1.,0.5,1.)) REPRESENTATION_ITEM('') );
#4532 = CARTESIAN_POINT('',(16.619801047976,20.945929131522));
#4533 = CARTESIAN_POINT('',(16.619801047976,22.028460886253));
#4534 = CARTESIAN_POINT('',(17.557301047976,21.487195008888));
#4535 = CARTESIAN_POINT('',(18.494801047976,20.945929131522));
#4536 = CARTESIAN_POINT('',(17.557301047976,20.404663254157));
#4537 = CARTESIAN_POINT('',(16.619801047976,19.863397376792));
#4538 = CARTESIAN_POINT('',(16.619801047976,20.945929131522));
#4539 = ( GEOMETRIC_REPRESENTATION_CONTEXT(2) 
PARAMETRIC_REPRESENTATION_CONTEXT() REPRESENTATION_CONTEXT('2D SPACE',''
  ) );
#4540 = PCURVE('',#4541,#4546);
#4541 = CYLINDRICAL_SURFACE('',#4542,0.625);
#4542 = AXIS2_PLACEMENT_3D('',#4543,#4544,#4545);
#4543 = CARTESIAN_POINT('',(51.95,-26.4,-1.E-02));
#4544 = DIRECTION('',(0.,0.,1.));
#4545 = DIRECTION('',(1.,0.,-0.));
#4546 = DEFINITIONAL_REPRESENTATION('',(#4547),#4551);
#4547 = LINE('',#4548,#4549);
#4548 = CARTESIAN_POINT('',(0.,1.E-02));
#4549 = VECTOR('',#4550,1.);
#4550 = DIRECTION('',(1.,0.));
#4551 = ( GEOMETRIC_REPRESENTATION_CONTEXT(2) 
PARAMETRIC_REPRESENTATION_CONTEXT() REPRESENTATION_CONTEXT('2D SPACE',''
  ) );
#4552 = FACE_BOUND('',#4553,.T.);
#4553 = EDGE_LOOP('',(#4554));
#4554 = ORIENTED_EDGE('',*,*,#4555,.T.);
#4555 = EDGE_CURVE('',#4556,#4556,#4558,.T.);
#4556 = VERTEX_POINT('',#4557);
#4557 = CARTESIAN_POINT('',(40.875,-31.9,0.));
#4558 = SURFACE_CURVE('',#4559,(#4564,#4575),.PCURVE_S1.);
#4559 = CIRCLE('',#4560,0.525);
#4560 = AXIS2_PLACEMENT_3D('',#4561,#4562,#4563);
#4561 = CARTESIAN_POINT('',(40.35,-31.9,0.));
#4562 = DIRECTION('',(0.,0.,1.));
#4563 = DIRECTION('',(1.,0.,-0.));
#4564 = PCURVE('',#144,#4565);
#4565 = DEFINITIONAL_REPRESENTATION('',(#4566),#4574);
#4566 = ( BOUNDED_CURVE() B_SPLINE_CURVE(2,(#4567,#4568,#4569,#4570,
#4571,#4572,#4573),.UNSPECIFIED.,.T.,.F.) B_SPLINE_CURVE_WITH_KNOTS((1,2
    ,2,2,2,1),(-2.094395102393,0.,2.094395102393,4.188790204786,
6.28318530718,8.377580409573),.UNSPECIFIED.) CURVE() 
GEOMETRIC_REPRESENTATION_ITEM() RATIONAL_B_SPLINE_CURVE((1.,0.5,1.,0.5,
1.,0.5,1.)) REPRESENTATION_ITEM('') );
#4567 = CARTESIAN_POINT('',(28.319801047976,15.445929131522));
#4568 = CARTESIAN_POINT('',(28.319801047976,16.355255805496));
#4569 = CARTESIAN_POINT('',(29.107301047976,15.900592468509));
#4570 = CARTESIAN_POINT('',(29.894801047976,15.445929131522));
#4571 = CARTESIAN_POINT('',(29.107301047976,14.991265794536));
#4572 = CARTESIAN_POINT('',(28.319801047976,14.536602457549));
#4573 = CARTESIAN_POINT('',(28.319801047976,15.445929131522));
#4574 = ( GEOMETRIC_REPRESENTATION_CONTEXT(2) 
PARAMETRIC_REPRESENTATION_CONTEXT() REPRESENTATION_CONTEXT('2D SPACE',''
  ) );
#4575 = PCURVE('',#4576,#4581);
#4576 = CYLINDRICAL_SURFACE('',#4577,0.525);
#4577 = AXIS2_PLACEMENT_3D('',#4578,#4579,#4580);
#4578 = CARTESIAN_POINT('',(40.35,-31.9,-1.E-02));
#4579 = DIRECTION('',(0.,0.,1.));
#4580 = DIRECTION('',(1.,0.,-0.));
#4581 = DEFINITIONAL_REPRESENTATION('',(#4582),#4586);
#4582 = LINE('',#4583,#4584);
#4583 = CARTESIAN_POINT('',(0.,1.E-02));
#4584 = VECTOR('',#4585,1.);
#4585 = DIRECTION('',(1.,0.));
#4586 = ( GEOMETRIC_REPRESENTATION_CONTEXT(2) 
PARAMETRIC_REPRESENTATION_CONTEXT() REPRESENTATION_CONTEXT('2D SPACE',''
  ) );
#4587 = FACE_BOUND('',#4588,.T.);
#4588 = EDGE_LOOP('',(#4589));
#4589 = ORIENTED_EDGE('',*,*,#4590,.T.);
#4590 = EDGE_CURVE('',#4591,#4591,#4593,.T.);
#4591 = VERTEX_POINT('',#4592);
#4592 = CARTESIAN_POINT('',(35.575,-26.4,0.));
#4593 = SURFACE_CURVE('',#4594,(#4599,#4610),.PCURVE_S1.);
#4594 = CIRCLE('',#4595,0.625);
#4595 = AXIS2_PLACEMENT_3D('',#4596,#4597,#4598);
#4596 = CARTESIAN_POINT('',(34.95,-26.4,0.));
#4597 = DIRECTION('',(0.,0.,1.));
#4598 = DIRECTION('',(1.,0.,-0.));
#4599 = PCURVE('',#144,#4600);
#4600 = DEFINITIONAL_REPRESENTATION('',(#4601),#4609);
#4601 = ( BOUNDED_CURVE() B_SPLINE_CURVE(2,(#4602,#4603,#4604,#4605,
#4606,#4607,#4608),.UNSPECIFIED.,.T.,.F.) B_SPLINE_CURVE_WITH_KNOTS((1,2
    ,2,2,2,1),(-2.094395102393,0.,2.094395102393,4.188790204786,
6.28318530718,8.377580409573),.UNSPECIFIED.) CURVE() 
GEOMETRIC_REPRESENTATION_ITEM() RATIONAL_B_SPLINE_CURVE((1.,0.5,1.,0.5,
1.,0.5,1.)) REPRESENTATION_ITEM('') );
#4602 = CARTESIAN_POINT('',(33.619801047976,20.945929131522));
#4603 = CARTESIAN_POINT('',(33.619801047976,22.028460886253));
#4604 = CARTESIAN_POINT('',(34.557301047976,21.487195008888));
#4605 = CARTESIAN_POINT('',(35.494801047976,20.945929131522));
#4606 = CARTESIAN_POINT('',(34.557301047976,20.404663254157));
#4607 = CARTESIAN_POINT('',(33.619801047976,19.863397376792));
#4608 = CARTESIAN_POINT('',(33.619801047976,20.945929131522));
#4609 = ( GEOMETRIC_REPRESENTATION_CONTEXT(2) 
PARAMETRIC_REPRESENTATION_CONTEXT() REPRESENTATION_CONTEXT('2D SPACE',''
  ) );
#4610 = PCURVE('',#4611,#4616);
#4611 = CYLINDRICAL_SURFACE('',#4612,0.625);
#4612 = AXIS2_PLACEMENT_3D('',#4613,#4614,#4615);
#4613 = CARTESIAN_POINT('',(34.95,-26.4,-1.E-02));
#4614 = DIRECTION('',(0.,0.,1.));
#4615 = DIRECTION('',(1.,0.,-0.));
#4616 = DEFINITIONAL_REPRESENTATION('',(#4617),#4621);
#4617 = LINE('',#4618,#4619);
#4618 = CARTESIAN_POINT('',(0.,1.E-02));
#4619 = VECTOR('',#4620,1.);
#4620 = DIRECTION('',(1.,0.));
#4621 = ( GEOMETRIC_REPRESENTATION_CONTEXT(2) 
PARAMETRIC_REPRESENTATION_CONTEXT() REPRESENTATION_CONTEXT('2D SPACE',''
  ) );
#4622 = FACE_BOUND('',#4623,.T.);
#4623 = EDGE_LOOP('',(#4624));
#4624 = ORIENTED_EDGE('',*,*,#4625,.T.);
#4625 = EDGE_CURVE('',#4626,#4626,#4628,.T.);
#4626 = VERTEX_POINT('',#4627);
#4627 = CARTESIAN_POINT('',(18.575,-43.4,0.));
#4628 = SURFACE_CURVE('',#4629,(#4634,#4645),.PCURVE_S1.);
#4629 = CIRCLE('',#4630,0.625);
#4630 = AXIS2_PLACEMENT_3D('',#4631,#4632,#4633);
#4631 = CARTESIAN_POINT('',(17.95,-43.4,0.));
#4632 = DIRECTION('',(0.,0.,1.));
#4633 = DIRECTION('',(1.,0.,-0.));
#4634 = PCURVE('',#144,#4635);
#4635 = DEFINITIONAL_REPRESENTATION('',(#4636),#4644);
#4636 = ( BOUNDED_CURVE() B_SPLINE_CURVE(2,(#4637,#4638,#4639,#4640,
#4641,#4642,#4643),.UNSPECIFIED.,.T.,.F.) B_SPLINE_CURVE_WITH_KNOTS((1,2
    ,2,2,2,1),(-2.094395102393,0.,2.094395102393,4.188790204786,
6.28318530718,8.377580409573),.UNSPECIFIED.) CURVE() 
GEOMETRIC_REPRESENTATION_ITEM() RATIONAL_B_SPLINE_CURVE((1.,0.5,1.,0.5,
1.,0.5,1.)) REPRESENTATION_ITEM('') );
#4637 = CARTESIAN_POINT('',(50.619801047976,3.945929131522));
#4638 = CARTESIAN_POINT('',(50.619801047976,5.028460886253));
#4639 = CARTESIAN_POINT('',(51.557301047976,4.487195008888));
#4640 = CARTESIAN_POINT('',(52.494801047976,3.945929131522));
#4641 = CARTESIAN_POINT('',(51.557301047976,3.404663254157));
#4642 = CARTESIAN_POINT('',(50.619801047976,2.863397376792));
#4643 = CARTESIAN_POINT('',(50.619801047976,3.945929131522));
#4644 = ( GEOMETRIC_REPRESENTATION_CONTEXT(2) 
PARAMETRIC_REPRESENTATION_CONTEXT() REPRESENTATION_CONTEXT('2D SPACE',''
  ) );
#4645 = PCURVE('',#4646,#4651);
#4646 = CYLINDRICAL_SURFACE('',#4647,0.625);
#4647 = AXIS2_PLACEMENT_3D('',#4648,#4649,#4650);
#4648 = CARTESIAN_POINT('',(17.95,-43.4,-1.E-02));
#4649 = DIRECTION('',(0.,0.,1.));
#4650 = DIRECTION('',(1.,0.,-0.));
#4651 = DEFINITIONAL_REPRESENTATION('',(#4652),#4656);
#4652 = LINE('',#4653,#4654);
#4653 = CARTESIAN_POINT('',(0.,1.E-02));
#4654 = VECTOR('',#4655,1.);
#4655 = DIRECTION('',(1.,0.));
#4656 = ( GEOMETRIC_REPRESENTATION_CONTEXT(2) 
PARAMETRIC_REPRESENTATION_CONTEXT() REPRESENTATION_CONTEXT('2D SPACE',''
  ) );
#4657 = FACE_BOUND('',#4658,.T.);
#4658 = EDGE_LOOP('',(#4659));
#4659 = ORIENTED_EDGE('',*,*,#4660,.T.);
#4660 = EDGE_CURVE('',#4661,#4661,#4663,.T.);
#4661 = VERTEX_POINT('',#4662);
#4662 = CARTESIAN_POINT('',(23.875,-31.9,0.));
#4663 = SURFACE_CURVE('',#4664,(#4669,#4680),.PCURVE_S1.);
#4664 = CIRCLE('',#4665,0.525);
#4665 = AXIS2_PLACEMENT_3D('',#4666,#4667,#4668);
#4666 = CARTESIAN_POINT('',(23.35,-31.9,0.));
#4667 = DIRECTION('',(0.,0.,1.));
#4668 = DIRECTION('',(1.,0.,-0.));
#4669 = PCURVE('',#144,#4670);
#4670 = DEFINITIONAL_REPRESENTATION('',(#4671),#4679);
#4671 = ( BOUNDED_CURVE() B_SPLINE_CURVE(2,(#4672,#4673,#4674,#4675,
#4676,#4677,#4678),.UNSPECIFIED.,.T.,.F.) B_SPLINE_CURVE_WITH_KNOTS((1,2
    ,2,2,2,1),(-2.094395102393,0.,2.094395102393,4.188790204786,
6.28318530718,8.377580409573),.UNSPECIFIED.) CURVE() 
GEOMETRIC_REPRESENTATION_ITEM() RATIONAL_B_SPLINE_CURVE((1.,0.5,1.,0.5,
1.,0.5,1.)) REPRESENTATION_ITEM('') );
#4672 = CARTESIAN_POINT('',(45.319801047976,15.445929131522));
#4673 = CARTESIAN_POINT('',(45.319801047976,16.355255805496));
#4674 = CARTESIAN_POINT('',(46.107301047976,15.900592468509));
#4675 = CARTESIAN_POINT('',(46.894801047976,15.445929131522));
#4676 = CARTESIAN_POINT('',(46.107301047976,14.991265794536));
#4677 = CARTESIAN_POINT('',(45.319801047976,14.536602457549));
#4678 = CARTESIAN_POINT('',(45.319801047976,15.445929131522));
#4679 = ( GEOMETRIC_REPRESENTATION_CONTEXT(2) 
PARAMETRIC_REPRESENTATION_CONTEXT() REPRESENTATION_CONTEXT('2D SPACE',''
  ) );
#4680 = PCURVE('',#4681,#4686);
#4681 = CYLINDRICAL_SURFACE('',#4682,0.525);
#4682 = AXIS2_PLACEMENT_3D('',#4683,#4684,#4685);
#4683 = CARTESIAN_POINT('',(23.35,-31.9,-1.E-02));
#4684 = DIRECTION('',(0.,0.,1.));
#4685 = DIRECTION('',(1.,0.,-0.));
#4686 = DEFINITIONAL_REPRESENTATION('',(#4687),#4691);
#4687 = LINE('',#4688,#4689);
#4688 = CARTESIAN_POINT('',(0.,1.E-02));
#4689 = VECTOR('',#4690,1.);
#4690 = DIRECTION('',(1.,0.));
#4691 = ( GEOMETRIC_REPRESENTATION_CONTEXT(2) 
PARAMETRIC_REPRESENTATION_CONTEXT() REPRESENTATION_CONTEXT('2D SPACE',''
  ) );
#4692 = FACE_BOUND('',#4693,.T.);
#4693 = EDGE_LOOP('',(#4694));
#4694 = ORIENTED_EDGE('',*,*,#4695,.T.);
#4695 = EDGE_CURVE('',#4696,#4696,#4698,.T.);
#4696 = VERTEX_POINT('',#4697);
#4697 = CARTESIAN_POINT('',(18.575,-26.4,0.));
#4698 = SURFACE_CURVE('',#4699,(#4704,#4715),.PCURVE_S1.);
#4699 = CIRCLE('',#4700,0.625);
#4700 = AXIS2_PLACEMENT_3D('',#4701,#4702,#4703);
#4701 = CARTESIAN_POINT('',(17.95,-26.4,0.));
#4702 = DIRECTION('',(0.,0.,1.));
#4703 = DIRECTION('',(1.,0.,-0.));
#4704 = PCURVE('',#144,#4705);
#4705 = DEFINITIONAL_REPRESENTATION('',(#4706),#4714);
#4706 = ( BOUNDED_CURVE() B_SPLINE_CURVE(2,(#4707,#4708,#4709,#4710,
#4711,#4712,#4713),.UNSPECIFIED.,.T.,.F.) B_SPLINE_CURVE_WITH_KNOTS((1,2
    ,2,2,2,1),(-2.094395102393,0.,2.094395102393,4.188790204786,
6.28318530718,8.377580409573),.UNSPECIFIED.) CURVE() 
GEOMETRIC_REPRESENTATION_ITEM() RATIONAL_B_SPLINE_CURVE((1.,0.5,1.,0.5,
1.,0.5,1.)) REPRESENTATION_ITEM('') );
#4707 = CARTESIAN_POINT('',(50.619801047976,20.945929131522));
#4708 = CARTESIAN_POINT('',(50.619801047976,22.028460886253));
#4709 = CARTESIAN_POINT('',(51.557301047976,21.487195008888));
#4710 = CARTESIAN_POINT('',(52.494801047976,20.945929131522));
#4711 = CARTESIAN_POINT('',(51.557301047976,20.404663254157));
#4712 = CARTESIAN_POINT('',(50.619801047976,19.863397376792));
#4713 = CARTESIAN_POINT('',(50.619801047976,20.945929131522));
#4714 = ( GEOMETRIC_REPRESENTATION_CONTEXT(2) 
PARAMETRIC_REPRESENTATION_CONTEXT() REPRESENTATION_CONTEXT('2D SPACE',''
  ) );
#4715 = PCURVE('',#4716,#4721);
#4716 = CYLINDRICAL_SURFACE('',#4717,0.625);
#4717 = AXIS2_PLACEMENT_3D('',#4718,#4719,#4720);
#4718 = CARTESIAN_POINT('',(17.95,-26.4,-1.E-02));
#4719 = DIRECTION('',(0.,0.,1.));
#4720 = DIRECTION('',(1.,0.,-0.));
#4721 = DEFINITIONAL_REPRESENTATION('',(#4722),#4726);
#4722 = LINE('',#4723,#4724);
#4723 = CARTESIAN_POINT('',(0.,1.E-02));
#4724 = VECTOR('',#4725,1.);
#4725 = DIRECTION('',(1.,0.));
#4726 = ( GEOMETRIC_REPRESENTATION_CONTEXT(2) 
PARAMETRIC_REPRESENTATION_CONTEXT() REPRESENTATION_CONTEXT('2D SPACE',''
  ) );
#4727 = FACE_BOUND('',#4728,.T.);
#4728 = EDGE_LOOP('',(#4729));
#4729 = ORIENTED_EDGE('',*,*,#4730,.T.);
#4730 = EDGE_CURVE('',#4731,#4731,#4733,.T.);
#4731 = VERTEX_POINT('',#4732);
#4732 = CARTESIAN_POINT('',(6.875,-31.9,0.));
#4733 = SURFACE_CURVE('',#4734,(#4739,#4750),.PCURVE_S1.);
#4734 = CIRCLE('',#4735,0.525);
#4735 = AXIS2_PLACEMENT_3D('',#4736,#4737,#4738);
#4736 = CARTESIAN_POINT('',(6.35,-31.9,0.));
#4737 = DIRECTION('',(0.,0.,1.));
#4738 = DIRECTION('',(1.,0.,-0.));
#4739 = PCURVE('',#144,#4740);
#4740 = DEFINITIONAL_REPRESENTATION('',(#4741),#4749);
#4741 = ( BOUNDED_CURVE() B_SPLINE_CURVE(2,(#4742,#4743,#4744,#4745,
#4746,#4747,#4748),.UNSPECIFIED.,.T.,.F.) B_SPLINE_CURVE_WITH_KNOTS((1,2
    ,2,2,2,1),(-2.094395102393,0.,2.094395102393,4.188790204786,
6.28318530718,8.377580409573),.UNSPECIFIED.) CURVE() 
GEOMETRIC_REPRESENTATION_ITEM() RATIONAL_B_SPLINE_CURVE((1.,0.5,1.,0.5,
1.,0.5,1.)) REPRESENTATION_ITEM('') );
#4742 = CARTESIAN_POINT('',(62.319801047976,15.445929131522));
#4743 = CARTESIAN_POINT('',(62.319801047976,16.355255805496));
#4744 = CARTESIAN_POINT('',(63.107301047976,15.900592468509));
#4745 = CARTESIAN_POINT('',(63.894801047976,15.445929131522));
#4746 = CARTESIAN_POINT('',(63.107301047976,14.991265794536));
#4747 = CARTESIAN_POINT('',(62.319801047976,14.536602457549));
#4748 = CARTESIAN_POINT('',(62.319801047976,15.445929131522));
#4749 = ( GEOMETRIC_REPRESENTATION_CONTEXT(2) 
PARAMETRIC_REPRESENTATION_CONTEXT() REPRESENTATION_CONTEXT('2D SPACE',''
  ) );
#4750 = PCURVE('',#4751,#4756);
#4751 = CYLINDRICAL_SURFACE('',#4752,0.525);
#4752 = AXIS2_PLACEMENT_3D('',#4753,#4754,#4755);
#4753 = CARTESIAN_POINT('',(6.35,-31.9,-1.E-02));
#4754 = DIRECTION('',(0.,0.,1.));
#4755 = DIRECTION('',(1.,0.,-0.));
#4756 = DEFINITIONAL_REPRESENTATION('',(#4757),#4761);
#4757 = LINE('',#4758,#4759);
#4758 = CARTESIAN_POINT('',(0.,1.E-02));
#4759 = VECTOR('',#4760,1.);
#4760 = DIRECTION('',(1.,0.));
#4761 = ( GEOMETRIC_REPRESENTATION_CONTEXT(2) 
PARAMETRIC_REPRESENTATION_CONTEXT() REPRESENTATION_CONTEXT('2D SPACE',''
  ) );
#4762 = FACE_BOUND('',#4763,.T.);
#4763 = EDGE_LOOP('',(#4764));
#4764 = ORIENTED_EDGE('',*,*,#4765,.T.);
#4765 = EDGE_CURVE('',#4766,#4766,#4768,.T.);
#4766 = VERTEX_POINT('',#4767);
#4767 = CARTESIAN_POINT('',(57.875,-14.9,0.));
#4768 = SURFACE_CURVE('',#4769,(#4774,#4785),.PCURVE_S1.);
#4769 = CIRCLE('',#4770,0.525);
#4770 = AXIS2_PLACEMENT_3D('',#4771,#4772,#4773);
#4771 = CARTESIAN_POINT('',(57.35,-14.9,0.));
#4772 = DIRECTION('',(0.,0.,1.));
#4773 = DIRECTION('',(1.,0.,-0.));
#4774 = PCURVE('',#144,#4775);
#4775 = DEFINITIONAL_REPRESENTATION('',(#4776),#4784);
#4776 = ( BOUNDED_CURVE() B_SPLINE_CURVE(2,(#4777,#4778,#4779,#4780,
#4781,#4782,#4783),.UNSPECIFIED.,.T.,.F.) B_SPLINE_CURVE_WITH_KNOTS((1,2
    ,2,2,2,1),(-2.094395102393,0.,2.094395102393,4.188790204786,
6.28318530718,8.377580409573),.UNSPECIFIED.) CURVE() 
GEOMETRIC_REPRESENTATION_ITEM() RATIONAL_B_SPLINE_CURVE((1.,0.5,1.,0.5,
1.,0.5,1.)) REPRESENTATION_ITEM('') );
#4777 = CARTESIAN_POINT('',(11.319801047976,32.445929131522));
#4778 = CARTESIAN_POINT('',(11.319801047976,33.355255805496));
#4779 = CARTESIAN_POINT('',(12.107301047976,32.900592468509));
#4780 = CARTESIAN_POINT('',(12.894801047976,32.445929131522));
#4781 = CARTESIAN_POINT('',(12.107301047976,31.991265794536));
#4782 = CARTESIAN_POINT('',(11.319801047976,31.536602457549));
#4783 = CARTESIAN_POINT('',(11.319801047976,32.445929131522));
#4784 = ( GEOMETRIC_REPRESENTATION_CONTEXT(2) 
PARAMETRIC_REPRESENTATION_CONTEXT() REPRESENTATION_CONTEXT('2D SPACE',''
  ) );
#4785 = PCURVE('',#4786,#4791);
#4786 = CYLINDRICAL_SURFACE('',#4787,0.525);
#4787 = AXIS2_PLACEMENT_3D('',#4788,#4789,#4790);
#4788 = CARTESIAN_POINT('',(57.35,-14.9,-1.E-02));
#4789 = DIRECTION('',(0.,0.,1.));
#4790 = DIRECTION('',(1.,0.,-0.));
#4791 = DEFINITIONAL_REPRESENTATION('',(#4792),#4796);
#4792 = LINE('',#4793,#4794);
#4793 = CARTESIAN_POINT('',(0.,1.E-02));
#4794 = VECTOR('',#4795,1.);
#4795 = DIRECTION('',(1.,0.));
#4796 = ( GEOMETRIC_REPRESENTATION_CONTEXT(2) 
PARAMETRIC_REPRESENTATION_CONTEXT() REPRESENTATION_CONTEXT('2D SPACE',''
  ) );
#4797 = FACE_BOUND('',#4798,.T.);
#4798 = EDGE_LOOP('',(#4799));
#4799 = ORIENTED_EDGE('',*,*,#4800,.T.);
#4800 = EDGE_CURVE('',#4801,#4801,#4803,.T.);
#4801 = VERTEX_POINT('',#4802);
#4802 = CARTESIAN_POINT('',(40.875,-14.9,0.));
#4803 = SURFACE_CURVE('',#4804,(#4809,#4820),.PCURVE_S1.);
#4804 = CIRCLE('',#4805,0.525);
#4805 = AXIS2_PLACEMENT_3D('',#4806,#4807,#4808);
#4806 = CARTESIAN_POINT('',(40.35,-14.9,0.));
#4807 = DIRECTION('',(0.,0.,1.));
#4808 = DIRECTION('',(1.,0.,-0.));
#4809 = PCURVE('',#144,#4810);
#4810 = DEFINITIONAL_REPRESENTATION('',(#4811),#4819);
#4811 = ( BOUNDED_CURVE() B_SPLINE_CURVE(2,(#4812,#4813,#4814,#4815,
#4816,#4817,#4818),.UNSPECIFIED.,.T.,.F.) B_SPLINE_CURVE_WITH_KNOTS((1,2
    ,2,2,2,1),(-2.094395102393,0.,2.094395102393,4.188790204786,
6.28318530718,8.377580409573),.UNSPECIFIED.) CURVE() 
GEOMETRIC_REPRESENTATION_ITEM() RATIONAL_B_SPLINE_CURVE((1.,0.5,1.,0.5,
1.,0.5,1.)) REPRESENTATION_ITEM('') );
#4812 = CARTESIAN_POINT('',(28.319801047976,32.445929131522));
#4813 = CARTESIAN_POINT('',(28.319801047976,33.355255805496));
#4814 = CARTESIAN_POINT('',(29.107301047976,32.900592468509));
#4815 = CARTESIAN_POINT('',(29.894801047976,32.445929131522));
#4816 = CARTESIAN_POINT('',(29.107301047976,31.991265794536));
#4817 = CARTESIAN_POINT('',(28.319801047976,31.536602457549));
#4818 = CARTESIAN_POINT('',(28.319801047976,32.445929131522));
#4819 = ( GEOMETRIC_REPRESENTATION_CONTEXT(2) 
PARAMETRIC_REPRESENTATION_CONTEXT() REPRESENTATION_CONTEXT('2D SPACE',''
  ) );
#4820 = PCURVE('',#4821,#4826);
#4821 = CYLINDRICAL_SURFACE('',#4822,0.525);
#4822 = AXIS2_PLACEMENT_3D('',#4823,#4824,#4825);
#4823 = CARTESIAN_POINT('',(40.35,-14.9,-1.E-02));
#4824 = DIRECTION('',(0.,0.,1.));
#4825 = DIRECTION('',(1.,0.,-0.));
#4826 = DEFINITIONAL_REPRESENTATION('',(#4827),#4831);
#4827 = LINE('',#4828,#4829);
#4828 = CARTESIAN_POINT('',(0.,1.E-02));
#4829 = VECTOR('',#4830,1.);
#4830 = DIRECTION('',(1.,0.));
#4831 = ( GEOMETRIC_REPRESENTATION_CONTEXT(2) 
PARAMETRIC_REPRESENTATION_CONTEXT() REPRESENTATION_CONTEXT('2D SPACE',''
  ) );
#4832 = FACE_BOUND('',#4833,.T.);
#4833 = EDGE_LOOP('',(#4834));
#4834 = ORIENTED_EDGE('',*,*,#4835,.T.);
#4835 = EDGE_CURVE('',#4836,#4836,#4838,.T.);
#4836 = VERTEX_POINT('',#4837);
#4837 = CARTESIAN_POINT('',(52.575,-9.4,0.));
#4838 = SURFACE_CURVE('',#4839,(#4844,#4855),.PCURVE_S1.);
#4839 = CIRCLE('',#4840,0.625);
#4840 = AXIS2_PLACEMENT_3D('',#4841,#4842,#4843);
#4841 = CARTESIAN_POINT('',(51.95,-9.4,0.));
#4842 = DIRECTION('',(0.,0.,1.));
#4843 = DIRECTION('',(1.,0.,-0.));
#4844 = PCURVE('',#144,#4845);
#4845 = DEFINITIONAL_REPRESENTATION('',(#4846),#4854);
#4846 = ( BOUNDED_CURVE() B_SPLINE_CURVE(2,(#4847,#4848,#4849,#4850,
#4851,#4852,#4853),.UNSPECIFIED.,.T.,.F.) B_SPLINE_CURVE_WITH_KNOTS((1,2
    ,2,2,2,1),(-2.094395102393,0.,2.094395102393,4.188790204786,
6.28318530718,8.377580409573),.UNSPECIFIED.) CURVE() 
GEOMETRIC_REPRESENTATION_ITEM() RATIONAL_B_SPLINE_CURVE((1.,0.5,1.,0.5,
1.,0.5,1.)) REPRESENTATION_ITEM('') );
#4847 = CARTESIAN_POINT('',(16.619801047976,37.945929131522));
#4848 = CARTESIAN_POINT('',(16.619801047976,39.028460886253));
#4849 = CARTESIAN_POINT('',(17.557301047976,38.487195008888));
#4850 = CARTESIAN_POINT('',(18.494801047976,37.945929131522));
#4851 = CARTESIAN_POINT('',(17.557301047976,37.404663254157));
#4852 = CARTESIAN_POINT('',(16.619801047976,36.863397376792));
#4853 = CARTESIAN_POINT('',(16.619801047976,37.945929131522));
#4854 = ( GEOMETRIC_REPRESENTATION_CONTEXT(2) 
PARAMETRIC_REPRESENTATION_CONTEXT() REPRESENTATION_CONTEXT('2D SPACE',''
  ) );
#4855 = PCURVE('',#4856,#4861);
#4856 = CYLINDRICAL_SURFACE('',#4857,0.625);
#4857 = AXIS2_PLACEMENT_3D('',#4858,#4859,#4860);
#4858 = CARTESIAN_POINT('',(51.95,-9.4,-1.E-02));
#4859 = DIRECTION('',(0.,0.,1.));
#4860 = DIRECTION('',(1.,0.,-0.));
#4861 = DEFINITIONAL_REPRESENTATION('',(#4862),#4866);
#4862 = LINE('',#4863,#4864);
#4863 = CARTESIAN_POINT('',(0.,1.E-02));
#4864 = VECTOR('',#4865,1.);
#4865 = DIRECTION('',(1.,0.));
#4866 = ( GEOMETRIC_REPRESENTATION_CONTEXT(2) 
PARAMETRIC_REPRESENTATION_CONTEXT() REPRESENTATION_CONTEXT('2D SPACE',''
  ) );
#4867 = FACE_BOUND('',#4868,.T.);
#4868 = EDGE_LOOP('',(#4869));
#4869 = ORIENTED_EDGE('',*,*,#4870,.T.);
#4870 = EDGE_CURVE('',#4871,#4871,#4873,.T.);
#4871 = VERTEX_POINT('',#4872);
#4872 = CARTESIAN_POINT('',(35.575,-9.4,0.));
#4873 = SURFACE_CURVE('',#4874,(#4879,#4890),.PCURVE_S1.);
#4874 = CIRCLE('',#4875,0.625);
#4875 = AXIS2_PLACEMENT_3D('',#4876,#4877,#4878);
#4876 = CARTESIAN_POINT('',(34.95,-9.4,0.));
#4877 = DIRECTION('',(0.,0.,1.));
#4878 = DIRECTION('',(1.,0.,-0.));
#4879 = PCURVE('',#144,#4880);
#4880 = DEFINITIONAL_REPRESENTATION('',(#4881),#4889);
#4881 = ( BOUNDED_CURVE() B_SPLINE_CURVE(2,(#4882,#4883,#4884,#4885,
#4886,#4887,#4888),.UNSPECIFIED.,.T.,.F.) B_SPLINE_CURVE_WITH_KNOTS((1,2
    ,2,2,2,1),(-2.094395102393,0.,2.094395102393,4.188790204786,
6.28318530718,8.377580409573),.UNSPECIFIED.) CURVE() 
GEOMETRIC_REPRESENTATION_ITEM() RATIONAL_B_SPLINE_CURVE((1.,0.5,1.,0.5,
1.,0.5,1.)) REPRESENTATION_ITEM('') );
#4882 = CARTESIAN_POINT('',(33.619801047976,37.945929131522));
#4883 = CARTESIAN_POINT('',(33.619801047976,39.028460886253));
#4884 = CARTESIAN_POINT('',(34.557301047976,38.487195008888));
#4885 = CARTESIAN_POINT('',(35.494801047976,37.945929131522));
#4886 = CARTESIAN_POINT('',(34.557301047976,37.404663254157));
#4887 = CARTESIAN_POINT('',(33.619801047976,36.863397376792));
#4888 = CARTESIAN_POINT('',(33.619801047976,37.945929131522));
#4889 = ( GEOMETRIC_REPRESENTATION_CONTEXT(2) 
PARAMETRIC_REPRESENTATION_CONTEXT() REPRESENTATION_CONTEXT('2D SPACE',''
  ) );
#4890 = PCURVE('',#4891,#4896);
#4891 = CYLINDRICAL_SURFACE('',#4892,0.625);
#4892 = AXIS2_PLACEMENT_3D('',#4893,#4894,#4895);
#4893 = CARTESIAN_POINT('',(34.95,-9.4,-1.E-02));
#4894 = DIRECTION('',(0.,0.,1.));
#4895 = DIRECTION('',(1.,0.,-0.));
#4896 = DEFINITIONAL_REPRESENTATION('',(#4897),#4901);
#4897 = LINE('',#4898,#4899);
#4898 = CARTESIAN_POINT('',(0.,1.E-02));
#4899 = VECTOR('',#4900,1.);
#4900 = DIRECTION('',(1.,0.));
#4901 = ( GEOMETRIC_REPRESENTATION_CONTEXT(2) 
PARAMETRIC_REPRESENTATION_CONTEXT() REPRESENTATION_CONTEXT('2D SPACE',''
  ) );
#4902 = FACE_BOUND('',#4903,.T.);
#4903 = EDGE_LOOP('',(#4904));
#4904 = ORIENTED_EDGE('',*,*,#4905,.T.);
#4905 = EDGE_CURVE('',#4906,#4906,#4908,.T.);
#4906 = VERTEX_POINT('',#4907);
#4907 = CARTESIAN_POINT('',(23.875,-14.9,0.));
#4908 = SURFACE_CURVE('',#4909,(#4914,#4925),.PCURVE_S1.);
#4909 = CIRCLE('',#4910,0.525);
#4910 = AXIS2_PLACEMENT_3D('',#4911,#4912,#4913);
#4911 = CARTESIAN_POINT('',(23.35,-14.9,0.));
#4912 = DIRECTION('',(0.,0.,1.));
#4913 = DIRECTION('',(1.,0.,-0.));
#4914 = PCURVE('',#144,#4915);
#4915 = DEFINITIONAL_REPRESENTATION('',(#4916),#4924);
#4916 = ( BOUNDED_CURVE() B_SPLINE_CURVE(2,(#4917,#4918,#4919,#4920,
#4921,#4922,#4923),.UNSPECIFIED.,.T.,.F.) B_SPLINE_CURVE_WITH_KNOTS((1,2
    ,2,2,2,1),(-2.094395102393,0.,2.094395102393,4.188790204786,
6.28318530718,8.377580409573),.UNSPECIFIED.) CURVE() 
GEOMETRIC_REPRESENTATION_ITEM() RATIONAL_B_SPLINE_CURVE((1.,0.5,1.,0.5,
1.,0.5,1.)) REPRESENTATION_ITEM('') );
#4917 = CARTESIAN_POINT('',(45.319801047976,32.445929131522));
#4918 = CARTESIAN_POINT('',(45.319801047976,33.355255805496));
#4919 = CARTESIAN_POINT('',(46.107301047976,32.900592468509));
#4920 = CARTESIAN_POINT('',(46.894801047976,32.445929131522));
#4921 = CARTESIAN_POINT('',(46.107301047976,31.991265794536));
#4922 = CARTESIAN_POINT('',(45.319801047976,31.536602457549));
#4923 = CARTESIAN_POINT('',(45.319801047976,32.445929131522));
#4924 = ( GEOMETRIC_REPRESENTATION_CONTEXT(2) 
PARAMETRIC_REPRESENTATION_CONTEXT() REPRESENTATION_CONTEXT('2D SPACE',''
  ) );
#4925 = PCURVE('',#4926,#4931);
#4926 = CYLINDRICAL_SURFACE('',#4927,0.525);
#4927 = AXIS2_PLACEMENT_3D('',#4928,#4929,#4930);
#4928 = CARTESIAN_POINT('',(23.35,-14.9,-1.E-02));
#4929 = DIRECTION('',(0.,0.,1.));
#4930 = DIRECTION('',(1.,0.,-0.));
#4931 = DEFINITIONAL_REPRESENTATION('',(#4932),#4936);
#4932 = LINE('',#4933,#4934);
#4933 = CARTESIAN_POINT('',(0.,1.E-02));
#4934 = VECTOR('',#4935,1.);
#4935 = DIRECTION('',(1.,0.));
#4936 = ( GEOMETRIC_REPRESENTATION_CONTEXT(2) 
PARAMETRIC_REPRESENTATION_CONTEXT() REPRESENTATION_CONTEXT('2D SPACE',''
  ) );
#4937 = FACE_BOUND('',#4938,.T.);
#4938 = EDGE_LOOP('',(#4939));
#4939 = ORIENTED_EDGE('',*,*,#4940,.T.);
#4940 = EDGE_CURVE('',#4941,#4941,#4943,.T.);
#4941 = VERTEX_POINT('',#4942);
#4942 = CARTESIAN_POINT('',(6.875,-14.9,0.));
#4943 = SURFACE_CURVE('',#4944,(#4949,#4960),.PCURVE_S1.);
#4944 = CIRCLE('',#4945,0.525);
#4945 = AXIS2_PLACEMENT_3D('',#4946,#4947,#4948);
#4946 = CARTESIAN_POINT('',(6.35,-14.9,0.));
#4947 = DIRECTION('',(0.,0.,1.));
#4948 = DIRECTION('',(1.,0.,-0.));
#4949 = PCURVE('',#144,#4950);
#4950 = DEFINITIONAL_REPRESENTATION('',(#4951),#4959);
#4951 = ( BOUNDED_CURVE() B_SPLINE_CURVE(2,(#4952,#4953,#4954,#4955,
#4956,#4957,#4958),.UNSPECIFIED.,.T.,.F.) B_SPLINE_CURVE_WITH_KNOTS((1,2
    ,2,2,2,1),(-2.094395102393,0.,2.094395102393,4.188790204786,
6.28318530718,8.377580409573),.UNSPECIFIED.) CURVE() 
GEOMETRIC_REPRESENTATION_ITEM() RATIONAL_B_SPLINE_CURVE((1.,0.5,1.,0.5,
1.,0.5,1.)) REPRESENTATION_ITEM('') );
#4952 = CARTESIAN_POINT('',(62.319801047976,32.445929131522));
#4953 = CARTESIAN_POINT('',(62.319801047976,33.355255805496));
#4954 = CARTESIAN_POINT('',(63.107301047976,32.900592468509));
#4955 = CARTESIAN_POINT('',(63.894801047976,32.445929131522));
#4956 = CARTESIAN_POINT('',(63.107301047976,31.991265794536));
#4957 = CARTESIAN_POINT('',(62.319801047976,31.536602457549));
#4958 = CARTESIAN_POINT('',(62.319801047976,32.445929131522));
#4959 = ( GEOMETRIC_REPRESENTATION_CONTEXT(2) 
PARAMETRIC_REPRESENTATION_CONTEXT() REPRESENTATION_CONTEXT('2D SPACE',''
  ) );
#4960 = PCURVE('',#4961,#4966);
#4961 = CYLINDRICAL_SURFACE('',#4962,0.525);
#4962 = AXIS2_PLACEMENT_3D('',#4963,#4964,#4965);
#4963 = CARTESIAN_POINT('',(6.35,-14.9,-1.E-02));
#4964 = DIRECTION('',(0.,0.,1.));
#4965 = DIRECTION('',(1.,0.,-0.));
#4966 = DEFINITIONAL_REPRESENTATION('',(#4967),#4971);
#4967 = LINE('',#4968,#4969);
#4968 = CARTESIAN_POINT('',(0.,1.E-02));
#4969 = VECTOR('',#4970,1.);
#4970 = DIRECTION('',(1.,0.));
#4971 = ( GEOMETRIC_REPRESENTATION_CONTEXT(2) 
PARAMETRIC_REPRESENTATION_CONTEXT() REPRESENTATION_CONTEXT('2D SPACE',''
  ) );
#4972 = FACE_BOUND('',#4973,.T.);
#4973 = EDGE_LOOP('',(#4974));
#4974 = ORIENTED_EDGE('',*,*,#4975,.T.);
#4975 = EDGE_CURVE('',#4976,#4976,#4978,.T.);
#4976 = VERTEX_POINT('',#4977);
#4977 = CARTESIAN_POINT('',(18.575,-9.4,0.));
#4978 = SURFACE_CURVE('',#4979,(#4984,#4995),.PCURVE_S1.);
#4979 = CIRCLE('',#4980,0.625);
#4980 = AXIS2_PLACEMENT_3D('',#4981,#4982,#4983);
#4981 = CARTESIAN_POINT('',(17.95,-9.4,0.));
#4982 = DIRECTION('',(0.,0.,1.));
#4983 = DIRECTION('',(1.,0.,-0.));
#4984 = PCURVE('',#144,#4985);
#4985 = DEFINITIONAL_REPRESENTATION('',(#4986),#4994);
#4986 = ( BOUNDED_CURVE() B_SPLINE_CURVE(2,(#4987,#4988,#4989,#4990,
#4991,#4992,#4993),.UNSPECIFIED.,.T.,.F.) B_SPLINE_CURVE_WITH_KNOTS((1,2
    ,2,2,2,1),(-2.094395102393,0.,2.094395102393,4.188790204786,
6.28318530718,8.377580409573),.UNSPECIFIED.) CURVE() 
GEOMETRIC_REPRESENTATION_ITEM() RATIONAL_B_SPLINE_CURVE((1.,0.5,1.,0.5,
1.,0.5,1.)) REPRESENTATION_ITEM('') );
#4987 = CARTESIAN_POINT('',(50.619801047976,37.945929131522));
#4988 = CARTESIAN_POINT('',(50.619801047976,39.028460886253));
#4989 = CARTESIAN_POINT('',(51.557301047976,38.487195008888));
#4990 = CARTESIAN_POINT('',(52.494801047976,37.945929131522));
#4991 = CARTESIAN_POINT('',(51.557301047976,37.404663254157));
#4992 = CARTESIAN_POINT('',(50.619801047976,36.863397376792));
#4993 = CARTESIAN_POINT('',(50.619801047976,37.945929131522));
#4994 = ( GEOMETRIC_REPRESENTATION_CONTEXT(2) 
PARAMETRIC_REPRESENTATION_CONTEXT() REPRESENTATION_CONTEXT('2D SPACE',''
  ) );
#4995 = PCURVE('',#4996,#5001);
#4996 = CYLINDRICAL_SURFACE('',#4997,0.625);
#4997 = AXIS2_PLACEMENT_3D('',#4998,#4999,#5000);
#4998 = CARTESIAN_POINT('',(17.95,-9.4,-1.E-02));
#4999 = DIRECTION('',(0.,0.,1.));
#5000 = DIRECTION('',(1.,0.,-0.));
#5001 = DEFINITIONAL_REPRESENTATION('',(#5002),#5006);
#5002 = LINE('',#5003,#5004);
#5003 = CARTESIAN_POINT('',(0.,1.E-02));
#5004 = VECTOR('',#5005,1.);
#5005 = DIRECTION('',(1.,0.));
#5006 = ( GEOMETRIC_REPRESENTATION_CONTEXT(2) 
PARAMETRIC_REPRESENTATION_CONTEXT() REPRESENTATION_CONTEXT('2D SPACE',''
  ) );
#5007 = FACE_BOUND('',#5008,.T.);
#5008 = EDGE_LOOP('',(#5009));
#5009 = ORIENTED_EDGE('',*,*,#5010,.T.);
#5010 = EDGE_CURVE('',#5011,#5011,#5013,.T.);
#5011 = VERTEX_POINT('',#5012);
#5012 = CARTESIAN_POINT('',(2.95,-2.45,0.));
#5013 = SURFACE_CURVE('',#5014,(#5019,#5030),.PCURVE_S1.);
#5014 = CIRCLE('',#5015,1.1);
#5015 = AXIS2_PLACEMENT_3D('',#5016,#5017,#5018);
#5016 = CARTESIAN_POINT('',(1.85,-2.45,0.));
#5017 = DIRECTION('',(0.,0.,1.));
#5018 = DIRECTION('',(1.,0.,-0.));
#5019 = PCURVE('',#144,#5020);
#5020 = DEFINITIONAL_REPRESENTATION('',(#5021),#5029);
#5021 = ( BOUNDED_CURVE() B_SPLINE_CURVE(2,(#5022,#5023,#5024,#5025,
#5026,#5027,#5028),.UNSPECIFIED.,.T.,.F.) B_SPLINE_CURVE_WITH_KNOTS((1,2
    ,2,2,2,1),(-2.094395102393,0.,2.094395102393,4.188790204786,
6.28318530718,8.377580409573),.UNSPECIFIED.) CURVE() 
GEOMETRIC_REPRESENTATION_ITEM() RATIONAL_B_SPLINE_CURVE((1.,0.5,1.,0.5,
1.,0.5,1.)) REPRESENTATION_ITEM('') );
#5022 = CARTESIAN_POINT('',(66.244801047976,44.895929131522));
#5023 = CARTESIAN_POINT('',(66.244801047976,46.801185019848));
#5024 = CARTESIAN_POINT('',(67.894801047976,45.848557075685));
#5025 = CARTESIAN_POINT('',(69.544801047976,44.895929131522));
#5026 = CARTESIAN_POINT('',(67.894801047976,43.94330118736));
#5027 = CARTESIAN_POINT('',(66.244801047976,42.990673243197));
#5028 = CARTESIAN_POINT('',(66.244801047976,44.895929131522));
#5029 = ( GEOMETRIC_REPRESENTATION_CONTEXT(2) 
PARAMETRIC_REPRESENTATION_CONTEXT() REPRESENTATION_CONTEXT('2D SPACE',''
  ) );
#5030 = PCURVE('',#5031,#5036);
#5031 = CYLINDRICAL_SURFACE('',#5032,1.1);
#5032 = AXIS2_PLACEMENT_3D('',#5033,#5034,#5035);
#5033 = CARTESIAN_POINT('',(1.85,-2.45,-1.E-02));
#5034 = DIRECTION('',(0.,0.,1.));
#5035 = DIRECTION('',(1.,0.,-0.));
#5036 = DEFINITIONAL_REPRESENTATION('',(#5037),#5041);
#5037 = LINE('',#5038,#5039);
#5038 = CARTESIAN_POINT('',(0.,1.E-02));
#5039 = VECTOR('',#5040,1.);
#5040 = DIRECTION('',(1.,0.));
#5041 = ( GEOMETRIC_REPRESENTATION_CONTEXT(2) 
PARAMETRIC_REPRESENTATION_CONTEXT() REPRESENTATION_CONTEXT('2D SPACE',''
  ) );
#5042 = ADVANCED_FACE('',(#5043,#6173,#6203,#6233,#6263,#6293,#6323,
    #6353,#6383,#6413,#6443,#6473,#6503,#6533,#6563,#6593,#6623,#6653,
    #6683,#6713,#6743,#6773,#6803,#6833,#6863,#6893,#6923,#6953,#6983,
    #7013,#7043,#7073,#7103,#7133,#7163,#7193,#7223,#7253,#7283,#7313,
    #7343,#7373,#7403,#7433,#7463,#7493,#7523,#7553,#7583,#7613,#7643,
    #7673,#7703,#7733,#7763,#7793,#7823,#7853,#7883,#7913,#7943,#7973,
    #8003,#8097,#8127,#8157,#8187,#8217,#8247,#8277,#8307,#8337,#8367,
    #8397,#8427,#8457,#8487,#8517,#8547,#8577,#8607,#8637,#8667,#8697,
    #8727,#8757,#8787,#8817,#8847,#8877,#8907,#8937,#8967,#8997,#9027),
  #90,.F.);
#5043 = FACE_BOUND('',#5044,.F.);
#5044 = EDGE_LOOP('',(#5045,#5046,#5047,#5070,#5093,#5116,#5139,#5162,
    #5185,#5208,#5231,#5254,#5277,#5300,#5323,#5346,#5369,#5392,#5415,
    #5438,#5461,#5484,#5507,#5530,#5553,#5576,#5599,#5622,#5645,#5668,
    #5691,#5714,#5737,#5760,#5783,#5806,#5829,#5852,#5875,#5898,#5921,
    #5944,#5967,#5990,#6013,#6036,#6059,#6082,#6105,#6128,#6151,#6172));
#5045 = ORIENTED_EDGE('',*,*,#74,.T.);
#5046 = ORIENTED_EDGE('',*,*,#236,.T.);
#5047 = ORIENTED_EDGE('',*,*,#5048,.T.);
#5048 = EDGE_CURVE('',#237,#5049,#5051,.T.);
#5049 = VERTEX_POINT('',#5050);
#5050 = CARTESIAN_POINT('',(133.981282,-0.317493,1.6));
#5051 = SURFACE_CURVE('',#5052,(#5056,#5063),.PCURVE_S1.);
#5052 = LINE('',#5053,#5054);
#5053 = CARTESIAN_POINT('',(133.73083,-0.180736,1.6));
#5054 = VECTOR('',#5055,1.);
#5055 = DIRECTION('',(0.877679193868,-0.479248612572,0.));
#5056 = PCURVE('',#90,#5057);
#5057 = DEFINITIONAL_REPRESENTATION('',(#5058),#5062);
#5058 = LINE('',#5059,#5060);
#5059 = CARTESIAN_POINT('',(-64.53602895202,47.165193131522));
#5060 = VECTOR('',#5061,1.);
#5061 = DIRECTION('',(-0.877679193868,-0.479248612572));
#5062 = ( GEOMETRIC_REPRESENTATION_CONTEXT(2) 
PARAMETRIC_REPRESENTATION_CONTEXT() REPRESENTATION_CONTEXT('2D SPACE',''
  ) );
#5063 = PCURVE('',#275,#5064);
#5064 = DEFINITIONAL_REPRESENTATION('',(#5065),#5069);
#5065 = LINE('',#5066,#5067);
#5066 = CARTESIAN_POINT('',(0.,-1.6));
#5067 = VECTOR('',#5068,1.);
#5068 = DIRECTION('',(1.,0.));
#5069 = ( GEOMETRIC_REPRESENTATION_CONTEXT(2) 
PARAMETRIC_REPRESENTATION_CONTEXT() REPRESENTATION_CONTEXT('2D SPACE',''
  ) );
#5070 = ORIENTED_EDGE('',*,*,#5071,.T.);
#5071 = EDGE_CURVE('',#5049,#5072,#5074,.T.);
#5072 = VERTEX_POINT('',#5073);
#5073 = CARTESIAN_POINT('',(134.209721,-0.488501,1.6));
#5074 = SURFACE_CURVE('',#5075,(#5079,#5086),.PCURVE_S1.);
#5075 = LINE('',#5076,#5077);
#5076 = CARTESIAN_POINT('',(133.981282,-0.317493,1.6));
#5077 = VECTOR('',#5078,1.);
#5078 = DIRECTION('',(0.800540052961,-0.599279253441,0.));
#5079 = PCURVE('',#90,#5080);
#5080 = DEFINITIONAL_REPRESENTATION('',(#5081),#5085);
#5081 = LINE('',#5082,#5083);
#5082 = CARTESIAN_POINT('',(-64.78648095202,47.028436131522));
#5083 = VECTOR('',#5084,1.);
#5084 = DIRECTION('',(-0.800540052961,-0.599279253441));
#5085 = ( GEOMETRIC_REPRESENTATION_CONTEXT(2) 
PARAMETRIC_REPRESENTATION_CONTEXT() REPRESENTATION_CONTEXT('2D SPACE',''
  ) );
#5086 = PCURVE('',#352,#5087);
#5087 = DEFINITIONAL_REPRESENTATION('',(#5088),#5092);
#5088 = LINE('',#5089,#5090);
#5089 = CARTESIAN_POINT('',(0.,-1.6));
#5090 = VECTOR('',#5091,1.);
#5091 = DIRECTION('',(1.,0.));
#5092 = ( GEOMETRIC_REPRESENTATION_CONTEXT(2) 
PARAMETRIC_REPRESENTATION_CONTEXT() REPRESENTATION_CONTEXT('2D SPACE',''
  ) );
#5093 = ORIENTED_EDGE('',*,*,#5094,.T.);
#5094 = EDGE_CURVE('',#5072,#5095,#5097,.T.);
#5095 = VERTEX_POINT('',#5096);
#5096 = CARTESIAN_POINT('',(134.411499,-0.690279,1.6));
#5097 = SURFACE_CURVE('',#5098,(#5102,#5109),.PCURVE_S1.);
#5098 = LINE('',#5099,#5100);
#5099 = CARTESIAN_POINT('',(134.209721,-0.488501,1.6));
#5100 = VECTOR('',#5101,1.);
#5101 = DIRECTION('',(0.707106781187,-0.707106781187,0.));
#5102 = PCURVE('',#90,#5103);
#5103 = DEFINITIONAL_REPRESENTATION('',(#5104),#5108);
#5104 = LINE('',#5105,#5106);
#5105 = CARTESIAN_POINT('',(-65.01491995202,46.857428131522));
#5106 = VECTOR('',#5107,1.);
#5107 = DIRECTION('',(-0.707106781187,-0.707106781187));
#5108 = ( GEOMETRIC_REPRESENTATION_CONTEXT(2) 
PARAMETRIC_REPRESENTATION_CONTEXT() REPRESENTATION_CONTEXT('2D SPACE',''
  ) );
#5109 = PCURVE('',#380,#5110);
#5110 = DEFINITIONAL_REPRESENTATION('',(#5111),#5115);
#5111 = LINE('',#5112,#5113);
#5112 = CARTESIAN_POINT('',(0.,-1.6));
#5113 = VECTOR('',#5114,1.);
#5114 = DIRECTION('',(1.,0.));
#5115 = ( GEOMETRIC_REPRESENTATION_CONTEXT(2) 
PARAMETRIC_REPRESENTATION_CONTEXT() REPRESENTATION_CONTEXT('2D SPACE',''
  ) );
#5116 = ORIENTED_EDGE('',*,*,#5117,.T.);
#5117 = EDGE_CURVE('',#5095,#5118,#5120,.T.);
#5118 = VERTEX_POINT('',#5119);
#5119 = CARTESIAN_POINT('',(134.582507,-0.918718,1.6));
#5120 = SURFACE_CURVE('',#5121,(#5125,#5132),.PCURVE_S1.);
#5121 = LINE('',#5122,#5123);
#5122 = CARTESIAN_POINT('',(134.411499,-0.690279,1.6));
#5123 = VECTOR('',#5124,1.);
#5124 = DIRECTION('',(0.599279253441,-0.800540052961,0.));
#5125 = PCURVE('',#90,#5126);
#5126 = DEFINITIONAL_REPRESENTATION('',(#5127),#5131);
#5127 = LINE('',#5128,#5129);
#5128 = CARTESIAN_POINT('',(-65.21669795202,46.655650131522));
#5129 = VECTOR('',#5130,1.);
#5130 = DIRECTION('',(-0.599279253441,-0.800540052961));
#5131 = ( GEOMETRIC_REPRESENTATION_CONTEXT(2) 
PARAMETRIC_REPRESENTATION_CONTEXT() REPRESENTATION_CONTEXT('2D SPACE',''
  ) );
#5132 = PCURVE('',#408,#5133);
#5133 = DEFINITIONAL_REPRESENTATION('',(#5134),#5138);
#5134 = LINE('',#5135,#5136);
#5135 = CARTESIAN_POINT('',(0.,-1.6));
#5136 = VECTOR('',#5137,1.);
#5137 = DIRECTION('',(1.,0.));
#5138 = ( GEOMETRIC_REPRESENTATION_CONTEXT(2) 
PARAMETRIC_REPRESENTATION_CONTEXT() REPRESENTATION_CONTEXT('2D SPACE',''
  ) );
#5139 = ORIENTED_EDGE('',*,*,#5140,.T.);
#5140 = EDGE_CURVE('',#5118,#5141,#5143,.T.);
#5141 = VERTEX_POINT('',#5142);
#5142 = CARTESIAN_POINT('',(134.719264,-1.16917,1.6));
#5143 = SURFACE_CURVE('',#5144,(#5148,#5155),.PCURVE_S1.);
#5144 = LINE('',#5145,#5146);
#5145 = CARTESIAN_POINT('',(134.582507,-0.918718,1.6));
#5146 = VECTOR('',#5147,1.);
#5147 = DIRECTION('',(0.479248612572,-0.877679193868,0.));
#5148 = PCURVE('',#90,#5149);
#5149 = DEFINITIONAL_REPRESENTATION('',(#5150),#5154);
#5150 = LINE('',#5151,#5152);
#5151 = CARTESIAN_POINT('',(-65.38770595202,46.427211131522));
#5152 = VECTOR('',#5153,1.);
#5153 = DIRECTION('',(-0.479248612572,-0.877679193868));
#5154 = ( GEOMETRIC_REPRESENTATION_CONTEXT(2) 
PARAMETRIC_REPRESENTATION_CONTEXT() REPRESENTATION_CONTEXT('2D SPACE',''
  ) );
#5155 = PCURVE('',#436,#5156);
#5156 = DEFINITIONAL_REPRESENTATION('',(#5157),#5161);
#5157 = LINE('',#5158,#5159);
#5158 = CARTESIAN_POINT('',(0.,-1.6));
#5159 = VECTOR('',#5160,1.);
#5160 = DIRECTION('',(1.,0.));
#5161 = ( GEOMETRIC_REPRESENTATION_CONTEXT(2) 
PARAMETRIC_REPRESENTATION_CONTEXT() REPRESENTATION_CONTEXT('2D SPACE',''
  ) );
#5162 = ORIENTED_EDGE('',*,*,#5163,.T.);
#5163 = EDGE_CURVE('',#5141,#5164,#5166,.T.);
#5164 = VERTEX_POINT('',#5165);
#5165 = CARTESIAN_POINT('',(134.818986,-1.436535,1.6));
#5166 = SURFACE_CURVE('',#5167,(#5171,#5178),.PCURVE_S1.);
#5167 = LINE('',#5168,#5169);
#5168 = CARTESIAN_POINT('',(134.719264,-1.16917,1.6));
#5169 = VECTOR('',#5170,1.);
#5170 = DIRECTION('',(0.349464212755,-0.936949712633,0.));
#5171 = PCURVE('',#90,#5172);
#5172 = DEFINITIONAL_REPRESENTATION('',(#5173),#5177);
#5173 = LINE('',#5174,#5175);
#5174 = CARTESIAN_POINT('',(-65.52446295202,46.176759131522));
#5175 = VECTOR('',#5176,1.);
#5176 = DIRECTION('',(-0.349464212755,-0.936949712633));
#5177 = ( GEOMETRIC_REPRESENTATION_CONTEXT(2) 
PARAMETRIC_REPRESENTATION_CONTEXT() REPRESENTATION_CONTEXT('2D SPACE',''
  ) );
#5178 = PCURVE('',#464,#5179);
#5179 = DEFINITIONAL_REPRESENTATION('',(#5180),#5184);
#5180 = LINE('',#5181,#5182);
#5181 = CARTESIAN_POINT('',(0.,-1.6));
#5182 = VECTOR('',#5183,1.);
#5183 = DIRECTION('',(1.,0.));
#5184 = ( GEOMETRIC_REPRESENTATION_CONTEXT(2) 
PARAMETRIC_REPRESENTATION_CONTEXT() REPRESENTATION_CONTEXT('2D SPACE',''
  ) );
#5185 = ORIENTED_EDGE('',*,*,#5186,.T.);
#5186 = EDGE_CURVE('',#5164,#5187,#5189,.T.);
#5187 = VERTEX_POINT('',#5188);
#5188 = CARTESIAN_POINT('',(134.879643,-1.71537,1.6));
#5189 = SURFACE_CURVE('',#5190,(#5194,#5201),.PCURVE_S1.);
#5190 = LINE('',#5191,#5192);
#5191 = CARTESIAN_POINT('',(134.818986,-1.436535,1.6));
#5192 = VECTOR('',#5193,1.);
#5193 = DIRECTION('',(0.212565820103,-0.977146750557,0.));
#5194 = PCURVE('',#90,#5195);
#5195 = DEFINITIONAL_REPRESENTATION('',(#5196),#5200);
#5196 = LINE('',#5197,#5198);
#5197 = CARTESIAN_POINT('',(-65.62418495202,45.909394131522));
#5198 = VECTOR('',#5199,1.);
#5199 = DIRECTION('',(-0.212565820103,-0.977146750557));
#5200 = ( GEOMETRIC_REPRESENTATION_CONTEXT(2) 
PARAMETRIC_REPRESENTATION_CONTEXT() REPRESENTATION_CONTEXT('2D SPACE',''
  ) );
#5201 = PCURVE('',#492,#5202);
#5202 = DEFINITIONAL_REPRESENTATION('',(#5203),#5207);
#5203 = LINE('',#5204,#5205);
#5204 = CARTESIAN_POINT('',(0.,-1.6));
#5205 = VECTOR('',#5206,1.);
#5206 = DIRECTION('',(1.,0.));
#5207 = ( GEOMETRIC_REPRESENTATION_CONTEXT(2) 
PARAMETRIC_REPRESENTATION_CONTEXT() REPRESENTATION_CONTEXT('2D SPACE',''
  ) );
#5208 = ORIENTED_EDGE('',*,*,#5209,.T.);
#5209 = EDGE_CURVE('',#5187,#5210,#5212,.T.);
#5210 = VERTEX_POINT('',#5211);
#5211 = CARTESIAN_POINT('',(134.9,-2.,1.6));
#5212 = SURFACE_CURVE('',#5213,(#5217,#5224),.PCURVE_S1.);
#5213 = LINE('',#5214,#5215);
#5214 = CARTESIAN_POINT('',(134.879643,-1.71537,1.6));
#5215 = VECTOR('',#5216,1.);
#5216 = DIRECTION('',(7.133869727235E-02,-0.997452149364,0.));
#5217 = PCURVE('',#90,#5218);
#5218 = DEFINITIONAL_REPRESENTATION('',(#5219),#5223);
#5219 = LINE('',#5220,#5221);
#5220 = CARTESIAN_POINT('',(-65.68484195202,45.630559131522));
#5221 = VECTOR('',#5222,1.);
#5222 = DIRECTION('',(-7.133869727235E-02,-0.997452149364));
#5223 = ( GEOMETRIC_REPRESENTATION_CONTEXT(2) 
PARAMETRIC_REPRESENTATION_CONTEXT() REPRESENTATION_CONTEXT('2D SPACE',''
  ) );
#5224 = PCURVE('',#520,#5225);
#5225 = DEFINITIONAL_REPRESENTATION('',(#5226),#5230);
#5226 = LINE('',#5227,#5228);
#5227 = CARTESIAN_POINT('',(0.,-1.6));
#5228 = VECTOR('',#5229,1.);
#5229 = DIRECTION('',(1.,0.));
#5230 = ( GEOMETRIC_REPRESENTATION_CONTEXT(2) 
PARAMETRIC_REPRESENTATION_CONTEXT() REPRESENTATION_CONTEXT('2D SPACE',''
  ) );
#5231 = ORIENTED_EDGE('',*,*,#5232,.T.);
#5232 = EDGE_CURVE('',#5210,#5233,#5235,.T.);
#5233 = VERTEX_POINT('',#5234);
#5234 = CARTESIAN_POINT('',(134.9,-90.3,1.6));
#5235 = SURFACE_CURVE('',#5236,(#5240,#5247),.PCURVE_S1.);
#5236 = LINE('',#5237,#5238);
#5237 = CARTESIAN_POINT('',(134.9,-2.,1.6));
#5238 = VECTOR('',#5239,1.);
#5239 = DIRECTION('',(0.,-1.,0.));
#5240 = PCURVE('',#90,#5241);
#5241 = DEFINITIONAL_REPRESENTATION('',(#5242),#5246);
#5242 = LINE('',#5243,#5244);
#5243 = CARTESIAN_POINT('',(-65.70519895202,45.345929131522));
#5244 = VECTOR('',#5245,1.);
#5245 = DIRECTION('',(0.,-1.));
#5246 = ( GEOMETRIC_REPRESENTATION_CONTEXT(2) 
PARAMETRIC_REPRESENTATION_CONTEXT() REPRESENTATION_CONTEXT('2D SPACE',''
  ) );
#5247 = PCURVE('',#548,#5248);
#5248 = DEFINITIONAL_REPRESENTATION('',(#5249),#5253);
#5249 = LINE('',#5250,#5251);
#5250 = CARTESIAN_POINT('',(0.,-1.6));
#5251 = VECTOR('',#5252,1.);
#5252 = DIRECTION('',(1.,0.));
#5253 = ( GEOMETRIC_REPRESENTATION_CONTEXT(2) 
PARAMETRIC_REPRESENTATION_CONTEXT() REPRESENTATION_CONTEXT('2D SPACE',''
  ) );
#5254 = ORIENTED_EDGE('',*,*,#5255,.T.);
#5255 = EDGE_CURVE('',#5233,#5256,#5258,.T.);
#5256 = VERTEX_POINT('',#5257);
#5257 = CARTESIAN_POINT('',(134.879643,-90.58463,1.6));
#5258 = SURFACE_CURVE('',#5259,(#5263,#5270),.PCURVE_S1.);
#5259 = LINE('',#5260,#5261);
#5260 = CARTESIAN_POINT('',(134.9,-90.3,1.6));
#5261 = VECTOR('',#5262,1.);
#5262 = DIRECTION('',(-7.133869727234E-02,-0.997452149364,0.));
#5263 = PCURVE('',#90,#5264);
#5264 = DEFINITIONAL_REPRESENTATION('',(#5265),#5269);
#5265 = LINE('',#5266,#5267);
#5266 = CARTESIAN_POINT('',(-65.70519895202,-42.95407086847));
#5267 = VECTOR('',#5268,1.);
#5268 = DIRECTION('',(7.133869727234E-02,-0.997452149364));
#5269 = ( GEOMETRIC_REPRESENTATION_CONTEXT(2) 
PARAMETRIC_REPRESENTATION_CONTEXT() REPRESENTATION_CONTEXT('2D SPACE',''
  ) );
#5270 = PCURVE('',#576,#5271);
#5271 = DEFINITIONAL_REPRESENTATION('',(#5272),#5276);
#5272 = LINE('',#5273,#5274);
#5273 = CARTESIAN_POINT('',(0.,-1.6));
#5274 = VECTOR('',#5275,1.);
#5275 = DIRECTION('',(1.,0.));
#5276 = ( GEOMETRIC_REPRESENTATION_CONTEXT(2) 
PARAMETRIC_REPRESENTATION_CONTEXT() REPRESENTATION_CONTEXT('2D SPACE',''
  ) );
#5277 = ORIENTED_EDGE('',*,*,#5278,.T.);
#5278 = EDGE_CURVE('',#5256,#5279,#5281,.T.);
#5279 = VERTEX_POINT('',#5280);
#5280 = CARTESIAN_POINT('',(134.818986,-90.863465,1.6));
#5281 = SURFACE_CURVE('',#5282,(#5286,#5293),.PCURVE_S1.);
#5282 = LINE('',#5283,#5284);
#5283 = CARTESIAN_POINT('',(134.879643,-90.58463,1.6));
#5284 = VECTOR('',#5285,1.);
#5285 = DIRECTION('',(-0.212565820103,-0.977146750557,0.));
#5286 = PCURVE('',#90,#5287);
#5287 = DEFINITIONAL_REPRESENTATION('',(#5288),#5292);
#5288 = LINE('',#5289,#5290);
#5289 = CARTESIAN_POINT('',(-65.68484195202,-43.23870086847));
#5290 = VECTOR('',#5291,1.);
#5291 = DIRECTION('',(0.212565820103,-0.977146750557));
#5292 = ( GEOMETRIC_REPRESENTATION_CONTEXT(2) 
PARAMETRIC_REPRESENTATION_CONTEXT() REPRESENTATION_CONTEXT('2D SPACE',''
  ) );
#5293 = PCURVE('',#604,#5294);
#5294 = DEFINITIONAL_REPRESENTATION('',(#5295),#5299);
#5295 = LINE('',#5296,#5297);
#5296 = CARTESIAN_POINT('',(0.,-1.6));
#5297 = VECTOR('',#5298,1.);
#5298 = DIRECTION('',(1.,0.));
#5299 = ( GEOMETRIC_REPRESENTATION_CONTEXT(2) 
PARAMETRIC_REPRESENTATION_CONTEXT() REPRESENTATION_CONTEXT('2D SPACE',''
  ) );
#5300 = ORIENTED_EDGE('',*,*,#5301,.T.);
#5301 = EDGE_CURVE('',#5279,#5302,#5304,.T.);
#5302 = VERTEX_POINT('',#5303);
#5303 = CARTESIAN_POINT('',(134.719264,-91.13083,1.6));
#5304 = SURFACE_CURVE('',#5305,(#5309,#5316),.PCURVE_S1.);
#5305 = LINE('',#5306,#5307);
#5306 = CARTESIAN_POINT('',(134.818986,-90.863465,1.6));
#5307 = VECTOR('',#5308,1.);
#5308 = DIRECTION('',(-0.349464212755,-0.936949712633,0.));
#5309 = PCURVE('',#90,#5310);
#5310 = DEFINITIONAL_REPRESENTATION('',(#5311),#5315);
#5311 = LINE('',#5312,#5313);
#5312 = CARTESIAN_POINT('',(-65.62418495202,-43.51753586847));
#5313 = VECTOR('',#5314,1.);
#5314 = DIRECTION('',(0.349464212755,-0.936949712633));
#5315 = ( GEOMETRIC_REPRESENTATION_CONTEXT(2) 
PARAMETRIC_REPRESENTATION_CONTEXT() REPRESENTATION_CONTEXT('2D SPACE',''
  ) );
#5316 = PCURVE('',#632,#5317);
#5317 = DEFINITIONAL_REPRESENTATION('',(#5318),#5322);
#5318 = LINE('',#5319,#5320);
#5319 = CARTESIAN_POINT('',(0.,-1.6));
#5320 = VECTOR('',#5321,1.);
#5321 = DIRECTION('',(1.,0.));
#5322 = ( GEOMETRIC_REPRESENTATION_CONTEXT(2) 
PARAMETRIC_REPRESENTATION_CONTEXT() REPRESENTATION_CONTEXT('2D SPACE',''
  ) );
#5323 = ORIENTED_EDGE('',*,*,#5324,.T.);
#5324 = EDGE_CURVE('',#5302,#5325,#5327,.T.);
#5325 = VERTEX_POINT('',#5326);
#5326 = CARTESIAN_POINT('',(134.582507,-91.381282,1.6));
#5327 = SURFACE_CURVE('',#5328,(#5332,#5339),.PCURVE_S1.);
#5328 = LINE('',#5329,#5330);
#5329 = CARTESIAN_POINT('',(134.719264,-91.13083,1.6));
#5330 = VECTOR('',#5331,1.);
#5331 = DIRECTION('',(-0.479248612572,-0.877679193868,0.));
#5332 = PCURVE('',#90,#5333);
#5333 = DEFINITIONAL_REPRESENTATION('',(#5334),#5338);
#5334 = LINE('',#5335,#5336);
#5335 = CARTESIAN_POINT('',(-65.52446295202,-43.78490086847));
#5336 = VECTOR('',#5337,1.);
#5337 = DIRECTION('',(0.479248612572,-0.877679193868));
#5338 = ( GEOMETRIC_REPRESENTATION_CONTEXT(2) 
PARAMETRIC_REPRESENTATION_CONTEXT() REPRESENTATION_CONTEXT('2D SPACE',''
  ) );
#5339 = PCURVE('',#660,#5340);
#5340 = DEFINITIONAL_REPRESENTATION('',(#5341),#5345);
#5341 = LINE('',#5342,#5343);
#5342 = CARTESIAN_POINT('',(0.,-1.6));
#5343 = VECTOR('',#5344,1.);
#5344 = DIRECTION('',(1.,0.));
#5345 = ( GEOMETRIC_REPRESENTATION_CONTEXT(2) 
PARAMETRIC_REPRESENTATION_CONTEXT() REPRESENTATION_CONTEXT('2D SPACE',''
  ) );
#5346 = ORIENTED_EDGE('',*,*,#5347,.T.);
#5347 = EDGE_CURVE('',#5325,#5348,#5350,.T.);
#5348 = VERTEX_POINT('',#5349);
#5349 = CARTESIAN_POINT('',(134.411499,-91.609721,1.6));
#5350 = SURFACE_CURVE('',#5351,(#5355,#5362),.PCURVE_S1.);
#5351 = LINE('',#5352,#5353);
#5352 = CARTESIAN_POINT('',(134.582507,-91.381282,1.6));
#5353 = VECTOR('',#5354,1.);
#5354 = DIRECTION('',(-0.599279253441,-0.800540052961,0.));
#5355 = PCURVE('',#90,#5356);
#5356 = DEFINITIONAL_REPRESENTATION('',(#5357),#5361);
#5357 = LINE('',#5358,#5359);
#5358 = CARTESIAN_POINT('',(-65.38770595202,-44.03535286847));
#5359 = VECTOR('',#5360,1.);
#5360 = DIRECTION('',(0.599279253441,-0.800540052961));
#5361 = ( GEOMETRIC_REPRESENTATION_CONTEXT(2) 
PARAMETRIC_REPRESENTATION_CONTEXT() REPRESENTATION_CONTEXT('2D SPACE',''
  ) );
#5362 = PCURVE('',#688,#5363);
#5363 = DEFINITIONAL_REPRESENTATION('',(#5364),#5368);
#5364 = LINE('',#5365,#5366);
#5365 = CARTESIAN_POINT('',(0.,-1.6));
#5366 = VECTOR('',#5367,1.);
#5367 = DIRECTION('',(1.,0.));
#5368 = ( GEOMETRIC_REPRESENTATION_CONTEXT(2) 
PARAMETRIC_REPRESENTATION_CONTEXT() REPRESENTATION_CONTEXT('2D SPACE',''
  ) );
#5369 = ORIENTED_EDGE('',*,*,#5370,.T.);
#5370 = EDGE_CURVE('',#5348,#5371,#5373,.T.);
#5371 = VERTEX_POINT('',#5372);
#5372 = CARTESIAN_POINT('',(134.209721,-91.811499,1.6));
#5373 = SURFACE_CURVE('',#5374,(#5378,#5385),.PCURVE_S1.);
#5374 = LINE('',#5375,#5376);
#5375 = CARTESIAN_POINT('',(134.411499,-91.609721,1.6));
#5376 = VECTOR('',#5377,1.);
#5377 = DIRECTION('',(-0.707106781187,-0.707106781187,0.));
#5378 = PCURVE('',#90,#5379);
#5379 = DEFINITIONAL_REPRESENTATION('',(#5380),#5384);
#5380 = LINE('',#5381,#5382);
#5381 = CARTESIAN_POINT('',(-65.21669795202,-44.26379186847));
#5382 = VECTOR('',#5383,1.);
#5383 = DIRECTION('',(0.707106781187,-0.707106781187));
#5384 = ( GEOMETRIC_REPRESENTATION_CONTEXT(2) 
PARAMETRIC_REPRESENTATION_CONTEXT() REPRESENTATION_CONTEXT('2D SPACE',''
  ) );
#5385 = PCURVE('',#716,#5386);
#5386 = DEFINITIONAL_REPRESENTATION('',(#5387),#5391);
#5387 = LINE('',#5388,#5389);
#5388 = CARTESIAN_POINT('',(0.,-1.6));
#5389 = VECTOR('',#5390,1.);
#5390 = DIRECTION('',(1.,0.));
#5391 = ( GEOMETRIC_REPRESENTATION_CONTEXT(2) 
PARAMETRIC_REPRESENTATION_CONTEXT() REPRESENTATION_CONTEXT('2D SPACE',''
  ) );
#5392 = ORIENTED_EDGE('',*,*,#5393,.T.);
#5393 = EDGE_CURVE('',#5371,#5394,#5396,.T.);
#5394 = VERTEX_POINT('',#5395);
#5395 = CARTESIAN_POINT('',(133.981282,-91.982507,1.6));
#5396 = SURFACE_CURVE('',#5397,(#5401,#5408),.PCURVE_S1.);
#5397 = LINE('',#5398,#5399);
#5398 = CARTESIAN_POINT('',(134.209721,-91.811499,1.6));
#5399 = VECTOR('',#5400,1.);
#5400 = DIRECTION('',(-0.800540052961,-0.599279253441,0.));
#5401 = PCURVE('',#90,#5402);
#5402 = DEFINITIONAL_REPRESENTATION('',(#5403),#5407);
#5403 = LINE('',#5404,#5405);
#5404 = CARTESIAN_POINT('',(-65.01491995202,-44.46556986847));
#5405 = VECTOR('',#5406,1.);
#5406 = DIRECTION('',(0.800540052961,-0.599279253441));
#5407 = ( GEOMETRIC_REPRESENTATION_CONTEXT(2) 
PARAMETRIC_REPRESENTATION_CONTEXT() REPRESENTATION_CONTEXT('2D SPACE',''
  ) );
#5408 = PCURVE('',#744,#5409);
#5409 = DEFINITIONAL_REPRESENTATION('',(#5410),#5414);
#5410 = LINE('',#5411,#5412);
#5411 = CARTESIAN_POINT('',(0.,-1.6));
#5412 = VECTOR('',#5413,1.);
#5413 = DIRECTION('',(1.,0.));
#5414 = ( GEOMETRIC_REPRESENTATION_CONTEXT(2) 
PARAMETRIC_REPRESENTATION_CONTEXT() REPRESENTATION_CONTEXT('2D SPACE',''
  ) );
#5415 = ORIENTED_EDGE('',*,*,#5416,.T.);
#5416 = EDGE_CURVE('',#5394,#5417,#5419,.T.);
#5417 = VERTEX_POINT('',#5418);
#5418 = CARTESIAN_POINT('',(133.73083,-92.119264,1.6));
#5419 = SURFACE_CURVE('',#5420,(#5424,#5431),.PCURVE_S1.);
#5420 = LINE('',#5421,#5422);
#5421 = CARTESIAN_POINT('',(133.981282,-91.982507,1.6));
#5422 = VECTOR('',#5423,1.);
#5423 = DIRECTION('',(-0.877679193868,-0.479248612572,0.));
#5424 = PCURVE('',#90,#5425);
#5425 = DEFINITIONAL_REPRESENTATION('',(#5426),#5430);
#5426 = LINE('',#5427,#5428);
#5427 = CARTESIAN_POINT('',(-64.78648095202,-44.63657786847));
#5428 = VECTOR('',#5429,1.);
#5429 = DIRECTION('',(0.877679193868,-0.479248612572));
#5430 = ( GEOMETRIC_REPRESENTATION_CONTEXT(2) 
PARAMETRIC_REPRESENTATION_CONTEXT() REPRESENTATION_CONTEXT('2D SPACE',''
  ) );
#5431 = PCURVE('',#772,#5432);
#5432 = DEFINITIONAL_REPRESENTATION('',(#5433),#5437);
#5433 = LINE('',#5434,#5435);
#5434 = CARTESIAN_POINT('',(0.,-1.6));
#5435 = VECTOR('',#5436,1.);
#5436 = DIRECTION('',(1.,0.));
#5437 = ( GEOMETRIC_REPRESENTATION_CONTEXT(2) 
PARAMETRIC_REPRESENTATION_CONTEXT() REPRESENTATION_CONTEXT('2D SPACE',''
  ) );
#5438 = ORIENTED_EDGE('',*,*,#5439,.T.);
#5439 = EDGE_CURVE('',#5417,#5440,#5442,.T.);
#5440 = VERTEX_POINT('',#5441);
#5441 = CARTESIAN_POINT('',(133.463465,-92.218986,1.6));
#5442 = SURFACE_CURVE('',#5443,(#5447,#5454),.PCURVE_S1.);
#5443 = LINE('',#5444,#5445);
#5444 = CARTESIAN_POINT('',(133.73083,-92.119264,1.6));
#5445 = VECTOR('',#5446,1.);
#5446 = DIRECTION('',(-0.936949712633,-0.349464212755,0.));
#5447 = PCURVE('',#90,#5448);
#5448 = DEFINITIONAL_REPRESENTATION('',(#5449),#5453);
#5449 = LINE('',#5450,#5451);
#5450 = CARTESIAN_POINT('',(-64.53602895202,-44.77333486847));
#5451 = VECTOR('',#5452,1.);
#5452 = DIRECTION('',(0.936949712633,-0.349464212755));
#5453 = ( GEOMETRIC_REPRESENTATION_CONTEXT(2) 
PARAMETRIC_REPRESENTATION_CONTEXT() REPRESENTATION_CONTEXT('2D SPACE',''
  ) );
#5454 = PCURVE('',#800,#5455);
#5455 = DEFINITIONAL_REPRESENTATION('',(#5456),#5460);
#5456 = LINE('',#5457,#5458);
#5457 = CARTESIAN_POINT('',(0.,-1.6));
#5458 = VECTOR('',#5459,1.);
#5459 = DIRECTION('',(1.,0.));
#5460 = ( GEOMETRIC_REPRESENTATION_CONTEXT(2) 
PARAMETRIC_REPRESENTATION_CONTEXT() REPRESENTATION_CONTEXT('2D SPACE',''
  ) );
#5461 = ORIENTED_EDGE('',*,*,#5462,.T.);
#5462 = EDGE_CURVE('',#5440,#5463,#5465,.T.);
#5463 = VERTEX_POINT('',#5464);
#5464 = CARTESIAN_POINT('',(133.18463,-92.279643,1.6));
#5465 = SURFACE_CURVE('',#5466,(#5470,#5477),.PCURVE_S1.);
#5466 = LINE('',#5467,#5468);
#5467 = CARTESIAN_POINT('',(133.463465,-92.218986,1.6));
#5468 = VECTOR('',#5469,1.);
#5469 = DIRECTION('',(-0.977146750557,-0.212565820103,0.));
#5470 = PCURVE('',#90,#5471);
#5471 = DEFINITIONAL_REPRESENTATION('',(#5472),#5476);
#5472 = LINE('',#5473,#5474);
#5473 = CARTESIAN_POINT('',(-64.26866395202,-44.87305686847));
#5474 = VECTOR('',#5475,1.);
#5475 = DIRECTION('',(0.977146750557,-0.212565820103));
#5476 = ( GEOMETRIC_REPRESENTATION_CONTEXT(2) 
PARAMETRIC_REPRESENTATION_CONTEXT() REPRESENTATION_CONTEXT('2D SPACE',''
  ) );
#5477 = PCURVE('',#828,#5478);
#5478 = DEFINITIONAL_REPRESENTATION('',(#5479),#5483);
#5479 = LINE('',#5480,#5481);
#5480 = CARTESIAN_POINT('',(0.,-1.6));
#5481 = VECTOR('',#5482,1.);
#5482 = DIRECTION('',(1.,0.));
#5483 = ( GEOMETRIC_REPRESENTATION_CONTEXT(2) 
PARAMETRIC_REPRESENTATION_CONTEXT() REPRESENTATION_CONTEXT('2D SPACE',''
  ) );
#5484 = ORIENTED_EDGE('',*,*,#5485,.T.);
#5485 = EDGE_CURVE('',#5463,#5486,#5488,.T.);
#5486 = VERTEX_POINT('',#5487);
#5487 = CARTESIAN_POINT('',(132.9,-92.3,1.6));
#5488 = SURFACE_CURVE('',#5489,(#5493,#5500),.PCURVE_S1.);
#5489 = LINE('',#5490,#5491);
#5490 = CARTESIAN_POINT('',(133.18463,-92.279643,1.6));
#5491 = VECTOR('',#5492,1.);
#5492 = DIRECTION('',(-0.997452149364,-7.13386972723E-02,0.));
#5493 = PCURVE('',#90,#5494);
#5494 = DEFINITIONAL_REPRESENTATION('',(#5495),#5499);
#5495 = LINE('',#5496,#5497);
#5496 = CARTESIAN_POINT('',(-63.98982895202,-44.93371386847));
#5497 = VECTOR('',#5498,1.);
#5498 = DIRECTION('',(0.997452149364,-7.13386972723E-02));
#5499 = ( GEOMETRIC_REPRESENTATION_CONTEXT(2) 
PARAMETRIC_REPRESENTATION_CONTEXT() REPRESENTATION_CONTEXT('2D SPACE',''
  ) );
#5500 = PCURVE('',#856,#5501);
#5501 = DEFINITIONAL_REPRESENTATION('',(#5502),#5506);
#5502 = LINE('',#5503,#5504);
#5503 = CARTESIAN_POINT('',(0.,-1.6));
#5504 = VECTOR('',#5505,1.);
#5505 = DIRECTION('',(1.,0.));
#5506 = ( GEOMETRIC_REPRESENTATION_CONTEXT(2) 
PARAMETRIC_REPRESENTATION_CONTEXT() REPRESENTATION_CONTEXT('2D SPACE',''
  ) );
#5507 = ORIENTED_EDGE('',*,*,#5508,.T.);
#5508 = EDGE_CURVE('',#5486,#5509,#5511,.T.);
#5509 = VERTEX_POINT('',#5510);
#5510 = CARTESIAN_POINT('',(126.9,-92.3,1.6));
#5511 = SURFACE_CURVE('',#5512,(#5516,#5523),.PCURVE_S1.);
#5512 = LINE('',#5513,#5514);
#5513 = CARTESIAN_POINT('',(132.9,-92.3,1.6));
#5514 = VECTOR('',#5515,1.);
#5515 = DIRECTION('',(-1.,0.,0.));
#5516 = PCURVE('',#90,#5517);
#5517 = DEFINITIONAL_REPRESENTATION('',(#5518),#5522);
#5518 = LINE('',#5519,#5520);
#5519 = CARTESIAN_POINT('',(-63.70519895202,-44.95407086847));
#5520 = VECTOR('',#5521,1.);
#5521 = DIRECTION('',(1.,0.));
#5522 = ( GEOMETRIC_REPRESENTATION_CONTEXT(2) 
PARAMETRIC_REPRESENTATION_CONTEXT() REPRESENTATION_CONTEXT('2D SPACE',''
  ) );
#5523 = PCURVE('',#884,#5524);
#5524 = DEFINITIONAL_REPRESENTATION('',(#5525),#5529);
#5525 = LINE('',#5526,#5527);
#5526 = CARTESIAN_POINT('',(0.,-1.6));
#5527 = VECTOR('',#5528,1.);
#5528 = DIRECTION('',(1.,0.));
#5529 = ( GEOMETRIC_REPRESENTATION_CONTEXT(2) 
PARAMETRIC_REPRESENTATION_CONTEXT() REPRESENTATION_CONTEXT('2D SPACE',''
  ) );
#5530 = ORIENTED_EDGE('',*,*,#5531,.T.);
#5531 = EDGE_CURVE('',#5509,#5532,#5534,.T.);
#5532 = VERTEX_POINT('',#5533);
#5533 = CARTESIAN_POINT('',(126.9,-84.8,1.6));
#5534 = SURFACE_CURVE('',#5535,(#5539,#5546),.PCURVE_S1.);
#5535 = LINE('',#5536,#5537);
#5536 = CARTESIAN_POINT('',(126.9,-92.3,1.6));
#5537 = VECTOR('',#5538,1.);
#5538 = DIRECTION('',(0.,1.,0.));
#5539 = PCURVE('',#90,#5540);
#5540 = DEFINITIONAL_REPRESENTATION('',(#5541),#5545);
#5541 = LINE('',#5542,#5543);
#5542 = CARTESIAN_POINT('',(-57.70519895202,-44.95407086847));
#5543 = VECTOR('',#5544,1.);
#5544 = DIRECTION('',(0.,1.));
#5545 = ( GEOMETRIC_REPRESENTATION_CONTEXT(2) 
PARAMETRIC_REPRESENTATION_CONTEXT() REPRESENTATION_CONTEXT('2D SPACE',''
  ) );
#5546 = PCURVE('',#912,#5547);
#5547 = DEFINITIONAL_REPRESENTATION('',(#5548),#5552);
#5548 = LINE('',#5549,#5550);
#5549 = CARTESIAN_POINT('',(0.,-1.6));
#5550 = VECTOR('',#5551,1.);
#5551 = DIRECTION('',(1.,0.));
#5552 = ( GEOMETRIC_REPRESENTATION_CONTEXT(2) 
PARAMETRIC_REPRESENTATION_CONTEXT() REPRESENTATION_CONTEXT('2D SPACE',''
  ) );
#5553 = ORIENTED_EDGE('',*,*,#5554,.T.);
#5554 = EDGE_CURVE('',#5532,#5555,#5557,.T.);
#5555 = VERTEX_POINT('',#5556);
#5556 = CARTESIAN_POINT('',(116.4,-84.8,1.6));
#5557 = SURFACE_CURVE('',#5558,(#5562,#5569),.PCURVE_S1.);
#5558 = LINE('',#5559,#5560);
#5559 = CARTESIAN_POINT('',(126.9,-84.8,1.6));
#5560 = VECTOR('',#5561,1.);
#5561 = DIRECTION('',(-1.,0.,0.));
#5562 = PCURVE('',#90,#5563);
#5563 = DEFINITIONAL_REPRESENTATION('',(#5564),#5568);
#5564 = LINE('',#5565,#5566);
#5565 = CARTESIAN_POINT('',(-57.70519895202,-37.45407086847));
#5566 = VECTOR('',#5567,1.);
#5567 = DIRECTION('',(1.,0.));
#5568 = ( GEOMETRIC_REPRESENTATION_CONTEXT(2) 
PARAMETRIC_REPRESENTATION_CONTEXT() REPRESENTATION_CONTEXT('2D SPACE',''
  ) );
#5569 = PCURVE('',#940,#5570);
#5570 = DEFINITIONAL_REPRESENTATION('',(#5571),#5575);
#5571 = LINE('',#5572,#5573);
#5572 = CARTESIAN_POINT('',(0.,-1.6));
#5573 = VECTOR('',#5574,1.);
#5574 = DIRECTION('',(1.,0.));
#5575 = ( GEOMETRIC_REPRESENTATION_CONTEXT(2) 
PARAMETRIC_REPRESENTATION_CONTEXT() REPRESENTATION_CONTEXT('2D SPACE',''
  ) );
#5576 = ORIENTED_EDGE('',*,*,#5577,.T.);
#5577 = EDGE_CURVE('',#5555,#5578,#5580,.T.);
#5578 = VERTEX_POINT('',#5579);
#5579 = CARTESIAN_POINT('',(116.4,-92.3,1.6));
#5580 = SURFACE_CURVE('',#5581,(#5585,#5592),.PCURVE_S1.);
#5581 = LINE('',#5582,#5583);
#5582 = CARTESIAN_POINT('',(116.4,-84.8,1.6));
#5583 = VECTOR('',#5584,1.);
#5584 = DIRECTION('',(0.,-1.,0.));
#5585 = PCURVE('',#90,#5586);
#5586 = DEFINITIONAL_REPRESENTATION('',(#5587),#5591);
#5587 = LINE('',#5588,#5589);
#5588 = CARTESIAN_POINT('',(-47.20519895202,-37.45407086847));
#5589 = VECTOR('',#5590,1.);
#5590 = DIRECTION('',(0.,-1.));
#5591 = ( GEOMETRIC_REPRESENTATION_CONTEXT(2) 
PARAMETRIC_REPRESENTATION_CONTEXT() REPRESENTATION_CONTEXT('2D SPACE',''
  ) );
#5592 = PCURVE('',#968,#5593);
#5593 = DEFINITIONAL_REPRESENTATION('',(#5594),#5598);
#5594 = LINE('',#5595,#5596);
#5595 = CARTESIAN_POINT('',(0.,-1.6));
#5596 = VECTOR('',#5597,1.);
#5597 = DIRECTION('',(1.,0.));
#5598 = ( GEOMETRIC_REPRESENTATION_CONTEXT(2) 
PARAMETRIC_REPRESENTATION_CONTEXT() REPRESENTATION_CONTEXT('2D SPACE',''
  ) );
#5599 = ORIENTED_EDGE('',*,*,#5600,.T.);
#5600 = EDGE_CURVE('',#5578,#5601,#5603,.T.);
#5601 = VERTEX_POINT('',#5602);
#5602 = CARTESIAN_POINT('',(2.,-92.3,1.6));
#5603 = SURFACE_CURVE('',#5604,(#5608,#5615),.PCURVE_S1.);
#5604 = LINE('',#5605,#5606);
#5605 = CARTESIAN_POINT('',(116.4,-92.3,1.6));
#5606 = VECTOR('',#5607,1.);
#5607 = DIRECTION('',(-1.,0.,0.));
#5608 = PCURVE('',#90,#5609);
#5609 = DEFINITIONAL_REPRESENTATION('',(#5610),#5614);
#5610 = LINE('',#5611,#5612);
#5611 = CARTESIAN_POINT('',(-47.20519895202,-44.95407086847));
#5612 = VECTOR('',#5613,1.);
#5613 = DIRECTION('',(1.,0.));
#5614 = ( GEOMETRIC_REPRESENTATION_CONTEXT(2) 
PARAMETRIC_REPRESENTATION_CONTEXT() REPRESENTATION_CONTEXT('2D SPACE',''
  ) );
#5615 = PCURVE('',#996,#5616);
#5616 = DEFINITIONAL_REPRESENTATION('',(#5617),#5621);
#5617 = LINE('',#5618,#5619);
#5618 = CARTESIAN_POINT('',(0.,-1.6));
#5619 = VECTOR('',#5620,1.);
#5620 = DIRECTION('',(1.,0.));
#5621 = ( GEOMETRIC_REPRESENTATION_CONTEXT(2) 
PARAMETRIC_REPRESENTATION_CONTEXT() REPRESENTATION_CONTEXT('2D SPACE',''
  ) );
#5622 = ORIENTED_EDGE('',*,*,#5623,.T.);
#5623 = EDGE_CURVE('',#5601,#5624,#5626,.T.);
#5624 = VERTEX_POINT('',#5625);
#5625 = CARTESIAN_POINT('',(1.71537,-92.279643,1.6));
#5626 = SURFACE_CURVE('',#5627,(#5631,#5638),.PCURVE_S1.);
#5627 = LINE('',#5628,#5629);
#5628 = CARTESIAN_POINT('',(2.,-92.3,1.6));
#5629 = VECTOR('',#5630,1.);
#5630 = DIRECTION('',(-0.997452149364,7.13386972723E-02,0.));
#5631 = PCURVE('',#90,#5632);
#5632 = DEFINITIONAL_REPRESENTATION('',(#5633),#5637);
#5633 = LINE('',#5634,#5635);
#5634 = CARTESIAN_POINT('',(67.194801047976,-44.95407086847));
#5635 = VECTOR('',#5636,1.);
#5636 = DIRECTION('',(0.997452149364,7.13386972723E-02));
#5637 = ( GEOMETRIC_REPRESENTATION_CONTEXT(2) 
PARAMETRIC_REPRESENTATION_CONTEXT() REPRESENTATION_CONTEXT('2D SPACE',''
  ) );
#5638 = PCURVE('',#1024,#5639);
#5639 = DEFINITIONAL_REPRESENTATION('',(#5640),#5644);
#5640 = LINE('',#5641,#5642);
#5641 = CARTESIAN_POINT('',(0.,-1.6));
#5642 = VECTOR('',#5643,1.);
#5643 = DIRECTION('',(1.,0.));
#5644 = ( GEOMETRIC_REPRESENTATION_CONTEXT(2) 
PARAMETRIC_REPRESENTATION_CONTEXT() REPRESENTATION_CONTEXT('2D SPACE',''
  ) );
#5645 = ORIENTED_EDGE('',*,*,#5646,.T.);
#5646 = EDGE_CURVE('',#5624,#5647,#5649,.T.);
#5647 = VERTEX_POINT('',#5648);
#5648 = CARTESIAN_POINT('',(1.436535,-92.218986,1.6));
#5649 = SURFACE_CURVE('',#5650,(#5654,#5661),.PCURVE_S1.);
#5650 = LINE('',#5651,#5652);
#5651 = CARTESIAN_POINT('',(1.71537,-92.279643,1.6));
#5652 = VECTOR('',#5653,1.);
#5653 = DIRECTION('',(-0.977146750557,0.212565820103,0.));
#5654 = PCURVE('',#90,#5655);
#5655 = DEFINITIONAL_REPRESENTATION('',(#5656),#5660);
#5656 = LINE('',#5657,#5658);
#5657 = CARTESIAN_POINT('',(67.479431047976,-44.93371386847));
#5658 = VECTOR('',#5659,1.);
#5659 = DIRECTION('',(0.977146750557,0.212565820103));
#5660 = ( GEOMETRIC_REPRESENTATION_CONTEXT(2) 
PARAMETRIC_REPRESENTATION_CONTEXT() REPRESENTATION_CONTEXT('2D SPACE',''
  ) );
#5661 = PCURVE('',#1052,#5662);
#5662 = DEFINITIONAL_REPRESENTATION('',(#5663),#5667);
#5663 = LINE('',#5664,#5665);
#5664 = CARTESIAN_POINT('',(0.,-1.6));
#5665 = VECTOR('',#5666,1.);
#5666 = DIRECTION('',(1.,0.));
#5667 = ( GEOMETRIC_REPRESENTATION_CONTEXT(2) 
PARAMETRIC_REPRESENTATION_CONTEXT() REPRESENTATION_CONTEXT('2D SPACE',''
  ) );
#5668 = ORIENTED_EDGE('',*,*,#5669,.T.);
#5669 = EDGE_CURVE('',#5647,#5670,#5672,.T.);
#5670 = VERTEX_POINT('',#5671);
#5671 = CARTESIAN_POINT('',(1.16917,-92.119264,1.6));
#5672 = SURFACE_CURVE('',#5673,(#5677,#5684),.PCURVE_S1.);
#5673 = LINE('',#5674,#5675);
#5674 = CARTESIAN_POINT('',(1.436535,-92.218986,1.6));
#5675 = VECTOR('',#5676,1.);
#5676 = DIRECTION('',(-0.936949712633,0.349464212755,0.));
#5677 = PCURVE('',#90,#5678);
#5678 = DEFINITIONAL_REPRESENTATION('',(#5679),#5683);
#5679 = LINE('',#5680,#5681);
#5680 = CARTESIAN_POINT('',(67.758266047976,-44.87305686847));
#5681 = VECTOR('',#5682,1.);
#5682 = DIRECTION('',(0.936949712633,0.349464212755));
#5683 = ( GEOMETRIC_REPRESENTATION_CONTEXT(2) 
PARAMETRIC_REPRESENTATION_CONTEXT() REPRESENTATION_CONTEXT('2D SPACE',''
  ) );
#5684 = PCURVE('',#1080,#5685);
#5685 = DEFINITIONAL_REPRESENTATION('',(#5686),#5690);
#5686 = LINE('',#5687,#5688);
#5687 = CARTESIAN_POINT('',(0.,-1.6));
#5688 = VECTOR('',#5689,1.);
#5689 = DIRECTION('',(1.,0.));
#5690 = ( GEOMETRIC_REPRESENTATION_CONTEXT(2) 
PARAMETRIC_REPRESENTATION_CONTEXT() REPRESENTATION_CONTEXT('2D SPACE',''
  ) );
#5691 = ORIENTED_EDGE('',*,*,#5692,.T.);
#5692 = EDGE_CURVE('',#5670,#5693,#5695,.T.);
#5693 = VERTEX_POINT('',#5694);
#5694 = CARTESIAN_POINT('',(0.918718,-91.982507,1.6));
#5695 = SURFACE_CURVE('',#5696,(#5700,#5707),.PCURVE_S1.);
#5696 = LINE('',#5697,#5698);
#5697 = CARTESIAN_POINT('',(1.16917,-92.119264,1.6));
#5698 = VECTOR('',#5699,1.);
#5699 = DIRECTION('',(-0.877679193868,0.479248612572,0.));
#5700 = PCURVE('',#90,#5701);
#5701 = DEFINITIONAL_REPRESENTATION('',(#5702),#5706);
#5702 = LINE('',#5703,#5704);
#5703 = CARTESIAN_POINT('',(68.025631047976,-44.77333486847));
#5704 = VECTOR('',#5705,1.);
#5705 = DIRECTION('',(0.877679193868,0.479248612572));
#5706 = ( GEOMETRIC_REPRESENTATION_CONTEXT(2) 
PARAMETRIC_REPRESENTATION_CONTEXT() REPRESENTATION_CONTEXT('2D SPACE',''
  ) );
#5707 = PCURVE('',#1108,#5708);
#5708 = DEFINITIONAL_REPRESENTATION('',(#5709),#5713);
#5709 = LINE('',#5710,#5711);
#5710 = CARTESIAN_POINT('',(0.,-1.6));
#5711 = VECTOR('',#5712,1.);
#5712 = DIRECTION('',(1.,0.));
#5713 = ( GEOMETRIC_REPRESENTATION_CONTEXT(2) 
PARAMETRIC_REPRESENTATION_CONTEXT() REPRESENTATION_CONTEXT('2D SPACE',''
  ) );
#5714 = ORIENTED_EDGE('',*,*,#5715,.T.);
#5715 = EDGE_CURVE('',#5693,#5716,#5718,.T.);
#5716 = VERTEX_POINT('',#5717);
#5717 = CARTESIAN_POINT('',(0.690279,-91.811499,1.6));
#5718 = SURFACE_CURVE('',#5719,(#5723,#5730),.PCURVE_S1.);
#5719 = LINE('',#5720,#5721);
#5720 = CARTESIAN_POINT('',(0.918718,-91.982507,1.6));
#5721 = VECTOR('',#5722,1.);
#5722 = DIRECTION('',(-0.800540052961,0.599279253441,0.));
#5723 = PCURVE('',#90,#5724);
#5724 = DEFINITIONAL_REPRESENTATION('',(#5725),#5729);
#5725 = LINE('',#5726,#5727);
#5726 = CARTESIAN_POINT('',(68.276083047976,-44.63657786847));
#5727 = VECTOR('',#5728,1.);
#5728 = DIRECTION('',(0.800540052961,0.599279253441));
#5729 = ( GEOMETRIC_REPRESENTATION_CONTEXT(2) 
PARAMETRIC_REPRESENTATION_CONTEXT() REPRESENTATION_CONTEXT('2D SPACE',''
  ) );
#5730 = PCURVE('',#1136,#5731);
#5731 = DEFINITIONAL_REPRESENTATION('',(#5732),#5736);
#5732 = LINE('',#5733,#5734);
#5733 = CARTESIAN_POINT('',(0.,-1.6));
#5734 = VECTOR('',#5735,1.);
#5735 = DIRECTION('',(1.,0.));
#5736 = ( GEOMETRIC_REPRESENTATION_CONTEXT(2) 
PARAMETRIC_REPRESENTATION_CONTEXT() REPRESENTATION_CONTEXT('2D SPACE',''
  ) );
#5737 = ORIENTED_EDGE('',*,*,#5738,.T.);
#5738 = EDGE_CURVE('',#5716,#5739,#5741,.T.);
#5739 = VERTEX_POINT('',#5740);
#5740 = CARTESIAN_POINT('',(0.488501,-91.609721,1.6));
#5741 = SURFACE_CURVE('',#5742,(#5746,#5753),.PCURVE_S1.);
#5742 = LINE('',#5743,#5744);
#5743 = CARTESIAN_POINT('',(0.690279,-91.811499,1.6));
#5744 = VECTOR('',#5745,1.);
#5745 = DIRECTION('',(-0.707106781187,0.707106781187,0.));
#5746 = PCURVE('',#90,#5747);
#5747 = DEFINITIONAL_REPRESENTATION('',(#5748),#5752);
#5748 = LINE('',#5749,#5750);
#5749 = CARTESIAN_POINT('',(68.504522047976,-44.46556986847));
#5750 = VECTOR('',#5751,1.);
#5751 = DIRECTION('',(0.707106781187,0.707106781187));
#5752 = ( GEOMETRIC_REPRESENTATION_CONTEXT(2) 
PARAMETRIC_REPRESENTATION_CONTEXT() REPRESENTATION_CONTEXT('2D SPACE',''
  ) );
#5753 = PCURVE('',#1164,#5754);
#5754 = DEFINITIONAL_REPRESENTATION('',(#5755),#5759);
#5755 = LINE('',#5756,#5757);
#5756 = CARTESIAN_POINT('',(0.,-1.6));
#5757 = VECTOR('',#5758,1.);
#5758 = DIRECTION('',(1.,0.));
#5759 = ( GEOMETRIC_REPRESENTATION_CONTEXT(2) 
PARAMETRIC_REPRESENTATION_CONTEXT() REPRESENTATION_CONTEXT('2D SPACE',''
  ) );
#5760 = ORIENTED_EDGE('',*,*,#5761,.T.);
#5761 = EDGE_CURVE('',#5739,#5762,#5764,.T.);
#5762 = VERTEX_POINT('',#5763);
#5763 = CARTESIAN_POINT('',(0.317493,-91.381282,1.6));
#5764 = SURFACE_CURVE('',#5765,(#5769,#5776),.PCURVE_S1.);
#5765 = LINE('',#5766,#5767);
#5766 = CARTESIAN_POINT('',(0.488501,-91.609721,1.6));
#5767 = VECTOR('',#5768,1.);
#5768 = DIRECTION('',(-0.599279253441,0.800540052961,0.));
#5769 = PCURVE('',#90,#5770);
#5770 = DEFINITIONAL_REPRESENTATION('',(#5771),#5775);
#5771 = LINE('',#5772,#5773);
#5772 = CARTESIAN_POINT('',(68.706300047976,-44.26379186847));
#5773 = VECTOR('',#5774,1.);
#5774 = DIRECTION('',(0.599279253441,0.800540052961));
#5775 = ( GEOMETRIC_REPRESENTATION_CONTEXT(2) 
PARAMETRIC_REPRESENTATION_CONTEXT() REPRESENTATION_CONTEXT('2D SPACE',''
  ) );
#5776 = PCURVE('',#1192,#5777);
#5777 = DEFINITIONAL_REPRESENTATION('',(#5778),#5782);
#5778 = LINE('',#5779,#5780);
#5779 = CARTESIAN_POINT('',(0.,-1.6));
#5780 = VECTOR('',#5781,1.);
#5781 = DIRECTION('',(1.,0.));
#5782 = ( GEOMETRIC_REPRESENTATION_CONTEXT(2) 
PARAMETRIC_REPRESENTATION_CONTEXT() REPRESENTATION_CONTEXT('2D SPACE',''
  ) );
#5783 = ORIENTED_EDGE('',*,*,#5784,.T.);
#5784 = EDGE_CURVE('',#5762,#5785,#5787,.T.);
#5785 = VERTEX_POINT('',#5786);
#5786 = CARTESIAN_POINT('',(0.180736,-91.13083,1.6));
#5787 = SURFACE_CURVE('',#5788,(#5792,#5799),.PCURVE_S1.);
#5788 = LINE('',#5789,#5790);
#5789 = CARTESIAN_POINT('',(0.317493,-91.381282,1.6));
#5790 = VECTOR('',#5791,1.);
#5791 = DIRECTION('',(-0.479248612572,0.877679193868,0.));
#5792 = PCURVE('',#90,#5793);
#5793 = DEFINITIONAL_REPRESENTATION('',(#5794),#5798);
#5794 = LINE('',#5795,#5796);
#5795 = CARTESIAN_POINT('',(68.877308047976,-44.03535286847));
#5796 = VECTOR('',#5797,1.);
#5797 = DIRECTION('',(0.479248612572,0.877679193868));
#5798 = ( GEOMETRIC_REPRESENTATION_CONTEXT(2) 
PARAMETRIC_REPRESENTATION_CONTEXT() REPRESENTATION_CONTEXT('2D SPACE',''
  ) );
#5799 = PCURVE('',#1220,#5800);
#5800 = DEFINITIONAL_REPRESENTATION('',(#5801),#5805);
#5801 = LINE('',#5802,#5803);
#5802 = CARTESIAN_POINT('',(0.,-1.6));
#5803 = VECTOR('',#5804,1.);
#5804 = DIRECTION('',(1.,0.));
#5805 = ( GEOMETRIC_REPRESENTATION_CONTEXT(2) 
PARAMETRIC_REPRESENTATION_CONTEXT() REPRESENTATION_CONTEXT('2D SPACE',''
  ) );
#5806 = ORIENTED_EDGE('',*,*,#5807,.T.);
#5807 = EDGE_CURVE('',#5785,#5808,#5810,.T.);
#5808 = VERTEX_POINT('',#5809);
#5809 = CARTESIAN_POINT('',(8.1014E-02,-90.863465,1.6));
#5810 = SURFACE_CURVE('',#5811,(#5815,#5822),.PCURVE_S1.);
#5811 = LINE('',#5812,#5813);
#5812 = CARTESIAN_POINT('',(0.180736,-91.13083,1.6));
#5813 = VECTOR('',#5814,1.);
#5814 = DIRECTION('',(-0.349464212755,0.936949712633,0.));
#5815 = PCURVE('',#90,#5816);
#5816 = DEFINITIONAL_REPRESENTATION('',(#5817),#5821);
#5817 = LINE('',#5818,#5819);
#5818 = CARTESIAN_POINT('',(69.014065047976,-43.78490086847));
#5819 = VECTOR('',#5820,1.);
#5820 = DIRECTION('',(0.349464212755,0.936949712633));
#5821 = ( GEOMETRIC_REPRESENTATION_CONTEXT(2) 
PARAMETRIC_REPRESENTATION_CONTEXT() REPRESENTATION_CONTEXT('2D SPACE',''
  ) );
#5822 = PCURVE('',#1248,#5823);
#5823 = DEFINITIONAL_REPRESENTATION('',(#5824),#5828);
#5824 = LINE('',#5825,#5826);
#5825 = CARTESIAN_POINT('',(0.,-1.6));
#5826 = VECTOR('',#5827,1.);
#5827 = DIRECTION('',(1.,0.));
#5828 = ( GEOMETRIC_REPRESENTATION_CONTEXT(2) 
PARAMETRIC_REPRESENTATION_CONTEXT() REPRESENTATION_CONTEXT('2D SPACE',''
  ) );
#5829 = ORIENTED_EDGE('',*,*,#5830,.T.);
#5830 = EDGE_CURVE('',#5808,#5831,#5833,.T.);
#5831 = VERTEX_POINT('',#5832);
#5832 = CARTESIAN_POINT('',(2.0357E-02,-90.58463,1.6));
#5833 = SURFACE_CURVE('',#5834,(#5838,#5845),.PCURVE_S1.);
#5834 = LINE('',#5835,#5836);
#5835 = CARTESIAN_POINT('',(8.1014E-02,-90.863465,1.6));
#5836 = VECTOR('',#5837,1.);
#5837 = DIRECTION('',(-0.212565820103,0.977146750557,0.));
#5838 = PCURVE('',#90,#5839);
#5839 = DEFINITIONAL_REPRESENTATION('',(#5840),#5844);
#5840 = LINE('',#5841,#5842);
#5841 = CARTESIAN_POINT('',(69.113787047976,-43.51753586847));
#5842 = VECTOR('',#5843,1.);
#5843 = DIRECTION('',(0.212565820103,0.977146750557));
#5844 = ( GEOMETRIC_REPRESENTATION_CONTEXT(2) 
PARAMETRIC_REPRESENTATION_CONTEXT() REPRESENTATION_CONTEXT('2D SPACE',''
  ) );
#5845 = PCURVE('',#1276,#5846);
#5846 = DEFINITIONAL_REPRESENTATION('',(#5847),#5851);
#5847 = LINE('',#5848,#5849);
#5848 = CARTESIAN_POINT('',(0.,-1.6));
#5849 = VECTOR('',#5850,1.);
#5850 = DIRECTION('',(1.,0.));
#5851 = ( GEOMETRIC_REPRESENTATION_CONTEXT(2) 
PARAMETRIC_REPRESENTATION_CONTEXT() REPRESENTATION_CONTEXT('2D SPACE',''
  ) );
#5852 = ORIENTED_EDGE('',*,*,#5853,.T.);
#5853 = EDGE_CURVE('',#5831,#5854,#5856,.T.);
#5854 = VERTEX_POINT('',#5855);
#5855 = CARTESIAN_POINT('',(0.,-90.3,1.6));
#5856 = SURFACE_CURVE('',#5857,(#5861,#5868),.PCURVE_S1.);
#5857 = LINE('',#5858,#5859);
#5858 = CARTESIAN_POINT('',(2.0357E-02,-90.58463,1.6));
#5859 = VECTOR('',#5860,1.);
#5860 = DIRECTION('',(-7.133869727228E-02,0.997452149364,0.));
#5861 = PCURVE('',#90,#5862);
#5862 = DEFINITIONAL_REPRESENTATION('',(#5863),#5867);
#5863 = LINE('',#5864,#5865);
#5864 = CARTESIAN_POINT('',(69.174444047976,-43.23870086847));
#5865 = VECTOR('',#5866,1.);
#5866 = DIRECTION('',(7.133869727228E-02,0.997452149364));
#5867 = ( GEOMETRIC_REPRESENTATION_CONTEXT(2) 
PARAMETRIC_REPRESENTATION_CONTEXT() REPRESENTATION_CONTEXT('2D SPACE',''
  ) );
#5868 = PCURVE('',#1304,#5869);
#5869 = DEFINITIONAL_REPRESENTATION('',(#5870),#5874);
#5870 = LINE('',#5871,#5872);
#5871 = CARTESIAN_POINT('',(0.,-1.6));
#5872 = VECTOR('',#5873,1.);
#5873 = DIRECTION('',(1.,0.));
#5874 = ( GEOMETRIC_REPRESENTATION_CONTEXT(2) 
PARAMETRIC_REPRESENTATION_CONTEXT() REPRESENTATION_CONTEXT('2D SPACE',''
  ) );
#5875 = ORIENTED_EDGE('',*,*,#5876,.T.);
#5876 = EDGE_CURVE('',#5854,#5877,#5879,.T.);
#5877 = VERTEX_POINT('',#5878);
#5878 = CARTESIAN_POINT('',(0.,-2.,1.6));
#5879 = SURFACE_CURVE('',#5880,(#5884,#5891),.PCURVE_S1.);
#5880 = LINE('',#5881,#5882);
#5881 = CARTESIAN_POINT('',(0.,-90.3,1.6));
#5882 = VECTOR('',#5883,1.);
#5883 = DIRECTION('',(0.,1.,0.));
#5884 = PCURVE('',#90,#5885);
#5885 = DEFINITIONAL_REPRESENTATION('',(#5886),#5890);
#5886 = LINE('',#5887,#5888);
#5887 = CARTESIAN_POINT('',(69.194801047976,-42.95407086847));
#5888 = VECTOR('',#5889,1.);
#5889 = DIRECTION('',(0.,1.));
#5890 = ( GEOMETRIC_REPRESENTATION_CONTEXT(2) 
PARAMETRIC_REPRESENTATION_CONTEXT() REPRESENTATION_CONTEXT('2D SPACE',''
  ) );
#5891 = PCURVE('',#1332,#5892);
#5892 = DEFINITIONAL_REPRESENTATION('',(#5893),#5897);
#5893 = LINE('',#5894,#5895);
#5894 = CARTESIAN_POINT('',(0.,-1.6));
#5895 = VECTOR('',#5896,1.);
#5896 = DIRECTION('',(1.,0.));
#5897 = ( GEOMETRIC_REPRESENTATION_CONTEXT(2) 
PARAMETRIC_REPRESENTATION_CONTEXT() REPRESENTATION_CONTEXT('2D SPACE',''
  ) );
#5898 = ORIENTED_EDGE('',*,*,#5899,.T.);
#5899 = EDGE_CURVE('',#5877,#5900,#5902,.T.);
#5900 = VERTEX_POINT('',#5901);
#5901 = CARTESIAN_POINT('',(2.0357E-02,-1.71537,1.6));
#5902 = SURFACE_CURVE('',#5903,(#5907,#5914),.PCURVE_S1.);
#5903 = LINE('',#5904,#5905);
#5904 = CARTESIAN_POINT('',(0.,-2.,1.6));
#5905 = VECTOR('',#5906,1.);
#5906 = DIRECTION('',(7.133869727228E-02,0.997452149364,0.));
#5907 = PCURVE('',#90,#5908);
#5908 = DEFINITIONAL_REPRESENTATION('',(#5909),#5913);
#5909 = LINE('',#5910,#5911);
#5910 = CARTESIAN_POINT('',(69.194801047976,45.345929131522));
#5911 = VECTOR('',#5912,1.);
#5912 = DIRECTION('',(-7.133869727228E-02,0.997452149364));
#5913 = ( GEOMETRIC_REPRESENTATION_CONTEXT(2) 
PARAMETRIC_REPRESENTATION_CONTEXT() REPRESENTATION_CONTEXT('2D SPACE',''
  ) );
#5914 = PCURVE('',#1360,#5915);
#5915 = DEFINITIONAL_REPRESENTATION('',(#5916),#5920);
#5916 = LINE('',#5917,#5918);
#5917 = CARTESIAN_POINT('',(0.,-1.6));
#5918 = VECTOR('',#5919,1.);
#5919 = DIRECTION('',(1.,0.));
#5920 = ( GEOMETRIC_REPRESENTATION_CONTEXT(2) 
PARAMETRIC_REPRESENTATION_CONTEXT() REPRESENTATION_CONTEXT('2D SPACE',''
  ) );
#5921 = ORIENTED_EDGE('',*,*,#5922,.T.);
#5922 = EDGE_CURVE('',#5900,#5923,#5925,.T.);
#5923 = VERTEX_POINT('',#5924);
#5924 = CARTESIAN_POINT('',(8.1014E-02,-1.436535,1.6));
#5925 = SURFACE_CURVE('',#5926,(#5930,#5937),.PCURVE_S1.);
#5926 = LINE('',#5927,#5928);
#5927 = CARTESIAN_POINT('',(2.0357E-02,-1.71537,1.6));
#5928 = VECTOR('',#5929,1.);
#5929 = DIRECTION('',(0.212565820103,0.977146750557,0.));
#5930 = PCURVE('',#90,#5931);
#5931 = DEFINITIONAL_REPRESENTATION('',(#5932),#5936);
#5932 = LINE('',#5933,#5934);
#5933 = CARTESIAN_POINT('',(69.174444047976,45.630559131522));
#5934 = VECTOR('',#5935,1.);
#5935 = DIRECTION('',(-0.212565820103,0.977146750557));
#5936 = ( GEOMETRIC_REPRESENTATION_CONTEXT(2) 
PARAMETRIC_REPRESENTATION_CONTEXT() REPRESENTATION_CONTEXT('2D SPACE',''
  ) );
#5937 = PCURVE('',#1388,#5938);
#5938 = DEFINITIONAL_REPRESENTATION('',(#5939),#5943);
#5939 = LINE('',#5940,#5941);
#5940 = CARTESIAN_POINT('',(0.,-1.6));
#5941 = VECTOR('',#5942,1.);
#5942 = DIRECTION('',(1.,0.));
#5943 = ( GEOMETRIC_REPRESENTATION_CONTEXT(2) 
PARAMETRIC_REPRESENTATION_CONTEXT() REPRESENTATION_CONTEXT('2D SPACE',''
  ) );
#5944 = ORIENTED_EDGE('',*,*,#5945,.T.);
#5945 = EDGE_CURVE('',#5923,#5946,#5948,.T.);
#5946 = VERTEX_POINT('',#5947);
#5947 = CARTESIAN_POINT('',(0.180736,-1.16917,1.6));
#5948 = SURFACE_CURVE('',#5949,(#5953,#5960),.PCURVE_S1.);
#5949 = LINE('',#5950,#5951);
#5950 = CARTESIAN_POINT('',(8.1014E-02,-1.436535,1.6));
#5951 = VECTOR('',#5952,1.);
#5952 = DIRECTION('',(0.349464212755,0.936949712633,0.));
#5953 = PCURVE('',#90,#5954);
#5954 = DEFINITIONAL_REPRESENTATION('',(#5955),#5959);
#5955 = LINE('',#5956,#5957);
#5956 = CARTESIAN_POINT('',(69.113787047976,45.909394131522));
#5957 = VECTOR('',#5958,1.);
#5958 = DIRECTION('',(-0.349464212755,0.936949712633));
#5959 = ( GEOMETRIC_REPRESENTATION_CONTEXT(2) 
PARAMETRIC_REPRESENTATION_CONTEXT() REPRESENTATION_CONTEXT('2D SPACE',''
  ) );
#5960 = PCURVE('',#1416,#5961);
#5961 = DEFINITIONAL_REPRESENTATION('',(#5962),#5966);
#5962 = LINE('',#5963,#5964);
#5963 = CARTESIAN_POINT('',(0.,-1.6));
#5964 = VECTOR('',#5965,1.);
#5965 = DIRECTION('',(1.,0.));
#5966 = ( GEOMETRIC_REPRESENTATION_CONTEXT(2) 
PARAMETRIC_REPRESENTATION_CONTEXT() REPRESENTATION_CONTEXT('2D SPACE',''
  ) );
#5967 = ORIENTED_EDGE('',*,*,#5968,.T.);
#5968 = EDGE_CURVE('',#5946,#5969,#5971,.T.);
#5969 = VERTEX_POINT('',#5970);
#5970 = CARTESIAN_POINT('',(0.317493,-0.918718,1.6));
#5971 = SURFACE_CURVE('',#5972,(#5976,#5983),.PCURVE_S1.);
#5972 = LINE('',#5973,#5974);
#5973 = CARTESIAN_POINT('',(0.180736,-1.16917,1.6));
#5974 = VECTOR('',#5975,1.);
#5975 = DIRECTION('',(0.479248612572,0.877679193868,0.));
#5976 = PCURVE('',#90,#5977);
#5977 = DEFINITIONAL_REPRESENTATION('',(#5978),#5982);
#5978 = LINE('',#5979,#5980);
#5979 = CARTESIAN_POINT('',(69.014065047976,46.176759131522));
#5980 = VECTOR('',#5981,1.);
#5981 = DIRECTION('',(-0.479248612572,0.877679193868));
#5982 = ( GEOMETRIC_REPRESENTATION_CONTEXT(2) 
PARAMETRIC_REPRESENTATION_CONTEXT() REPRESENTATION_CONTEXT('2D SPACE',''
  ) );
#5983 = PCURVE('',#1444,#5984);
#5984 = DEFINITIONAL_REPRESENTATION('',(#5985),#5989);
#5985 = LINE('',#5986,#5987);
#5986 = CARTESIAN_POINT('',(0.,-1.6));
#5987 = VECTOR('',#5988,1.);
#5988 = DIRECTION('',(1.,0.));
#5989 = ( GEOMETRIC_REPRESENTATION_CONTEXT(2) 
PARAMETRIC_REPRESENTATION_CONTEXT() REPRESENTATION_CONTEXT('2D SPACE',''
  ) );
#5990 = ORIENTED_EDGE('',*,*,#5991,.T.);
#5991 = EDGE_CURVE('',#5969,#5992,#5994,.T.);
#5992 = VERTEX_POINT('',#5993);
#5993 = CARTESIAN_POINT('',(0.488501,-0.690278,1.6));
#5994 = SURFACE_CURVE('',#5995,(#5999,#6006),.PCURVE_S1.);
#5995 = LINE('',#5996,#5997);
#5996 = CARTESIAN_POINT('',(0.317493,-0.918718,1.6));
#5997 = VECTOR('',#5998,1.);
#5998 = DIRECTION('',(0.599277572222,0.800541311508,0.));
#5999 = PCURVE('',#90,#6000);
#6000 = DEFINITIONAL_REPRESENTATION('',(#6001),#6005);
#6001 = LINE('',#6002,#6003);
#6002 = CARTESIAN_POINT('',(68.877308047976,46.427211131522));
#6003 = VECTOR('',#6004,1.);
#6004 = DIRECTION('',(-0.599277572222,0.800541311508));
#6005 = ( GEOMETRIC_REPRESENTATION_CONTEXT(2) 
PARAMETRIC_REPRESENTATION_CONTEXT() REPRESENTATION_CONTEXT('2D SPACE',''
  ) );
#6006 = PCURVE('',#1472,#6007);
#6007 = DEFINITIONAL_REPRESENTATION('',(#6008),#6012);
#6008 = LINE('',#6009,#6010);
#6009 = CARTESIAN_POINT('',(0.,-1.6));
#6010 = VECTOR('',#6011,1.);
#6011 = DIRECTION('',(1.,0.));
#6012 = ( GEOMETRIC_REPRESENTATION_CONTEXT(2) 
PARAMETRIC_REPRESENTATION_CONTEXT() REPRESENTATION_CONTEXT('2D SPACE',''
  ) );
#6013 = ORIENTED_EDGE('',*,*,#6014,.T.);
#6014 = EDGE_CURVE('',#5992,#6015,#6017,.T.);
#6015 = VERTEX_POINT('',#6016);
#6016 = CARTESIAN_POINT('',(0.690278,-0.488501,1.6));
#6017 = SURFACE_CURVE('',#6018,(#6022,#6029),.PCURVE_S1.);
#6018 = LINE('',#6019,#6020);
#6019 = CARTESIAN_POINT('',(0.488501,-0.690278,1.6));
#6020 = VECTOR('',#6021,1.);
#6021 = DIRECTION('',(0.707106781187,0.707106781187,0.));
#6022 = PCURVE('',#90,#6023);
#6023 = DEFINITIONAL_REPRESENTATION('',(#6024),#6028);
#6024 = LINE('',#6025,#6026);
#6025 = CARTESIAN_POINT('',(68.706300047976,46.655651131522));
#6026 = VECTOR('',#6027,1.);
#6027 = DIRECTION('',(-0.707106781187,0.707106781187));
#6028 = ( GEOMETRIC_REPRESENTATION_CONTEXT(2) 
PARAMETRIC_REPRESENTATION_CONTEXT() REPRESENTATION_CONTEXT('2D SPACE',''
  ) );
#6029 = PCURVE('',#1500,#6030);
#6030 = DEFINITIONAL_REPRESENTATION('',(#6031),#6035);
#6031 = LINE('',#6032,#6033);
#6032 = CARTESIAN_POINT('',(0.,-1.6));
#6033 = VECTOR('',#6034,1.);
#6034 = DIRECTION('',(1.,0.));
#6035 = ( GEOMETRIC_REPRESENTATION_CONTEXT(2) 
PARAMETRIC_REPRESENTATION_CONTEXT() REPRESENTATION_CONTEXT('2D SPACE',''
  ) );
#6036 = ORIENTED_EDGE('',*,*,#6037,.T.);
#6037 = EDGE_CURVE('',#6015,#6038,#6040,.T.);
#6038 = VERTEX_POINT('',#6039);
#6039 = CARTESIAN_POINT('',(0.918718,-0.317493,1.6));
#6040 = SURFACE_CURVE('',#6041,(#6045,#6052),.PCURVE_S1.);
#6041 = LINE('',#6042,#6043);
#6042 = CARTESIAN_POINT('',(0.690278,-0.488501,1.6));
#6043 = VECTOR('',#6044,1.);
#6044 = DIRECTION('',(0.800541311508,0.599277572222,0.));
#6045 = PCURVE('',#90,#6046);
#6046 = DEFINITIONAL_REPRESENTATION('',(#6047),#6051);
#6047 = LINE('',#6048,#6049);
#6048 = CARTESIAN_POINT('',(68.504523047976,46.857428131522));
#6049 = VECTOR('',#6050,1.);
#6050 = DIRECTION('',(-0.800541311508,0.599277572222));
#6051 = ( GEOMETRIC_REPRESENTATION_CONTEXT(2) 
PARAMETRIC_REPRESENTATION_CONTEXT() REPRESENTATION_CONTEXT('2D SPACE',''
  ) );
#6052 = PCURVE('',#1528,#6053);
#6053 = DEFINITIONAL_REPRESENTATION('',(#6054),#6058);
#6054 = LINE('',#6055,#6056);
#6055 = CARTESIAN_POINT('',(0.,-1.6));
#6056 = VECTOR('',#6057,1.);
#6057 = DIRECTION('',(1.,0.));
#6058 = ( GEOMETRIC_REPRESENTATION_CONTEXT(2) 
PARAMETRIC_REPRESENTATION_CONTEXT() REPRESENTATION_CONTEXT('2D SPACE',''
  ) );
#6059 = ORIENTED_EDGE('',*,*,#6060,.T.);
#6060 = EDGE_CURVE('',#6038,#6061,#6063,.T.);
#6061 = VERTEX_POINT('',#6062);
#6062 = CARTESIAN_POINT('',(1.16917,-0.180736,1.6));
#6063 = SURFACE_CURVE('',#6064,(#6068,#6075),.PCURVE_S1.);
#6064 = LINE('',#6065,#6066);
#6065 = CARTESIAN_POINT('',(0.918718,-0.317493,1.6));
#6066 = VECTOR('',#6067,1.);
#6067 = DIRECTION('',(0.877679193868,0.479248612572,0.));
#6068 = PCURVE('',#90,#6069);
#6069 = DEFINITIONAL_REPRESENTATION('',(#6070),#6074);
#6070 = LINE('',#6071,#6072);
#6071 = CARTESIAN_POINT('',(68.276083047976,47.028436131522));
#6072 = VECTOR('',#6073,1.);
#6073 = DIRECTION('',(-0.877679193868,0.479248612572));
#6074 = ( GEOMETRIC_REPRESENTATION_CONTEXT(2) 
PARAMETRIC_REPRESENTATION_CONTEXT() REPRESENTATION_CONTEXT('2D SPACE',''
  ) );
#6075 = PCURVE('',#1556,#6076);
#6076 = DEFINITIONAL_REPRESENTATION('',(#6077),#6081);
#6077 = LINE('',#6078,#6079);
#6078 = CARTESIAN_POINT('',(0.,-1.6));
#6079 = VECTOR('',#6080,1.);
#6080 = DIRECTION('',(1.,0.));
#6081 = ( GEOMETRIC_REPRESENTATION_CONTEXT(2) 
PARAMETRIC_REPRESENTATION_CONTEXT() REPRESENTATION_CONTEXT('2D SPACE',''
  ) );
#6082 = ORIENTED_EDGE('',*,*,#6083,.T.);
#6083 = EDGE_CURVE('',#6061,#6084,#6086,.T.);
#6084 = VERTEX_POINT('',#6085);
#6085 = CARTESIAN_POINT('',(1.436535,-8.1014E-02,1.6));
#6086 = SURFACE_CURVE('',#6087,(#6091,#6098),.PCURVE_S1.);
#6087 = LINE('',#6088,#6089);
#6088 = CARTESIAN_POINT('',(1.16917,-0.180736,1.6));
#6089 = VECTOR('',#6090,1.);
#6090 = DIRECTION('',(0.936949712633,0.349464212755,0.));
#6091 = PCURVE('',#90,#6092);
#6092 = DEFINITIONAL_REPRESENTATION('',(#6093),#6097);
#6093 = LINE('',#6094,#6095);
#6094 = CARTESIAN_POINT('',(68.025631047976,47.165193131522));
#6095 = VECTOR('',#6096,1.);
#6096 = DIRECTION('',(-0.936949712633,0.349464212755));
#6097 = ( GEOMETRIC_REPRESENTATION_CONTEXT(2) 
PARAMETRIC_REPRESENTATION_CONTEXT() REPRESENTATION_CONTEXT('2D SPACE',''
  ) );
#6098 = PCURVE('',#1584,#6099);
#6099 = DEFINITIONAL_REPRESENTATION('',(#6100),#6104);
#6100 = LINE('',#6101,#6102);
#6101 = CARTESIAN_POINT('',(0.,-1.6));
#6102 = VECTOR('',#6103,1.);
#6103 = DIRECTION('',(1.,0.));
#6104 = ( GEOMETRIC_REPRESENTATION_CONTEXT(2) 
PARAMETRIC_REPRESENTATION_CONTEXT() REPRESENTATION_CONTEXT('2D SPACE',''
  ) );
#6105 = ORIENTED_EDGE('',*,*,#6106,.T.);
#6106 = EDGE_CURVE('',#6084,#6107,#6109,.T.);
#6107 = VERTEX_POINT('',#6108);
#6108 = CARTESIAN_POINT('',(1.71537,-2.0357E-02,1.6));
#6109 = SURFACE_CURVE('',#6110,(#6114,#6121),.PCURVE_S1.);
#6110 = LINE('',#6111,#6112);
#6111 = CARTESIAN_POINT('',(1.436535,-8.1014E-02,1.6));
#6112 = VECTOR('',#6113,1.);
#6113 = DIRECTION('',(0.977146750557,0.212565820103,0.));
#6114 = PCURVE('',#90,#6115);
#6115 = DEFINITIONAL_REPRESENTATION('',(#6116),#6120);
#6116 = LINE('',#6117,#6118);
#6117 = CARTESIAN_POINT('',(67.758266047976,47.264915131522));
#6118 = VECTOR('',#6119,1.);
#6119 = DIRECTION('',(-0.977146750557,0.212565820103));
#6120 = ( GEOMETRIC_REPRESENTATION_CONTEXT(2) 
PARAMETRIC_REPRESENTATION_CONTEXT() REPRESENTATION_CONTEXT('2D SPACE',''
  ) );
#6121 = PCURVE('',#1612,#6122);
#6122 = DEFINITIONAL_REPRESENTATION('',(#6123),#6127);
#6123 = LINE('',#6124,#6125);
#6124 = CARTESIAN_POINT('',(0.,-1.6));
#6125 = VECTOR('',#6126,1.);
#6126 = DIRECTION('',(1.,0.));
#6127 = ( GEOMETRIC_REPRESENTATION_CONTEXT(2) 
PARAMETRIC_REPRESENTATION_CONTEXT() REPRESENTATION_CONTEXT('2D SPACE',''
  ) );
#6128 = ORIENTED_EDGE('',*,*,#6129,.T.);
#6129 = EDGE_CURVE('',#6107,#6130,#6132,.T.);
#6130 = VERTEX_POINT('',#6131);
#6131 = CARTESIAN_POINT('',(2.,0.,1.6));
#6132 = SURFACE_CURVE('',#6133,(#6137,#6144),.PCURVE_S1.);
#6133 = LINE('',#6134,#6135);
#6134 = CARTESIAN_POINT('',(1.71537,-2.0357E-02,1.6));
#6135 = VECTOR('',#6136,1.);
#6136 = DIRECTION('',(0.997452149364,7.133869727228E-02,0.));
#6137 = PCURVE('',#90,#6138);
#6138 = DEFINITIONAL_REPRESENTATION('',(#6139),#6143);
#6139 = LINE('',#6140,#6141);
#6140 = CARTESIAN_POINT('',(67.479431047976,47.325572131522));
#6141 = VECTOR('',#6142,1.);
#6142 = DIRECTION('',(-0.997452149364,7.133869727228E-02));
#6143 = ( GEOMETRIC_REPRESENTATION_CONTEXT(2) 
PARAMETRIC_REPRESENTATION_CONTEXT() REPRESENTATION_CONTEXT('2D SPACE',''
  ) );
#6144 = PCURVE('',#1640,#6145);
#6145 = DEFINITIONAL_REPRESENTATION('',(#6146),#6150);
#6146 = LINE('',#6147,#6148);
#6147 = CARTESIAN_POINT('',(0.,-1.6));
#6148 = VECTOR('',#6149,1.);
#6149 = DIRECTION('',(1.,0.));
#6150 = ( GEOMETRIC_REPRESENTATION_CONTEXT(2) 
PARAMETRIC_REPRESENTATION_CONTEXT() REPRESENTATION_CONTEXT('2D SPACE',''
  ) );
#6151 = ORIENTED_EDGE('',*,*,#6152,.T.);
#6152 = EDGE_CURVE('',#6130,#162,#6153,.T.);
#6153 = SURFACE_CURVE('',#6154,(#6158,#6165),.PCURVE_S1.);
#6154 = LINE('',#6155,#6156);
#6155 = CARTESIAN_POINT('',(2.,0.,1.6));
#6156 = VECTOR('',#6157,1.);
#6157 = DIRECTION('',(1.,0.,0.));
#6158 = PCURVE('',#90,#6159);
#6159 = DEFINITIONAL_REPRESENTATION('',(#6160),#6164);
#6160 = LINE('',#6161,#6162);
#6161 = CARTESIAN_POINT('',(67.194801047976,47.345929131522));
#6162 = VECTOR('',#6163,1.);
#6163 = DIRECTION('',(-1.,0.));
#6164 = ( GEOMETRIC_REPRESENTATION_CONTEXT(2) 
PARAMETRIC_REPRESENTATION_CONTEXT() REPRESENTATION_CONTEXT('2D SPACE',''
  ) );
#6165 = PCURVE('',#177,#6166);
#6166 = DEFINITIONAL_REPRESENTATION('',(#6167),#6171);
#6167 = LINE('',#6168,#6169);
#6168 = CARTESIAN_POINT('',(0.,-1.6));
#6169 = VECTOR('',#6170,1.);
#6170 = DIRECTION('',(1.,0.));
#6171 = ( GEOMETRIC_REPRESENTATION_CONTEXT(2) 
PARAMETRIC_REPRESENTATION_CONTEXT() REPRESENTATION_CONTEXT('2D SPACE',''
  ) );
#6172 = ORIENTED_EDGE('',*,*,#189,.T.);
#6173 = FACE_BOUND('',#6174,.F.);
#6174 = EDGE_LOOP('',(#6175));
#6175 = ORIENTED_EDGE('',*,*,#6176,.T.);
#6176 = EDGE_CURVE('',#6177,#6177,#6179,.T.);
#6177 = VERTEX_POINT('',#6178);
#6178 = CARTESIAN_POINT('',(134.,-89.85,1.6));
#6179 = SURFACE_CURVE('',#6180,(#6185,#6196),.PCURVE_S1.);
#6180 = CIRCLE('',#6181,1.1);
#6181 = AXIS2_PLACEMENT_3D('',#6182,#6183,#6184);
#6182 = CARTESIAN_POINT('',(132.9,-89.85,1.6));
#6183 = DIRECTION('',(0.,0.,1.));
#6184 = DIRECTION('',(1.,0.,-0.));
#6185 = PCURVE('',#90,#6186);
#6186 = DEFINITIONAL_REPRESENTATION('',(#6187),#6195);
#6187 = ( BOUNDED_CURVE() B_SPLINE_CURVE(2,(#6188,#6189,#6190,#6191,
#6192,#6193,#6194),.UNSPECIFIED.,.T.,.F.) B_SPLINE_CURVE_WITH_KNOTS((1,2
    ,2,2,2,1),(-2.094395102393,0.,2.094395102393,4.188790204786,
6.28318530718,8.377580409573),.UNSPECIFIED.) CURVE() 
GEOMETRIC_REPRESENTATION_ITEM() RATIONAL_B_SPLINE_CURVE((1.,0.5,1.,0.5,
1.,0.5,1.)) REPRESENTATION_ITEM('') );
#6188 = CARTESIAN_POINT('',(-64.80519895202,-42.50407086847));
#6189 = CARTESIAN_POINT('',(-64.80519895202,-40.59881498015));
#6190 = CARTESIAN_POINT('',(-63.15519895202,-41.55144292431));
#6191 = CARTESIAN_POINT('',(-61.50519895202,-42.50407086847));
#6192 = CARTESIAN_POINT('',(-63.15519895202,-43.45669881264));
#6193 = CARTESIAN_POINT('',(-64.80519895202,-44.4093267568));
#6194 = CARTESIAN_POINT('',(-64.80519895202,-42.50407086847));
#6195 = ( GEOMETRIC_REPRESENTATION_CONTEXT(2) 
PARAMETRIC_REPRESENTATION_CONTEXT() REPRESENTATION_CONTEXT('2D SPACE',''
  ) );
#6196 = PCURVE('',#1697,#6197);
#6197 = DEFINITIONAL_REPRESENTATION('',(#6198),#6202);
#6198 = LINE('',#6199,#6200);
#6199 = CARTESIAN_POINT('',(0.,1.61));
#6200 = VECTOR('',#6201,1.);
#6201 = DIRECTION('',(1.,0.));
#6202 = ( GEOMETRIC_REPRESENTATION_CONTEXT(2) 
PARAMETRIC_REPRESENTATION_CONTEXT() REPRESENTATION_CONTEXT('2D SPACE',''
  ) );
#6203 = FACE_BOUND('',#6204,.F.);
#6204 = EDGE_LOOP('',(#6205));
#6205 = ORIENTED_EDGE('',*,*,#6206,.T.);
#6206 = EDGE_CURVE('',#6207,#6207,#6209,.T.);
#6207 = VERTEX_POINT('',#6208);
#6208 = CARTESIAN_POINT('',(129.77,-89.139999,1.6));
#6209 = SURFACE_CURVE('',#6210,(#6215,#6226),.PCURVE_S1.);
#6210 = CIRCLE('',#6211,0.5);
#6211 = AXIS2_PLACEMENT_3D('',#6212,#6213,#6214);
#6212 = CARTESIAN_POINT('',(129.27,-89.139999,1.6));
#6213 = DIRECTION('',(0.,0.,1.));
#6214 = DIRECTION('',(1.,0.,-0.));
#6215 = PCURVE('',#90,#6216);
#6216 = DEFINITIONAL_REPRESENTATION('',(#6217),#6225);
#6217 = ( BOUNDED_CURVE() B_SPLINE_CURVE(2,(#6218,#6219,#6220,#6221,
#6222,#6223,#6224),.UNSPECIFIED.,.T.,.F.) B_SPLINE_CURVE_WITH_KNOTS((1,2
    ,2,2,2,1),(-2.094395102393,0.,2.094395102393,4.188790204786,
6.28318530718,8.377580409573),.UNSPECIFIED.) CURVE() 
GEOMETRIC_REPRESENTATION_ITEM() RATIONAL_B_SPLINE_CURVE((1.,0.5,1.,0.5,
1.,0.5,1.)) REPRESENTATION_ITEM('') );
#6218 = CARTESIAN_POINT('',(-60.57519895202,-41.79406986847));
#6219 = CARTESIAN_POINT('',(-60.57519895202,-40.92804446469));
#6220 = CARTESIAN_POINT('',(-59.82519895202,-41.36105716658));
#6221 = CARTESIAN_POINT('',(-59.07519895202,-41.79406986847));
#6222 = CARTESIAN_POINT('',(-59.82519895202,-42.22708257037));
#6223 = CARTESIAN_POINT('',(-60.57519895202,-42.66009527226));
#6224 = CARTESIAN_POINT('',(-60.57519895202,-41.79406986847));
#6225 = ( GEOMETRIC_REPRESENTATION_CONTEXT(2) 
PARAMETRIC_REPRESENTATION_CONTEXT() REPRESENTATION_CONTEXT('2D SPACE',''
  ) );
#6226 = PCURVE('',#1732,#6227);
#6227 = DEFINITIONAL_REPRESENTATION('',(#6228),#6232);
#6228 = LINE('',#6229,#6230);
#6229 = CARTESIAN_POINT('',(0.,1.61));
#6230 = VECTOR('',#6231,1.);
#6231 = DIRECTION('',(1.,0.));
#6232 = ( GEOMETRIC_REPRESENTATION_CONTEXT(2) 
PARAMETRIC_REPRESENTATION_CONTEXT() REPRESENTATION_CONTEXT('2D SPACE',''
  ) );
#6233 = FACE_BOUND('',#6234,.F.);
#6234 = EDGE_LOOP('',(#6235));
#6235 = ORIENTED_EDGE('',*,*,#6236,.T.);
#6236 = EDGE_CURVE('',#6237,#6237,#6239,.T.);
#6237 = VERTEX_POINT('',#6238);
#6238 = CARTESIAN_POINT('',(129.77,-86.599999,1.6));
#6239 = SURFACE_CURVE('',#6240,(#6245,#6256),.PCURVE_S1.);
#6240 = CIRCLE('',#6241,0.5);
#6241 = AXIS2_PLACEMENT_3D('',#6242,#6243,#6244);
#6242 = CARTESIAN_POINT('',(129.27,-86.599999,1.6));
#6243 = DIRECTION('',(0.,0.,1.));
#6244 = DIRECTION('',(1.,0.,-0.));
#6245 = PCURVE('',#90,#6246);
#6246 = DEFINITIONAL_REPRESENTATION('',(#6247),#6255);
#6247 = ( BOUNDED_CURVE() B_SPLINE_CURVE(2,(#6248,#6249,#6250,#6251,
#6252,#6253,#6254),.UNSPECIFIED.,.T.,.F.) B_SPLINE_CURVE_WITH_KNOTS((1,2
    ,2,2,2,1),(-2.094395102393,0.,2.094395102393,4.188790204786,
6.28318530718,8.377580409573),.UNSPECIFIED.) CURVE() 
GEOMETRIC_REPRESENTATION_ITEM() RATIONAL_B_SPLINE_CURVE((1.,0.5,1.,0.5,
1.,0.5,1.)) REPRESENTATION_ITEM('') );
#6248 = CARTESIAN_POINT('',(-60.57519895202,-39.25406986847));
#6249 = CARTESIAN_POINT('',(-60.57519895202,-38.38804446469));
#6250 = CARTESIAN_POINT('',(-59.82519895202,-38.82105716658));
#6251 = CARTESIAN_POINT('',(-59.07519895202,-39.25406986847));
#6252 = CARTESIAN_POINT('',(-59.82519895202,-39.68708257037));
#6253 = CARTESIAN_POINT('',(-60.57519895202,-40.12009527226));
#6254 = CARTESIAN_POINT('',(-60.57519895202,-39.25406986847));
#6255 = ( GEOMETRIC_REPRESENTATION_CONTEXT(2) 
PARAMETRIC_REPRESENTATION_CONTEXT() REPRESENTATION_CONTEXT('2D SPACE',''
  ) );
#6256 = PCURVE('',#1767,#6257);
#6257 = DEFINITIONAL_REPRESENTATION('',(#6258),#6262);
#6258 = LINE('',#6259,#6260);
#6259 = CARTESIAN_POINT('',(0.,1.61));
#6260 = VECTOR('',#6261,1.);
#6261 = DIRECTION('',(1.,0.));
#6262 = ( GEOMETRIC_REPRESENTATION_CONTEXT(2) 
PARAMETRIC_REPRESENTATION_CONTEXT() REPRESENTATION_CONTEXT('2D SPACE',''
  ) );
#6263 = FACE_BOUND('',#6264,.F.);
#6264 = EDGE_LOOP('',(#6265));
#6265 = ORIENTED_EDGE('',*,*,#6266,.T.);
#6266 = EDGE_CURVE('',#6267,#6267,#6269,.T.);
#6267 = VERTEX_POINT('',#6268);
#6268 = CARTESIAN_POINT('',(129.77,-84.059999,1.6));
#6269 = SURFACE_CURVE('',#6270,(#6275,#6286),.PCURVE_S1.);
#6270 = CIRCLE('',#6271,0.5);
#6271 = AXIS2_PLACEMENT_3D('',#6272,#6273,#6274);
#6272 = CARTESIAN_POINT('',(129.27,-84.059999,1.6));
#6273 = DIRECTION('',(0.,0.,1.));
#6274 = DIRECTION('',(1.,0.,-0.));
#6275 = PCURVE('',#90,#6276);
#6276 = DEFINITIONAL_REPRESENTATION('',(#6277),#6285);
#6277 = ( BOUNDED_CURVE() B_SPLINE_CURVE(2,(#6278,#6279,#6280,#6281,
#6282,#6283,#6284),.UNSPECIFIED.,.T.,.F.) B_SPLINE_CURVE_WITH_KNOTS((1,2
    ,2,2,2,1),(-2.094395102393,0.,2.094395102393,4.188790204786,
6.28318530718,8.377580409573),.UNSPECIFIED.) CURVE() 
GEOMETRIC_REPRESENTATION_ITEM() RATIONAL_B_SPLINE_CURVE((1.,0.5,1.,0.5,
1.,0.5,1.)) REPRESENTATION_ITEM('') );
#6278 = CARTESIAN_POINT('',(-60.57519895202,-36.71406986847));
#6279 = CARTESIAN_POINT('',(-60.57519895202,-35.84804446469));
#6280 = CARTESIAN_POINT('',(-59.82519895202,-36.28105716658));
#6281 = CARTESIAN_POINT('',(-59.07519895202,-36.71406986847));
#6282 = CARTESIAN_POINT('',(-59.82519895202,-37.14708257037));
#6283 = CARTESIAN_POINT('',(-60.57519895202,-37.58009527226));
#6284 = CARTESIAN_POINT('',(-60.57519895202,-36.71406986847));
#6285 = ( GEOMETRIC_REPRESENTATION_CONTEXT(2) 
PARAMETRIC_REPRESENTATION_CONTEXT() REPRESENTATION_CONTEXT('2D SPACE',''
  ) );
#6286 = PCURVE('',#1802,#6287);
#6287 = DEFINITIONAL_REPRESENTATION('',(#6288),#6292);
#6288 = LINE('',#6289,#6290);
#6289 = CARTESIAN_POINT('',(0.,1.61));
#6290 = VECTOR('',#6291,1.);
#6291 = DIRECTION('',(1.,0.));
#6292 = ( GEOMETRIC_REPRESENTATION_CONTEXT(2) 
PARAMETRIC_REPRESENTATION_CONTEXT() REPRESENTATION_CONTEXT('2D SPACE',''
  ) );
#6293 = FACE_BOUND('',#6294,.F.);
#6294 = EDGE_LOOP('',(#6295));
#6295 = ORIENTED_EDGE('',*,*,#6296,.T.);
#6296 = EDGE_CURVE('',#6297,#6297,#6299,.T.);
#6297 = VERTEX_POINT('',#6298);
#6298 = CARTESIAN_POINT('',(129.77,-81.519999,1.6));
#6299 = SURFACE_CURVE('',#6300,(#6305,#6316),.PCURVE_S1.);
#6300 = CIRCLE('',#6301,0.5);
#6301 = AXIS2_PLACEMENT_3D('',#6302,#6303,#6304);
#6302 = CARTESIAN_POINT('',(129.27,-81.519999,1.6));
#6303 = DIRECTION('',(0.,0.,1.));
#6304 = DIRECTION('',(1.,0.,-0.));
#6305 = PCURVE('',#90,#6306);
#6306 = DEFINITIONAL_REPRESENTATION('',(#6307),#6315);
#6307 = ( BOUNDED_CURVE() B_SPLINE_CURVE(2,(#6308,#6309,#6310,#6311,
#6312,#6313,#6314),.UNSPECIFIED.,.T.,.F.) B_SPLINE_CURVE_WITH_KNOTS((1,2
    ,2,2,2,1),(-2.094395102393,0.,2.094395102393,4.188790204786,
6.28318530718,8.377580409573),.UNSPECIFIED.) CURVE() 
GEOMETRIC_REPRESENTATION_ITEM() RATIONAL_B_SPLINE_CURVE((1.,0.5,1.,0.5,
1.,0.5,1.)) REPRESENTATION_ITEM('') );
#6308 = CARTESIAN_POINT('',(-60.57519895202,-34.17406986847));
#6309 = CARTESIAN_POINT('',(-60.57519895202,-33.30804446469));
#6310 = CARTESIAN_POINT('',(-59.82519895202,-33.74105716658));
#6311 = CARTESIAN_POINT('',(-59.07519895202,-34.17406986847));
#6312 = CARTESIAN_POINT('',(-59.82519895202,-34.60708257037));
#6313 = CARTESIAN_POINT('',(-60.57519895202,-35.04009527226));
#6314 = CARTESIAN_POINT('',(-60.57519895202,-34.17406986847));
#6315 = ( GEOMETRIC_REPRESENTATION_CONTEXT(2) 
PARAMETRIC_REPRESENTATION_CONTEXT() REPRESENTATION_CONTEXT('2D SPACE',''
  ) );
#6316 = PCURVE('',#1837,#6317);
#6317 = DEFINITIONAL_REPRESENTATION('',(#6318),#6322);
#6318 = LINE('',#6319,#6320);
#6319 = CARTESIAN_POINT('',(0.,1.61));
#6320 = VECTOR('',#6321,1.);
#6321 = DIRECTION('',(1.,0.));
#6322 = ( GEOMETRIC_REPRESENTATION_CONTEXT(2) 
PARAMETRIC_REPRESENTATION_CONTEXT() REPRESENTATION_CONTEXT('2D SPACE',''
  ) );
#6323 = FACE_BOUND('',#6324,.F.);
#6324 = EDGE_LOOP('',(#6325));
#6325 = ORIENTED_EDGE('',*,*,#6326,.T.);
#6326 = EDGE_CURVE('',#6327,#6327,#6329,.T.);
#6327 = VERTEX_POINT('',#6328);
#6328 = CARTESIAN_POINT('',(114.53,-89.139999,1.6));
#6329 = SURFACE_CURVE('',#6330,(#6335,#6346),.PCURVE_S1.);
#6330 = CIRCLE('',#6331,0.5);
#6331 = AXIS2_PLACEMENT_3D('',#6332,#6333,#6334);
#6332 = CARTESIAN_POINT('',(114.03,-89.139999,1.6));
#6333 = DIRECTION('',(0.,0.,1.));
#6334 = DIRECTION('',(1.,0.,-0.));
#6335 = PCURVE('',#90,#6336);
#6336 = DEFINITIONAL_REPRESENTATION('',(#6337),#6345);
#6337 = ( BOUNDED_CURVE() B_SPLINE_CURVE(2,(#6338,#6339,#6340,#6341,
#6342,#6343,#6344),.UNSPECIFIED.,.T.,.F.) B_SPLINE_CURVE_WITH_KNOTS((1,2
    ,2,2,2,1),(-2.094395102393,0.,2.094395102393,4.188790204786,
6.28318530718,8.377580409573),.UNSPECIFIED.) CURVE() 
GEOMETRIC_REPRESENTATION_ITEM() RATIONAL_B_SPLINE_CURVE((1.,0.5,1.,0.5,
1.,0.5,1.)) REPRESENTATION_ITEM('') );
#6338 = CARTESIAN_POINT('',(-45.33519895202,-41.79406986847));
#6339 = CARTESIAN_POINT('',(-45.33519895202,-40.92804446469));
#6340 = CARTESIAN_POINT('',(-44.58519895202,-41.36105716658));
#6341 = CARTESIAN_POINT('',(-43.83519895202,-41.79406986847));
#6342 = CARTESIAN_POINT('',(-44.58519895202,-42.22708257037));
#6343 = CARTESIAN_POINT('',(-45.33519895202,-42.66009527226));
#6344 = CARTESIAN_POINT('',(-45.33519895202,-41.79406986847));
#6345 = ( GEOMETRIC_REPRESENTATION_CONTEXT(2) 
PARAMETRIC_REPRESENTATION_CONTEXT() REPRESENTATION_CONTEXT('2D SPACE',''
  ) );
#6346 = PCURVE('',#1872,#6347);
#6347 = DEFINITIONAL_REPRESENTATION('',(#6348),#6352);
#6348 = LINE('',#6349,#6350);
#6349 = CARTESIAN_POINT('',(0.,1.61));
#6350 = VECTOR('',#6351,1.);
#6351 = DIRECTION('',(1.,0.));
#6352 = ( GEOMETRIC_REPRESENTATION_CONTEXT(2) 
PARAMETRIC_REPRESENTATION_CONTEXT() REPRESENTATION_CONTEXT('2D SPACE',''
  ) );
#6353 = FACE_BOUND('',#6354,.F.);
#6354 = EDGE_LOOP('',(#6355));
#6355 = ORIENTED_EDGE('',*,*,#6356,.T.);
#6356 = EDGE_CURVE('',#6357,#6357,#6359,.T.);
#6357 = VERTEX_POINT('',#6358);
#6358 = CARTESIAN_POINT('',(111.5,-89.85,1.6));
#6359 = SURFACE_CURVE('',#6360,(#6365,#6376),.PCURVE_S1.);
#6360 = CIRCLE('',#6361,1.1);
#6361 = AXIS2_PLACEMENT_3D('',#6362,#6363,#6364);
#6362 = CARTESIAN_POINT('',(110.4,-89.85,1.6));
#6363 = DIRECTION('',(0.,0.,1.));
#6364 = DIRECTION('',(1.,0.,-0.));
#6365 = PCURVE('',#90,#6366);
#6366 = DEFINITIONAL_REPRESENTATION('',(#6367),#6375);
#6367 = ( BOUNDED_CURVE() B_SPLINE_CURVE(2,(#6368,#6369,#6370,#6371,
#6372,#6373,#6374),.UNSPECIFIED.,.T.,.F.) B_SPLINE_CURVE_WITH_KNOTS((1,2
    ,2,2,2,1),(-2.094395102393,0.,2.094395102393,4.188790204786,
6.28318530718,8.377580409573),.UNSPECIFIED.) CURVE() 
GEOMETRIC_REPRESENTATION_ITEM() RATIONAL_B_SPLINE_CURVE((1.,0.5,1.,0.5,
1.,0.5,1.)) REPRESENTATION_ITEM('') );
#6368 = CARTESIAN_POINT('',(-42.30519895202,-42.50407086847));
#6369 = CARTESIAN_POINT('',(-42.30519895202,-40.59881498015));
#6370 = CARTESIAN_POINT('',(-40.65519895202,-41.55144292431));
#6371 = CARTESIAN_POINT('',(-39.00519895202,-42.50407086847));
#6372 = CARTESIAN_POINT('',(-40.65519895202,-43.45669881264));
#6373 = CARTESIAN_POINT('',(-42.30519895202,-44.4093267568));
#6374 = CARTESIAN_POINT('',(-42.30519895202,-42.50407086847));
#6375 = ( GEOMETRIC_REPRESENTATION_CONTEXT(2) 
PARAMETRIC_REPRESENTATION_CONTEXT() REPRESENTATION_CONTEXT('2D SPACE',''
  ) );
#6376 = PCURVE('',#1907,#6377);
#6377 = DEFINITIONAL_REPRESENTATION('',(#6378),#6382);
#6378 = LINE('',#6379,#6380);
#6379 = CARTESIAN_POINT('',(0.,1.61));
#6380 = VECTOR('',#6381,1.);
#6381 = DIRECTION('',(1.,0.));
#6382 = ( GEOMETRIC_REPRESENTATION_CONTEXT(2) 
PARAMETRIC_REPRESENTATION_CONTEXT() REPRESENTATION_CONTEXT('2D SPACE',''
  ) );
#6383 = FACE_BOUND('',#6384,.F.);
#6384 = EDGE_LOOP('',(#6385));
#6385 = ORIENTED_EDGE('',*,*,#6386,.T.);
#6386 = EDGE_CURVE('',#6387,#6387,#6389,.T.);
#6387 = VERTEX_POINT('',#6388);
#6388 = CARTESIAN_POINT('',(114.53,-86.599999,1.6));
#6389 = SURFACE_CURVE('',#6390,(#6395,#6406),.PCURVE_S1.);
#6390 = CIRCLE('',#6391,0.5);
#6391 = AXIS2_PLACEMENT_3D('',#6392,#6393,#6394);
#6392 = CARTESIAN_POINT('',(114.03,-86.599999,1.6));
#6393 = DIRECTION('',(0.,0.,1.));
#6394 = DIRECTION('',(1.,0.,-0.));
#6395 = PCURVE('',#90,#6396);
#6396 = DEFINITIONAL_REPRESENTATION('',(#6397),#6405);
#6397 = ( BOUNDED_CURVE() B_SPLINE_CURVE(2,(#6398,#6399,#6400,#6401,
#6402,#6403,#6404),.UNSPECIFIED.,.T.,.F.) B_SPLINE_CURVE_WITH_KNOTS((1,2
    ,2,2,2,1),(-2.094395102393,0.,2.094395102393,4.188790204786,
6.28318530718,8.377580409573),.UNSPECIFIED.) CURVE() 
GEOMETRIC_REPRESENTATION_ITEM() RATIONAL_B_SPLINE_CURVE((1.,0.5,1.,0.5,
1.,0.5,1.)) REPRESENTATION_ITEM('') );
#6398 = CARTESIAN_POINT('',(-45.33519895202,-39.25406986847));
#6399 = CARTESIAN_POINT('',(-45.33519895202,-38.38804446469));
#6400 = CARTESIAN_POINT('',(-44.58519895202,-38.82105716658));
#6401 = CARTESIAN_POINT('',(-43.83519895202,-39.25406986847));
#6402 = CARTESIAN_POINT('',(-44.58519895202,-39.68708257037));
#6403 = CARTESIAN_POINT('',(-45.33519895202,-40.12009527226));
#6404 = CARTESIAN_POINT('',(-45.33519895202,-39.25406986847));
#6405 = ( GEOMETRIC_REPRESENTATION_CONTEXT(2) 
PARAMETRIC_REPRESENTATION_CONTEXT() REPRESENTATION_CONTEXT('2D SPACE',''
  ) );
#6406 = PCURVE('',#1942,#6407);
#6407 = DEFINITIONAL_REPRESENTATION('',(#6408),#6412);
#6408 = LINE('',#6409,#6410);
#6409 = CARTESIAN_POINT('',(0.,1.61));
#6410 = VECTOR('',#6411,1.);
#6411 = DIRECTION('',(1.,0.));
#6412 = ( GEOMETRIC_REPRESENTATION_CONTEXT(2) 
PARAMETRIC_REPRESENTATION_CONTEXT() REPRESENTATION_CONTEXT('2D SPACE',''
  ) );
#6413 = FACE_BOUND('',#6414,.F.);
#6414 = EDGE_LOOP('',(#6415));
#6415 = ORIENTED_EDGE('',*,*,#6416,.T.);
#6416 = EDGE_CURVE('',#6417,#6417,#6419,.T.);
#6417 = VERTEX_POINT('',#6418);
#6418 = CARTESIAN_POINT('',(114.53,-84.059999,1.6));
#6419 = SURFACE_CURVE('',#6420,(#6425,#6436),.PCURVE_S1.);
#6420 = CIRCLE('',#6421,0.5);
#6421 = AXIS2_PLACEMENT_3D('',#6422,#6423,#6424);
#6422 = CARTESIAN_POINT('',(114.03,-84.059999,1.6));
#6423 = DIRECTION('',(0.,0.,1.));
#6424 = DIRECTION('',(1.,0.,-0.));
#6425 = PCURVE('',#90,#6426);
#6426 = DEFINITIONAL_REPRESENTATION('',(#6427),#6435);
#6427 = ( BOUNDED_CURVE() B_SPLINE_CURVE(2,(#6428,#6429,#6430,#6431,
#6432,#6433,#6434),.UNSPECIFIED.,.T.,.F.) B_SPLINE_CURVE_WITH_KNOTS((1,2
    ,2,2,2,1),(-2.094395102393,0.,2.094395102393,4.188790204786,
6.28318530718,8.377580409573),.UNSPECIFIED.) CURVE() 
GEOMETRIC_REPRESENTATION_ITEM() RATIONAL_B_SPLINE_CURVE((1.,0.5,1.,0.5,
1.,0.5,1.)) REPRESENTATION_ITEM('') );
#6428 = CARTESIAN_POINT('',(-45.33519895202,-36.71406986847));
#6429 = CARTESIAN_POINT('',(-45.33519895202,-35.84804446469));
#6430 = CARTESIAN_POINT('',(-44.58519895202,-36.28105716658));
#6431 = CARTESIAN_POINT('',(-43.83519895202,-36.71406986847));
#6432 = CARTESIAN_POINT('',(-44.58519895202,-37.14708257037));
#6433 = CARTESIAN_POINT('',(-45.33519895202,-37.58009527226));
#6434 = CARTESIAN_POINT('',(-45.33519895202,-36.71406986847));
#6435 = ( GEOMETRIC_REPRESENTATION_CONTEXT(2) 
PARAMETRIC_REPRESENTATION_CONTEXT() REPRESENTATION_CONTEXT('2D SPACE',''
  ) );
#6436 = PCURVE('',#1977,#6437);
#6437 = DEFINITIONAL_REPRESENTATION('',(#6438),#6442);
#6438 = LINE('',#6439,#6440);
#6439 = CARTESIAN_POINT('',(0.,1.61));
#6440 = VECTOR('',#6441,1.);
#6441 = DIRECTION('',(1.,0.));
#6442 = ( GEOMETRIC_REPRESENTATION_CONTEXT(2) 
PARAMETRIC_REPRESENTATION_CONTEXT() REPRESENTATION_CONTEXT('2D SPACE',''
  ) );
#6443 = FACE_BOUND('',#6444,.F.);
#6444 = EDGE_LOOP('',(#6445));
#6445 = ORIENTED_EDGE('',*,*,#6446,.T.);
#6446 = EDGE_CURVE('',#6447,#6447,#6449,.T.);
#6447 = VERTEX_POINT('',#6448);
#6448 = CARTESIAN_POINT('',(114.53,-81.519999,1.6));
#6449 = SURFACE_CURVE('',#6450,(#6455,#6466),.PCURVE_S1.);
#6450 = CIRCLE('',#6451,0.5);
#6451 = AXIS2_PLACEMENT_3D('',#6452,#6453,#6454);
#6452 = CARTESIAN_POINT('',(114.03,-81.519999,1.6));
#6453 = DIRECTION('',(0.,0.,1.));
#6454 = DIRECTION('',(1.,0.,-0.));
#6455 = PCURVE('',#90,#6456);
#6456 = DEFINITIONAL_REPRESENTATION('',(#6457),#6465);
#6457 = ( BOUNDED_CURVE() B_SPLINE_CURVE(2,(#6458,#6459,#6460,#6461,
#6462,#6463,#6464),.UNSPECIFIED.,.T.,.F.) B_SPLINE_CURVE_WITH_KNOTS((1,2
    ,2,2,2,1),(-2.094395102393,0.,2.094395102393,4.188790204786,
6.28318530718,8.377580409573),.UNSPECIFIED.) CURVE() 
GEOMETRIC_REPRESENTATION_ITEM() RATIONAL_B_SPLINE_CURVE((1.,0.5,1.,0.5,
1.,0.5,1.)) REPRESENTATION_ITEM('') );
#6458 = CARTESIAN_POINT('',(-45.33519895202,-34.17406986847));
#6459 = CARTESIAN_POINT('',(-45.33519895202,-33.30804446469));
#6460 = CARTESIAN_POINT('',(-44.58519895202,-33.74105716658));
#6461 = CARTESIAN_POINT('',(-43.83519895202,-34.17406986847));
#6462 = CARTESIAN_POINT('',(-44.58519895202,-34.60708257037));
#6463 = CARTESIAN_POINT('',(-45.33519895202,-35.04009527226));
#6464 = CARTESIAN_POINT('',(-45.33519895202,-34.17406986847));
#6465 = ( GEOMETRIC_REPRESENTATION_CONTEXT(2) 
PARAMETRIC_REPRESENTATION_CONTEXT() REPRESENTATION_CONTEXT('2D SPACE',''
  ) );
#6466 = PCURVE('',#2012,#6467);
#6467 = DEFINITIONAL_REPRESENTATION('',(#6468),#6472);
#6468 = LINE('',#6469,#6470);
#6469 = CARTESIAN_POINT('',(0.,1.61));
#6470 = VECTOR('',#6471,1.);
#6471 = DIRECTION('',(1.,0.));
#6472 = ( GEOMETRIC_REPRESENTATION_CONTEXT(2) 
PARAMETRIC_REPRESENTATION_CONTEXT() REPRESENTATION_CONTEXT('2D SPACE',''
  ) );
#6473 = FACE_BOUND('',#6474,.F.);
#6474 = EDGE_LOOP('',(#6475));
#6475 = ORIENTED_EDGE('',*,*,#6476,.T.);
#6476 = EDGE_CURVE('',#6477,#6477,#6479,.T.);
#6477 = VERTEX_POINT('',#6478);
#6478 = CARTESIAN_POINT('',(129.77,-78.979999,1.6));
#6479 = SURFACE_CURVE('',#6480,(#6485,#6496),.PCURVE_S1.);
#6480 = CIRCLE('',#6481,0.5);
#6481 = AXIS2_PLACEMENT_3D('',#6482,#6483,#6484);
#6482 = CARTESIAN_POINT('',(129.27,-78.979999,1.6));
#6483 = DIRECTION('',(0.,0.,1.));
#6484 = DIRECTION('',(1.,0.,-0.));
#6485 = PCURVE('',#90,#6486);
#6486 = DEFINITIONAL_REPRESENTATION('',(#6487),#6495);
#6487 = ( BOUNDED_CURVE() B_SPLINE_CURVE(2,(#6488,#6489,#6490,#6491,
#6492,#6493,#6494),.UNSPECIFIED.,.T.,.F.) B_SPLINE_CURVE_WITH_KNOTS((1,2
    ,2,2,2,1),(-2.094395102393,0.,2.094395102393,4.188790204786,
6.28318530718,8.377580409573),.UNSPECIFIED.) CURVE() 
GEOMETRIC_REPRESENTATION_ITEM() RATIONAL_B_SPLINE_CURVE((1.,0.5,1.,0.5,
1.,0.5,1.)) REPRESENTATION_ITEM('') );
#6488 = CARTESIAN_POINT('',(-60.57519895202,-31.63406986847));
#6489 = CARTESIAN_POINT('',(-60.57519895202,-30.76804446469));
#6490 = CARTESIAN_POINT('',(-59.82519895202,-31.20105716658));
#6491 = CARTESIAN_POINT('',(-59.07519895202,-31.63406986847));
#6492 = CARTESIAN_POINT('',(-59.82519895202,-32.06708257037));
#6493 = CARTESIAN_POINT('',(-60.57519895202,-32.50009527226));
#6494 = CARTESIAN_POINT('',(-60.57519895202,-31.63406986847));
#6495 = ( GEOMETRIC_REPRESENTATION_CONTEXT(2) 
PARAMETRIC_REPRESENTATION_CONTEXT() REPRESENTATION_CONTEXT('2D SPACE',''
  ) );
#6496 = PCURVE('',#2047,#6497);
#6497 = DEFINITIONAL_REPRESENTATION('',(#6498),#6502);
#6498 = LINE('',#6499,#6500);
#6499 = CARTESIAN_POINT('',(0.,1.61));
#6500 = VECTOR('',#6501,1.);
#6501 = DIRECTION('',(1.,0.));
#6502 = ( GEOMETRIC_REPRESENTATION_CONTEXT(2) 
PARAMETRIC_REPRESENTATION_CONTEXT() REPRESENTATION_CONTEXT('2D SPACE',''
  ) );
#6503 = FACE_BOUND('',#6504,.F.);
#6504 = EDGE_LOOP('',(#6505));
#6505 = ORIENTED_EDGE('',*,*,#6506,.T.);
#6506 = EDGE_CURVE('',#6507,#6507,#6509,.T.);
#6507 = VERTEX_POINT('',#6508);
#6508 = CARTESIAN_POINT('',(129.77,-76.439999,1.6));
#6509 = SURFACE_CURVE('',#6510,(#6515,#6526),.PCURVE_S1.);
#6510 = CIRCLE('',#6511,0.5);
#6511 = AXIS2_PLACEMENT_3D('',#6512,#6513,#6514);
#6512 = CARTESIAN_POINT('',(129.27,-76.439999,1.6));
#6513 = DIRECTION('',(0.,0.,1.));
#6514 = DIRECTION('',(1.,0.,-0.));
#6515 = PCURVE('',#90,#6516);
#6516 = DEFINITIONAL_REPRESENTATION('',(#6517),#6525);
#6517 = ( BOUNDED_CURVE() B_SPLINE_CURVE(2,(#6518,#6519,#6520,#6521,
#6522,#6523,#6524),.UNSPECIFIED.,.T.,.F.) B_SPLINE_CURVE_WITH_KNOTS((1,2
    ,2,2,2,1),(-2.094395102393,0.,2.094395102393,4.188790204786,
6.28318530718,8.377580409573),.UNSPECIFIED.) CURVE() 
GEOMETRIC_REPRESENTATION_ITEM() RATIONAL_B_SPLINE_CURVE((1.,0.5,1.,0.5,
1.,0.5,1.)) REPRESENTATION_ITEM('') );
#6518 = CARTESIAN_POINT('',(-60.57519895202,-29.09406986847));
#6519 = CARTESIAN_POINT('',(-60.57519895202,-28.22804446469));
#6520 = CARTESIAN_POINT('',(-59.82519895202,-28.66105716658));
#6521 = CARTESIAN_POINT('',(-59.07519895202,-29.09406986847));
#6522 = CARTESIAN_POINT('',(-59.82519895202,-29.52708257037));
#6523 = CARTESIAN_POINT('',(-60.57519895202,-29.96009527226));
#6524 = CARTESIAN_POINT('',(-60.57519895202,-29.09406986847));
#6525 = ( GEOMETRIC_REPRESENTATION_CONTEXT(2) 
PARAMETRIC_REPRESENTATION_CONTEXT() REPRESENTATION_CONTEXT('2D SPACE',''
  ) );
#6526 = PCURVE('',#2082,#6527);
#6527 = DEFINITIONAL_REPRESENTATION('',(#6528),#6532);
#6528 = LINE('',#6529,#6530);
#6529 = CARTESIAN_POINT('',(0.,1.61));
#6530 = VECTOR('',#6531,1.);
#6531 = DIRECTION('',(1.,0.));
#6532 = ( GEOMETRIC_REPRESENTATION_CONTEXT(2) 
PARAMETRIC_REPRESENTATION_CONTEXT() REPRESENTATION_CONTEXT('2D SPACE',''
  ) );
#6533 = FACE_BOUND('',#6534,.F.);
#6534 = EDGE_LOOP('',(#6535));
#6535 = ORIENTED_EDGE('',*,*,#6536,.T.);
#6536 = EDGE_CURVE('',#6537,#6537,#6539,.T.);
#6537 = VERTEX_POINT('',#6538);
#6538 = CARTESIAN_POINT('',(129.77,-73.899999,1.6));
#6539 = SURFACE_CURVE('',#6540,(#6545,#6556),.PCURVE_S1.);
#6540 = CIRCLE('',#6541,0.5);
#6541 = AXIS2_PLACEMENT_3D('',#6542,#6543,#6544);
#6542 = CARTESIAN_POINT('',(129.27,-73.899999,1.6));
#6543 = DIRECTION('',(0.,0.,1.));
#6544 = DIRECTION('',(1.,0.,-0.));
#6545 = PCURVE('',#90,#6546);
#6546 = DEFINITIONAL_REPRESENTATION('',(#6547),#6555);
#6547 = ( BOUNDED_CURVE() B_SPLINE_CURVE(2,(#6548,#6549,#6550,#6551,
#6552,#6553,#6554),.UNSPECIFIED.,.T.,.F.) B_SPLINE_CURVE_WITH_KNOTS((1,2
    ,2,2,2,1),(-2.094395102393,0.,2.094395102393,4.188790204786,
6.28318530718,8.377580409573),.UNSPECIFIED.) CURVE() 
GEOMETRIC_REPRESENTATION_ITEM() RATIONAL_B_SPLINE_CURVE((1.,0.5,1.,0.5,
1.,0.5,1.)) REPRESENTATION_ITEM('') );
#6548 = CARTESIAN_POINT('',(-60.57519895202,-26.55406986847));
#6549 = CARTESIAN_POINT('',(-60.57519895202,-25.68804446469));
#6550 = CARTESIAN_POINT('',(-59.82519895202,-26.12105716658));
#6551 = CARTESIAN_POINT('',(-59.07519895202,-26.55406986847));
#6552 = CARTESIAN_POINT('',(-59.82519895202,-26.98708257037));
#6553 = CARTESIAN_POINT('',(-60.57519895202,-27.42009527226));
#6554 = CARTESIAN_POINT('',(-60.57519895202,-26.55406986847));
#6555 = ( GEOMETRIC_REPRESENTATION_CONTEXT(2) 
PARAMETRIC_REPRESENTATION_CONTEXT() REPRESENTATION_CONTEXT('2D SPACE',''
  ) );
#6556 = PCURVE('',#2117,#6557);
#6557 = DEFINITIONAL_REPRESENTATION('',(#6558),#6562);
#6558 = LINE('',#6559,#6560);
#6559 = CARTESIAN_POINT('',(0.,1.61));
#6560 = VECTOR('',#6561,1.);
#6561 = DIRECTION('',(1.,0.));
#6562 = ( GEOMETRIC_REPRESENTATION_CONTEXT(2) 
PARAMETRIC_REPRESENTATION_CONTEXT() REPRESENTATION_CONTEXT('2D SPACE',''
  ) );
#6563 = FACE_BOUND('',#6564,.F.);
#6564 = EDGE_LOOP('',(#6565));
#6565 = ORIENTED_EDGE('',*,*,#6566,.T.);
#6566 = EDGE_CURVE('',#6567,#6567,#6569,.T.);
#6567 = VERTEX_POINT('',#6568);
#6568 = CARTESIAN_POINT('',(129.77,-71.359999,1.6));
#6569 = SURFACE_CURVE('',#6570,(#6575,#6586),.PCURVE_S1.);
#6570 = CIRCLE('',#6571,0.5);
#6571 = AXIS2_PLACEMENT_3D('',#6572,#6573,#6574);
#6572 = CARTESIAN_POINT('',(129.27,-71.359999,1.6));
#6573 = DIRECTION('',(0.,0.,1.));
#6574 = DIRECTION('',(1.,0.,-0.));
#6575 = PCURVE('',#90,#6576);
#6576 = DEFINITIONAL_REPRESENTATION('',(#6577),#6585);
#6577 = ( BOUNDED_CURVE() B_SPLINE_CURVE(2,(#6578,#6579,#6580,#6581,
#6582,#6583,#6584),.UNSPECIFIED.,.T.,.F.) B_SPLINE_CURVE_WITH_KNOTS((1,2
    ,2,2,2,1),(-2.094395102393,0.,2.094395102393,4.188790204786,
6.28318530718,8.377580409573),.UNSPECIFIED.) CURVE() 
GEOMETRIC_REPRESENTATION_ITEM() RATIONAL_B_SPLINE_CURVE((1.,0.5,1.,0.5,
1.,0.5,1.)) REPRESENTATION_ITEM('') );
#6578 = CARTESIAN_POINT('',(-60.57519895202,-24.01406986847));
#6579 = CARTESIAN_POINT('',(-60.57519895202,-23.14804446469));
#6580 = CARTESIAN_POINT('',(-59.82519895202,-23.58105716658));
#6581 = CARTESIAN_POINT('',(-59.07519895202,-24.01406986847));
#6582 = CARTESIAN_POINT('',(-59.82519895202,-24.44708257037));
#6583 = CARTESIAN_POINT('',(-60.57519895202,-24.88009527226));
#6584 = CARTESIAN_POINT('',(-60.57519895202,-24.01406986847));
#6585 = ( GEOMETRIC_REPRESENTATION_CONTEXT(2) 
PARAMETRIC_REPRESENTATION_CONTEXT() REPRESENTATION_CONTEXT('2D SPACE',''
  ) );
#6586 = PCURVE('',#2152,#6587);
#6587 = DEFINITIONAL_REPRESENTATION('',(#6588),#6592);
#6588 = LINE('',#6589,#6590);
#6589 = CARTESIAN_POINT('',(0.,1.61));
#6590 = VECTOR('',#6591,1.);
#6591 = DIRECTION('',(1.,0.));
#6592 = ( GEOMETRIC_REPRESENTATION_CONTEXT(2) 
PARAMETRIC_REPRESENTATION_CONTEXT() REPRESENTATION_CONTEXT('2D SPACE',''
  ) );
#6593 = FACE_BOUND('',#6594,.F.);
#6594 = EDGE_LOOP('',(#6595));
#6595 = ORIENTED_EDGE('',*,*,#6596,.T.);
#6596 = EDGE_CURVE('',#6597,#6597,#6599,.T.);
#6597 = VERTEX_POINT('',#6598);
#6598 = CARTESIAN_POINT('',(129.77,-68.819999,1.6));
#6599 = SURFACE_CURVE('',#6600,(#6605,#6616),.PCURVE_S1.);
#6600 = CIRCLE('',#6601,0.5);
#6601 = AXIS2_PLACEMENT_3D('',#6602,#6603,#6604);
#6602 = CARTESIAN_POINT('',(129.27,-68.819999,1.6));
#6603 = DIRECTION('',(0.,0.,1.));
#6604 = DIRECTION('',(1.,0.,-0.));
#6605 = PCURVE('',#90,#6606);
#6606 = DEFINITIONAL_REPRESENTATION('',(#6607),#6615);
#6607 = ( BOUNDED_CURVE() B_SPLINE_CURVE(2,(#6608,#6609,#6610,#6611,
#6612,#6613,#6614),.UNSPECIFIED.,.T.,.F.) B_SPLINE_CURVE_WITH_KNOTS((1,2
    ,2,2,2,1),(-2.094395102393,0.,2.094395102393,4.188790204786,
6.28318530718,8.377580409573),.UNSPECIFIED.) CURVE() 
GEOMETRIC_REPRESENTATION_ITEM() RATIONAL_B_SPLINE_CURVE((1.,0.5,1.,0.5,
1.,0.5,1.)) REPRESENTATION_ITEM('') );
#6608 = CARTESIAN_POINT('',(-60.57519895202,-21.47406986847));
#6609 = CARTESIAN_POINT('',(-60.57519895202,-20.60804446469));
#6610 = CARTESIAN_POINT('',(-59.82519895202,-21.04105716658));
#6611 = CARTESIAN_POINT('',(-59.07519895202,-21.47406986847));
#6612 = CARTESIAN_POINT('',(-59.82519895202,-21.90708257037));
#6613 = CARTESIAN_POINT('',(-60.57519895202,-22.34009527226));
#6614 = CARTESIAN_POINT('',(-60.57519895202,-21.47406986847));
#6615 = ( GEOMETRIC_REPRESENTATION_CONTEXT(2) 
PARAMETRIC_REPRESENTATION_CONTEXT() REPRESENTATION_CONTEXT('2D SPACE',''
  ) );
#6616 = PCURVE('',#2187,#6617);
#6617 = DEFINITIONAL_REPRESENTATION('',(#6618),#6622);
#6618 = LINE('',#6619,#6620);
#6619 = CARTESIAN_POINT('',(0.,1.61));
#6620 = VECTOR('',#6621,1.);
#6621 = DIRECTION('',(1.,0.));
#6622 = ( GEOMETRIC_REPRESENTATION_CONTEXT(2) 
PARAMETRIC_REPRESENTATION_CONTEXT() REPRESENTATION_CONTEXT('2D SPACE',''
  ) );
#6623 = FACE_BOUND('',#6624,.F.);
#6624 = EDGE_LOOP('',(#6625));
#6625 = ORIENTED_EDGE('',*,*,#6626,.T.);
#6626 = EDGE_CURVE('',#6627,#6627,#6629,.T.);
#6627 = VERTEX_POINT('',#6628);
#6628 = CARTESIAN_POINT('',(114.53,-78.979999,1.6));
#6629 = SURFACE_CURVE('',#6630,(#6635,#6646),.PCURVE_S1.);
#6630 = CIRCLE('',#6631,0.5);
#6631 = AXIS2_PLACEMENT_3D('',#6632,#6633,#6634);
#6632 = CARTESIAN_POINT('',(114.03,-78.979999,1.6));
#6633 = DIRECTION('',(0.,0.,1.));
#6634 = DIRECTION('',(1.,0.,-0.));
#6635 = PCURVE('',#90,#6636);
#6636 = DEFINITIONAL_REPRESENTATION('',(#6637),#6645);
#6637 = ( BOUNDED_CURVE() B_SPLINE_CURVE(2,(#6638,#6639,#6640,#6641,
#6642,#6643,#6644),.UNSPECIFIED.,.T.,.F.) B_SPLINE_CURVE_WITH_KNOTS((1,2
    ,2,2,2,1),(-2.094395102393,0.,2.094395102393,4.188790204786,
6.28318530718,8.377580409573),.UNSPECIFIED.) CURVE() 
GEOMETRIC_REPRESENTATION_ITEM() RATIONAL_B_SPLINE_CURVE((1.,0.5,1.,0.5,
1.,0.5,1.)) REPRESENTATION_ITEM('') );
#6638 = CARTESIAN_POINT('',(-45.33519895202,-31.63406986847));
#6639 = CARTESIAN_POINT('',(-45.33519895202,-30.76804446469));
#6640 = CARTESIAN_POINT('',(-44.58519895202,-31.20105716658));
#6641 = CARTESIAN_POINT('',(-43.83519895202,-31.63406986847));
#6642 = CARTESIAN_POINT('',(-44.58519895202,-32.06708257037));
#6643 = CARTESIAN_POINT('',(-45.33519895202,-32.50009527226));
#6644 = CARTESIAN_POINT('',(-45.33519895202,-31.63406986847));
#6645 = ( GEOMETRIC_REPRESENTATION_CONTEXT(2) 
PARAMETRIC_REPRESENTATION_CONTEXT() REPRESENTATION_CONTEXT('2D SPACE',''
  ) );
#6646 = PCURVE('',#2222,#6647);
#6647 = DEFINITIONAL_REPRESENTATION('',(#6648),#6652);
#6648 = LINE('',#6649,#6650);
#6649 = CARTESIAN_POINT('',(0.,1.61));
#6650 = VECTOR('',#6651,1.);
#6651 = DIRECTION('',(1.,0.));
#6652 = ( GEOMETRIC_REPRESENTATION_CONTEXT(2) 
PARAMETRIC_REPRESENTATION_CONTEXT() REPRESENTATION_CONTEXT('2D SPACE',''
  ) );
#6653 = FACE_BOUND('',#6654,.F.);
#6654 = EDGE_LOOP('',(#6655));
#6655 = ORIENTED_EDGE('',*,*,#6656,.T.);
#6656 = EDGE_CURVE('',#6657,#6657,#6659,.T.);
#6657 = VERTEX_POINT('',#6658);
#6658 = CARTESIAN_POINT('',(114.53,-76.439999,1.6));
#6659 = SURFACE_CURVE('',#6660,(#6665,#6676),.PCURVE_S1.);
#6660 = CIRCLE('',#6661,0.5);
#6661 = AXIS2_PLACEMENT_3D('',#6662,#6663,#6664);
#6662 = CARTESIAN_POINT('',(114.03,-76.439999,1.6));
#6663 = DIRECTION('',(0.,0.,1.));
#6664 = DIRECTION('',(1.,0.,-0.));
#6665 = PCURVE('',#90,#6666);
#6666 = DEFINITIONAL_REPRESENTATION('',(#6667),#6675);
#6667 = ( BOUNDED_CURVE() B_SPLINE_CURVE(2,(#6668,#6669,#6670,#6671,
#6672,#6673,#6674),.UNSPECIFIED.,.T.,.F.) B_SPLINE_CURVE_WITH_KNOTS((1,2
    ,2,2,2,1),(-2.094395102393,0.,2.094395102393,4.188790204786,
6.28318530718,8.377580409573),.UNSPECIFIED.) CURVE() 
GEOMETRIC_REPRESENTATION_ITEM() RATIONAL_B_SPLINE_CURVE((1.,0.5,1.,0.5,
1.,0.5,1.)) REPRESENTATION_ITEM('') );
#6668 = CARTESIAN_POINT('',(-45.33519895202,-29.09406986847));
#6669 = CARTESIAN_POINT('',(-45.33519895202,-28.22804446469));
#6670 = CARTESIAN_POINT('',(-44.58519895202,-28.66105716658));
#6671 = CARTESIAN_POINT('',(-43.83519895202,-29.09406986847));
#6672 = CARTESIAN_POINT('',(-44.58519895202,-29.52708257037));
#6673 = CARTESIAN_POINT('',(-45.33519895202,-29.96009527226));
#6674 = CARTESIAN_POINT('',(-45.33519895202,-29.09406986847));
#6675 = ( GEOMETRIC_REPRESENTATION_CONTEXT(2) 
PARAMETRIC_REPRESENTATION_CONTEXT() REPRESENTATION_CONTEXT('2D SPACE',''
  ) );
#6676 = PCURVE('',#2257,#6677);
#6677 = DEFINITIONAL_REPRESENTATION('',(#6678),#6682);
#6678 = LINE('',#6679,#6680);
#6679 = CARTESIAN_POINT('',(0.,1.61));
#6680 = VECTOR('',#6681,1.);
#6681 = DIRECTION('',(1.,0.));
#6682 = ( GEOMETRIC_REPRESENTATION_CONTEXT(2) 
PARAMETRIC_REPRESENTATION_CONTEXT() REPRESENTATION_CONTEXT('2D SPACE',''
  ) );
#6683 = FACE_BOUND('',#6684,.F.);
#6684 = EDGE_LOOP('',(#6685));
#6685 = ORIENTED_EDGE('',*,*,#6686,.T.);
#6686 = EDGE_CURVE('',#6687,#6687,#6689,.T.);
#6687 = VERTEX_POINT('',#6688);
#6688 = CARTESIAN_POINT('',(103.575,-77.4,1.6));
#6689 = SURFACE_CURVE('',#6690,(#6695,#6706),.PCURVE_S1.);
#6690 = CIRCLE('',#6691,0.625);
#6691 = AXIS2_PLACEMENT_3D('',#6692,#6693,#6694);
#6692 = CARTESIAN_POINT('',(102.95,-77.4,1.6));
#6693 = DIRECTION('',(0.,0.,1.));
#6694 = DIRECTION('',(1.,0.,-0.));
#6695 = PCURVE('',#90,#6696);
#6696 = DEFINITIONAL_REPRESENTATION('',(#6697),#6705);
#6697 = ( BOUNDED_CURVE() B_SPLINE_CURVE(2,(#6698,#6699,#6700,#6701,
#6702,#6703,#6704),.UNSPECIFIED.,.T.,.F.) B_SPLINE_CURVE_WITH_KNOTS((1,2
    ,2,2,2,1),(-2.094395102393,0.,2.094395102393,4.188790204786,
6.28318530718,8.377580409573),.UNSPECIFIED.) CURVE() 
GEOMETRIC_REPRESENTATION_ITEM() RATIONAL_B_SPLINE_CURVE((1.,0.5,1.,0.5,
1.,0.5,1.)) REPRESENTATION_ITEM('') );
#6698 = CARTESIAN_POINT('',(-34.38019895202,-30.05407086847));
#6699 = CARTESIAN_POINT('',(-34.38019895202,-28.97153911374));
#6700 = CARTESIAN_POINT('',(-33.44269895202,-29.51280499111));
#6701 = CARTESIAN_POINT('',(-32.50519895202,-30.05407086847));
#6702 = CARTESIAN_POINT('',(-33.44269895202,-30.59533674584));
#6703 = CARTESIAN_POINT('',(-34.38019895202,-31.1366026232));
#6704 = CARTESIAN_POINT('',(-34.38019895202,-30.05407086847));
#6705 = ( GEOMETRIC_REPRESENTATION_CONTEXT(2) 
PARAMETRIC_REPRESENTATION_CONTEXT() REPRESENTATION_CONTEXT('2D SPACE',''
  ) );
#6706 = PCURVE('',#2292,#6707);
#6707 = DEFINITIONAL_REPRESENTATION('',(#6708),#6712);
#6708 = LINE('',#6709,#6710);
#6709 = CARTESIAN_POINT('',(0.,1.61));
#6710 = VECTOR('',#6711,1.);
#6711 = DIRECTION('',(1.,0.));
#6712 = ( GEOMETRIC_REPRESENTATION_CONTEXT(2) 
PARAMETRIC_REPRESENTATION_CONTEXT() REPRESENTATION_CONTEXT('2D SPACE',''
  ) );
#6713 = FACE_BOUND('',#6714,.F.);
#6714 = EDGE_LOOP('',(#6715));
#6715 = ORIENTED_EDGE('',*,*,#6716,.T.);
#6716 = EDGE_CURVE('',#6717,#6717,#6719,.T.);
#6717 = VERTEX_POINT('',#6718);
#6718 = CARTESIAN_POINT('',(114.53,-73.899999,1.6));
#6719 = SURFACE_CURVE('',#6720,(#6725,#6736),.PCURVE_S1.);
#6720 = CIRCLE('',#6721,0.5);
#6721 = AXIS2_PLACEMENT_3D('',#6722,#6723,#6724);
#6722 = CARTESIAN_POINT('',(114.03,-73.899999,1.6));
#6723 = DIRECTION('',(0.,0.,1.));
#6724 = DIRECTION('',(1.,0.,-0.));
#6725 = PCURVE('',#90,#6726);
#6726 = DEFINITIONAL_REPRESENTATION('',(#6727),#6735);
#6727 = ( BOUNDED_CURVE() B_SPLINE_CURVE(2,(#6728,#6729,#6730,#6731,
#6732,#6733,#6734),.UNSPECIFIED.,.T.,.F.) B_SPLINE_CURVE_WITH_KNOTS((1,2
    ,2,2,2,1),(-2.094395102393,0.,2.094395102393,4.188790204786,
6.28318530718,8.377580409573),.UNSPECIFIED.) CURVE() 
GEOMETRIC_REPRESENTATION_ITEM() RATIONAL_B_SPLINE_CURVE((1.,0.5,1.,0.5,
1.,0.5,1.)) REPRESENTATION_ITEM('') );
#6728 = CARTESIAN_POINT('',(-45.33519895202,-26.55406986847));
#6729 = CARTESIAN_POINT('',(-45.33519895202,-25.68804446469));
#6730 = CARTESIAN_POINT('',(-44.58519895202,-26.12105716658));
#6731 = CARTESIAN_POINT('',(-43.83519895202,-26.55406986847));
#6732 = CARTESIAN_POINT('',(-44.58519895202,-26.98708257037));
#6733 = CARTESIAN_POINT('',(-45.33519895202,-27.42009527226));
#6734 = CARTESIAN_POINT('',(-45.33519895202,-26.55406986847));
#6735 = ( GEOMETRIC_REPRESENTATION_CONTEXT(2) 
PARAMETRIC_REPRESENTATION_CONTEXT() REPRESENTATION_CONTEXT('2D SPACE',''
  ) );
#6736 = PCURVE('',#2327,#6737);
#6737 = DEFINITIONAL_REPRESENTATION('',(#6738),#6742);
#6738 = LINE('',#6739,#6740);
#6739 = CARTESIAN_POINT('',(0.,1.61));
#6740 = VECTOR('',#6741,1.);
#6741 = DIRECTION('',(1.,0.));
#6742 = ( GEOMETRIC_REPRESENTATION_CONTEXT(2) 
PARAMETRIC_REPRESENTATION_CONTEXT() REPRESENTATION_CONTEXT('2D SPACE',''
  ) );
#6743 = FACE_BOUND('',#6744,.F.);
#6744 = EDGE_LOOP('',(#6745));
#6745 = ORIENTED_EDGE('',*,*,#6746,.T.);
#6746 = EDGE_CURVE('',#6747,#6747,#6749,.T.);
#6747 = VERTEX_POINT('',#6748);
#6748 = CARTESIAN_POINT('',(114.53,-71.359999,1.6));
#6749 = SURFACE_CURVE('',#6750,(#6755,#6766),.PCURVE_S1.);
#6750 = CIRCLE('',#6751,0.5);
#6751 = AXIS2_PLACEMENT_3D('',#6752,#6753,#6754);
#6752 = CARTESIAN_POINT('',(114.03,-71.359999,1.6));
#6753 = DIRECTION('',(0.,0.,1.));
#6754 = DIRECTION('',(1.,0.,-0.));
#6755 = PCURVE('',#90,#6756);
#6756 = DEFINITIONAL_REPRESENTATION('',(#6757),#6765);
#6757 = ( BOUNDED_CURVE() B_SPLINE_CURVE(2,(#6758,#6759,#6760,#6761,
#6762,#6763,#6764),.UNSPECIFIED.,.T.,.F.) B_SPLINE_CURVE_WITH_KNOTS((1,2
    ,2,2,2,1),(-2.094395102393,0.,2.094395102393,4.188790204786,
6.28318530718,8.377580409573),.UNSPECIFIED.) CURVE() 
GEOMETRIC_REPRESENTATION_ITEM() RATIONAL_B_SPLINE_CURVE((1.,0.5,1.,0.5,
1.,0.5,1.)) REPRESENTATION_ITEM('') );
#6758 = CARTESIAN_POINT('',(-45.33519895202,-24.01406986847));
#6759 = CARTESIAN_POINT('',(-45.33519895202,-23.14804446469));
#6760 = CARTESIAN_POINT('',(-44.58519895202,-23.58105716658));
#6761 = CARTESIAN_POINT('',(-43.83519895202,-24.01406986847));
#6762 = CARTESIAN_POINT('',(-44.58519895202,-24.44708257037));
#6763 = CARTESIAN_POINT('',(-45.33519895202,-24.88009527226));
#6764 = CARTESIAN_POINT('',(-45.33519895202,-24.01406986847));
#6765 = ( GEOMETRIC_REPRESENTATION_CONTEXT(2) 
PARAMETRIC_REPRESENTATION_CONTEXT() REPRESENTATION_CONTEXT('2D SPACE',''
  ) );
#6766 = PCURVE('',#2362,#6767);
#6767 = DEFINITIONAL_REPRESENTATION('',(#6768),#6772);
#6768 = LINE('',#6769,#6770);
#6769 = CARTESIAN_POINT('',(0.,1.61));
#6770 = VECTOR('',#6771,1.);
#6771 = DIRECTION('',(1.,0.));
#6772 = ( GEOMETRIC_REPRESENTATION_CONTEXT(2) 
PARAMETRIC_REPRESENTATION_CONTEXT() REPRESENTATION_CONTEXT('2D SPACE',''
  ) );
#6773 = FACE_BOUND('',#6774,.F.);
#6774 = EDGE_LOOP('',(#6775));
#6775 = ORIENTED_EDGE('',*,*,#6776,.T.);
#6776 = EDGE_CURVE('',#6777,#6777,#6779,.T.);
#6777 = VERTEX_POINT('',#6778);
#6778 = CARTESIAN_POINT('',(114.53,-68.819999,1.6));
#6779 = SURFACE_CURVE('',#6780,(#6785,#6796),.PCURVE_S1.);
#6780 = CIRCLE('',#6781,0.5);
#6781 = AXIS2_PLACEMENT_3D('',#6782,#6783,#6784);
#6782 = CARTESIAN_POINT('',(114.03,-68.819999,1.6));
#6783 = DIRECTION('',(0.,0.,1.));
#6784 = DIRECTION('',(1.,0.,-0.));
#6785 = PCURVE('',#90,#6786);
#6786 = DEFINITIONAL_REPRESENTATION('',(#6787),#6795);
#6787 = ( BOUNDED_CURVE() B_SPLINE_CURVE(2,(#6788,#6789,#6790,#6791,
#6792,#6793,#6794),.UNSPECIFIED.,.T.,.F.) B_SPLINE_CURVE_WITH_KNOTS((1,2
    ,2,2,2,1),(-2.094395102393,0.,2.094395102393,4.188790204786,
6.28318530718,8.377580409573),.UNSPECIFIED.) CURVE() 
GEOMETRIC_REPRESENTATION_ITEM() RATIONAL_B_SPLINE_CURVE((1.,0.5,1.,0.5,
1.,0.5,1.)) REPRESENTATION_ITEM('') );
#6788 = CARTESIAN_POINT('',(-45.33519895202,-21.47406986847));
#6789 = CARTESIAN_POINT('',(-45.33519895202,-20.60804446469));
#6790 = CARTESIAN_POINT('',(-44.58519895202,-21.04105716658));
#6791 = CARTESIAN_POINT('',(-43.83519895202,-21.47406986847));
#6792 = CARTESIAN_POINT('',(-44.58519895202,-21.90708257037));
#6793 = CARTESIAN_POINT('',(-45.33519895202,-22.34009527226));
#6794 = CARTESIAN_POINT('',(-45.33519895202,-21.47406986847));
#6795 = ( GEOMETRIC_REPRESENTATION_CONTEXT(2) 
PARAMETRIC_REPRESENTATION_CONTEXT() REPRESENTATION_CONTEXT('2D SPACE',''
  ) );
#6796 = PCURVE('',#2397,#6797);
#6797 = DEFINITIONAL_REPRESENTATION('',(#6798),#6802);
#6798 = LINE('',#6799,#6800);
#6799 = CARTESIAN_POINT('',(0.,1.61));
#6800 = VECTOR('',#6801,1.);
#6801 = DIRECTION('',(1.,0.));
#6802 = ( GEOMETRIC_REPRESENTATION_CONTEXT(2) 
PARAMETRIC_REPRESENTATION_CONTEXT() REPRESENTATION_CONTEXT('2D SPACE',''
  ) );
#6803 = FACE_BOUND('',#6804,.F.);
#6804 = EDGE_LOOP('',(#6805));
#6805 = ORIENTED_EDGE('',*,*,#6806,.T.);
#6806 = EDGE_CURVE('',#6807,#6807,#6809,.T.);
#6807 = VERTEX_POINT('',#6808);
#6808 = CARTESIAN_POINT('',(91.875,-82.9,1.6));
#6809 = SURFACE_CURVE('',#6810,(#6815,#6826),.PCURVE_S1.);
#6810 = CIRCLE('',#6811,0.525);
#6811 = AXIS2_PLACEMENT_3D('',#6812,#6813,#6814);
#6812 = CARTESIAN_POINT('',(91.35,-82.9,1.6));
#6813 = DIRECTION('',(0.,0.,1.));
#6814 = DIRECTION('',(1.,0.,-0.));
#6815 = PCURVE('',#90,#6816);
#6816 = DEFINITIONAL_REPRESENTATION('',(#6817),#6825);
#6817 = ( BOUNDED_CURVE() B_SPLINE_CURVE(2,(#6818,#6819,#6820,#6821,
#6822,#6823,#6824),.UNSPECIFIED.,.T.,.F.) B_SPLINE_CURVE_WITH_KNOTS((1,2
    ,2,2,2,1),(-2.094395102393,0.,2.094395102393,4.188790204786,
6.28318530718,8.377580409573),.UNSPECIFIED.) CURVE() 
GEOMETRIC_REPRESENTATION_ITEM() RATIONAL_B_SPLINE_CURVE((1.,0.5,1.,0.5,
1.,0.5,1.)) REPRESENTATION_ITEM('') );
#6818 = CARTESIAN_POINT('',(-22.68019895202,-35.55407086847));
#6819 = CARTESIAN_POINT('',(-22.68019895202,-34.6447441945));
#6820 = CARTESIAN_POINT('',(-21.89269895202,-35.09940753149));
#6821 = CARTESIAN_POINT('',(-21.10519895202,-35.55407086847));
#6822 = CARTESIAN_POINT('',(-21.89269895202,-36.00873420546));
#6823 = CARTESIAN_POINT('',(-22.68019895202,-36.46339754245));
#6824 = CARTESIAN_POINT('',(-22.68019895202,-35.55407086847));
#6825 = ( GEOMETRIC_REPRESENTATION_CONTEXT(2) 
PARAMETRIC_REPRESENTATION_CONTEXT() REPRESENTATION_CONTEXT('2D SPACE',''
  ) );
#6826 = PCURVE('',#2432,#6827);
#6827 = DEFINITIONAL_REPRESENTATION('',(#6828),#6832);
#6828 = LINE('',#6829,#6830);
#6829 = CARTESIAN_POINT('',(0.,1.61));
#6830 = VECTOR('',#6831,1.);
#6831 = DIRECTION('',(1.,0.));
#6832 = ( GEOMETRIC_REPRESENTATION_CONTEXT(2) 
PARAMETRIC_REPRESENTATION_CONTEXT() REPRESENTATION_CONTEXT('2D SPACE',''
  ) );
#6833 = FACE_BOUND('',#6834,.F.);
#6834 = EDGE_LOOP('',(#6835));
#6835 = ORIENTED_EDGE('',*,*,#6836,.T.);
#6836 = EDGE_CURVE('',#6837,#6837,#6839,.T.);
#6837 = VERTEX_POINT('',#6838);
#6838 = CARTESIAN_POINT('',(74.875,-82.9,1.6));
#6839 = SURFACE_CURVE('',#6840,(#6845,#6856),.PCURVE_S1.);
#6840 = CIRCLE('',#6841,0.525);
#6841 = AXIS2_PLACEMENT_3D('',#6842,#6843,#6844);
#6842 = CARTESIAN_POINT('',(74.35,-82.9,1.6));
#6843 = DIRECTION('',(0.,0.,1.));
#6844 = DIRECTION('',(1.,0.,-0.));
#6845 = PCURVE('',#90,#6846);
#6846 = DEFINITIONAL_REPRESENTATION('',(#6847),#6855);
#6847 = ( BOUNDED_CURVE() B_SPLINE_CURVE(2,(#6848,#6849,#6850,#6851,
#6852,#6853,#6854),.UNSPECIFIED.,.T.,.F.) B_SPLINE_CURVE_WITH_KNOTS((1,2
    ,2,2,2,1),(-2.094395102393,0.,2.094395102393,4.188790204786,
6.28318530718,8.377580409573),.UNSPECIFIED.) CURVE() 
GEOMETRIC_REPRESENTATION_ITEM() RATIONAL_B_SPLINE_CURVE((1.,0.5,1.,0.5,
1.,0.5,1.)) REPRESENTATION_ITEM('') );
#6848 = CARTESIAN_POINT('',(-5.680198952024,-35.55407086847));
#6849 = CARTESIAN_POINT('',(-5.680198952024,-34.6447441945));
#6850 = CARTESIAN_POINT('',(-4.892698952024,-35.09940753149));
#6851 = CARTESIAN_POINT('',(-4.105198952024,-35.55407086847));
#6852 = CARTESIAN_POINT('',(-4.892698952024,-36.00873420546));
#6853 = CARTESIAN_POINT('',(-5.680198952024,-36.46339754245));
#6854 = CARTESIAN_POINT('',(-5.680198952024,-35.55407086847));
#6855 = ( GEOMETRIC_REPRESENTATION_CONTEXT(2) 
PARAMETRIC_REPRESENTATION_CONTEXT() REPRESENTATION_CONTEXT('2D SPACE',''
  ) );
#6856 = PCURVE('',#2467,#6857);
#6857 = DEFINITIONAL_REPRESENTATION('',(#6858),#6862);
#6858 = LINE('',#6859,#6860);
#6859 = CARTESIAN_POINT('',(0.,1.61));
#6860 = VECTOR('',#6861,1.);
#6861 = DIRECTION('',(1.,0.));
#6862 = ( GEOMETRIC_REPRESENTATION_CONTEXT(2) 
PARAMETRIC_REPRESENTATION_CONTEXT() REPRESENTATION_CONTEXT('2D SPACE',''
  ) );
#6863 = FACE_BOUND('',#6864,.F.);
#6864 = EDGE_LOOP('',(#6865));
#6865 = ORIENTED_EDGE('',*,*,#6866,.T.);
#6866 = EDGE_CURVE('',#6867,#6867,#6869,.T.);
#6867 = VERTEX_POINT('',#6868);
#6868 = CARTESIAN_POINT('',(86.575,-77.4,1.6));
#6869 = SURFACE_CURVE('',#6870,(#6875,#6886),.PCURVE_S1.);
#6870 = CIRCLE('',#6871,0.625);
#6871 = AXIS2_PLACEMENT_3D('',#6872,#6873,#6874);
#6872 = CARTESIAN_POINT('',(85.95,-77.4,1.6));
#6873 = DIRECTION('',(0.,0.,1.));
#6874 = DIRECTION('',(1.,0.,-0.));
#6875 = PCURVE('',#90,#6876);
#6876 = DEFINITIONAL_REPRESENTATION('',(#6877),#6885);
#6877 = ( BOUNDED_CURVE() B_SPLINE_CURVE(2,(#6878,#6879,#6880,#6881,
#6882,#6883,#6884),.UNSPECIFIED.,.T.,.F.) B_SPLINE_CURVE_WITH_KNOTS((1,2
    ,2,2,2,1),(-2.094395102393,0.,2.094395102393,4.188790204786,
6.28318530718,8.377580409573),.UNSPECIFIED.) CURVE() 
GEOMETRIC_REPRESENTATION_ITEM() RATIONAL_B_SPLINE_CURVE((1.,0.5,1.,0.5,
1.,0.5,1.)) REPRESENTATION_ITEM('') );
#6878 = CARTESIAN_POINT('',(-17.38019895202,-30.05407086847));
#6879 = CARTESIAN_POINT('',(-17.38019895202,-28.97153911374));
#6880 = CARTESIAN_POINT('',(-16.44269895202,-29.51280499111));
#6881 = CARTESIAN_POINT('',(-15.50519895202,-30.05407086847));
#6882 = CARTESIAN_POINT('',(-16.44269895202,-30.59533674584));
#6883 = CARTESIAN_POINT('',(-17.38019895202,-31.1366026232));
#6884 = CARTESIAN_POINT('',(-17.38019895202,-30.05407086847));
#6885 = ( GEOMETRIC_REPRESENTATION_CONTEXT(2) 
PARAMETRIC_REPRESENTATION_CONTEXT() REPRESENTATION_CONTEXT('2D SPACE',''
  ) );
#6886 = PCURVE('',#2502,#6887);
#6887 = DEFINITIONAL_REPRESENTATION('',(#6888),#6892);
#6888 = LINE('',#6889,#6890);
#6889 = CARTESIAN_POINT('',(0.,1.61));
#6890 = VECTOR('',#6891,1.);
#6891 = DIRECTION('',(1.,0.));
#6892 = ( GEOMETRIC_REPRESENTATION_CONTEXT(2) 
PARAMETRIC_REPRESENTATION_CONTEXT() REPRESENTATION_CONTEXT('2D SPACE',''
  ) );
#6893 = FACE_BOUND('',#6894,.F.);
#6894 = EDGE_LOOP('',(#6895));
#6895 = ORIENTED_EDGE('',*,*,#6896,.T.);
#6896 = EDGE_CURVE('',#6897,#6897,#6899,.T.);
#6897 = VERTEX_POINT('',#6898);
#6898 = CARTESIAN_POINT('',(69.575,-77.4,1.6));
#6899 = SURFACE_CURVE('',#6900,(#6905,#6916),.PCURVE_S1.);
#6900 = CIRCLE('',#6901,0.625);
#6901 = AXIS2_PLACEMENT_3D('',#6902,#6903,#6904);
#6902 = CARTESIAN_POINT('',(68.95,-77.4,1.6));
#6903 = DIRECTION('',(0.,0.,1.));
#6904 = DIRECTION('',(1.,0.,-0.));
#6905 = PCURVE('',#90,#6906);
#6906 = DEFINITIONAL_REPRESENTATION('',(#6907),#6915);
#6907 = ( BOUNDED_CURVE() B_SPLINE_CURVE(2,(#6908,#6909,#6910,#6911,
#6912,#6913,#6914),.UNSPECIFIED.,.T.,.F.) B_SPLINE_CURVE_WITH_KNOTS((1,2
    ,2,2,2,1),(-2.094395102393,0.,2.094395102393,4.188790204786,
6.28318530718,8.377580409573),.UNSPECIFIED.) CURVE() 
GEOMETRIC_REPRESENTATION_ITEM() RATIONAL_B_SPLINE_CURVE((1.,0.5,1.,0.5,
1.,0.5,1.)) REPRESENTATION_ITEM('') );
#6908 = CARTESIAN_POINT('',(-0.380198952024,-30.05407086847));
#6909 = CARTESIAN_POINT('',(-0.380198952024,-28.97153911374));
#6910 = CARTESIAN_POINT('',(0.557301047976,-29.51280499111));
#6911 = CARTESIAN_POINT('',(1.494801047976,-30.05407086847));
#6912 = CARTESIAN_POINT('',(0.557301047976,-30.59533674584));
#6913 = CARTESIAN_POINT('',(-0.380198952024,-31.1366026232));
#6914 = CARTESIAN_POINT('',(-0.380198952024,-30.05407086847));
#6915 = ( GEOMETRIC_REPRESENTATION_CONTEXT(2) 
PARAMETRIC_REPRESENTATION_CONTEXT() REPRESENTATION_CONTEXT('2D SPACE',''
  ) );
#6916 = PCURVE('',#2537,#6917);
#6917 = DEFINITIONAL_REPRESENTATION('',(#6918),#6922);
#6918 = LINE('',#6919,#6920);
#6919 = CARTESIAN_POINT('',(0.,1.61));
#6920 = VECTOR('',#6921,1.);
#6921 = DIRECTION('',(1.,0.));
#6922 = ( GEOMETRIC_REPRESENTATION_CONTEXT(2) 
PARAMETRIC_REPRESENTATION_CONTEXT() REPRESENTATION_CONTEXT('2D SPACE',''
  ) );
#6923 = FACE_BOUND('',#6924,.F.);
#6924 = EDGE_LOOP('',(#6925));
#6925 = ORIENTED_EDGE('',*,*,#6926,.T.);
#6926 = EDGE_CURVE('',#6927,#6927,#6929,.T.);
#6927 = VERTEX_POINT('',#6928);
#6928 = CARTESIAN_POINT('',(129.77,-66.279999,1.6));
#6929 = SURFACE_CURVE('',#6930,(#6935,#6946),.PCURVE_S1.);
#6930 = CIRCLE('',#6931,0.5);
#6931 = AXIS2_PLACEMENT_3D('',#6932,#6933,#6934);
#6932 = CARTESIAN_POINT('',(129.27,-66.279999,1.6));
#6933 = DIRECTION('',(0.,0.,1.));
#6934 = DIRECTION('',(1.,0.,-0.));
#6935 = PCURVE('',#90,#6936);
#6936 = DEFINITIONAL_REPRESENTATION('',(#6937),#6945);
#6937 = ( BOUNDED_CURVE() B_SPLINE_CURVE(2,(#6938,#6939,#6940,#6941,
#6942,#6943,#6944),.UNSPECIFIED.,.T.,.F.) B_SPLINE_CURVE_WITH_KNOTS((1,2
    ,2,2,2,1),(-2.094395102393,0.,2.094395102393,4.188790204786,
6.28318530718,8.377580409573),.UNSPECIFIED.) CURVE() 
GEOMETRIC_REPRESENTATION_ITEM() RATIONAL_B_SPLINE_CURVE((1.,0.5,1.,0.5,
1.,0.5,1.)) REPRESENTATION_ITEM('') );
#6938 = CARTESIAN_POINT('',(-60.57519895202,-18.93406986847));
#6939 = CARTESIAN_POINT('',(-60.57519895202,-18.06804446469));
#6940 = CARTESIAN_POINT('',(-59.82519895202,-18.50105716658));
#6941 = CARTESIAN_POINT('',(-59.07519895202,-18.93406986847));
#6942 = CARTESIAN_POINT('',(-59.82519895202,-19.36708257037));
#6943 = CARTESIAN_POINT('',(-60.57519895202,-19.80009527226));
#6944 = CARTESIAN_POINT('',(-60.57519895202,-18.93406986847));
#6945 = ( GEOMETRIC_REPRESENTATION_CONTEXT(2) 
PARAMETRIC_REPRESENTATION_CONTEXT() REPRESENTATION_CONTEXT('2D SPACE',''
  ) );
#6946 = PCURVE('',#2572,#6947);
#6947 = DEFINITIONAL_REPRESENTATION('',(#6948),#6952);
#6948 = LINE('',#6949,#6950);
#6949 = CARTESIAN_POINT('',(0.,1.61));
#6950 = VECTOR('',#6951,1.);
#6951 = DIRECTION('',(1.,0.));
#6952 = ( GEOMETRIC_REPRESENTATION_CONTEXT(2) 
PARAMETRIC_REPRESENTATION_CONTEXT() REPRESENTATION_CONTEXT('2D SPACE',''
  ) );
#6953 = FACE_BOUND('',#6954,.F.);
#6954 = EDGE_LOOP('',(#6955));
#6955 = ORIENTED_EDGE('',*,*,#6956,.T.);
#6956 = EDGE_CURVE('',#6957,#6957,#6959,.T.);
#6957 = VERTEX_POINT('',#6958);
#6958 = CARTESIAN_POINT('',(129.77,-63.739999,1.6));
#6959 = SURFACE_CURVE('',#6960,(#6965,#6976),.PCURVE_S1.);
#6960 = CIRCLE('',#6961,0.5);
#6961 = AXIS2_PLACEMENT_3D('',#6962,#6963,#6964);
#6962 = CARTESIAN_POINT('',(129.27,-63.739999,1.6));
#6963 = DIRECTION('',(0.,0.,1.));
#6964 = DIRECTION('',(1.,0.,-0.));
#6965 = PCURVE('',#90,#6966);
#6966 = DEFINITIONAL_REPRESENTATION('',(#6967),#6975);
#6967 = ( BOUNDED_CURVE() B_SPLINE_CURVE(2,(#6968,#6969,#6970,#6971,
#6972,#6973,#6974),.UNSPECIFIED.,.T.,.F.) B_SPLINE_CURVE_WITH_KNOTS((1,2
    ,2,2,2,1),(-2.094395102393,0.,2.094395102393,4.188790204786,
6.28318530718,8.377580409573),.UNSPECIFIED.) CURVE() 
GEOMETRIC_REPRESENTATION_ITEM() RATIONAL_B_SPLINE_CURVE((1.,0.5,1.,0.5,
1.,0.5,1.)) REPRESENTATION_ITEM('') );
#6968 = CARTESIAN_POINT('',(-60.57519895202,-16.39406986847));
#6969 = CARTESIAN_POINT('',(-60.57519895202,-15.52804446469));
#6970 = CARTESIAN_POINT('',(-59.82519895202,-15.96105716658));
#6971 = CARTESIAN_POINT('',(-59.07519895202,-16.39406986847));
#6972 = CARTESIAN_POINT('',(-59.82519895202,-16.82708257037));
#6973 = CARTESIAN_POINT('',(-60.57519895202,-17.26009527226));
#6974 = CARTESIAN_POINT('',(-60.57519895202,-16.39406986847));
#6975 = ( GEOMETRIC_REPRESENTATION_CONTEXT(2) 
PARAMETRIC_REPRESENTATION_CONTEXT() REPRESENTATION_CONTEXT('2D SPACE',''
  ) );
#6976 = PCURVE('',#2607,#6977);
#6977 = DEFINITIONAL_REPRESENTATION('',(#6978),#6982);
#6978 = LINE('',#6979,#6980);
#6979 = CARTESIAN_POINT('',(0.,1.61));
#6980 = VECTOR('',#6981,1.);
#6981 = DIRECTION('',(1.,0.));
#6982 = ( GEOMETRIC_REPRESENTATION_CONTEXT(2) 
PARAMETRIC_REPRESENTATION_CONTEXT() REPRESENTATION_CONTEXT('2D SPACE',''
  ) );
#6983 = FACE_BOUND('',#6984,.F.);
#6984 = EDGE_LOOP('',(#6985));
#6985 = ORIENTED_EDGE('',*,*,#6986,.T.);
#6986 = EDGE_CURVE('',#6987,#6987,#6989,.T.);
#6987 = VERTEX_POINT('',#6988);
#6988 = CARTESIAN_POINT('',(129.77,-61.199999,1.6));
#6989 = SURFACE_CURVE('',#6990,(#6995,#7006),.PCURVE_S1.);
#6990 = CIRCLE('',#6991,0.5);
#6991 = AXIS2_PLACEMENT_3D('',#6992,#6993,#6994);
#6992 = CARTESIAN_POINT('',(129.27,-61.199999,1.6));
#6993 = DIRECTION('',(0.,0.,1.));
#6994 = DIRECTION('',(1.,0.,-0.));
#6995 = PCURVE('',#90,#6996);
#6996 = DEFINITIONAL_REPRESENTATION('',(#6997),#7005);
#6997 = ( BOUNDED_CURVE() B_SPLINE_CURVE(2,(#6998,#6999,#7000,#7001,
#7002,#7003,#7004),.UNSPECIFIED.,.T.,.F.) B_SPLINE_CURVE_WITH_KNOTS((1,2
    ,2,2,2,1),(-2.094395102393,0.,2.094395102393,4.188790204786,
6.28318530718,8.377580409573),.UNSPECIFIED.) CURVE() 
GEOMETRIC_REPRESENTATION_ITEM() RATIONAL_B_SPLINE_CURVE((1.,0.5,1.,0.5,
1.,0.5,1.)) REPRESENTATION_ITEM('') );
#6998 = CARTESIAN_POINT('',(-60.57519895202,-13.85406986847));
#6999 = CARTESIAN_POINT('',(-60.57519895202,-12.98804446469));
#7000 = CARTESIAN_POINT('',(-59.82519895202,-13.42105716658));
#7001 = CARTESIAN_POINT('',(-59.07519895202,-13.85406986847));
#7002 = CARTESIAN_POINT('',(-59.82519895202,-14.28708257037));
#7003 = CARTESIAN_POINT('',(-60.57519895202,-14.72009527226));
#7004 = CARTESIAN_POINT('',(-60.57519895202,-13.85406986847));
#7005 = ( GEOMETRIC_REPRESENTATION_CONTEXT(2) 
PARAMETRIC_REPRESENTATION_CONTEXT() REPRESENTATION_CONTEXT('2D SPACE',''
  ) );
#7006 = PCURVE('',#2642,#7007);
#7007 = DEFINITIONAL_REPRESENTATION('',(#7008),#7012);
#7008 = LINE('',#7009,#7010);
#7009 = CARTESIAN_POINT('',(0.,1.61));
#7010 = VECTOR('',#7011,1.);
#7011 = DIRECTION('',(1.,0.));
#7012 = ( GEOMETRIC_REPRESENTATION_CONTEXT(2) 
PARAMETRIC_REPRESENTATION_CONTEXT() REPRESENTATION_CONTEXT('2D SPACE',''
  ) );
#7013 = FACE_BOUND('',#7014,.F.);
#7014 = EDGE_LOOP('',(#7015));
#7015 = ORIENTED_EDGE('',*,*,#7016,.T.);
#7016 = EDGE_CURVE('',#7017,#7017,#7019,.T.);
#7017 = VERTEX_POINT('',#7018);
#7018 = CARTESIAN_POINT('',(114.53,-66.279999,1.6));
#7019 = SURFACE_CURVE('',#7020,(#7025,#7036),.PCURVE_S1.);
#7020 = CIRCLE('',#7021,0.5);
#7021 = AXIS2_PLACEMENT_3D('',#7022,#7023,#7024);
#7022 = CARTESIAN_POINT('',(114.03,-66.279999,1.6));
#7023 = DIRECTION('',(0.,0.,1.));
#7024 = DIRECTION('',(1.,0.,-0.));
#7025 = PCURVE('',#90,#7026);
#7026 = DEFINITIONAL_REPRESENTATION('',(#7027),#7035);
#7027 = ( BOUNDED_CURVE() B_SPLINE_CURVE(2,(#7028,#7029,#7030,#7031,
#7032,#7033,#7034),.UNSPECIFIED.,.T.,.F.) B_SPLINE_CURVE_WITH_KNOTS((1,2
    ,2,2,2,1),(-2.094395102393,0.,2.094395102393,4.188790204786,
6.28318530718,8.377580409573),.UNSPECIFIED.) CURVE() 
GEOMETRIC_REPRESENTATION_ITEM() RATIONAL_B_SPLINE_CURVE((1.,0.5,1.,0.5,
1.,0.5,1.)) REPRESENTATION_ITEM('') );
#7028 = CARTESIAN_POINT('',(-45.33519895202,-18.93406986847));
#7029 = CARTESIAN_POINT('',(-45.33519895202,-18.06804446469));
#7030 = CARTESIAN_POINT('',(-44.58519895202,-18.50105716658));
#7031 = CARTESIAN_POINT('',(-43.83519895202,-18.93406986847));
#7032 = CARTESIAN_POINT('',(-44.58519895202,-19.36708257037));
#7033 = CARTESIAN_POINT('',(-45.33519895202,-19.80009527226));
#7034 = CARTESIAN_POINT('',(-45.33519895202,-18.93406986847));
#7035 = ( GEOMETRIC_REPRESENTATION_CONTEXT(2) 
PARAMETRIC_REPRESENTATION_CONTEXT() REPRESENTATION_CONTEXT('2D SPACE',''
  ) );
#7036 = PCURVE('',#2677,#7037);
#7037 = DEFINITIONAL_REPRESENTATION('',(#7038),#7042);
#7038 = LINE('',#7039,#7040);
#7039 = CARTESIAN_POINT('',(0.,1.61));
#7040 = VECTOR('',#7041,1.);
#7041 = DIRECTION('',(1.,0.));
#7042 = ( GEOMETRIC_REPRESENTATION_CONTEXT(2) 
PARAMETRIC_REPRESENTATION_CONTEXT() REPRESENTATION_CONTEXT('2D SPACE',''
  ) );
#7043 = FACE_BOUND('',#7044,.F.);
#7044 = EDGE_LOOP('',(#7045));
#7045 = ORIENTED_EDGE('',*,*,#7046,.T.);
#7046 = EDGE_CURVE('',#7047,#7047,#7049,.T.);
#7047 = VERTEX_POINT('',#7048);
#7048 = CARTESIAN_POINT('',(114.53,-63.739999,1.6));
#7049 = SURFACE_CURVE('',#7050,(#7055,#7066),.PCURVE_S1.);
#7050 = CIRCLE('',#7051,0.5);
#7051 = AXIS2_PLACEMENT_3D('',#7052,#7053,#7054);
#7052 = CARTESIAN_POINT('',(114.03,-63.739999,1.6));
#7053 = DIRECTION('',(0.,0.,1.));
#7054 = DIRECTION('',(1.,0.,-0.));
#7055 = PCURVE('',#90,#7056);
#7056 = DEFINITIONAL_REPRESENTATION('',(#7057),#7065);
#7057 = ( BOUNDED_CURVE() B_SPLINE_CURVE(2,(#7058,#7059,#7060,#7061,
#7062,#7063,#7064),.UNSPECIFIED.,.T.,.F.) B_SPLINE_CURVE_WITH_KNOTS((1,2
    ,2,2,2,1),(-2.094395102393,0.,2.094395102393,4.188790204786,
6.28318530718,8.377580409573),.UNSPECIFIED.) CURVE() 
GEOMETRIC_REPRESENTATION_ITEM() RATIONAL_B_SPLINE_CURVE((1.,0.5,1.,0.5,
1.,0.5,1.)) REPRESENTATION_ITEM('') );
#7058 = CARTESIAN_POINT('',(-45.33519895202,-16.39406986847));
#7059 = CARTESIAN_POINT('',(-45.33519895202,-15.52804446469));
#7060 = CARTESIAN_POINT('',(-44.58519895202,-15.96105716658));
#7061 = CARTESIAN_POINT('',(-43.83519895202,-16.39406986847));
#7062 = CARTESIAN_POINT('',(-44.58519895202,-16.82708257037));
#7063 = CARTESIAN_POINT('',(-45.33519895202,-17.26009527226));
#7064 = CARTESIAN_POINT('',(-45.33519895202,-16.39406986847));
#7065 = ( GEOMETRIC_REPRESENTATION_CONTEXT(2) 
PARAMETRIC_REPRESENTATION_CONTEXT() REPRESENTATION_CONTEXT('2D SPACE',''
  ) );
#7066 = PCURVE('',#2712,#7067);
#7067 = DEFINITIONAL_REPRESENTATION('',(#7068),#7072);
#7068 = LINE('',#7069,#7070);
#7069 = CARTESIAN_POINT('',(0.,1.61));
#7070 = VECTOR('',#7071,1.);
#7071 = DIRECTION('',(1.,0.));
#7072 = ( GEOMETRIC_REPRESENTATION_CONTEXT(2) 
PARAMETRIC_REPRESENTATION_CONTEXT() REPRESENTATION_CONTEXT('2D SPACE',''
  ) );
#7073 = FACE_BOUND('',#7074,.F.);
#7074 = EDGE_LOOP('',(#7075));
#7075 = ORIENTED_EDGE('',*,*,#7076,.T.);
#7076 = EDGE_CURVE('',#7077,#7077,#7079,.T.);
#7077 = VERTEX_POINT('',#7078);
#7078 = CARTESIAN_POINT('',(114.53,-61.199999,1.6));
#7079 = SURFACE_CURVE('',#7080,(#7085,#7096),.PCURVE_S1.);
#7080 = CIRCLE('',#7081,0.5);
#7081 = AXIS2_PLACEMENT_3D('',#7082,#7083,#7084);
#7082 = CARTESIAN_POINT('',(114.03,-61.199999,1.6));
#7083 = DIRECTION('',(0.,0.,1.));
#7084 = DIRECTION('',(1.,0.,-0.));
#7085 = PCURVE('',#90,#7086);
#7086 = DEFINITIONAL_REPRESENTATION('',(#7087),#7095);
#7087 = ( BOUNDED_CURVE() B_SPLINE_CURVE(2,(#7088,#7089,#7090,#7091,
#7092,#7093,#7094),.UNSPECIFIED.,.T.,.F.) B_SPLINE_CURVE_WITH_KNOTS((1,2
    ,2,2,2,1),(-2.094395102393,0.,2.094395102393,4.188790204786,
6.28318530718,8.377580409573),.UNSPECIFIED.) CURVE() 
GEOMETRIC_REPRESENTATION_ITEM() RATIONAL_B_SPLINE_CURVE((1.,0.5,1.,0.5,
1.,0.5,1.)) REPRESENTATION_ITEM('') );
#7088 = CARTESIAN_POINT('',(-45.33519895202,-13.85406986847));
#7089 = CARTESIAN_POINT('',(-45.33519895202,-12.98804446469));
#7090 = CARTESIAN_POINT('',(-44.58519895202,-13.42105716658));
#7091 = CARTESIAN_POINT('',(-43.83519895202,-13.85406986847));
#7092 = CARTESIAN_POINT('',(-44.58519895202,-14.28708257037));
#7093 = CARTESIAN_POINT('',(-45.33519895202,-14.72009527226));
#7094 = CARTESIAN_POINT('',(-45.33519895202,-13.85406986847));
#7095 = ( GEOMETRIC_REPRESENTATION_CONTEXT(2) 
PARAMETRIC_REPRESENTATION_CONTEXT() REPRESENTATION_CONTEXT('2D SPACE',''
  ) );
#7096 = PCURVE('',#2747,#7097);
#7097 = DEFINITIONAL_REPRESENTATION('',(#7098),#7102);
#7098 = LINE('',#7099,#7100);
#7099 = CARTESIAN_POINT('',(0.,1.61));
#7100 = VECTOR('',#7101,1.);
#7101 = DIRECTION('',(1.,0.));
#7102 = ( GEOMETRIC_REPRESENTATION_CONTEXT(2) 
PARAMETRIC_REPRESENTATION_CONTEXT() REPRESENTATION_CONTEXT('2D SPACE',''
  ) );
#7103 = FACE_BOUND('',#7104,.F.);
#7104 = EDGE_LOOP('',(#7105));
#7105 = ORIENTED_EDGE('',*,*,#7106,.T.);
#7106 = EDGE_CURVE('',#7107,#7107,#7109,.T.);
#7107 = VERTEX_POINT('',#7108);
#7108 = CARTESIAN_POINT('',(103.575,-60.4,1.6));
#7109 = SURFACE_CURVE('',#7110,(#7115,#7126),.PCURVE_S1.);
#7110 = CIRCLE('',#7111,0.625);
#7111 = AXIS2_PLACEMENT_3D('',#7112,#7113,#7114);
#7112 = CARTESIAN_POINT('',(102.95,-60.4,1.6));
#7113 = DIRECTION('',(0.,0.,1.));
#7114 = DIRECTION('',(1.,0.,-0.));
#7115 = PCURVE('',#90,#7116);
#7116 = DEFINITIONAL_REPRESENTATION('',(#7117),#7125);
#7117 = ( BOUNDED_CURVE() B_SPLINE_CURVE(2,(#7118,#7119,#7120,#7121,
#7122,#7123,#7124),.UNSPECIFIED.,.T.,.F.) B_SPLINE_CURVE_WITH_KNOTS((1,2
    ,2,2,2,1),(-2.094395102393,0.,2.094395102393,4.188790204786,
6.28318530718,8.377580409573),.UNSPECIFIED.) CURVE() 
GEOMETRIC_REPRESENTATION_ITEM() RATIONAL_B_SPLINE_CURVE((1.,0.5,1.,0.5,
1.,0.5,1.)) REPRESENTATION_ITEM('') );
#7118 = CARTESIAN_POINT('',(-34.38019895202,-13.05407086847));
#7119 = CARTESIAN_POINT('',(-34.38019895202,-11.97153911374));
#7120 = CARTESIAN_POINT('',(-33.44269895202,-12.51280499111));
#7121 = CARTESIAN_POINT('',(-32.50519895202,-13.05407086847));
#7122 = CARTESIAN_POINT('',(-33.44269895202,-13.59533674584));
#7123 = CARTESIAN_POINT('',(-34.38019895202,-14.1366026232));
#7124 = CARTESIAN_POINT('',(-34.38019895202,-13.05407086847));
#7125 = ( GEOMETRIC_REPRESENTATION_CONTEXT(2) 
PARAMETRIC_REPRESENTATION_CONTEXT() REPRESENTATION_CONTEXT('2D SPACE',''
  ) );
#7126 = PCURVE('',#2782,#7127);
#7127 = DEFINITIONAL_REPRESENTATION('',(#7128),#7132);
#7128 = LINE('',#7129,#7130);
#7129 = CARTESIAN_POINT('',(0.,1.61));
#7130 = VECTOR('',#7131,1.);
#7131 = DIRECTION('',(1.,0.));
#7132 = ( GEOMETRIC_REPRESENTATION_CONTEXT(2) 
PARAMETRIC_REPRESENTATION_CONTEXT() REPRESENTATION_CONTEXT('2D SPACE',''
  ) );
#7133 = FACE_BOUND('',#7134,.F.);
#7134 = EDGE_LOOP('',(#7135));
#7135 = ORIENTED_EDGE('',*,*,#7136,.T.);
#7136 = EDGE_CURVE('',#7137,#7137,#7139,.T.);
#7137 = VERTEX_POINT('',#7138);
#7138 = CARTESIAN_POINT('',(133.38,-55.4,1.6));
#7139 = SURFACE_CURVE('',#7140,(#7145,#7156),.PCURVE_S1.);
#7140 = CIRCLE('',#7141,0.45);
#7141 = AXIS2_PLACEMENT_3D('',#7142,#7143,#7144);
#7142 = CARTESIAN_POINT('',(132.93,-55.4,1.6));
#7143 = DIRECTION('',(0.,0.,1.));
#7144 = DIRECTION('',(1.,0.,-0.));
#7145 = PCURVE('',#90,#7146);
#7146 = DEFINITIONAL_REPRESENTATION('',(#7147),#7155);
#7147 = ( BOUNDED_CURVE() B_SPLINE_CURVE(2,(#7148,#7149,#7150,#7151,
#7152,#7153,#7154),.UNSPECIFIED.,.T.,.F.) B_SPLINE_CURVE_WITH_KNOTS((1,2
    ,2,2,2,1),(-2.094395102393,0.,2.094395102393,4.188790204786,
6.28318530718,8.377580409573),.UNSPECIFIED.) CURVE() 
GEOMETRIC_REPRESENTATION_ITEM() RATIONAL_B_SPLINE_CURVE((1.,0.5,1.,0.5,
1.,0.5,1.)) REPRESENTATION_ITEM('') );
#7148 = CARTESIAN_POINT('',(-64.18519895202,-8.054070868478));
#7149 = CARTESIAN_POINT('',(-64.18519895202,-7.274648005072));
#7150 = CARTESIAN_POINT('',(-63.51019895202,-7.664359436775));
#7151 = CARTESIAN_POINT('',(-62.83519895202,-8.054070868478));
#7152 = CARTESIAN_POINT('',(-63.51019895202,-8.443782300181));
#7153 = CARTESIAN_POINT('',(-64.18519895202,-8.833493731884));
#7154 = CARTESIAN_POINT('',(-64.18519895202,-8.054070868478));
#7155 = ( GEOMETRIC_REPRESENTATION_CONTEXT(2) 
PARAMETRIC_REPRESENTATION_CONTEXT() REPRESENTATION_CONTEXT('2D SPACE',''
  ) );
#7156 = PCURVE('',#2817,#7157);
#7157 = DEFINITIONAL_REPRESENTATION('',(#7158),#7162);
#7158 = LINE('',#7159,#7160);
#7159 = CARTESIAN_POINT('',(0.,1.61));
#7160 = VECTOR('',#7161,1.);
#7161 = DIRECTION('',(1.,0.));
#7162 = ( GEOMETRIC_REPRESENTATION_CONTEXT(2) 
PARAMETRIC_REPRESENTATION_CONTEXT() REPRESENTATION_CONTEXT('2D SPACE',''
  ) );
#7163 = FACE_BOUND('',#7164,.F.);
#7164 = EDGE_LOOP('',(#7165));
#7165 = ORIENTED_EDGE('',*,*,#7166,.T.);
#7166 = EDGE_CURVE('',#7167,#7167,#7169,.T.);
#7167 = VERTEX_POINT('',#7168);
#7168 = CARTESIAN_POINT('',(133.38,-52.4,1.6));
#7169 = SURFACE_CURVE('',#7170,(#7175,#7186),.PCURVE_S1.);
#7170 = CIRCLE('',#7171,0.45);
#7171 = AXIS2_PLACEMENT_3D('',#7172,#7173,#7174);
#7172 = CARTESIAN_POINT('',(132.93,-52.4,1.6));
#7173 = DIRECTION('',(0.,0.,1.));
#7174 = DIRECTION('',(1.,0.,-0.));
#7175 = PCURVE('',#90,#7176);
#7176 = DEFINITIONAL_REPRESENTATION('',(#7177),#7185);
#7177 = ( BOUNDED_CURVE() B_SPLINE_CURVE(2,(#7178,#7179,#7180,#7181,
#7182,#7183,#7184),.UNSPECIFIED.,.T.,.F.) B_SPLINE_CURVE_WITH_KNOTS((1,2
    ,2,2,2,1),(-2.094395102393,0.,2.094395102393,4.188790204786,
6.28318530718,8.377580409573),.UNSPECIFIED.) CURVE() 
GEOMETRIC_REPRESENTATION_ITEM() RATIONAL_B_SPLINE_CURVE((1.,0.5,1.,0.5,
1.,0.5,1.)) REPRESENTATION_ITEM('') );
#7178 = CARTESIAN_POINT('',(-64.18519895202,-5.054070868478));
#7179 = CARTESIAN_POINT('',(-64.18519895202,-4.274648005072));
#7180 = CARTESIAN_POINT('',(-63.51019895202,-4.664359436775));
#7181 = CARTESIAN_POINT('',(-62.83519895202,-5.054070868478));
#7182 = CARTESIAN_POINT('',(-63.51019895202,-5.443782300181));
#7183 = CARTESIAN_POINT('',(-64.18519895202,-5.833493731884));
#7184 = CARTESIAN_POINT('',(-64.18519895202,-5.054070868478));
#7185 = ( GEOMETRIC_REPRESENTATION_CONTEXT(2) 
PARAMETRIC_REPRESENTATION_CONTEXT() REPRESENTATION_CONTEXT('2D SPACE',''
  ) );
#7186 = PCURVE('',#2852,#7187);
#7187 = DEFINITIONAL_REPRESENTATION('',(#7188),#7192);
#7188 = LINE('',#7189,#7190);
#7189 = CARTESIAN_POINT('',(0.,1.61));
#7190 = VECTOR('',#7191,1.);
#7191 = DIRECTION('',(1.,0.));
#7192 = ( GEOMETRIC_REPRESENTATION_CONTEXT(2) 
PARAMETRIC_REPRESENTATION_CONTEXT() REPRESENTATION_CONTEXT('2D SPACE',''
  ) );
#7193 = FACE_BOUND('',#7194,.F.);
#7194 = EDGE_LOOP('',(#7195));
#7195 = ORIENTED_EDGE('',*,*,#7196,.T.);
#7196 = EDGE_CURVE('',#7197,#7197,#7199,.T.);
#7197 = VERTEX_POINT('',#7198);
#7198 = CARTESIAN_POINT('',(91.875,-65.9,1.6));
#7199 = SURFACE_CURVE('',#7200,(#7205,#7216),.PCURVE_S1.);
#7200 = CIRCLE('',#7201,0.525);
#7201 = AXIS2_PLACEMENT_3D('',#7202,#7203,#7204);
#7202 = CARTESIAN_POINT('',(91.35,-65.9,1.6));
#7203 = DIRECTION('',(0.,0.,1.));
#7204 = DIRECTION('',(1.,0.,-0.));
#7205 = PCURVE('',#90,#7206);
#7206 = DEFINITIONAL_REPRESENTATION('',(#7207),#7215);
#7207 = ( BOUNDED_CURVE() B_SPLINE_CURVE(2,(#7208,#7209,#7210,#7211,
#7212,#7213,#7214),.UNSPECIFIED.,.T.,.F.) B_SPLINE_CURVE_WITH_KNOTS((1,2
    ,2,2,2,1),(-2.094395102393,0.,2.094395102393,4.188790204786,
6.28318530718,8.377580409573),.UNSPECIFIED.) CURVE() 
GEOMETRIC_REPRESENTATION_ITEM() RATIONAL_B_SPLINE_CURVE((1.,0.5,1.,0.5,
1.,0.5,1.)) REPRESENTATION_ITEM('') );
#7208 = CARTESIAN_POINT('',(-22.68019895202,-18.55407086847));
#7209 = CARTESIAN_POINT('',(-22.68019895202,-17.6447441945));
#7210 = CARTESIAN_POINT('',(-21.89269895202,-18.09940753149));
#7211 = CARTESIAN_POINT('',(-21.10519895202,-18.55407086847));
#7212 = CARTESIAN_POINT('',(-21.89269895202,-19.00873420546));
#7213 = CARTESIAN_POINT('',(-22.68019895202,-19.46339754245));
#7214 = CARTESIAN_POINT('',(-22.68019895202,-18.55407086847));
#7215 = ( GEOMETRIC_REPRESENTATION_CONTEXT(2) 
PARAMETRIC_REPRESENTATION_CONTEXT() REPRESENTATION_CONTEXT('2D SPACE',''
  ) );
#7216 = PCURVE('',#2887,#7217);
#7217 = DEFINITIONAL_REPRESENTATION('',(#7218),#7222);
#7218 = LINE('',#7219,#7220);
#7219 = CARTESIAN_POINT('',(0.,1.61));
#7220 = VECTOR('',#7221,1.);
#7221 = DIRECTION('',(1.,0.));
#7222 = ( GEOMETRIC_REPRESENTATION_CONTEXT(2) 
PARAMETRIC_REPRESENTATION_CONTEXT() REPRESENTATION_CONTEXT('2D SPACE',''
  ) );
#7223 = FACE_BOUND('',#7224,.F.);
#7224 = EDGE_LOOP('',(#7225));
#7225 = ORIENTED_EDGE('',*,*,#7226,.T.);
#7226 = EDGE_CURVE('',#7227,#7227,#7229,.T.);
#7227 = VERTEX_POINT('',#7228);
#7228 = CARTESIAN_POINT('',(86.575,-60.4,1.6));
#7229 = SURFACE_CURVE('',#7230,(#7235,#7246),.PCURVE_S1.);
#7230 = CIRCLE('',#7231,0.625);
#7231 = AXIS2_PLACEMENT_3D('',#7232,#7233,#7234);
#7232 = CARTESIAN_POINT('',(85.95,-60.4,1.6));
#7233 = DIRECTION('',(0.,0.,1.));
#7234 = DIRECTION('',(1.,0.,-0.));
#7235 = PCURVE('',#90,#7236);
#7236 = DEFINITIONAL_REPRESENTATION('',(#7237),#7245);
#7237 = ( BOUNDED_CURVE() B_SPLINE_CURVE(2,(#7238,#7239,#7240,#7241,
#7242,#7243,#7244),.UNSPECIFIED.,.T.,.F.) B_SPLINE_CURVE_WITH_KNOTS((1,2
    ,2,2,2,1),(-2.094395102393,0.,2.094395102393,4.188790204786,
6.28318530718,8.377580409573),.UNSPECIFIED.) CURVE() 
GEOMETRIC_REPRESENTATION_ITEM() RATIONAL_B_SPLINE_CURVE((1.,0.5,1.,0.5,
1.,0.5,1.)) REPRESENTATION_ITEM('') );
#7238 = CARTESIAN_POINT('',(-17.38019895202,-13.05407086847));
#7239 = CARTESIAN_POINT('',(-17.38019895202,-11.97153911374));
#7240 = CARTESIAN_POINT('',(-16.44269895202,-12.51280499111));
#7241 = CARTESIAN_POINT('',(-15.50519895202,-13.05407086847));
#7242 = CARTESIAN_POINT('',(-16.44269895202,-13.59533674584));
#7243 = CARTESIAN_POINT('',(-17.38019895202,-14.1366026232));
#7244 = CARTESIAN_POINT('',(-17.38019895202,-13.05407086847));
#7245 = ( GEOMETRIC_REPRESENTATION_CONTEXT(2) 
PARAMETRIC_REPRESENTATION_CONTEXT() REPRESENTATION_CONTEXT('2D SPACE',''
  ) );
#7246 = PCURVE('',#2922,#7247);
#7247 = DEFINITIONAL_REPRESENTATION('',(#7248),#7252);
#7248 = LINE('',#7249,#7250);
#7249 = CARTESIAN_POINT('',(0.,1.61));
#7250 = VECTOR('',#7251,1.);
#7251 = DIRECTION('',(1.,0.));
#7252 = ( GEOMETRIC_REPRESENTATION_CONTEXT(2) 
PARAMETRIC_REPRESENTATION_CONTEXT() REPRESENTATION_CONTEXT('2D SPACE',''
  ) );
#7253 = FACE_BOUND('',#7254,.F.);
#7254 = EDGE_LOOP('',(#7255));
#7255 = ORIENTED_EDGE('',*,*,#7256,.T.);
#7256 = EDGE_CURVE('',#7257,#7257,#7259,.T.);
#7257 = VERTEX_POINT('',#7258);
#7258 = CARTESIAN_POINT('',(74.875,-65.9,1.6));
#7259 = SURFACE_CURVE('',#7260,(#7265,#7276),.PCURVE_S1.);
#7260 = CIRCLE('',#7261,0.525);
#7261 = AXIS2_PLACEMENT_3D('',#7262,#7263,#7264);
#7262 = CARTESIAN_POINT('',(74.35,-65.9,1.6));
#7263 = DIRECTION('',(0.,0.,1.));
#7264 = DIRECTION('',(1.,0.,-0.));
#7265 = PCURVE('',#90,#7266);
#7266 = DEFINITIONAL_REPRESENTATION('',(#7267),#7275);
#7267 = ( BOUNDED_CURVE() B_SPLINE_CURVE(2,(#7268,#7269,#7270,#7271,
#7272,#7273,#7274),.UNSPECIFIED.,.T.,.F.) B_SPLINE_CURVE_WITH_KNOTS((1,2
    ,2,2,2,1),(-2.094395102393,0.,2.094395102393,4.188790204786,
6.28318530718,8.377580409573),.UNSPECIFIED.) CURVE() 
GEOMETRIC_REPRESENTATION_ITEM() RATIONAL_B_SPLINE_CURVE((1.,0.5,1.,0.5,
1.,0.5,1.)) REPRESENTATION_ITEM('') );
#7268 = CARTESIAN_POINT('',(-5.680198952024,-18.55407086847));
#7269 = CARTESIAN_POINT('',(-5.680198952024,-17.6447441945));
#7270 = CARTESIAN_POINT('',(-4.892698952024,-18.09940753149));
#7271 = CARTESIAN_POINT('',(-4.105198952024,-18.55407086847));
#7272 = CARTESIAN_POINT('',(-4.892698952024,-19.00873420546));
#7273 = CARTESIAN_POINT('',(-5.680198952024,-19.46339754245));
#7274 = CARTESIAN_POINT('',(-5.680198952024,-18.55407086847));
#7275 = ( GEOMETRIC_REPRESENTATION_CONTEXT(2) 
PARAMETRIC_REPRESENTATION_CONTEXT() REPRESENTATION_CONTEXT('2D SPACE',''
  ) );
#7276 = PCURVE('',#2957,#7277);
#7277 = DEFINITIONAL_REPRESENTATION('',(#7278),#7282);
#7278 = LINE('',#7279,#7280);
#7279 = CARTESIAN_POINT('',(0.,1.61));
#7280 = VECTOR('',#7281,1.);
#7281 = DIRECTION('',(1.,0.));
#7282 = ( GEOMETRIC_REPRESENTATION_CONTEXT(2) 
PARAMETRIC_REPRESENTATION_CONTEXT() REPRESENTATION_CONTEXT('2D SPACE',''
  ) );
#7283 = FACE_BOUND('',#7284,.F.);
#7284 = EDGE_LOOP('',(#7285));
#7285 = ORIENTED_EDGE('',*,*,#7286,.T.);
#7286 = EDGE_CURVE('',#7287,#7287,#7289,.T.);
#7287 = VERTEX_POINT('',#7288);
#7288 = CARTESIAN_POINT('',(69.575,-60.4,1.6));
#7289 = SURFACE_CURVE('',#7290,(#7295,#7306),.PCURVE_S1.);
#7290 = CIRCLE('',#7291,0.625);
#7291 = AXIS2_PLACEMENT_3D('',#7292,#7293,#7294);
#7292 = CARTESIAN_POINT('',(68.95,-60.4,1.6));
#7293 = DIRECTION('',(0.,0.,1.));
#7294 = DIRECTION('',(1.,0.,-0.));
#7295 = PCURVE('',#90,#7296);
#7296 = DEFINITIONAL_REPRESENTATION('',(#7297),#7305);
#7297 = ( BOUNDED_CURVE() B_SPLINE_CURVE(2,(#7298,#7299,#7300,#7301,
#7302,#7303,#7304),.UNSPECIFIED.,.T.,.F.) B_SPLINE_CURVE_WITH_KNOTS((1,2
    ,2,2,2,1),(-2.094395102393,0.,2.094395102393,4.188790204786,
6.28318530718,8.377580409573),.UNSPECIFIED.) CURVE() 
GEOMETRIC_REPRESENTATION_ITEM() RATIONAL_B_SPLINE_CURVE((1.,0.5,1.,0.5,
1.,0.5,1.)) REPRESENTATION_ITEM('') );
#7298 = CARTESIAN_POINT('',(-0.380198952024,-13.05407086847));
#7299 = CARTESIAN_POINT('',(-0.380198952024,-11.97153911374));
#7300 = CARTESIAN_POINT('',(0.557301047976,-12.51280499111));
#7301 = CARTESIAN_POINT('',(1.494801047976,-13.05407086847));
#7302 = CARTESIAN_POINT('',(0.557301047976,-13.59533674584));
#7303 = CARTESIAN_POINT('',(-0.380198952024,-14.1366026232));
#7304 = CARTESIAN_POINT('',(-0.380198952024,-13.05407086847));
#7305 = ( GEOMETRIC_REPRESENTATION_CONTEXT(2) 
PARAMETRIC_REPRESENTATION_CONTEXT() REPRESENTATION_CONTEXT('2D SPACE',''
  ) );
#7306 = PCURVE('',#2992,#7307);
#7307 = DEFINITIONAL_REPRESENTATION('',(#7308),#7312);
#7308 = LINE('',#7309,#7310);
#7309 = CARTESIAN_POINT('',(0.,1.61));
#7310 = VECTOR('',#7311,1.);
#7311 = DIRECTION('',(1.,0.));
#7312 = ( GEOMETRIC_REPRESENTATION_CONTEXT(2) 
PARAMETRIC_REPRESENTATION_CONTEXT() REPRESENTATION_CONTEXT('2D SPACE',''
  ) );
#7313 = FACE_BOUND('',#7314,.F.);
#7314 = EDGE_LOOP('',(#7315));
#7315 = ORIENTED_EDGE('',*,*,#7316,.T.);
#7316 = EDGE_CURVE('',#7317,#7317,#7319,.T.);
#7317 = VERTEX_POINT('',#7318);
#7318 = CARTESIAN_POINT('',(91.875,-48.9,1.6));
#7319 = SURFACE_CURVE('',#7320,(#7325,#7336),.PCURVE_S1.);
#7320 = CIRCLE('',#7321,0.525);
#7321 = AXIS2_PLACEMENT_3D('',#7322,#7323,#7324);
#7322 = CARTESIAN_POINT('',(91.35,-48.9,1.6));
#7323 = DIRECTION('',(0.,0.,1.));
#7324 = DIRECTION('',(1.,0.,-0.));
#7325 = PCURVE('',#90,#7326);
#7326 = DEFINITIONAL_REPRESENTATION('',(#7327),#7335);
#7327 = ( BOUNDED_CURVE() B_SPLINE_CURVE(2,(#7328,#7329,#7330,#7331,
#7332,#7333,#7334),.UNSPECIFIED.,.T.,.F.) B_SPLINE_CURVE_WITH_KNOTS((1,2
    ,2,2,2,1),(-2.094395102393,0.,2.094395102393,4.188790204786,
6.28318530718,8.377580409573),.UNSPECIFIED.) CURVE() 
GEOMETRIC_REPRESENTATION_ITEM() RATIONAL_B_SPLINE_CURVE((1.,0.5,1.,0.5,
1.,0.5,1.)) REPRESENTATION_ITEM('') );
#7328 = CARTESIAN_POINT('',(-22.68019895202,-1.554070868478));
#7329 = CARTESIAN_POINT('',(-22.68019895202,-0.644744194504));
#7330 = CARTESIAN_POINT('',(-21.89269895202,-1.099407531491));
#7331 = CARTESIAN_POINT('',(-21.10519895202,-1.554070868478));
#7332 = CARTESIAN_POINT('',(-21.89269895202,-2.008734205464));
#7333 = CARTESIAN_POINT('',(-22.68019895202,-2.463397542451));
#7334 = CARTESIAN_POINT('',(-22.68019895202,-1.554070868478));
#7335 = ( GEOMETRIC_REPRESENTATION_CONTEXT(2) 
PARAMETRIC_REPRESENTATION_CONTEXT() REPRESENTATION_CONTEXT('2D SPACE',''
  ) );
#7336 = PCURVE('',#3027,#7337);
#7337 = DEFINITIONAL_REPRESENTATION('',(#7338),#7342);
#7338 = LINE('',#7339,#7340);
#7339 = CARTESIAN_POINT('',(0.,1.61));
#7340 = VECTOR('',#7341,1.);
#7341 = DIRECTION('',(1.,0.));
#7342 = ( GEOMETRIC_REPRESENTATION_CONTEXT(2) 
PARAMETRIC_REPRESENTATION_CONTEXT() REPRESENTATION_CONTEXT('2D SPACE',''
  ) );
#7343 = FACE_BOUND('',#7344,.F.);
#7344 = EDGE_LOOP('',(#7345));
#7345 = ORIENTED_EDGE('',*,*,#7346,.T.);
#7346 = EDGE_CURVE('',#7347,#7347,#7349,.T.);
#7347 = VERTEX_POINT('',#7348);
#7348 = CARTESIAN_POINT('',(74.875,-48.9,1.6));
#7349 = SURFACE_CURVE('',#7350,(#7355,#7366),.PCURVE_S1.);
#7350 = CIRCLE('',#7351,0.525);
#7351 = AXIS2_PLACEMENT_3D('',#7352,#7353,#7354);
#7352 = CARTESIAN_POINT('',(74.35,-48.9,1.6));
#7353 = DIRECTION('',(0.,0.,1.));
#7354 = DIRECTION('',(1.,0.,-0.));
#7355 = PCURVE('',#90,#7356);
#7356 = DEFINITIONAL_REPRESENTATION('',(#7357),#7365);
#7357 = ( BOUNDED_CURVE() B_SPLINE_CURVE(2,(#7358,#7359,#7360,#7361,
#7362,#7363,#7364),.UNSPECIFIED.,.T.,.F.) B_SPLINE_CURVE_WITH_KNOTS((1,2
    ,2,2,2,1),(-2.094395102393,0.,2.094395102393,4.188790204786,
6.28318530718,8.377580409573),.UNSPECIFIED.) CURVE() 
GEOMETRIC_REPRESENTATION_ITEM() RATIONAL_B_SPLINE_CURVE((1.,0.5,1.,0.5,
1.,0.5,1.)) REPRESENTATION_ITEM('') );
#7358 = CARTESIAN_POINT('',(-5.680198952024,-1.554070868478));
#7359 = CARTESIAN_POINT('',(-5.680198952024,-0.644744194504));
#7360 = CARTESIAN_POINT('',(-4.892698952024,-1.099407531491));
#7361 = CARTESIAN_POINT('',(-4.105198952024,-1.554070868478));
#7362 = CARTESIAN_POINT('',(-4.892698952024,-2.008734205464));
#7363 = CARTESIAN_POINT('',(-5.680198952024,-2.463397542451));
#7364 = CARTESIAN_POINT('',(-5.680198952024,-1.554070868478));
#7365 = ( GEOMETRIC_REPRESENTATION_CONTEXT(2) 
PARAMETRIC_REPRESENTATION_CONTEXT() REPRESENTATION_CONTEXT('2D SPACE',''
  ) );
#7366 = PCURVE('',#3062,#7367);
#7367 = DEFINITIONAL_REPRESENTATION('',(#7368),#7372);
#7368 = LINE('',#7369,#7370);
#7369 = CARTESIAN_POINT('',(0.,1.61));
#7370 = VECTOR('',#7371,1.);
#7371 = DIRECTION('',(1.,0.));
#7372 = ( GEOMETRIC_REPRESENTATION_CONTEXT(2) 
PARAMETRIC_REPRESENTATION_CONTEXT() REPRESENTATION_CONTEXT('2D SPACE',''
  ) );
#7373 = FACE_BOUND('',#7374,.F.);
#7374 = EDGE_LOOP('',(#7375));
#7375 = ORIENTED_EDGE('',*,*,#7376,.T.);
#7376 = EDGE_CURVE('',#7377,#7377,#7379,.T.);
#7377 = VERTEX_POINT('',#7378);
#7378 = CARTESIAN_POINT('',(57.875,-82.9,1.6));
#7379 = SURFACE_CURVE('',#7380,(#7385,#7396),.PCURVE_S1.);
#7380 = CIRCLE('',#7381,0.525);
#7381 = AXIS2_PLACEMENT_3D('',#7382,#7383,#7384);
#7382 = CARTESIAN_POINT('',(57.35,-82.9,1.6));
#7383 = DIRECTION('',(0.,0.,1.));
#7384 = DIRECTION('',(1.,0.,-0.));
#7385 = PCURVE('',#90,#7386);
#7386 = DEFINITIONAL_REPRESENTATION('',(#7387),#7395);
#7387 = ( BOUNDED_CURVE() B_SPLINE_CURVE(2,(#7388,#7389,#7390,#7391,
#7392,#7393,#7394),.UNSPECIFIED.,.T.,.F.) B_SPLINE_CURVE_WITH_KNOTS((1,2
    ,2,2,2,1),(-2.094395102393,0.,2.094395102393,4.188790204786,
6.28318530718,8.377580409573),.UNSPECIFIED.) CURVE() 
GEOMETRIC_REPRESENTATION_ITEM() RATIONAL_B_SPLINE_CURVE((1.,0.5,1.,0.5,
1.,0.5,1.)) REPRESENTATION_ITEM('') );
#7388 = CARTESIAN_POINT('',(11.319801047976,-35.55407086847));
#7389 = CARTESIAN_POINT('',(11.319801047976,-34.6447441945));
#7390 = CARTESIAN_POINT('',(12.107301047976,-35.09940753149));
#7391 = CARTESIAN_POINT('',(12.894801047976,-35.55407086847));
#7392 = CARTESIAN_POINT('',(12.107301047976,-36.00873420546));
#7393 = CARTESIAN_POINT('',(11.319801047976,-36.46339754245));
#7394 = CARTESIAN_POINT('',(11.319801047976,-35.55407086847));
#7395 = ( GEOMETRIC_REPRESENTATION_CONTEXT(2) 
PARAMETRIC_REPRESENTATION_CONTEXT() REPRESENTATION_CONTEXT('2D SPACE',''
  ) );
#7396 = PCURVE('',#3097,#7397);
#7397 = DEFINITIONAL_REPRESENTATION('',(#7398),#7402);
#7398 = LINE('',#7399,#7400);
#7399 = CARTESIAN_POINT('',(0.,1.61));
#7400 = VECTOR('',#7401,1.);
#7401 = DIRECTION('',(1.,0.));
#7402 = ( GEOMETRIC_REPRESENTATION_CONTEXT(2) 
PARAMETRIC_REPRESENTATION_CONTEXT() REPRESENTATION_CONTEXT('2D SPACE',''
  ) );
#7403 = FACE_BOUND('',#7404,.F.);
#7404 = EDGE_LOOP('',(#7405));
#7405 = ORIENTED_EDGE('',*,*,#7406,.T.);
#7406 = EDGE_CURVE('',#7407,#7407,#7409,.T.);
#7407 = VERTEX_POINT('',#7408);
#7408 = CARTESIAN_POINT('',(40.875,-82.9,1.6));
#7409 = SURFACE_CURVE('',#7410,(#7415,#7426),.PCURVE_S1.);
#7410 = CIRCLE('',#7411,0.525);
#7411 = AXIS2_PLACEMENT_3D('',#7412,#7413,#7414);
#7412 = CARTESIAN_POINT('',(40.35,-82.9,1.6));
#7413 = DIRECTION('',(0.,0.,1.));
#7414 = DIRECTION('',(1.,0.,-0.));
#7415 = PCURVE('',#90,#7416);
#7416 = DEFINITIONAL_REPRESENTATION('',(#7417),#7425);
#7417 = ( BOUNDED_CURVE() B_SPLINE_CURVE(2,(#7418,#7419,#7420,#7421,
#7422,#7423,#7424),.UNSPECIFIED.,.T.,.F.) B_SPLINE_CURVE_WITH_KNOTS((1,2
    ,2,2,2,1),(-2.094395102393,0.,2.094395102393,4.188790204786,
6.28318530718,8.377580409573),.UNSPECIFIED.) CURVE() 
GEOMETRIC_REPRESENTATION_ITEM() RATIONAL_B_SPLINE_CURVE((1.,0.5,1.,0.5,
1.,0.5,1.)) REPRESENTATION_ITEM('') );
#7418 = CARTESIAN_POINT('',(28.319801047976,-35.55407086847));
#7419 = CARTESIAN_POINT('',(28.319801047976,-34.6447441945));
#7420 = CARTESIAN_POINT('',(29.107301047976,-35.09940753149));
#7421 = CARTESIAN_POINT('',(29.894801047976,-35.55407086847));
#7422 = CARTESIAN_POINT('',(29.107301047976,-36.00873420546));
#7423 = CARTESIAN_POINT('',(28.319801047976,-36.46339754245));
#7424 = CARTESIAN_POINT('',(28.319801047976,-35.55407086847));
#7425 = ( GEOMETRIC_REPRESENTATION_CONTEXT(2) 
PARAMETRIC_REPRESENTATION_CONTEXT() REPRESENTATION_CONTEXT('2D SPACE',''
  ) );
#7426 = PCURVE('',#3132,#7427);
#7427 = DEFINITIONAL_REPRESENTATION('',(#7428),#7432);
#7428 = LINE('',#7429,#7430);
#7429 = CARTESIAN_POINT('',(0.,1.61));
#7430 = VECTOR('',#7431,1.);
#7431 = DIRECTION('',(1.,0.));
#7432 = ( GEOMETRIC_REPRESENTATION_CONTEXT(2) 
PARAMETRIC_REPRESENTATION_CONTEXT() REPRESENTATION_CONTEXT('2D SPACE',''
  ) );
#7433 = FACE_BOUND('',#7434,.F.);
#7434 = EDGE_LOOP('',(#7435));
#7435 = ORIENTED_EDGE('',*,*,#7436,.T.);
#7436 = EDGE_CURVE('',#7437,#7437,#7439,.T.);
#7437 = VERTEX_POINT('',#7438);
#7438 = CARTESIAN_POINT('',(52.575,-77.4,1.6));
#7439 = SURFACE_CURVE('',#7440,(#7445,#7456),.PCURVE_S1.);
#7440 = CIRCLE('',#7441,0.625);
#7441 = AXIS2_PLACEMENT_3D('',#7442,#7443,#7444);
#7442 = CARTESIAN_POINT('',(51.95,-77.4,1.6));
#7443 = DIRECTION('',(0.,0.,1.));
#7444 = DIRECTION('',(1.,0.,-0.));
#7445 = PCURVE('',#90,#7446);
#7446 = DEFINITIONAL_REPRESENTATION('',(#7447),#7455);
#7447 = ( BOUNDED_CURVE() B_SPLINE_CURVE(2,(#7448,#7449,#7450,#7451,
#7452,#7453,#7454),.UNSPECIFIED.,.T.,.F.) B_SPLINE_CURVE_WITH_KNOTS((1,2
    ,2,2,2,1),(-2.094395102393,0.,2.094395102393,4.188790204786,
6.28318530718,8.377580409573),.UNSPECIFIED.) CURVE() 
GEOMETRIC_REPRESENTATION_ITEM() RATIONAL_B_SPLINE_CURVE((1.,0.5,1.,0.5,
1.,0.5,1.)) REPRESENTATION_ITEM('') );
#7448 = CARTESIAN_POINT('',(16.619801047976,-30.05407086847));
#7449 = CARTESIAN_POINT('',(16.619801047976,-28.97153911374));
#7450 = CARTESIAN_POINT('',(17.557301047976,-29.51280499111));
#7451 = CARTESIAN_POINT('',(18.494801047976,-30.05407086847));
#7452 = CARTESIAN_POINT('',(17.557301047976,-30.59533674584));
#7453 = CARTESIAN_POINT('',(16.619801047976,-31.1366026232));
#7454 = CARTESIAN_POINT('',(16.619801047976,-30.05407086847));
#7455 = ( GEOMETRIC_REPRESENTATION_CONTEXT(2) 
PARAMETRIC_REPRESENTATION_CONTEXT() REPRESENTATION_CONTEXT('2D SPACE',''
  ) );
#7456 = PCURVE('',#3167,#7457);
#7457 = DEFINITIONAL_REPRESENTATION('',(#7458),#7462);
#7458 = LINE('',#7459,#7460);
#7459 = CARTESIAN_POINT('',(0.,1.61));
#7460 = VECTOR('',#7461,1.);
#7461 = DIRECTION('',(1.,0.));
#7462 = ( GEOMETRIC_REPRESENTATION_CONTEXT(2) 
PARAMETRIC_REPRESENTATION_CONTEXT() REPRESENTATION_CONTEXT('2D SPACE',''
  ) );
#7463 = FACE_BOUND('',#7464,.F.);
#7464 = EDGE_LOOP('',(#7465));
#7465 = ORIENTED_EDGE('',*,*,#7466,.T.);
#7466 = EDGE_CURVE('',#7467,#7467,#7469,.T.);
#7467 = VERTEX_POINT('',#7468);
#7468 = CARTESIAN_POINT('',(35.575,-77.4,1.6));
#7469 = SURFACE_CURVE('',#7470,(#7475,#7486),.PCURVE_S1.);
#7470 = CIRCLE('',#7471,0.625);
#7471 = AXIS2_PLACEMENT_3D('',#7472,#7473,#7474);
#7472 = CARTESIAN_POINT('',(34.95,-77.4,1.6));
#7473 = DIRECTION('',(0.,0.,1.));
#7474 = DIRECTION('',(1.,0.,-0.));
#7475 = PCURVE('',#90,#7476);
#7476 = DEFINITIONAL_REPRESENTATION('',(#7477),#7485);
#7477 = ( BOUNDED_CURVE() B_SPLINE_CURVE(2,(#7478,#7479,#7480,#7481,
#7482,#7483,#7484),.UNSPECIFIED.,.T.,.F.) B_SPLINE_CURVE_WITH_KNOTS((1,2
    ,2,2,2,1),(-2.094395102393,0.,2.094395102393,4.188790204786,
6.28318530718,8.377580409573),.UNSPECIFIED.) CURVE() 
GEOMETRIC_REPRESENTATION_ITEM() RATIONAL_B_SPLINE_CURVE((1.,0.5,1.,0.5,
1.,0.5,1.)) REPRESENTATION_ITEM('') );
#7478 = CARTESIAN_POINT('',(33.619801047976,-30.05407086847));
#7479 = CARTESIAN_POINT('',(33.619801047976,-28.97153911374));
#7480 = CARTESIAN_POINT('',(34.557301047976,-29.51280499111));
#7481 = CARTESIAN_POINT('',(35.494801047976,-30.05407086847));
#7482 = CARTESIAN_POINT('',(34.557301047976,-30.59533674584));
#7483 = CARTESIAN_POINT('',(33.619801047976,-31.1366026232));
#7484 = CARTESIAN_POINT('',(33.619801047976,-30.05407086847));
#7485 = ( GEOMETRIC_REPRESENTATION_CONTEXT(2) 
PARAMETRIC_REPRESENTATION_CONTEXT() REPRESENTATION_CONTEXT('2D SPACE',''
  ) );
#7486 = PCURVE('',#3202,#7487);
#7487 = DEFINITIONAL_REPRESENTATION('',(#7488),#7492);
#7488 = LINE('',#7489,#7490);
#7489 = CARTESIAN_POINT('',(0.,1.61));
#7490 = VECTOR('',#7491,1.);
#7491 = DIRECTION('',(1.,0.));
#7492 = ( GEOMETRIC_REPRESENTATION_CONTEXT(2) 
PARAMETRIC_REPRESENTATION_CONTEXT() REPRESENTATION_CONTEXT('2D SPACE',''
  ) );
#7493 = FACE_BOUND('',#7494,.F.);
#7494 = EDGE_LOOP('',(#7495));
#7495 = ORIENTED_EDGE('',*,*,#7496,.T.);
#7496 = EDGE_CURVE('',#7497,#7497,#7499,.T.);
#7497 = VERTEX_POINT('',#7498);
#7498 = CARTESIAN_POINT('',(23.875,-82.9,1.6));
#7499 = SURFACE_CURVE('',#7500,(#7505,#7516),.PCURVE_S1.);
#7500 = CIRCLE('',#7501,0.525);
#7501 = AXIS2_PLACEMENT_3D('',#7502,#7503,#7504);
#7502 = CARTESIAN_POINT('',(23.35,-82.9,1.6));
#7503 = DIRECTION('',(0.,0.,1.));
#7504 = DIRECTION('',(1.,0.,-0.));
#7505 = PCURVE('',#90,#7506);
#7506 = DEFINITIONAL_REPRESENTATION('',(#7507),#7515);
#7507 = ( BOUNDED_CURVE() B_SPLINE_CURVE(2,(#7508,#7509,#7510,#7511,
#7512,#7513,#7514),.UNSPECIFIED.,.T.,.F.) B_SPLINE_CURVE_WITH_KNOTS((1,2
    ,2,2,2,1),(-2.094395102393,0.,2.094395102393,4.188790204786,
6.28318530718,8.377580409573),.UNSPECIFIED.) CURVE() 
GEOMETRIC_REPRESENTATION_ITEM() RATIONAL_B_SPLINE_CURVE((1.,0.5,1.,0.5,
1.,0.5,1.)) REPRESENTATION_ITEM('') );
#7508 = CARTESIAN_POINT('',(45.319801047976,-35.55407086847));
#7509 = CARTESIAN_POINT('',(45.319801047976,-34.6447441945));
#7510 = CARTESIAN_POINT('',(46.107301047976,-35.09940753149));
#7511 = CARTESIAN_POINT('',(46.894801047976,-35.55407086847));
#7512 = CARTESIAN_POINT('',(46.107301047976,-36.00873420546));
#7513 = CARTESIAN_POINT('',(45.319801047976,-36.46339754245));
#7514 = CARTESIAN_POINT('',(45.319801047976,-35.55407086847));
#7515 = ( GEOMETRIC_REPRESENTATION_CONTEXT(2) 
PARAMETRIC_REPRESENTATION_CONTEXT() REPRESENTATION_CONTEXT('2D SPACE',''
  ) );
#7516 = PCURVE('',#3237,#7517);
#7517 = DEFINITIONAL_REPRESENTATION('',(#7518),#7522);
#7518 = LINE('',#7519,#7520);
#7519 = CARTESIAN_POINT('',(0.,1.61));
#7520 = VECTOR('',#7521,1.);
#7521 = DIRECTION('',(1.,0.));
#7522 = ( GEOMETRIC_REPRESENTATION_CONTEXT(2) 
PARAMETRIC_REPRESENTATION_CONTEXT() REPRESENTATION_CONTEXT('2D SPACE',''
  ) );
#7523 = FACE_BOUND('',#7524,.F.);
#7524 = EDGE_LOOP('',(#7525));
#7525 = ORIENTED_EDGE('',*,*,#7526,.T.);
#7526 = EDGE_CURVE('',#7527,#7527,#7529,.T.);
#7527 = VERTEX_POINT('',#7528);
#7528 = CARTESIAN_POINT('',(2.95,-89.85,1.6));
#7529 = SURFACE_CURVE('',#7530,(#7535,#7546),.PCURVE_S1.);
#7530 = CIRCLE('',#7531,1.1);
#7531 = AXIS2_PLACEMENT_3D('',#7532,#7533,#7534);
#7532 = CARTESIAN_POINT('',(1.85,-89.85,1.6));
#7533 = DIRECTION('',(0.,0.,1.));
#7534 = DIRECTION('',(1.,0.,-0.));
#7535 = PCURVE('',#90,#7536);
#7536 = DEFINITIONAL_REPRESENTATION('',(#7537),#7545);
#7537 = ( BOUNDED_CURVE() B_SPLINE_CURVE(2,(#7538,#7539,#7540,#7541,
#7542,#7543,#7544),.UNSPECIFIED.,.T.,.F.) B_SPLINE_CURVE_WITH_KNOTS((1,2
    ,2,2,2,1),(-2.094395102393,0.,2.094395102393,4.188790204786,
6.28318530718,8.377580409573),.UNSPECIFIED.) CURVE() 
GEOMETRIC_REPRESENTATION_ITEM() RATIONAL_B_SPLINE_CURVE((1.,0.5,1.,0.5,
1.,0.5,1.)) REPRESENTATION_ITEM('') );
#7538 = CARTESIAN_POINT('',(66.244801047976,-42.50407086847));
#7539 = CARTESIAN_POINT('',(66.244801047976,-40.59881498015));
#7540 = CARTESIAN_POINT('',(67.894801047976,-41.55144292431));
#7541 = CARTESIAN_POINT('',(69.544801047976,-42.50407086847));
#7542 = CARTESIAN_POINT('',(67.894801047976,-43.45669881264));
#7543 = CARTESIAN_POINT('',(66.244801047976,-44.4093267568));
#7544 = CARTESIAN_POINT('',(66.244801047976,-42.50407086847));
#7545 = ( GEOMETRIC_REPRESENTATION_CONTEXT(2) 
PARAMETRIC_REPRESENTATION_CONTEXT() REPRESENTATION_CONTEXT('2D SPACE',''
  ) );
#7546 = PCURVE('',#3272,#7547);
#7547 = DEFINITIONAL_REPRESENTATION('',(#7548),#7552);
#7548 = LINE('',#7549,#7550);
#7549 = CARTESIAN_POINT('',(0.,1.61));
#7550 = VECTOR('',#7551,1.);
#7551 = DIRECTION('',(1.,0.));
#7552 = ( GEOMETRIC_REPRESENTATION_CONTEXT(2) 
PARAMETRIC_REPRESENTATION_CONTEXT() REPRESENTATION_CONTEXT('2D SPACE',''
  ) );
#7553 = FACE_BOUND('',#7554,.F.);
#7554 = EDGE_LOOP('',(#7555));
#7555 = ORIENTED_EDGE('',*,*,#7556,.T.);
#7556 = EDGE_CURVE('',#7557,#7557,#7559,.T.);
#7557 = VERTEX_POINT('',#7558);
#7558 = CARTESIAN_POINT('',(6.875,-82.9,1.6));
#7559 = SURFACE_CURVE('',#7560,(#7565,#7576),.PCURVE_S1.);
#7560 = CIRCLE('',#7561,0.525);
#7561 = AXIS2_PLACEMENT_3D('',#7562,#7563,#7564);
#7562 = CARTESIAN_POINT('',(6.35,-82.9,1.6));
#7563 = DIRECTION('',(0.,0.,1.));
#7564 = DIRECTION('',(1.,0.,-0.));
#7565 = PCURVE('',#90,#7566);
#7566 = DEFINITIONAL_REPRESENTATION('',(#7567),#7575);
#7567 = ( BOUNDED_CURVE() B_SPLINE_CURVE(2,(#7568,#7569,#7570,#7571,
#7572,#7573,#7574),.UNSPECIFIED.,.T.,.F.) B_SPLINE_CURVE_WITH_KNOTS((1,2
    ,2,2,2,1),(-2.094395102393,0.,2.094395102393,4.188790204786,
6.28318530718,8.377580409573),.UNSPECIFIED.) CURVE() 
GEOMETRIC_REPRESENTATION_ITEM() RATIONAL_B_SPLINE_CURVE((1.,0.5,1.,0.5,
1.,0.5,1.)) REPRESENTATION_ITEM('') );
#7568 = CARTESIAN_POINT('',(62.319801047976,-35.55407086847));
#7569 = CARTESIAN_POINT('',(62.319801047976,-34.6447441945));
#7570 = CARTESIAN_POINT('',(63.107301047976,-35.09940753149));
#7571 = CARTESIAN_POINT('',(63.894801047976,-35.55407086847));
#7572 = CARTESIAN_POINT('',(63.107301047976,-36.00873420546));
#7573 = CARTESIAN_POINT('',(62.319801047976,-36.46339754245));
#7574 = CARTESIAN_POINT('',(62.319801047976,-35.55407086847));
#7575 = ( GEOMETRIC_REPRESENTATION_CONTEXT(2) 
PARAMETRIC_REPRESENTATION_CONTEXT() REPRESENTATION_CONTEXT('2D SPACE',''
  ) );
#7576 = PCURVE('',#3307,#7577);
#7577 = DEFINITIONAL_REPRESENTATION('',(#7578),#7582);
#7578 = LINE('',#7579,#7580);
#7579 = CARTESIAN_POINT('',(0.,1.61));
#7580 = VECTOR('',#7581,1.);
#7581 = DIRECTION('',(1.,0.));
#7582 = ( GEOMETRIC_REPRESENTATION_CONTEXT(2) 
PARAMETRIC_REPRESENTATION_CONTEXT() REPRESENTATION_CONTEXT('2D SPACE',''
  ) );
#7583 = FACE_BOUND('',#7584,.F.);
#7584 = EDGE_LOOP('',(#7585));
#7585 = ORIENTED_EDGE('',*,*,#7586,.T.);
#7586 = EDGE_CURVE('',#7587,#7587,#7589,.T.);
#7587 = VERTEX_POINT('',#7588);
#7588 = CARTESIAN_POINT('',(18.575,-77.4,1.6));
#7589 = SURFACE_CURVE('',#7590,(#7595,#7606),.PCURVE_S1.);
#7590 = CIRCLE('',#7591,0.625);
#7591 = AXIS2_PLACEMENT_3D('',#7592,#7593,#7594);
#7592 = CARTESIAN_POINT('',(17.95,-77.4,1.6));
#7593 = DIRECTION('',(0.,0.,1.));
#7594 = DIRECTION('',(1.,0.,-0.));
#7595 = PCURVE('',#90,#7596);
#7596 = DEFINITIONAL_REPRESENTATION('',(#7597),#7605);
#7597 = ( BOUNDED_CURVE() B_SPLINE_CURVE(2,(#7598,#7599,#7600,#7601,
#7602,#7603,#7604),.UNSPECIFIED.,.T.,.F.) B_SPLINE_CURVE_WITH_KNOTS((1,2
    ,2,2,2,1),(-2.094395102393,0.,2.094395102393,4.188790204786,
6.28318530718,8.377580409573),.UNSPECIFIED.) CURVE() 
GEOMETRIC_REPRESENTATION_ITEM() RATIONAL_B_SPLINE_CURVE((1.,0.5,1.,0.5,
1.,0.5,1.)) REPRESENTATION_ITEM('') );
#7598 = CARTESIAN_POINT('',(50.619801047976,-30.05407086847));
#7599 = CARTESIAN_POINT('',(50.619801047976,-28.97153911374));
#7600 = CARTESIAN_POINT('',(51.557301047976,-29.51280499111));
#7601 = CARTESIAN_POINT('',(52.494801047976,-30.05407086847));
#7602 = CARTESIAN_POINT('',(51.557301047976,-30.59533674584));
#7603 = CARTESIAN_POINT('',(50.619801047976,-31.1366026232));
#7604 = CARTESIAN_POINT('',(50.619801047976,-30.05407086847));
#7605 = ( GEOMETRIC_REPRESENTATION_CONTEXT(2) 
PARAMETRIC_REPRESENTATION_CONTEXT() REPRESENTATION_CONTEXT('2D SPACE',''
  ) );
#7606 = PCURVE('',#3342,#7607);
#7607 = DEFINITIONAL_REPRESENTATION('',(#7608),#7612);
#7608 = LINE('',#7609,#7610);
#7609 = CARTESIAN_POINT('',(0.,1.61));
#7610 = VECTOR('',#7611,1.);
#7611 = DIRECTION('',(1.,0.));
#7612 = ( GEOMETRIC_REPRESENTATION_CONTEXT(2) 
PARAMETRIC_REPRESENTATION_CONTEXT() REPRESENTATION_CONTEXT('2D SPACE',''
  ) );
#7613 = FACE_BOUND('',#7614,.F.);
#7614 = EDGE_LOOP('',(#7615));
#7615 = ORIENTED_EDGE('',*,*,#7616,.T.);
#7616 = EDGE_CURVE('',#7617,#7617,#7619,.T.);
#7617 = VERTEX_POINT('',#7618);
#7618 = CARTESIAN_POINT('',(57.875,-65.9,1.6));
#7619 = SURFACE_CURVE('',#7620,(#7625,#7636),.PCURVE_S1.);
#7620 = CIRCLE('',#7621,0.525);
#7621 = AXIS2_PLACEMENT_3D('',#7622,#7623,#7624);
#7622 = CARTESIAN_POINT('',(57.35,-65.9,1.6));
#7623 = DIRECTION('',(0.,0.,1.));
#7624 = DIRECTION('',(1.,0.,-0.));
#7625 = PCURVE('',#90,#7626);
#7626 = DEFINITIONAL_REPRESENTATION('',(#7627),#7635);
#7627 = ( BOUNDED_CURVE() B_SPLINE_CURVE(2,(#7628,#7629,#7630,#7631,
#7632,#7633,#7634),.UNSPECIFIED.,.T.,.F.) B_SPLINE_CURVE_WITH_KNOTS((1,2
    ,2,2,2,1),(-2.094395102393,0.,2.094395102393,4.188790204786,
6.28318530718,8.377580409573),.UNSPECIFIED.) CURVE() 
GEOMETRIC_REPRESENTATION_ITEM() RATIONAL_B_SPLINE_CURVE((1.,0.5,1.,0.5,
1.,0.5,1.)) REPRESENTATION_ITEM('') );
#7628 = CARTESIAN_POINT('',(11.319801047976,-18.55407086847));
#7629 = CARTESIAN_POINT('',(11.319801047976,-17.6447441945));
#7630 = CARTESIAN_POINT('',(12.107301047976,-18.09940753149));
#7631 = CARTESIAN_POINT('',(12.894801047976,-18.55407086847));
#7632 = CARTESIAN_POINT('',(12.107301047976,-19.00873420546));
#7633 = CARTESIAN_POINT('',(11.319801047976,-19.46339754245));
#7634 = CARTESIAN_POINT('',(11.319801047976,-18.55407086847));
#7635 = ( GEOMETRIC_REPRESENTATION_CONTEXT(2) 
PARAMETRIC_REPRESENTATION_CONTEXT() REPRESENTATION_CONTEXT('2D SPACE',''
  ) );
#7636 = PCURVE('',#3377,#7637);
#7637 = DEFINITIONAL_REPRESENTATION('',(#7638),#7642);
#7638 = LINE('',#7639,#7640);
#7639 = CARTESIAN_POINT('',(0.,1.61));
#7640 = VECTOR('',#7641,1.);
#7641 = DIRECTION('',(1.,0.));
#7642 = ( GEOMETRIC_REPRESENTATION_CONTEXT(2) 
PARAMETRIC_REPRESENTATION_CONTEXT() REPRESENTATION_CONTEXT('2D SPACE',''
  ) );
#7643 = FACE_BOUND('',#7644,.F.);
#7644 = EDGE_LOOP('',(#7645));
#7645 = ORIENTED_EDGE('',*,*,#7646,.T.);
#7646 = EDGE_CURVE('',#7647,#7647,#7649,.T.);
#7647 = VERTEX_POINT('',#7648);
#7648 = CARTESIAN_POINT('',(52.575,-60.4,1.6));
#7649 = SURFACE_CURVE('',#7650,(#7655,#7666),.PCURVE_S1.);
#7650 = CIRCLE('',#7651,0.625);
#7651 = AXIS2_PLACEMENT_3D('',#7652,#7653,#7654);
#7652 = CARTESIAN_POINT('',(51.95,-60.4,1.6));
#7653 = DIRECTION('',(0.,0.,1.));
#7654 = DIRECTION('',(1.,0.,-0.));
#7655 = PCURVE('',#90,#7656);
#7656 = DEFINITIONAL_REPRESENTATION('',(#7657),#7665);
#7657 = ( BOUNDED_CURVE() B_SPLINE_CURVE(2,(#7658,#7659,#7660,#7661,
#7662,#7663,#7664),.UNSPECIFIED.,.T.,.F.) B_SPLINE_CURVE_WITH_KNOTS((1,2
    ,2,2,2,1),(-2.094395102393,0.,2.094395102393,4.188790204786,
6.28318530718,8.377580409573),.UNSPECIFIED.) CURVE() 
GEOMETRIC_REPRESENTATION_ITEM() RATIONAL_B_SPLINE_CURVE((1.,0.5,1.,0.5,
1.,0.5,1.)) REPRESENTATION_ITEM('') );
#7658 = CARTESIAN_POINT('',(16.619801047976,-13.05407086847));
#7659 = CARTESIAN_POINT('',(16.619801047976,-11.97153911374));
#7660 = CARTESIAN_POINT('',(17.557301047976,-12.51280499111));
#7661 = CARTESIAN_POINT('',(18.494801047976,-13.05407086847));
#7662 = CARTESIAN_POINT('',(17.557301047976,-13.59533674584));
#7663 = CARTESIAN_POINT('',(16.619801047976,-14.1366026232));
#7664 = CARTESIAN_POINT('',(16.619801047976,-13.05407086847));
#7665 = ( GEOMETRIC_REPRESENTATION_CONTEXT(2) 
PARAMETRIC_REPRESENTATION_CONTEXT() REPRESENTATION_CONTEXT('2D SPACE',''
  ) );
#7666 = PCURVE('',#3412,#7667);
#7667 = DEFINITIONAL_REPRESENTATION('',(#7668),#7672);
#7668 = LINE('',#7669,#7670);
#7669 = CARTESIAN_POINT('',(0.,1.61));
#7670 = VECTOR('',#7671,1.);
#7671 = DIRECTION('',(1.,0.));
#7672 = ( GEOMETRIC_REPRESENTATION_CONTEXT(2) 
PARAMETRIC_REPRESENTATION_CONTEXT() REPRESENTATION_CONTEXT('2D SPACE',''
  ) );
#7673 = FACE_BOUND('',#7674,.F.);
#7674 = EDGE_LOOP('',(#7675));
#7675 = ORIENTED_EDGE('',*,*,#7676,.T.);
#7676 = EDGE_CURVE('',#7677,#7677,#7679,.T.);
#7677 = VERTEX_POINT('',#7678);
#7678 = CARTESIAN_POINT('',(40.875,-65.9,1.6));
#7679 = SURFACE_CURVE('',#7680,(#7685,#7696),.PCURVE_S1.);
#7680 = CIRCLE('',#7681,0.525);
#7681 = AXIS2_PLACEMENT_3D('',#7682,#7683,#7684);
#7682 = CARTESIAN_POINT('',(40.35,-65.9,1.6));
#7683 = DIRECTION('',(0.,0.,1.));
#7684 = DIRECTION('',(1.,0.,-0.));
#7685 = PCURVE('',#90,#7686);
#7686 = DEFINITIONAL_REPRESENTATION('',(#7687),#7695);
#7687 = ( BOUNDED_CURVE() B_SPLINE_CURVE(2,(#7688,#7689,#7690,#7691,
#7692,#7693,#7694),.UNSPECIFIED.,.T.,.F.) B_SPLINE_CURVE_WITH_KNOTS((1,2
    ,2,2,2,1),(-2.094395102393,0.,2.094395102393,4.188790204786,
6.28318530718,8.377580409573),.UNSPECIFIED.) CURVE() 
GEOMETRIC_REPRESENTATION_ITEM() RATIONAL_B_SPLINE_CURVE((1.,0.5,1.,0.5,
1.,0.5,1.)) REPRESENTATION_ITEM('') );
#7688 = CARTESIAN_POINT('',(28.319801047976,-18.55407086847));
#7689 = CARTESIAN_POINT('',(28.319801047976,-17.6447441945));
#7690 = CARTESIAN_POINT('',(29.107301047976,-18.09940753149));
#7691 = CARTESIAN_POINT('',(29.894801047976,-18.55407086847));
#7692 = CARTESIAN_POINT('',(29.107301047976,-19.00873420546));
#7693 = CARTESIAN_POINT('',(28.319801047976,-19.46339754245));
#7694 = CARTESIAN_POINT('',(28.319801047976,-18.55407086847));
#7695 = ( GEOMETRIC_REPRESENTATION_CONTEXT(2) 
PARAMETRIC_REPRESENTATION_CONTEXT() REPRESENTATION_CONTEXT('2D SPACE',''
  ) );
#7696 = PCURVE('',#3447,#7697);
#7697 = DEFINITIONAL_REPRESENTATION('',(#7698),#7702);
#7698 = LINE('',#7699,#7700);
#7699 = CARTESIAN_POINT('',(0.,1.61));
#7700 = VECTOR('',#7701,1.);
#7701 = DIRECTION('',(1.,0.));
#7702 = ( GEOMETRIC_REPRESENTATION_CONTEXT(2) 
PARAMETRIC_REPRESENTATION_CONTEXT() REPRESENTATION_CONTEXT('2D SPACE',''
  ) );
#7703 = FACE_BOUND('',#7704,.F.);
#7704 = EDGE_LOOP('',(#7705));
#7705 = ORIENTED_EDGE('',*,*,#7706,.T.);
#7706 = EDGE_CURVE('',#7707,#7707,#7709,.T.);
#7707 = VERTEX_POINT('',#7708);
#7708 = CARTESIAN_POINT('',(35.575,-60.4,1.6));
#7709 = SURFACE_CURVE('',#7710,(#7715,#7726),.PCURVE_S1.);
#7710 = CIRCLE('',#7711,0.625);
#7711 = AXIS2_PLACEMENT_3D('',#7712,#7713,#7714);
#7712 = CARTESIAN_POINT('',(34.95,-60.4,1.6));
#7713 = DIRECTION('',(0.,0.,1.));
#7714 = DIRECTION('',(1.,0.,-0.));
#7715 = PCURVE('',#90,#7716);
#7716 = DEFINITIONAL_REPRESENTATION('',(#7717),#7725);
#7717 = ( BOUNDED_CURVE() B_SPLINE_CURVE(2,(#7718,#7719,#7720,#7721,
#7722,#7723,#7724),.UNSPECIFIED.,.T.,.F.) B_SPLINE_CURVE_WITH_KNOTS((1,2
    ,2,2,2,1),(-2.094395102393,0.,2.094395102393,4.188790204786,
6.28318530718,8.377580409573),.UNSPECIFIED.) CURVE() 
GEOMETRIC_REPRESENTATION_ITEM() RATIONAL_B_SPLINE_CURVE((1.,0.5,1.,0.5,
1.,0.5,1.)) REPRESENTATION_ITEM('') );
#7718 = CARTESIAN_POINT('',(33.619801047976,-13.05407086847));
#7719 = CARTESIAN_POINT('',(33.619801047976,-11.97153911374));
#7720 = CARTESIAN_POINT('',(34.557301047976,-12.51280499111));
#7721 = CARTESIAN_POINT('',(35.494801047976,-13.05407086847));
#7722 = CARTESIAN_POINT('',(34.557301047976,-13.59533674584));
#7723 = CARTESIAN_POINT('',(33.619801047976,-14.1366026232));
#7724 = CARTESIAN_POINT('',(33.619801047976,-13.05407086847));
#7725 = ( GEOMETRIC_REPRESENTATION_CONTEXT(2) 
PARAMETRIC_REPRESENTATION_CONTEXT() REPRESENTATION_CONTEXT('2D SPACE',''
  ) );
#7726 = PCURVE('',#3482,#7727);
#7727 = DEFINITIONAL_REPRESENTATION('',(#7728),#7732);
#7728 = LINE('',#7729,#7730);
#7729 = CARTESIAN_POINT('',(0.,1.61));
#7730 = VECTOR('',#7731,1.);
#7731 = DIRECTION('',(1.,0.));
#7732 = ( GEOMETRIC_REPRESENTATION_CONTEXT(2) 
PARAMETRIC_REPRESENTATION_CONTEXT() REPRESENTATION_CONTEXT('2D SPACE',''
  ) );
#7733 = FACE_BOUND('',#7734,.F.);
#7734 = EDGE_LOOP('',(#7735));
#7735 = ORIENTED_EDGE('',*,*,#7736,.T.);
#7736 = EDGE_CURVE('',#7737,#7737,#7739,.T.);
#7737 = VERTEX_POINT('',#7738);
#7738 = CARTESIAN_POINT('',(57.875,-48.9,1.6));
#7739 = SURFACE_CURVE('',#7740,(#7745,#7756),.PCURVE_S1.);
#7740 = CIRCLE('',#7741,0.525);
#7741 = AXIS2_PLACEMENT_3D('',#7742,#7743,#7744);
#7742 = CARTESIAN_POINT('',(57.35,-48.9,1.6));
#7743 = DIRECTION('',(0.,0.,1.));
#7744 = DIRECTION('',(1.,0.,-0.));
#7745 = PCURVE('',#90,#7746);
#7746 = DEFINITIONAL_REPRESENTATION('',(#7747),#7755);
#7747 = ( BOUNDED_CURVE() B_SPLINE_CURVE(2,(#7748,#7749,#7750,#7751,
#7752,#7753,#7754),.UNSPECIFIED.,.T.,.F.) B_SPLINE_CURVE_WITH_KNOTS((1,2
    ,2,2,2,1),(-2.094395102393,0.,2.094395102393,4.188790204786,
6.28318530718,8.377580409573),.UNSPECIFIED.) CURVE() 
GEOMETRIC_REPRESENTATION_ITEM() RATIONAL_B_SPLINE_CURVE((1.,0.5,1.,0.5,
1.,0.5,1.)) REPRESENTATION_ITEM('') );
#7748 = CARTESIAN_POINT('',(11.319801047976,-1.554070868478));
#7749 = CARTESIAN_POINT('',(11.319801047976,-0.644744194504));
#7750 = CARTESIAN_POINT('',(12.107301047976,-1.099407531491));
#7751 = CARTESIAN_POINT('',(12.894801047976,-1.554070868478));
#7752 = CARTESIAN_POINT('',(12.107301047976,-2.008734205464));
#7753 = CARTESIAN_POINT('',(11.319801047976,-2.463397542451));
#7754 = CARTESIAN_POINT('',(11.319801047976,-1.554070868478));
#7755 = ( GEOMETRIC_REPRESENTATION_CONTEXT(2) 
PARAMETRIC_REPRESENTATION_CONTEXT() REPRESENTATION_CONTEXT('2D SPACE',''
  ) );
#7756 = PCURVE('',#3517,#7757);
#7757 = DEFINITIONAL_REPRESENTATION('',(#7758),#7762);
#7758 = LINE('',#7759,#7760);
#7759 = CARTESIAN_POINT('',(0.,1.61));
#7760 = VECTOR('',#7761,1.);
#7761 = DIRECTION('',(1.,0.));
#7762 = ( GEOMETRIC_REPRESENTATION_CONTEXT(2) 
PARAMETRIC_REPRESENTATION_CONTEXT() REPRESENTATION_CONTEXT('2D SPACE',''
  ) );
#7763 = FACE_BOUND('',#7764,.F.);
#7764 = EDGE_LOOP('',(#7765));
#7765 = ORIENTED_EDGE('',*,*,#7766,.T.);
#7766 = EDGE_CURVE('',#7767,#7767,#7769,.T.);
#7767 = VERTEX_POINT('',#7768);
#7768 = CARTESIAN_POINT('',(40.875,-48.9,1.6));
#7769 = SURFACE_CURVE('',#7770,(#7775,#7786),.PCURVE_S1.);
#7770 = CIRCLE('',#7771,0.525);
#7771 = AXIS2_PLACEMENT_3D('',#7772,#7773,#7774);
#7772 = CARTESIAN_POINT('',(40.35,-48.9,1.6));
#7773 = DIRECTION('',(0.,0.,1.));
#7774 = DIRECTION('',(1.,0.,-0.));
#7775 = PCURVE('',#90,#7776);
#7776 = DEFINITIONAL_REPRESENTATION('',(#7777),#7785);
#7777 = ( BOUNDED_CURVE() B_SPLINE_CURVE(2,(#7778,#7779,#7780,#7781,
#7782,#7783,#7784),.UNSPECIFIED.,.T.,.F.) B_SPLINE_CURVE_WITH_KNOTS((1,2
    ,2,2,2,1),(-2.094395102393,0.,2.094395102393,4.188790204786,
6.28318530718,8.377580409573),.UNSPECIFIED.) CURVE() 
GEOMETRIC_REPRESENTATION_ITEM() RATIONAL_B_SPLINE_CURVE((1.,0.5,1.,0.5,
1.,0.5,1.)) REPRESENTATION_ITEM('') );
#7778 = CARTESIAN_POINT('',(28.319801047976,-1.554070868478));
#7779 = CARTESIAN_POINT('',(28.319801047976,-0.644744194504));
#7780 = CARTESIAN_POINT('',(29.107301047976,-1.099407531491));
#7781 = CARTESIAN_POINT('',(29.894801047976,-1.554070868478));
#7782 = CARTESIAN_POINT('',(29.107301047976,-2.008734205464));
#7783 = CARTESIAN_POINT('',(28.319801047976,-2.463397542451));
#7784 = CARTESIAN_POINT('',(28.319801047976,-1.554070868478));
#7785 = ( GEOMETRIC_REPRESENTATION_CONTEXT(2) 
PARAMETRIC_REPRESENTATION_CONTEXT() REPRESENTATION_CONTEXT('2D SPACE',''
  ) );
#7786 = PCURVE('',#3552,#7787);
#7787 = DEFINITIONAL_REPRESENTATION('',(#7788),#7792);
#7788 = LINE('',#7789,#7790);
#7789 = CARTESIAN_POINT('',(0.,1.61));
#7790 = VECTOR('',#7791,1.);
#7791 = DIRECTION('',(1.,0.));
#7792 = ( GEOMETRIC_REPRESENTATION_CONTEXT(2) 
PARAMETRIC_REPRESENTATION_CONTEXT() REPRESENTATION_CONTEXT('2D SPACE',''
  ) );
#7793 = FACE_BOUND('',#7794,.F.);
#7794 = EDGE_LOOP('',(#7795));
#7795 = ORIENTED_EDGE('',*,*,#7796,.T.);
#7796 = EDGE_CURVE('',#7797,#7797,#7799,.T.);
#7797 = VERTEX_POINT('',#7798);
#7798 = CARTESIAN_POINT('',(23.875,-65.9,1.6));
#7799 = SURFACE_CURVE('',#7800,(#7805,#7816),.PCURVE_S1.);
#7800 = CIRCLE('',#7801,0.525);
#7801 = AXIS2_PLACEMENT_3D('',#7802,#7803,#7804);
#7802 = CARTESIAN_POINT('',(23.35,-65.9,1.6));
#7803 = DIRECTION('',(0.,0.,1.));
#7804 = DIRECTION('',(1.,0.,-0.));
#7805 = PCURVE('',#90,#7806);
#7806 = DEFINITIONAL_REPRESENTATION('',(#7807),#7815);
#7807 = ( BOUNDED_CURVE() B_SPLINE_CURVE(2,(#7808,#7809,#7810,#7811,
#7812,#7813,#7814),.UNSPECIFIED.,.T.,.F.) B_SPLINE_CURVE_WITH_KNOTS((1,2
    ,2,2,2,1),(-2.094395102393,0.,2.094395102393,4.188790204786,
6.28318530718,8.377580409573),.UNSPECIFIED.) CURVE() 
GEOMETRIC_REPRESENTATION_ITEM() RATIONAL_B_SPLINE_CURVE((1.,0.5,1.,0.5,
1.,0.5,1.)) REPRESENTATION_ITEM('') );
#7808 = CARTESIAN_POINT('',(45.319801047976,-18.55407086847));
#7809 = CARTESIAN_POINT('',(45.319801047976,-17.6447441945));
#7810 = CARTESIAN_POINT('',(46.107301047976,-18.09940753149));
#7811 = CARTESIAN_POINT('',(46.894801047976,-18.55407086847));
#7812 = CARTESIAN_POINT('',(46.107301047976,-19.00873420546));
#7813 = CARTESIAN_POINT('',(45.319801047976,-19.46339754245));
#7814 = CARTESIAN_POINT('',(45.319801047976,-18.55407086847));
#7815 = ( GEOMETRIC_REPRESENTATION_CONTEXT(2) 
PARAMETRIC_REPRESENTATION_CONTEXT() REPRESENTATION_CONTEXT('2D SPACE',''
  ) );
#7816 = PCURVE('',#3587,#7817);
#7817 = DEFINITIONAL_REPRESENTATION('',(#7818),#7822);
#7818 = LINE('',#7819,#7820);
#7819 = CARTESIAN_POINT('',(0.,1.61));
#7820 = VECTOR('',#7821,1.);
#7821 = DIRECTION('',(1.,0.));
#7822 = ( GEOMETRIC_REPRESENTATION_CONTEXT(2) 
PARAMETRIC_REPRESENTATION_CONTEXT() REPRESENTATION_CONTEXT('2D SPACE',''
  ) );
#7823 = FACE_BOUND('',#7824,.F.);
#7824 = EDGE_LOOP('',(#7825));
#7825 = ORIENTED_EDGE('',*,*,#7826,.T.);
#7826 = EDGE_CURVE('',#7827,#7827,#7829,.T.);
#7827 = VERTEX_POINT('',#7828);
#7828 = CARTESIAN_POINT('',(18.575,-60.4,1.6));
#7829 = SURFACE_CURVE('',#7830,(#7835,#7846),.PCURVE_S1.);
#7830 = CIRCLE('',#7831,0.625);
#7831 = AXIS2_PLACEMENT_3D('',#7832,#7833,#7834);
#7832 = CARTESIAN_POINT('',(17.95,-60.4,1.6));
#7833 = DIRECTION('',(0.,0.,1.));
#7834 = DIRECTION('',(1.,0.,-0.));
#7835 = PCURVE('',#90,#7836);
#7836 = DEFINITIONAL_REPRESENTATION('',(#7837),#7845);
#7837 = ( BOUNDED_CURVE() B_SPLINE_CURVE(2,(#7838,#7839,#7840,#7841,
#7842,#7843,#7844),.UNSPECIFIED.,.T.,.F.) B_SPLINE_CURVE_WITH_KNOTS((1,2
    ,2,2,2,1),(-2.094395102393,0.,2.094395102393,4.188790204786,
6.28318530718,8.377580409573),.UNSPECIFIED.) CURVE() 
GEOMETRIC_REPRESENTATION_ITEM() RATIONAL_B_SPLINE_CURVE((1.,0.5,1.,0.5,
1.,0.5,1.)) REPRESENTATION_ITEM('') );
#7838 = CARTESIAN_POINT('',(50.619801047976,-13.05407086847));
#7839 = CARTESIAN_POINT('',(50.619801047976,-11.97153911374));
#7840 = CARTESIAN_POINT('',(51.557301047976,-12.51280499111));
#7841 = CARTESIAN_POINT('',(52.494801047976,-13.05407086847));
#7842 = CARTESIAN_POINT('',(51.557301047976,-13.59533674584));
#7843 = CARTESIAN_POINT('',(50.619801047976,-14.1366026232));
#7844 = CARTESIAN_POINT('',(50.619801047976,-13.05407086847));
#7845 = ( GEOMETRIC_REPRESENTATION_CONTEXT(2) 
PARAMETRIC_REPRESENTATION_CONTEXT() REPRESENTATION_CONTEXT('2D SPACE',''
  ) );
#7846 = PCURVE('',#3622,#7847);
#7847 = DEFINITIONAL_REPRESENTATION('',(#7848),#7852);
#7848 = LINE('',#7849,#7850);
#7849 = CARTESIAN_POINT('',(0.,1.61));
#7850 = VECTOR('',#7851,1.);
#7851 = DIRECTION('',(1.,0.));
#7852 = ( GEOMETRIC_REPRESENTATION_CONTEXT(2) 
PARAMETRIC_REPRESENTATION_CONTEXT() REPRESENTATION_CONTEXT('2D SPACE',''
  ) );
#7853 = FACE_BOUND('',#7854,.F.);
#7854 = EDGE_LOOP('',(#7855));
#7855 = ORIENTED_EDGE('',*,*,#7856,.T.);
#7856 = EDGE_CURVE('',#7857,#7857,#7859,.T.);
#7857 = VERTEX_POINT('',#7858);
#7858 = CARTESIAN_POINT('',(6.875,-65.9,1.6));
#7859 = SURFACE_CURVE('',#7860,(#7865,#7876),.PCURVE_S1.);
#7860 = CIRCLE('',#7861,0.525);
#7861 = AXIS2_PLACEMENT_3D('',#7862,#7863,#7864);
#7862 = CARTESIAN_POINT('',(6.35,-65.9,1.6));
#7863 = DIRECTION('',(0.,0.,1.));
#7864 = DIRECTION('',(1.,0.,-0.));
#7865 = PCURVE('',#90,#7866);
#7866 = DEFINITIONAL_REPRESENTATION('',(#7867),#7875);
#7867 = ( BOUNDED_CURVE() B_SPLINE_CURVE(2,(#7868,#7869,#7870,#7871,
#7872,#7873,#7874),.UNSPECIFIED.,.T.,.F.) B_SPLINE_CURVE_WITH_KNOTS((1,2
    ,2,2,2,1),(-2.094395102393,0.,2.094395102393,4.188790204786,
6.28318530718,8.377580409573),.UNSPECIFIED.) CURVE() 
GEOMETRIC_REPRESENTATION_ITEM() RATIONAL_B_SPLINE_CURVE((1.,0.5,1.,0.5,
1.,0.5,1.)) REPRESENTATION_ITEM('') );
#7868 = CARTESIAN_POINT('',(62.319801047976,-18.55407086847));
#7869 = CARTESIAN_POINT('',(62.319801047976,-17.6447441945));
#7870 = CARTESIAN_POINT('',(63.107301047976,-18.09940753149));
#7871 = CARTESIAN_POINT('',(63.894801047976,-18.55407086847));
#7872 = CARTESIAN_POINT('',(63.107301047976,-19.00873420546));
#7873 = CARTESIAN_POINT('',(62.319801047976,-19.46339754245));
#7874 = CARTESIAN_POINT('',(62.319801047976,-18.55407086847));
#7875 = ( GEOMETRIC_REPRESENTATION_CONTEXT(2) 
PARAMETRIC_REPRESENTATION_CONTEXT() REPRESENTATION_CONTEXT('2D SPACE',''
  ) );
#7876 = PCURVE('',#3657,#7877);
#7877 = DEFINITIONAL_REPRESENTATION('',(#7878),#7882);
#7878 = LINE('',#7879,#7880);
#7879 = CARTESIAN_POINT('',(0.,1.61));
#7880 = VECTOR('',#7881,1.);
#7881 = DIRECTION('',(1.,0.));
#7882 = ( GEOMETRIC_REPRESENTATION_CONTEXT(2) 
PARAMETRIC_REPRESENTATION_CONTEXT() REPRESENTATION_CONTEXT('2D SPACE',''
  ) );
#7883 = FACE_BOUND('',#7884,.F.);
#7884 = EDGE_LOOP('',(#7885));
#7885 = ORIENTED_EDGE('',*,*,#7886,.T.);
#7886 = EDGE_CURVE('',#7887,#7887,#7889,.T.);
#7887 = VERTEX_POINT('',#7888);
#7888 = CARTESIAN_POINT('',(23.875,-48.9,1.6));
#7889 = SURFACE_CURVE('',#7890,(#7895,#7906),.PCURVE_S1.);
#7890 = CIRCLE('',#7891,0.525);
#7891 = AXIS2_PLACEMENT_3D('',#7892,#7893,#7894);
#7892 = CARTESIAN_POINT('',(23.35,-48.9,1.6));
#7893 = DIRECTION('',(0.,0.,1.));
#7894 = DIRECTION('',(1.,0.,-0.));
#7895 = PCURVE('',#90,#7896);
#7896 = DEFINITIONAL_REPRESENTATION('',(#7897),#7905);
#7897 = ( BOUNDED_CURVE() B_SPLINE_CURVE(2,(#7898,#7899,#7900,#7901,
#7902,#7903,#7904),.UNSPECIFIED.,.T.,.F.) B_SPLINE_CURVE_WITH_KNOTS((1,2
    ,2,2,2,1),(-2.094395102393,0.,2.094395102393,4.188790204786,
6.28318530718,8.377580409573),.UNSPECIFIED.) CURVE() 
GEOMETRIC_REPRESENTATION_ITEM() RATIONAL_B_SPLINE_CURVE((1.,0.5,1.,0.5,
1.,0.5,1.)) REPRESENTATION_ITEM('') );
#7898 = CARTESIAN_POINT('',(45.319801047976,-1.554070868478));
#7899 = CARTESIAN_POINT('',(45.319801047976,-0.644744194504));
#7900 = CARTESIAN_POINT('',(46.107301047976,-1.099407531491));
#7901 = CARTESIAN_POINT('',(46.894801047976,-1.554070868478));
#7902 = CARTESIAN_POINT('',(46.107301047976,-2.008734205464));
#7903 = CARTESIAN_POINT('',(45.319801047976,-2.463397542451));
#7904 = CARTESIAN_POINT('',(45.319801047976,-1.554070868478));
#7905 = ( GEOMETRIC_REPRESENTATION_CONTEXT(2) 
PARAMETRIC_REPRESENTATION_CONTEXT() REPRESENTATION_CONTEXT('2D SPACE',''
  ) );
#7906 = PCURVE('',#3692,#7907);
#7907 = DEFINITIONAL_REPRESENTATION('',(#7908),#7912);
#7908 = LINE('',#7909,#7910);
#7909 = CARTESIAN_POINT('',(0.,1.61));
#7910 = VECTOR('',#7911,1.);
#7911 = DIRECTION('',(1.,0.));
#7912 = ( GEOMETRIC_REPRESENTATION_CONTEXT(2) 
PARAMETRIC_REPRESENTATION_CONTEXT() REPRESENTATION_CONTEXT('2D SPACE',''
  ) );
#7913 = FACE_BOUND('',#7914,.F.);
#7914 = EDGE_LOOP('',(#7915));
#7915 = ORIENTED_EDGE('',*,*,#7916,.T.);
#7916 = EDGE_CURVE('',#7917,#7917,#7919,.T.);
#7917 = VERTEX_POINT('',#7918);
#7918 = CARTESIAN_POINT('',(6.875,-48.9,1.6));
#7919 = SURFACE_CURVE('',#7920,(#7925,#7936),.PCURVE_S1.);
#7920 = CIRCLE('',#7921,0.525);
#7921 = AXIS2_PLACEMENT_3D('',#7922,#7923,#7924);
#7922 = CARTESIAN_POINT('',(6.35,-48.9,1.6));
#7923 = DIRECTION('',(0.,0.,1.));
#7924 = DIRECTION('',(1.,0.,-0.));
#7925 = PCURVE('',#90,#7926);
#7926 = DEFINITIONAL_REPRESENTATION('',(#7927),#7935);
#7927 = ( BOUNDED_CURVE() B_SPLINE_CURVE(2,(#7928,#7929,#7930,#7931,
#7932,#7933,#7934),.UNSPECIFIED.,.T.,.F.) B_SPLINE_CURVE_WITH_KNOTS((1,2
    ,2,2,2,1),(-2.094395102393,0.,2.094395102393,4.188790204786,
6.28318530718,8.377580409573),.UNSPECIFIED.) CURVE() 
GEOMETRIC_REPRESENTATION_ITEM() RATIONAL_B_SPLINE_CURVE((1.,0.5,1.,0.5,
1.,0.5,1.)) REPRESENTATION_ITEM('') );
#7928 = CARTESIAN_POINT('',(62.319801047976,-1.554070868478));
#7929 = CARTESIAN_POINT('',(62.319801047976,-0.644744194504));
#7930 = CARTESIAN_POINT('',(63.107301047976,-1.099407531491));
#7931 = CARTESIAN_POINT('',(63.894801047976,-1.554070868478));
#7932 = CARTESIAN_POINT('',(63.107301047976,-2.008734205464));
#7933 = CARTESIAN_POINT('',(62.319801047976,-2.463397542451));
#7934 = CARTESIAN_POINT('',(62.319801047976,-1.554070868478));
#7935 = ( GEOMETRIC_REPRESENTATION_CONTEXT(2) 
PARAMETRIC_REPRESENTATION_CONTEXT() REPRESENTATION_CONTEXT('2D SPACE',''
  ) );
#7936 = PCURVE('',#3727,#7937);
#7937 = DEFINITIONAL_REPRESENTATION('',(#7938),#7942);
#7938 = LINE('',#7939,#7940);
#7939 = CARTESIAN_POINT('',(0.,1.61));
#7940 = VECTOR('',#7941,1.);
#7941 = DIRECTION('',(1.,0.));
#7942 = ( GEOMETRIC_REPRESENTATION_CONTEXT(2) 
PARAMETRIC_REPRESENTATION_CONTEXT() REPRESENTATION_CONTEXT('2D SPACE',''
  ) );
#7943 = FACE_BOUND('',#7944,.F.);
#7944 = EDGE_LOOP('',(#7945));
#7945 = ORIENTED_EDGE('',*,*,#7946,.T.);
#7946 = EDGE_CURVE('',#7947,#7947,#7949,.T.);
#7947 = VERTEX_POINT('',#7948);
#7948 = CARTESIAN_POINT('',(109.55,-46.15,1.6));
#7949 = SURFACE_CURVE('',#7950,(#7955,#7966),.PCURVE_S1.);
#7950 = CIRCLE('',#7951,1.1);
#7951 = AXIS2_PLACEMENT_3D('',#7952,#7953,#7954);
#7952 = CARTESIAN_POINT('',(108.45,-46.15,1.6));
#7953 = DIRECTION('',(0.,0.,1.));
#7954 = DIRECTION('',(1.,0.,-0.));
#7955 = PCURVE('',#90,#7956);
#7956 = DEFINITIONAL_REPRESENTATION('',(#7957),#7965);
#7957 = ( BOUNDED_CURVE() B_SPLINE_CURVE(2,(#7958,#7959,#7960,#7961,
#7962,#7963,#7964),.UNSPECIFIED.,.T.,.F.) B_SPLINE_CURVE_WITH_KNOTS((1,2
    ,2,2,2,1),(-2.094395102393,0.,2.094395102393,4.188790204786,
6.28318530718,8.377580409573),.UNSPECIFIED.) CURVE() 
GEOMETRIC_REPRESENTATION_ITEM() RATIONAL_B_SPLINE_CURVE((1.,0.5,1.,0.5,
1.,0.5,1.)) REPRESENTATION_ITEM('') );
#7958 = CARTESIAN_POINT('',(-40.35519895202,1.195929131522));
#7959 = CARTESIAN_POINT('',(-40.35519895202,3.101185019848));
#7960 = CARTESIAN_POINT('',(-38.70519895202,2.148557075685));
#7961 = CARTESIAN_POINT('',(-37.05519895202,1.195929131522));
#7962 = CARTESIAN_POINT('',(-38.70519895202,0.24330118736));
#7963 = CARTESIAN_POINT('',(-40.35519895202,-0.709326756803));
#7964 = CARTESIAN_POINT('',(-40.35519895202,1.195929131522));
#7965 = ( GEOMETRIC_REPRESENTATION_CONTEXT(2) 
PARAMETRIC_REPRESENTATION_CONTEXT() REPRESENTATION_CONTEXT('2D SPACE',''
  ) );
#7966 = PCURVE('',#3762,#7967);
#7967 = DEFINITIONAL_REPRESENTATION('',(#7968),#7972);
#7968 = LINE('',#7969,#7970);
#7969 = CARTESIAN_POINT('',(0.,1.61));
#7970 = VECTOR('',#7971,1.);
#7971 = DIRECTION('',(1.,0.));
#7972 = ( GEOMETRIC_REPRESENTATION_CONTEXT(2) 
PARAMETRIC_REPRESENTATION_CONTEXT() REPRESENTATION_CONTEXT('2D SPACE',''
  ) );
#7973 = FACE_BOUND('',#7974,.F.);
#7974 = EDGE_LOOP('',(#7975));
#7975 = ORIENTED_EDGE('',*,*,#7976,.T.);
#7976 = EDGE_CURVE('',#7977,#7977,#7979,.T.);
#7977 = VERTEX_POINT('',#7978);
#7978 = CARTESIAN_POINT('',(103.575,-43.4,1.6));
#7979 = SURFACE_CURVE('',#7980,(#7985,#7996),.PCURVE_S1.);
#7980 = CIRCLE('',#7981,0.625);
#7981 = AXIS2_PLACEMENT_3D('',#7982,#7983,#7984);
#7982 = CARTESIAN_POINT('',(102.95,-43.4,1.6));
#7983 = DIRECTION('',(0.,0.,1.));
#7984 = DIRECTION('',(1.,0.,-0.));
#7985 = PCURVE('',#90,#7986);
#7986 = DEFINITIONAL_REPRESENTATION('',(#7987),#7995);
#7987 = ( BOUNDED_CURVE() B_SPLINE_CURVE(2,(#7988,#7989,#7990,#7991,
#7992,#7993,#7994),.UNSPECIFIED.,.T.,.F.) B_SPLINE_CURVE_WITH_KNOTS((1,2
    ,2,2,2,1),(-2.094395102393,0.,2.094395102393,4.188790204786,
6.28318530718,8.377580409573),.UNSPECIFIED.) CURVE() 
GEOMETRIC_REPRESENTATION_ITEM() RATIONAL_B_SPLINE_CURVE((1.,0.5,1.,0.5,
1.,0.5,1.)) REPRESENTATION_ITEM('') );
#7988 = CARTESIAN_POINT('',(-34.38019895202,3.945929131522));
#7989 = CARTESIAN_POINT('',(-34.38019895202,5.028460886253));
#7990 = CARTESIAN_POINT('',(-33.44269895202,4.487195008888));
#7991 = CARTESIAN_POINT('',(-32.50519895202,3.945929131522));
#7992 = CARTESIAN_POINT('',(-33.44269895202,3.404663254157));
#7993 = CARTESIAN_POINT('',(-34.38019895202,2.863397376792));
#7994 = CARTESIAN_POINT('',(-34.38019895202,3.945929131522));
#7995 = ( GEOMETRIC_REPRESENTATION_CONTEXT(2) 
PARAMETRIC_REPRESENTATION_CONTEXT() REPRESENTATION_CONTEXT('2D SPACE',''
  ) );
#7996 = PCURVE('',#3797,#7997);
#7997 = DEFINITIONAL_REPRESENTATION('',(#7998),#8002);
#7998 = LINE('',#7999,#8000);
#7999 = CARTESIAN_POINT('',(0.,1.61));
#8000 = VECTOR('',#8001,1.);
#8001 = DIRECTION('',(1.,0.));
#8002 = ( GEOMETRIC_REPRESENTATION_CONTEXT(2) 
PARAMETRIC_REPRESENTATION_CONTEXT() REPRESENTATION_CONTEXT('2D SPACE',''
  ) );
#8003 = FACE_BOUND('',#8004,.F.);
#8004 = EDGE_LOOP('',(#8005,#8030,#8053,#8076));
#8005 = ORIENTED_EDGE('',*,*,#8006,.T.);
#8006 = EDGE_CURVE('',#8007,#8009,#8011,.T.);
#8007 = VERTEX_POINT('',#8008);
#8008 = CARTESIAN_POINT('',(111.15,-6.45,1.6));
#8009 = VERTEX_POINT('',#8010);
#8010 = CARTESIAN_POINT('',(111.15,-48.45,1.6));
#8011 = SURFACE_CURVE('',#8012,(#8016,#8023),.PCURVE_S1.);
#8012 = LINE('',#8013,#8014);
#8013 = CARTESIAN_POINT('',(111.15,-6.45,1.6));
#8014 = VECTOR('',#8015,1.);
#8015 = DIRECTION('',(0.,-1.,0.));
#8016 = PCURVE('',#90,#8017);
#8017 = DEFINITIONAL_REPRESENTATION('',(#8018),#8022);
#8018 = LINE('',#8019,#8020);
#8019 = CARTESIAN_POINT('',(-41.95519895202,40.895929131522));
#8020 = VECTOR('',#8021,1.);
#8021 = DIRECTION('',(0.,-1.));
#8022 = ( GEOMETRIC_REPRESENTATION_CONTEXT(2) 
PARAMETRIC_REPRESENTATION_CONTEXT() REPRESENTATION_CONTEXT('2D SPACE',''
  ) );
#8023 = PCURVE('',#3829,#8024);
#8024 = DEFINITIONAL_REPRESENTATION('',(#8025),#8029);
#8025 = LINE('',#8026,#8027);
#8026 = CARTESIAN_POINT('',(0.,-1.6));
#8027 = VECTOR('',#8028,1.);
#8028 = DIRECTION('',(1.,0.));
#8029 = ( GEOMETRIC_REPRESENTATION_CONTEXT(2) 
PARAMETRIC_REPRESENTATION_CONTEXT() REPRESENTATION_CONTEXT('2D SPACE',''
  ) );
#8030 = ORIENTED_EDGE('',*,*,#8031,.T.);
#8031 = EDGE_CURVE('',#8009,#8032,#8034,.T.);
#8032 = VERTEX_POINT('',#8033);
#8033 = CARTESIAN_POINT('',(132.15,-48.45,1.6));
#8034 = SURFACE_CURVE('',#8035,(#8039,#8046),.PCURVE_S1.);
#8035 = LINE('',#8036,#8037);
#8036 = CARTESIAN_POINT('',(111.15,-48.45,1.6));
#8037 = VECTOR('',#8038,1.);
#8038 = DIRECTION('',(1.,0.,0.));
#8039 = PCURVE('',#90,#8040);
#8040 = DEFINITIONAL_REPRESENTATION('',(#8041),#8045);
#8041 = LINE('',#8042,#8043);
#8042 = CARTESIAN_POINT('',(-41.95519895202,-1.104070868478));
#8043 = VECTOR('',#8044,1.);
#8044 = DIRECTION('',(-1.,0.));
#8045 = ( GEOMETRIC_REPRESENTATION_CONTEXT(2) 
PARAMETRIC_REPRESENTATION_CONTEXT() REPRESENTATION_CONTEXT('2D SPACE',''
  ) );
#8046 = PCURVE('',#3857,#8047);
#8047 = DEFINITIONAL_REPRESENTATION('',(#8048),#8052);
#8048 = LINE('',#8049,#8050);
#8049 = CARTESIAN_POINT('',(0.,-1.6));
#8050 = VECTOR('',#8051,1.);
#8051 = DIRECTION('',(1.,0.));
#8052 = ( GEOMETRIC_REPRESENTATION_CONTEXT(2) 
PARAMETRIC_REPRESENTATION_CONTEXT() REPRESENTATION_CONTEXT('2D SPACE',''
  ) );
#8053 = ORIENTED_EDGE('',*,*,#8054,.T.);
#8054 = EDGE_CURVE('',#8032,#8055,#8057,.T.);
#8055 = VERTEX_POINT('',#8056);
#8056 = CARTESIAN_POINT('',(132.15,-6.45,1.6));
#8057 = SURFACE_CURVE('',#8058,(#8062,#8069),.PCURVE_S1.);
#8058 = LINE('',#8059,#8060);
#8059 = CARTESIAN_POINT('',(132.15,-48.45,1.6));
#8060 = VECTOR('',#8061,1.);
#8061 = DIRECTION('',(0.,1.,0.));
#8062 = PCURVE('',#90,#8063);
#8063 = DEFINITIONAL_REPRESENTATION('',(#8064),#8068);
#8064 = LINE('',#8065,#8066);
#8065 = CARTESIAN_POINT('',(-62.95519895202,-1.104070868478));
#8066 = VECTOR('',#8067,1.);
#8067 = DIRECTION('',(0.,1.));
#8068 = ( GEOMETRIC_REPRESENTATION_CONTEXT(2) 
PARAMETRIC_REPRESENTATION_CONTEXT() REPRESENTATION_CONTEXT('2D SPACE',''
  ) );
#8069 = PCURVE('',#3885,#8070);
#8070 = DEFINITIONAL_REPRESENTATION('',(#8071),#8075);
#8071 = LINE('',#8072,#8073);
#8072 = CARTESIAN_POINT('',(0.,-1.6));
#8073 = VECTOR('',#8074,1.);
#8074 = DIRECTION('',(1.,0.));
#8075 = ( GEOMETRIC_REPRESENTATION_CONTEXT(2) 
PARAMETRIC_REPRESENTATION_CONTEXT() REPRESENTATION_CONTEXT('2D SPACE',''
  ) );
#8076 = ORIENTED_EDGE('',*,*,#8077,.T.);
#8077 = EDGE_CURVE('',#8055,#8007,#8078,.T.);
#8078 = SURFACE_CURVE('',#8079,(#8083,#8090),.PCURVE_S1.);
#8079 = LINE('',#8080,#8081);
#8080 = CARTESIAN_POINT('',(132.15,-6.45,1.6));
#8081 = VECTOR('',#8082,1.);
#8082 = DIRECTION('',(-1.,0.,0.));
#8083 = PCURVE('',#90,#8084);
#8084 = DEFINITIONAL_REPRESENTATION('',(#8085),#8089);
#8085 = LINE('',#8086,#8087);
#8086 = CARTESIAN_POINT('',(-62.95519895202,40.895929131522));
#8087 = VECTOR('',#8088,1.);
#8088 = DIRECTION('',(1.,0.));
#8089 = ( GEOMETRIC_REPRESENTATION_CONTEXT(2) 
PARAMETRIC_REPRESENTATION_CONTEXT() REPRESENTATION_CONTEXT('2D SPACE',''
  ) );
#8090 = PCURVE('',#3911,#8091);
#8091 = DEFINITIONAL_REPRESENTATION('',(#8092),#8096);
#8092 = LINE('',#8093,#8094);
#8093 = CARTESIAN_POINT('',(0.,-1.6));
#8094 = VECTOR('',#8095,1.);
#8095 = DIRECTION('',(1.,0.));
#8096 = ( GEOMETRIC_REPRESENTATION_CONTEXT(2) 
PARAMETRIC_REPRESENTATION_CONTEXT() REPRESENTATION_CONTEXT('2D SPACE',''
  ) );
#8097 = FACE_BOUND('',#8098,.F.);
#8098 = EDGE_LOOP('',(#8099));
#8099 = ORIENTED_EDGE('',*,*,#8100,.T.);
#8100 = EDGE_CURVE('',#8101,#8101,#8103,.T.);
#8101 = VERTEX_POINT('',#8102);
#8102 = CARTESIAN_POINT('',(103.575,-26.4,1.6));
#8103 = SURFACE_CURVE('',#8104,(#8109,#8120),.PCURVE_S1.);
#8104 = CIRCLE('',#8105,0.625);
#8105 = AXIS2_PLACEMENT_3D('',#8106,#8107,#8108);
#8106 = CARTESIAN_POINT('',(102.95,-26.4,1.6));
#8107 = DIRECTION('',(0.,0.,1.));
#8108 = DIRECTION('',(1.,0.,-0.));
#8109 = PCURVE('',#90,#8110);
#8110 = DEFINITIONAL_REPRESENTATION('',(#8111),#8119);
#8111 = ( BOUNDED_CURVE() B_SPLINE_CURVE(2,(#8112,#8113,#8114,#8115,
#8116,#8117,#8118),.UNSPECIFIED.,.T.,.F.) B_SPLINE_CURVE_WITH_KNOTS((1,2
    ,2,2,2,1),(-2.094395102393,0.,2.094395102393,4.188790204786,
6.28318530718,8.377580409573),.UNSPECIFIED.) CURVE() 
GEOMETRIC_REPRESENTATION_ITEM() RATIONAL_B_SPLINE_CURVE((1.,0.5,1.,0.5,
1.,0.5,1.)) REPRESENTATION_ITEM('') );
#8112 = CARTESIAN_POINT('',(-34.38019895202,20.945929131522));
#8113 = CARTESIAN_POINT('',(-34.38019895202,22.028460886253));
#8114 = CARTESIAN_POINT('',(-33.44269895202,21.487195008888));
#8115 = CARTESIAN_POINT('',(-32.50519895202,20.945929131522));
#8116 = CARTESIAN_POINT('',(-33.44269895202,20.404663254157));
#8117 = CARTESIAN_POINT('',(-34.38019895202,19.863397376792));
#8118 = CARTESIAN_POINT('',(-34.38019895202,20.945929131522));
#8119 = ( GEOMETRIC_REPRESENTATION_CONTEXT(2) 
PARAMETRIC_REPRESENTATION_CONTEXT() REPRESENTATION_CONTEXT('2D SPACE',''
  ) );
#8120 = PCURVE('',#3946,#8121);
#8121 = DEFINITIONAL_REPRESENTATION('',(#8122),#8126);
#8122 = LINE('',#8123,#8124);
#8123 = CARTESIAN_POINT('',(0.,1.61));
#8124 = VECTOR('',#8125,1.);
#8125 = DIRECTION('',(1.,0.));
#8126 = ( GEOMETRIC_REPRESENTATION_CONTEXT(2) 
PARAMETRIC_REPRESENTATION_CONTEXT() REPRESENTATION_CONTEXT('2D SPACE',''
  ) );
#8127 = FACE_BOUND('',#8128,.F.);
#8128 = EDGE_LOOP('',(#8129));
#8129 = ORIENTED_EDGE('',*,*,#8130,.T.);
#8130 = EDGE_CURVE('',#8131,#8131,#8133,.T.);
#8131 = VERTEX_POINT('',#8132);
#8132 = CARTESIAN_POINT('',(86.575,-43.4,1.6));
#8133 = SURFACE_CURVE('',#8134,(#8139,#8150),.PCURVE_S1.);
#8134 = CIRCLE('',#8135,0.625);
#8135 = AXIS2_PLACEMENT_3D('',#8136,#8137,#8138);
#8136 = CARTESIAN_POINT('',(85.95,-43.4,1.6));
#8137 = DIRECTION('',(0.,0.,1.));
#8138 = DIRECTION('',(1.,0.,-0.));
#8139 = PCURVE('',#90,#8140);
#8140 = DEFINITIONAL_REPRESENTATION('',(#8141),#8149);
#8141 = ( BOUNDED_CURVE() B_SPLINE_CURVE(2,(#8142,#8143,#8144,#8145,
#8146,#8147,#8148),.UNSPECIFIED.,.T.,.F.) B_SPLINE_CURVE_WITH_KNOTS((1,2
    ,2,2,2,1),(-2.094395102393,0.,2.094395102393,4.188790204786,
6.28318530718,8.377580409573),.UNSPECIFIED.) CURVE() 
GEOMETRIC_REPRESENTATION_ITEM() RATIONAL_B_SPLINE_CURVE((1.,0.5,1.,0.5,
1.,0.5,1.)) REPRESENTATION_ITEM('') );
#8142 = CARTESIAN_POINT('',(-17.38019895202,3.945929131522));
#8143 = CARTESIAN_POINT('',(-17.38019895202,5.028460886253));
#8144 = CARTESIAN_POINT('',(-16.44269895202,4.487195008888));
#8145 = CARTESIAN_POINT('',(-15.50519895202,3.945929131522));
#8146 = CARTESIAN_POINT('',(-16.44269895202,3.404663254157));
#8147 = CARTESIAN_POINT('',(-17.38019895202,2.863397376792));
#8148 = CARTESIAN_POINT('',(-17.38019895202,3.945929131522));
#8149 = ( GEOMETRIC_REPRESENTATION_CONTEXT(2) 
PARAMETRIC_REPRESENTATION_CONTEXT() REPRESENTATION_CONTEXT('2D SPACE',''
  ) );
#8150 = PCURVE('',#3981,#8151);
#8151 = DEFINITIONAL_REPRESENTATION('',(#8152),#8156);
#8152 = LINE('',#8153,#8154);
#8153 = CARTESIAN_POINT('',(0.,1.61));
#8154 = VECTOR('',#8155,1.);
#8155 = DIRECTION('',(1.,0.));
#8156 = ( GEOMETRIC_REPRESENTATION_CONTEXT(2) 
PARAMETRIC_REPRESENTATION_CONTEXT() REPRESENTATION_CONTEXT('2D SPACE',''
  ) );
#8157 = FACE_BOUND('',#8158,.F.);
#8158 = EDGE_LOOP('',(#8159));
#8159 = ORIENTED_EDGE('',*,*,#8160,.T.);
#8160 = EDGE_CURVE('',#8161,#8161,#8163,.T.);
#8161 = VERTEX_POINT('',#8162);
#8162 = CARTESIAN_POINT('',(69.575,-43.4,1.6));
#8163 = SURFACE_CURVE('',#8164,(#8169,#8180),.PCURVE_S1.);
#8164 = CIRCLE('',#8165,0.625);
#8165 = AXIS2_PLACEMENT_3D('',#8166,#8167,#8168);
#8166 = CARTESIAN_POINT('',(68.95,-43.4,1.6));
#8167 = DIRECTION('',(0.,0.,1.));
#8168 = DIRECTION('',(1.,0.,-0.));
#8169 = PCURVE('',#90,#8170);
#8170 = DEFINITIONAL_REPRESENTATION('',(#8171),#8179);
#8171 = ( BOUNDED_CURVE() B_SPLINE_CURVE(2,(#8172,#8173,#8174,#8175,
#8176,#8177,#8178),.UNSPECIFIED.,.T.,.F.) B_SPLINE_CURVE_WITH_KNOTS((1,2
    ,2,2,2,1),(-2.094395102393,0.,2.094395102393,4.188790204786,
6.28318530718,8.377580409573),.UNSPECIFIED.) CURVE() 
GEOMETRIC_REPRESENTATION_ITEM() RATIONAL_B_SPLINE_CURVE((1.,0.5,1.,0.5,
1.,0.5,1.)) REPRESENTATION_ITEM('') );
#8172 = CARTESIAN_POINT('',(-0.380198952024,3.945929131522));
#8173 = CARTESIAN_POINT('',(-0.380198952024,5.028460886253));
#8174 = CARTESIAN_POINT('',(0.557301047976,4.487195008888));
#8175 = CARTESIAN_POINT('',(1.494801047976,3.945929131522));
#8176 = CARTESIAN_POINT('',(0.557301047976,3.404663254157));
#8177 = CARTESIAN_POINT('',(-0.380198952024,2.863397376792));
#8178 = CARTESIAN_POINT('',(-0.380198952024,3.945929131522));
#8179 = ( GEOMETRIC_REPRESENTATION_CONTEXT(2) 
PARAMETRIC_REPRESENTATION_CONTEXT() REPRESENTATION_CONTEXT('2D SPACE',''
  ) );
#8180 = PCURVE('',#4016,#8181);
#8181 = DEFINITIONAL_REPRESENTATION('',(#8182),#8186);
#8182 = LINE('',#8183,#8184);
#8183 = CARTESIAN_POINT('',(0.,1.61));
#8184 = VECTOR('',#8185,1.);
#8185 = DIRECTION('',(1.,0.));
#8186 = ( GEOMETRIC_REPRESENTATION_CONTEXT(2) 
PARAMETRIC_REPRESENTATION_CONTEXT() REPRESENTATION_CONTEXT('2D SPACE',''
  ) );
#8187 = FACE_BOUND('',#8188,.F.);
#8188 = EDGE_LOOP('',(#8189));
#8189 = ORIENTED_EDGE('',*,*,#8190,.T.);
#8190 = EDGE_CURVE('',#8191,#8191,#8193,.T.);
#8191 = VERTEX_POINT('',#8192);
#8192 = CARTESIAN_POINT('',(91.875,-31.9,1.6));
#8193 = SURFACE_CURVE('',#8194,(#8199,#8210),.PCURVE_S1.);
#8194 = CIRCLE('',#8195,0.525);
#8195 = AXIS2_PLACEMENT_3D('',#8196,#8197,#8198);
#8196 = CARTESIAN_POINT('',(91.35,-31.9,1.6));
#8197 = DIRECTION('',(0.,0.,1.));
#8198 = DIRECTION('',(1.,0.,-0.));
#8199 = PCURVE('',#90,#8200);
#8200 = DEFINITIONAL_REPRESENTATION('',(#8201),#8209);
#8201 = ( BOUNDED_CURVE() B_SPLINE_CURVE(2,(#8202,#8203,#8204,#8205,
#8206,#8207,#8208),.UNSPECIFIED.,.T.,.F.) B_SPLINE_CURVE_WITH_KNOTS((1,2
    ,2,2,2,1),(-2.094395102393,0.,2.094395102393,4.188790204786,
6.28318530718,8.377580409573),.UNSPECIFIED.) CURVE() 
GEOMETRIC_REPRESENTATION_ITEM() RATIONAL_B_SPLINE_CURVE((1.,0.5,1.,0.5,
1.,0.5,1.)) REPRESENTATION_ITEM('') );
#8202 = CARTESIAN_POINT('',(-22.68019895202,15.445929131522));
#8203 = CARTESIAN_POINT('',(-22.68019895202,16.355255805496));
#8204 = CARTESIAN_POINT('',(-21.89269895202,15.900592468509));
#8205 = CARTESIAN_POINT('',(-21.10519895202,15.445929131522));
#8206 = CARTESIAN_POINT('',(-21.89269895202,14.991265794536));
#8207 = CARTESIAN_POINT('',(-22.68019895202,14.536602457549));
#8208 = CARTESIAN_POINT('',(-22.68019895202,15.445929131522));
#8209 = ( GEOMETRIC_REPRESENTATION_CONTEXT(2) 
PARAMETRIC_REPRESENTATION_CONTEXT() REPRESENTATION_CONTEXT('2D SPACE',''
  ) );
#8210 = PCURVE('',#4051,#8211);
#8211 = DEFINITIONAL_REPRESENTATION('',(#8212),#8216);
#8212 = LINE('',#8213,#8214);
#8213 = CARTESIAN_POINT('',(0.,1.61));
#8214 = VECTOR('',#8215,1.);
#8215 = DIRECTION('',(1.,0.));
#8216 = ( GEOMETRIC_REPRESENTATION_CONTEXT(2) 
PARAMETRIC_REPRESENTATION_CONTEXT() REPRESENTATION_CONTEXT('2D SPACE',''
  ) );
#8217 = FACE_BOUND('',#8218,.F.);
#8218 = EDGE_LOOP('',(#8219));
#8219 = ORIENTED_EDGE('',*,*,#8220,.T.);
#8220 = EDGE_CURVE('',#8221,#8221,#8223,.T.);
#8221 = VERTEX_POINT('',#8222);
#8222 = CARTESIAN_POINT('',(86.575,-26.4,1.6));
#8223 = SURFACE_CURVE('',#8224,(#8229,#8240),.PCURVE_S1.);
#8224 = CIRCLE('',#8225,0.625);
#8225 = AXIS2_PLACEMENT_3D('',#8226,#8227,#8228);
#8226 = CARTESIAN_POINT('',(85.95,-26.4,1.6));
#8227 = DIRECTION('',(0.,0.,1.));
#8228 = DIRECTION('',(1.,0.,-0.));
#8229 = PCURVE('',#90,#8230);
#8230 = DEFINITIONAL_REPRESENTATION('',(#8231),#8239);
#8231 = ( BOUNDED_CURVE() B_SPLINE_CURVE(2,(#8232,#8233,#8234,#8235,
#8236,#8237,#8238),.UNSPECIFIED.,.T.,.F.) B_SPLINE_CURVE_WITH_KNOTS((1,2
    ,2,2,2,1),(-2.094395102393,0.,2.094395102393,4.188790204786,
6.28318530718,8.377580409573),.UNSPECIFIED.) CURVE() 
GEOMETRIC_REPRESENTATION_ITEM() RATIONAL_B_SPLINE_CURVE((1.,0.5,1.,0.5,
1.,0.5,1.)) REPRESENTATION_ITEM('') );
#8232 = CARTESIAN_POINT('',(-17.38019895202,20.945929131522));
#8233 = CARTESIAN_POINT('',(-17.38019895202,22.028460886253));
#8234 = CARTESIAN_POINT('',(-16.44269895202,21.487195008888));
#8235 = CARTESIAN_POINT('',(-15.50519895202,20.945929131522));
#8236 = CARTESIAN_POINT('',(-16.44269895202,20.404663254157));
#8237 = CARTESIAN_POINT('',(-17.38019895202,19.863397376792));
#8238 = CARTESIAN_POINT('',(-17.38019895202,20.945929131522));
#8239 = ( GEOMETRIC_REPRESENTATION_CONTEXT(2) 
PARAMETRIC_REPRESENTATION_CONTEXT() REPRESENTATION_CONTEXT('2D SPACE',''
  ) );
#8240 = PCURVE('',#4086,#8241);
#8241 = DEFINITIONAL_REPRESENTATION('',(#8242),#8246);
#8242 = LINE('',#8243,#8244);
#8243 = CARTESIAN_POINT('',(0.,1.61));
#8244 = VECTOR('',#8245,1.);
#8245 = DIRECTION('',(1.,0.));
#8246 = ( GEOMETRIC_REPRESENTATION_CONTEXT(2) 
PARAMETRIC_REPRESENTATION_CONTEXT() REPRESENTATION_CONTEXT('2D SPACE',''
  ) );
#8247 = FACE_BOUND('',#8248,.F.);
#8248 = EDGE_LOOP('',(#8249));
#8249 = ORIENTED_EDGE('',*,*,#8250,.T.);
#8250 = EDGE_CURVE('',#8251,#8251,#8253,.T.);
#8251 = VERTEX_POINT('',#8252);
#8252 = CARTESIAN_POINT('',(74.875,-31.9,1.6));
#8253 = SURFACE_CURVE('',#8254,(#8259,#8270),.PCURVE_S1.);
#8254 = CIRCLE('',#8255,0.525);
#8255 = AXIS2_PLACEMENT_3D('',#8256,#8257,#8258);
#8256 = CARTESIAN_POINT('',(74.35,-31.9,1.6));
#8257 = DIRECTION('',(0.,0.,1.));
#8258 = DIRECTION('',(1.,0.,-0.));
#8259 = PCURVE('',#90,#8260);
#8260 = DEFINITIONAL_REPRESENTATION('',(#8261),#8269);
#8261 = ( BOUNDED_CURVE() B_SPLINE_CURVE(2,(#8262,#8263,#8264,#8265,
#8266,#8267,#8268),.UNSPECIFIED.,.T.,.F.) B_SPLINE_CURVE_WITH_KNOTS((1,2
    ,2,2,2,1),(-2.094395102393,0.,2.094395102393,4.188790204786,
6.28318530718,8.377580409573),.UNSPECIFIED.) CURVE() 
GEOMETRIC_REPRESENTATION_ITEM() RATIONAL_B_SPLINE_CURVE((1.,0.5,1.,0.5,
1.,0.5,1.)) REPRESENTATION_ITEM('') );
#8262 = CARTESIAN_POINT('',(-5.680198952024,15.445929131522));
#8263 = CARTESIAN_POINT('',(-5.680198952024,16.355255805496));
#8264 = CARTESIAN_POINT('',(-4.892698952024,15.900592468509));
#8265 = CARTESIAN_POINT('',(-4.105198952024,15.445929131522));
#8266 = CARTESIAN_POINT('',(-4.892698952024,14.991265794536));
#8267 = CARTESIAN_POINT('',(-5.680198952024,14.536602457549));
#8268 = CARTESIAN_POINT('',(-5.680198952024,15.445929131522));
#8269 = ( GEOMETRIC_REPRESENTATION_CONTEXT(2) 
PARAMETRIC_REPRESENTATION_CONTEXT() REPRESENTATION_CONTEXT('2D SPACE',''
  ) );
#8270 = PCURVE('',#4121,#8271);
#8271 = DEFINITIONAL_REPRESENTATION('',(#8272),#8276);
#8272 = LINE('',#8273,#8274);
#8273 = CARTESIAN_POINT('',(0.,1.61));
#8274 = VECTOR('',#8275,1.);
#8275 = DIRECTION('',(1.,0.));
#8276 = ( GEOMETRIC_REPRESENTATION_CONTEXT(2) 
PARAMETRIC_REPRESENTATION_CONTEXT() REPRESENTATION_CONTEXT('2D SPACE',''
  ) );
#8277 = FACE_BOUND('',#8278,.F.);
#8278 = EDGE_LOOP('',(#8279));
#8279 = ORIENTED_EDGE('',*,*,#8280,.T.);
#8280 = EDGE_CURVE('',#8281,#8281,#8283,.T.);
#8281 = VERTEX_POINT('',#8282);
#8282 = CARTESIAN_POINT('',(69.575,-26.4,1.6));
#8283 = SURFACE_CURVE('',#8284,(#8289,#8300),.PCURVE_S1.);
#8284 = CIRCLE('',#8285,0.625);
#8285 = AXIS2_PLACEMENT_3D('',#8286,#8287,#8288);
#8286 = CARTESIAN_POINT('',(68.95,-26.4,1.6));
#8287 = DIRECTION('',(0.,0.,1.));
#8288 = DIRECTION('',(1.,0.,-0.));
#8289 = PCURVE('',#90,#8290);
#8290 = DEFINITIONAL_REPRESENTATION('',(#8291),#8299);
#8291 = ( BOUNDED_CURVE() B_SPLINE_CURVE(2,(#8292,#8293,#8294,#8295,
#8296,#8297,#8298),.UNSPECIFIED.,.T.,.F.) B_SPLINE_CURVE_WITH_KNOTS((1,2
    ,2,2,2,1),(-2.094395102393,0.,2.094395102393,4.188790204786,
6.28318530718,8.377580409573),.UNSPECIFIED.) CURVE() 
GEOMETRIC_REPRESENTATION_ITEM() RATIONAL_B_SPLINE_CURVE((1.,0.5,1.,0.5,
1.,0.5,1.)) REPRESENTATION_ITEM('') );
#8292 = CARTESIAN_POINT('',(-0.380198952024,20.945929131522));
#8293 = CARTESIAN_POINT('',(-0.380198952024,22.028460886253));
#8294 = CARTESIAN_POINT('',(0.557301047976,21.487195008888));
#8295 = CARTESIAN_POINT('',(1.494801047976,20.945929131522));
#8296 = CARTESIAN_POINT('',(0.557301047976,20.404663254157));
#8297 = CARTESIAN_POINT('',(-0.380198952024,19.863397376792));
#8298 = CARTESIAN_POINT('',(-0.380198952024,20.945929131522));
#8299 = ( GEOMETRIC_REPRESENTATION_CONTEXT(2) 
PARAMETRIC_REPRESENTATION_CONTEXT() REPRESENTATION_CONTEXT('2D SPACE',''
  ) );
#8300 = PCURVE('',#4156,#8301);
#8301 = DEFINITIONAL_REPRESENTATION('',(#8302),#8306);
#8302 = LINE('',#8303,#8304);
#8303 = CARTESIAN_POINT('',(0.,1.61));
#8304 = VECTOR('',#8305,1.);
#8305 = DIRECTION('',(1.,0.));
#8306 = ( GEOMETRIC_REPRESENTATION_CONTEXT(2) 
PARAMETRIC_REPRESENTATION_CONTEXT() REPRESENTATION_CONTEXT('2D SPACE',''
  ) );
#8307 = FACE_BOUND('',#8308,.F.);
#8308 = EDGE_LOOP('',(#8309));
#8309 = ORIENTED_EDGE('',*,*,#8310,.T.);
#8310 = EDGE_CURVE('',#8311,#8311,#8313,.T.);
#8311 = VERTEX_POINT('',#8312);
#8312 = CARTESIAN_POINT('',(131.769999,-2.45,1.6));
#8313 = SURFACE_CURVE('',#8314,(#8319,#8330),.PCURVE_S1.);
#8314 = CIRCLE('',#8315,1.1);
#8315 = AXIS2_PLACEMENT_3D('',#8316,#8317,#8318);
#8316 = CARTESIAN_POINT('',(130.669999,-2.45,1.6));
#8317 = DIRECTION('',(0.,0.,1.));
#8318 = DIRECTION('',(1.,0.,-0.));
#8319 = PCURVE('',#90,#8320);
#8320 = DEFINITIONAL_REPRESENTATION('',(#8321),#8329);
#8321 = ( BOUNDED_CURVE() B_SPLINE_CURVE(2,(#8322,#8323,#8324,#8325,
#8326,#8327,#8328),.UNSPECIFIED.,.T.,.F.) B_SPLINE_CURVE_WITH_KNOTS((1,2
    ,2,2,2,1),(-2.094395102393,0.,2.094395102393,4.188790204786,
6.28318530718,8.377580409573),.UNSPECIFIED.) CURVE() 
GEOMETRIC_REPRESENTATION_ITEM() RATIONAL_B_SPLINE_CURVE((1.,0.5,1.,0.5,
1.,0.5,1.)) REPRESENTATION_ITEM('') );
#8322 = CARTESIAN_POINT('',(-62.57519795202,44.895929131522));
#8323 = CARTESIAN_POINT('',(-62.57519795202,46.801185019848));
#8324 = CARTESIAN_POINT('',(-60.92519795202,45.848557075685));
#8325 = CARTESIAN_POINT('',(-59.27519795202,44.895929131522));
#8326 = CARTESIAN_POINT('',(-60.92519795202,43.94330118736));
#8327 = CARTESIAN_POINT('',(-62.57519795202,42.990673243197));
#8328 = CARTESIAN_POINT('',(-62.57519795202,44.895929131522));
#8329 = ( GEOMETRIC_REPRESENTATION_CONTEXT(2) 
PARAMETRIC_REPRESENTATION_CONTEXT() REPRESENTATION_CONTEXT('2D SPACE',''
  ) );
#8330 = PCURVE('',#4191,#8331);
#8331 = DEFINITIONAL_REPRESENTATION('',(#8332),#8336);
#8332 = LINE('',#8333,#8334);
#8333 = CARTESIAN_POINT('',(0.,1.61));
#8334 = VECTOR('',#8335,1.);
#8335 = DIRECTION('',(1.,0.));
#8336 = ( GEOMETRIC_REPRESENTATION_CONTEXT(2) 
PARAMETRIC_REPRESENTATION_CONTEXT() REPRESENTATION_CONTEXT('2D SPACE',''
  ) );
#8337 = FACE_BOUND('',#8338,.F.);
#8338 = EDGE_LOOP('',(#8339));
#8339 = ORIENTED_EDGE('',*,*,#8340,.T.);
#8340 = EDGE_CURVE('',#8341,#8341,#8343,.T.);
#8341 = VERTEX_POINT('',#8342);
#8342 = CARTESIAN_POINT('',(103.575,-9.4,1.6));
#8343 = SURFACE_CURVE('',#8344,(#8349,#8360),.PCURVE_S1.);
#8344 = CIRCLE('',#8345,0.625);
#8345 = AXIS2_PLACEMENT_3D('',#8346,#8347,#8348);
#8346 = CARTESIAN_POINT('',(102.95,-9.4,1.6));
#8347 = DIRECTION('',(0.,0.,1.));
#8348 = DIRECTION('',(1.,0.,-0.));
#8349 = PCURVE('',#90,#8350);
#8350 = DEFINITIONAL_REPRESENTATION('',(#8351),#8359);
#8351 = ( BOUNDED_CURVE() B_SPLINE_CURVE(2,(#8352,#8353,#8354,#8355,
#8356,#8357,#8358),.UNSPECIFIED.,.T.,.F.) B_SPLINE_CURVE_WITH_KNOTS((1,2
    ,2,2,2,1),(-2.094395102393,0.,2.094395102393,4.188790204786,
6.28318530718,8.377580409573),.UNSPECIFIED.) CURVE() 
GEOMETRIC_REPRESENTATION_ITEM() RATIONAL_B_SPLINE_CURVE((1.,0.5,1.,0.5,
1.,0.5,1.)) REPRESENTATION_ITEM('') );
#8352 = CARTESIAN_POINT('',(-34.38019895202,37.945929131522));
#8353 = CARTESIAN_POINT('',(-34.38019895202,39.028460886253));
#8354 = CARTESIAN_POINT('',(-33.44269895202,38.487195008888));
#8355 = CARTESIAN_POINT('',(-32.50519895202,37.945929131522));
#8356 = CARTESIAN_POINT('',(-33.44269895202,37.404663254157));
#8357 = CARTESIAN_POINT('',(-34.38019895202,36.863397376792));
#8358 = CARTESIAN_POINT('',(-34.38019895202,37.945929131522));
#8359 = ( GEOMETRIC_REPRESENTATION_CONTEXT(2) 
PARAMETRIC_REPRESENTATION_CONTEXT() REPRESENTATION_CONTEXT('2D SPACE',''
  ) );
#8360 = PCURVE('',#4226,#8361);
#8361 = DEFINITIONAL_REPRESENTATION('',(#8362),#8366);
#8362 = LINE('',#8363,#8364);
#8363 = CARTESIAN_POINT('',(0.,1.61));
#8364 = VECTOR('',#8365,1.);
#8365 = DIRECTION('',(1.,0.));
#8366 = ( GEOMETRIC_REPRESENTATION_CONTEXT(2) 
PARAMETRIC_REPRESENTATION_CONTEXT() REPRESENTATION_CONTEXT('2D SPACE',''
  ) );
#8367 = FACE_BOUND('',#8368,.F.);
#8368 = EDGE_LOOP('',(#8369));
#8369 = ORIENTED_EDGE('',*,*,#8370,.T.);
#8370 = EDGE_CURVE('',#8371,#8371,#8373,.T.);
#8371 = VERTEX_POINT('',#8372);
#8372 = CARTESIAN_POINT('',(113.73,-2.45,1.6));
#8373 = SURFACE_CURVE('',#8374,(#8379,#8390),.PCURVE_S1.);
#8374 = CIRCLE('',#8375,1.1);
#8375 = AXIS2_PLACEMENT_3D('',#8376,#8377,#8378);
#8376 = CARTESIAN_POINT('',(112.63,-2.45,1.6));
#8377 = DIRECTION('',(0.,0.,1.));
#8378 = DIRECTION('',(1.,0.,-0.));
#8379 = PCURVE('',#90,#8380);
#8380 = DEFINITIONAL_REPRESENTATION('',(#8381),#8389);
#8381 = ( BOUNDED_CURVE() B_SPLINE_CURVE(2,(#8382,#8383,#8384,#8385,
#8386,#8387,#8388),.UNSPECIFIED.,.T.,.F.) B_SPLINE_CURVE_WITH_KNOTS((1,2
    ,2,2,2,1),(-2.094395102393,0.,2.094395102393,4.188790204786,
6.28318530718,8.377580409573),.UNSPECIFIED.) CURVE() 
GEOMETRIC_REPRESENTATION_ITEM() RATIONAL_B_SPLINE_CURVE((1.,0.5,1.,0.5,
1.,0.5,1.)) REPRESENTATION_ITEM('') );
#8382 = CARTESIAN_POINT('',(-44.53519895202,44.895929131522));
#8383 = CARTESIAN_POINT('',(-44.53519895202,46.801185019848));
#8384 = CARTESIAN_POINT('',(-42.88519895202,45.848557075685));
#8385 = CARTESIAN_POINT('',(-41.23519895202,44.895929131522));
#8386 = CARTESIAN_POINT('',(-42.88519895202,43.94330118736));
#8387 = CARTESIAN_POINT('',(-44.53519895202,42.990673243197));
#8388 = CARTESIAN_POINT('',(-44.53519895202,44.895929131522));
#8389 = ( GEOMETRIC_REPRESENTATION_CONTEXT(2) 
PARAMETRIC_REPRESENTATION_CONTEXT() REPRESENTATION_CONTEXT('2D SPACE',''
  ) );
#8390 = PCURVE('',#4261,#8391);
#8391 = DEFINITIONAL_REPRESENTATION('',(#8392),#8396);
#8392 = LINE('',#8393,#8394);
#8393 = CARTESIAN_POINT('',(0.,1.61));
#8394 = VECTOR('',#8395,1.);
#8395 = DIRECTION('',(1.,0.));
#8396 = ( GEOMETRIC_REPRESENTATION_CONTEXT(2) 
PARAMETRIC_REPRESENTATION_CONTEXT() REPRESENTATION_CONTEXT('2D SPACE',''
  ) );
#8397 = FACE_BOUND('',#8398,.F.);
#8398 = EDGE_LOOP('',(#8399));
#8399 = ORIENTED_EDGE('',*,*,#8400,.T.);
#8400 = EDGE_CURVE('',#8401,#8401,#8403,.T.);
#8401 = VERTEX_POINT('',#8402);
#8402 = CARTESIAN_POINT('',(91.875,-14.9,1.6));
#8403 = SURFACE_CURVE('',#8404,(#8409,#8420),.PCURVE_S1.);
#8404 = CIRCLE('',#8405,0.525);
#8405 = AXIS2_PLACEMENT_3D('',#8406,#8407,#8408);
#8406 = CARTESIAN_POINT('',(91.35,-14.9,1.6));
#8407 = DIRECTION('',(0.,0.,1.));
#8408 = DIRECTION('',(1.,0.,-0.));
#8409 = PCURVE('',#90,#8410);
#8410 = DEFINITIONAL_REPRESENTATION('',(#8411),#8419);
#8411 = ( BOUNDED_CURVE() B_SPLINE_CURVE(2,(#8412,#8413,#8414,#8415,
#8416,#8417,#8418),.UNSPECIFIED.,.T.,.F.) B_SPLINE_CURVE_WITH_KNOTS((1,2
    ,2,2,2,1),(-2.094395102393,0.,2.094395102393,4.188790204786,
6.28318530718,8.377580409573),.UNSPECIFIED.) CURVE() 
GEOMETRIC_REPRESENTATION_ITEM() RATIONAL_B_SPLINE_CURVE((1.,0.5,1.,0.5,
1.,0.5,1.)) REPRESENTATION_ITEM('') );
#8412 = CARTESIAN_POINT('',(-22.68019895202,32.445929131522));
#8413 = CARTESIAN_POINT('',(-22.68019895202,33.355255805496));
#8414 = CARTESIAN_POINT('',(-21.89269895202,32.900592468509));
#8415 = CARTESIAN_POINT('',(-21.10519895202,32.445929131522));
#8416 = CARTESIAN_POINT('',(-21.89269895202,31.991265794536));
#8417 = CARTESIAN_POINT('',(-22.68019895202,31.536602457549));
#8418 = CARTESIAN_POINT('',(-22.68019895202,32.445929131522));
#8419 = ( GEOMETRIC_REPRESENTATION_CONTEXT(2) 
PARAMETRIC_REPRESENTATION_CONTEXT() REPRESENTATION_CONTEXT('2D SPACE',''
  ) );
#8420 = PCURVE('',#4296,#8421);
#8421 = DEFINITIONAL_REPRESENTATION('',(#8422),#8426);
#8422 = LINE('',#8423,#8424);
#8423 = CARTESIAN_POINT('',(0.,1.61));
#8424 = VECTOR('',#8425,1.);
#8425 = DIRECTION('',(1.,0.));
#8426 = ( GEOMETRIC_REPRESENTATION_CONTEXT(2) 
PARAMETRIC_REPRESENTATION_CONTEXT() REPRESENTATION_CONTEXT('2D SPACE',''
  ) );
#8427 = FACE_BOUND('',#8428,.F.);
#8428 = EDGE_LOOP('',(#8429));
#8429 = ORIENTED_EDGE('',*,*,#8430,.T.);
#8430 = EDGE_CURVE('',#8431,#8431,#8433,.T.);
#8431 = VERTEX_POINT('',#8432);
#8432 = CARTESIAN_POINT('',(74.875,-14.9,1.6));
#8433 = SURFACE_CURVE('',#8434,(#8439,#8450),.PCURVE_S1.);
#8434 = CIRCLE('',#8435,0.525);
#8435 = AXIS2_PLACEMENT_3D('',#8436,#8437,#8438);
#8436 = CARTESIAN_POINT('',(74.35,-14.9,1.6));
#8437 = DIRECTION('',(0.,0.,1.));
#8438 = DIRECTION('',(1.,0.,-0.));
#8439 = PCURVE('',#90,#8440);
#8440 = DEFINITIONAL_REPRESENTATION('',(#8441),#8449);
#8441 = ( BOUNDED_CURVE() B_SPLINE_CURVE(2,(#8442,#8443,#8444,#8445,
#8446,#8447,#8448),.UNSPECIFIED.,.T.,.F.) B_SPLINE_CURVE_WITH_KNOTS((1,2
    ,2,2,2,1),(-2.094395102393,0.,2.094395102393,4.188790204786,
6.28318530718,8.377580409573),.UNSPECIFIED.) CURVE() 
GEOMETRIC_REPRESENTATION_ITEM() RATIONAL_B_SPLINE_CURVE((1.,0.5,1.,0.5,
1.,0.5,1.)) REPRESENTATION_ITEM('') );
#8442 = CARTESIAN_POINT('',(-5.680198952024,32.445929131522));
#8443 = CARTESIAN_POINT('',(-5.680198952024,33.355255805496));
#8444 = CARTESIAN_POINT('',(-4.892698952024,32.900592468509));
#8445 = CARTESIAN_POINT('',(-4.105198952024,32.445929131522));
#8446 = CARTESIAN_POINT('',(-4.892698952024,31.991265794536));
#8447 = CARTESIAN_POINT('',(-5.680198952024,31.536602457549));
#8448 = CARTESIAN_POINT('',(-5.680198952024,32.445929131522));
#8449 = ( GEOMETRIC_REPRESENTATION_CONTEXT(2) 
PARAMETRIC_REPRESENTATION_CONTEXT() REPRESENTATION_CONTEXT('2D SPACE',''
  ) );
#8450 = PCURVE('',#4331,#8451);
#8451 = DEFINITIONAL_REPRESENTATION('',(#8452),#8456);
#8452 = LINE('',#8453,#8454);
#8453 = CARTESIAN_POINT('',(0.,1.61));
#8454 = VECTOR('',#8455,1.);
#8455 = DIRECTION('',(1.,0.));
#8456 = ( GEOMETRIC_REPRESENTATION_CONTEXT(2) 
PARAMETRIC_REPRESENTATION_CONTEXT() REPRESENTATION_CONTEXT('2D SPACE',''
  ) );
#8457 = FACE_BOUND('',#8458,.F.);
#8458 = EDGE_LOOP('',(#8459));
#8459 = ORIENTED_EDGE('',*,*,#8460,.T.);
#8460 = EDGE_CURVE('',#8461,#8461,#8463,.T.);
#8461 = VERTEX_POINT('',#8462);
#8462 = CARTESIAN_POINT('',(86.575,-9.4,1.6));
#8463 = SURFACE_CURVE('',#8464,(#8469,#8480),.PCURVE_S1.);
#8464 = CIRCLE('',#8465,0.625);
#8465 = AXIS2_PLACEMENT_3D('',#8466,#8467,#8468);
#8466 = CARTESIAN_POINT('',(85.95,-9.4,1.6));
#8467 = DIRECTION('',(0.,0.,1.));
#8468 = DIRECTION('',(1.,0.,-0.));
#8469 = PCURVE('',#90,#8470);
#8470 = DEFINITIONAL_REPRESENTATION('',(#8471),#8479);
#8471 = ( BOUNDED_CURVE() B_SPLINE_CURVE(2,(#8472,#8473,#8474,#8475,
#8476,#8477,#8478),.UNSPECIFIED.,.T.,.F.) B_SPLINE_CURVE_WITH_KNOTS((1,2
    ,2,2,2,1),(-2.094395102393,0.,2.094395102393,4.188790204786,
6.28318530718,8.377580409573),.UNSPECIFIED.) CURVE() 
GEOMETRIC_REPRESENTATION_ITEM() RATIONAL_B_SPLINE_CURVE((1.,0.5,1.,0.5,
1.,0.5,1.)) REPRESENTATION_ITEM('') );
#8472 = CARTESIAN_POINT('',(-17.38019895202,37.945929131522));
#8473 = CARTESIAN_POINT('',(-17.38019895202,39.028460886253));
#8474 = CARTESIAN_POINT('',(-16.44269895202,38.487195008888));
#8475 = CARTESIAN_POINT('',(-15.50519895202,37.945929131522));
#8476 = CARTESIAN_POINT('',(-16.44269895202,37.404663254157));
#8477 = CARTESIAN_POINT('',(-17.38019895202,36.863397376792));
#8478 = CARTESIAN_POINT('',(-17.38019895202,37.945929131522));
#8479 = ( GEOMETRIC_REPRESENTATION_CONTEXT(2) 
PARAMETRIC_REPRESENTATION_CONTEXT() REPRESENTATION_CONTEXT('2D SPACE',''
  ) );
#8480 = PCURVE('',#4366,#8481);
#8481 = DEFINITIONAL_REPRESENTATION('',(#8482),#8486);
#8482 = LINE('',#8483,#8484);
#8483 = CARTESIAN_POINT('',(0.,1.61));
#8484 = VECTOR('',#8485,1.);
#8485 = DIRECTION('',(1.,0.));
#8486 = ( GEOMETRIC_REPRESENTATION_CONTEXT(2) 
PARAMETRIC_REPRESENTATION_CONTEXT() REPRESENTATION_CONTEXT('2D SPACE',''
  ) );
#8487 = FACE_BOUND('',#8488,.F.);
#8488 = EDGE_LOOP('',(#8489));
#8489 = ORIENTED_EDGE('',*,*,#8490,.T.);
#8490 = EDGE_CURVE('',#8491,#8491,#8493,.T.);
#8491 = VERTEX_POINT('',#8492);
#8492 = CARTESIAN_POINT('',(69.575,-9.4,1.6));
#8493 = SURFACE_CURVE('',#8494,(#8499,#8510),.PCURVE_S1.);
#8494 = CIRCLE('',#8495,0.625);
#8495 = AXIS2_PLACEMENT_3D('',#8496,#8497,#8498);
#8496 = CARTESIAN_POINT('',(68.95,-9.4,1.6));
#8497 = DIRECTION('',(0.,0.,1.));
#8498 = DIRECTION('',(1.,0.,-0.));
#8499 = PCURVE('',#90,#8500);
#8500 = DEFINITIONAL_REPRESENTATION('',(#8501),#8509);
#8501 = ( BOUNDED_CURVE() B_SPLINE_CURVE(2,(#8502,#8503,#8504,#8505,
#8506,#8507,#8508),.UNSPECIFIED.,.T.,.F.) B_SPLINE_CURVE_WITH_KNOTS((1,2
    ,2,2,2,1),(-2.094395102393,0.,2.094395102393,4.188790204786,
6.28318530718,8.377580409573),.UNSPECIFIED.) CURVE() 
GEOMETRIC_REPRESENTATION_ITEM() RATIONAL_B_SPLINE_CURVE((1.,0.5,1.,0.5,
1.,0.5,1.)) REPRESENTATION_ITEM('') );
#8502 = CARTESIAN_POINT('',(-0.380198952024,37.945929131522));
#8503 = CARTESIAN_POINT('',(-0.380198952024,39.028460886253));
#8504 = CARTESIAN_POINT('',(0.557301047976,38.487195008888));
#8505 = CARTESIAN_POINT('',(1.494801047976,37.945929131522));
#8506 = CARTESIAN_POINT('',(0.557301047976,37.404663254157));
#8507 = CARTESIAN_POINT('',(-0.380198952024,36.863397376792));
#8508 = CARTESIAN_POINT('',(-0.380198952024,37.945929131522));
#8509 = ( GEOMETRIC_REPRESENTATION_CONTEXT(2) 
PARAMETRIC_REPRESENTATION_CONTEXT() REPRESENTATION_CONTEXT('2D SPACE',''
  ) );
#8510 = PCURVE('',#4401,#8511);
#8511 = DEFINITIONAL_REPRESENTATION('',(#8512),#8516);
#8512 = LINE('',#8513,#8514);
#8513 = CARTESIAN_POINT('',(0.,1.61));
#8514 = VECTOR('',#8515,1.);
#8515 = DIRECTION('',(1.,0.));
#8516 = ( GEOMETRIC_REPRESENTATION_CONTEXT(2) 
PARAMETRIC_REPRESENTATION_CONTEXT() REPRESENTATION_CONTEXT('2D SPACE',''
  ) );
#8517 = FACE_BOUND('',#8518,.F.);
#8518 = EDGE_LOOP('',(#8519));
#8519 = ORIENTED_EDGE('',*,*,#8520,.T.);
#8520 = EDGE_CURVE('',#8521,#8521,#8523,.T.);
#8521 = VERTEX_POINT('',#8522);
#8522 = CARTESIAN_POINT('',(52.575,-43.4,1.6));
#8523 = SURFACE_CURVE('',#8524,(#8529,#8540),.PCURVE_S1.);
#8524 = CIRCLE('',#8525,0.625);
#8525 = AXIS2_PLACEMENT_3D('',#8526,#8527,#8528);
#8526 = CARTESIAN_POINT('',(51.95,-43.4,1.6));
#8527 = DIRECTION('',(0.,0.,1.));
#8528 = DIRECTION('',(1.,0.,-0.));
#8529 = PCURVE('',#90,#8530);
#8530 = DEFINITIONAL_REPRESENTATION('',(#8531),#8539);
#8531 = ( BOUNDED_CURVE() B_SPLINE_CURVE(2,(#8532,#8533,#8534,#8535,
#8536,#8537,#8538),.UNSPECIFIED.,.T.,.F.) B_SPLINE_CURVE_WITH_KNOTS((1,2
    ,2,2,2,1),(-2.094395102393,0.,2.094395102393,4.188790204786,
6.28318530718,8.377580409573),.UNSPECIFIED.) CURVE() 
GEOMETRIC_REPRESENTATION_ITEM() RATIONAL_B_SPLINE_CURVE((1.,0.5,1.,0.5,
1.,0.5,1.)) REPRESENTATION_ITEM('') );
#8532 = CARTESIAN_POINT('',(16.619801047976,3.945929131522));
#8533 = CARTESIAN_POINT('',(16.619801047976,5.028460886253));
#8534 = CARTESIAN_POINT('',(17.557301047976,4.487195008888));
#8535 = CARTESIAN_POINT('',(18.494801047976,3.945929131522));
#8536 = CARTESIAN_POINT('',(17.557301047976,3.404663254157));
#8537 = CARTESIAN_POINT('',(16.619801047976,2.863397376792));
#8538 = CARTESIAN_POINT('',(16.619801047976,3.945929131522));
#8539 = ( GEOMETRIC_REPRESENTATION_CONTEXT(2) 
PARAMETRIC_REPRESENTATION_CONTEXT() REPRESENTATION_CONTEXT('2D SPACE',''
  ) );
#8540 = PCURVE('',#4436,#8541);
#8541 = DEFINITIONAL_REPRESENTATION('',(#8542),#8546);
#8542 = LINE('',#8543,#8544);
#8543 = CARTESIAN_POINT('',(0.,1.61));
#8544 = VECTOR('',#8545,1.);
#8545 = DIRECTION('',(1.,0.));
#8546 = ( GEOMETRIC_REPRESENTATION_CONTEXT(2) 
PARAMETRIC_REPRESENTATION_CONTEXT() REPRESENTATION_CONTEXT('2D SPACE',''
  ) );
#8547 = FACE_BOUND('',#8548,.F.);
#8548 = EDGE_LOOP('',(#8549));
#8549 = ORIENTED_EDGE('',*,*,#8550,.T.);
#8550 = EDGE_CURVE('',#8551,#8551,#8553,.T.);
#8551 = VERTEX_POINT('',#8552);
#8552 = CARTESIAN_POINT('',(35.575,-43.4,1.6));
#8553 = SURFACE_CURVE('',#8554,(#8559,#8570),.PCURVE_S1.);
#8554 = CIRCLE('',#8555,0.625);
#8555 = AXIS2_PLACEMENT_3D('',#8556,#8557,#8558);
#8556 = CARTESIAN_POINT('',(34.95,-43.4,1.6));
#8557 = DIRECTION('',(0.,0.,1.));
#8558 = DIRECTION('',(1.,0.,-0.));
#8559 = PCURVE('',#90,#8560);
#8560 = DEFINITIONAL_REPRESENTATION('',(#8561),#8569);
#8561 = ( BOUNDED_CURVE() B_SPLINE_CURVE(2,(#8562,#8563,#8564,#8565,
#8566,#8567,#8568),.UNSPECIFIED.,.T.,.F.) B_SPLINE_CURVE_WITH_KNOTS((1,2
    ,2,2,2,1),(-2.094395102393,0.,2.094395102393,4.188790204786,
6.28318530718,8.377580409573),.UNSPECIFIED.) CURVE() 
GEOMETRIC_REPRESENTATION_ITEM() RATIONAL_B_SPLINE_CURVE((1.,0.5,1.,0.5,
1.,0.5,1.)) REPRESENTATION_ITEM('') );
#8562 = CARTESIAN_POINT('',(33.619801047976,3.945929131522));
#8563 = CARTESIAN_POINT('',(33.619801047976,5.028460886253));
#8564 = CARTESIAN_POINT('',(34.557301047976,4.487195008888));
#8565 = CARTESIAN_POINT('',(35.494801047976,3.945929131522));
#8566 = CARTESIAN_POINT('',(34.557301047976,3.404663254157));
#8567 = CARTESIAN_POINT('',(33.619801047976,2.863397376792));
#8568 = CARTESIAN_POINT('',(33.619801047976,3.945929131522));
#8569 = ( GEOMETRIC_REPRESENTATION_CONTEXT(2) 
PARAMETRIC_REPRESENTATION_CONTEXT() REPRESENTATION_CONTEXT('2D SPACE',''
  ) );
#8570 = PCURVE('',#4471,#8571);
#8571 = DEFINITIONAL_REPRESENTATION('',(#8572),#8576);
#8572 = LINE('',#8573,#8574);
#8573 = CARTESIAN_POINT('',(0.,1.61));
#8574 = VECTOR('',#8575,1.);
#8575 = DIRECTION('',(1.,0.));
#8576 = ( GEOMETRIC_REPRESENTATION_CONTEXT(2) 
PARAMETRIC_REPRESENTATION_CONTEXT() REPRESENTATION_CONTEXT('2D SPACE',''
  ) );
#8577 = FACE_BOUND('',#8578,.F.);
#8578 = EDGE_LOOP('',(#8579));
#8579 = ORIENTED_EDGE('',*,*,#8580,.T.);
#8580 = EDGE_CURVE('',#8581,#8581,#8583,.T.);
#8581 = VERTEX_POINT('',#8582);
#8582 = CARTESIAN_POINT('',(57.875,-31.9,1.6));
#8583 = SURFACE_CURVE('',#8584,(#8589,#8600),.PCURVE_S1.);
#8584 = CIRCLE('',#8585,0.525);
#8585 = AXIS2_PLACEMENT_3D('',#8586,#8587,#8588);
#8586 = CARTESIAN_POINT('',(57.35,-31.9,1.6));
#8587 = DIRECTION('',(0.,0.,1.));
#8588 = DIRECTION('',(1.,0.,-0.));
#8589 = PCURVE('',#90,#8590);
#8590 = DEFINITIONAL_REPRESENTATION('',(#8591),#8599);
#8591 = ( BOUNDED_CURVE() B_SPLINE_CURVE(2,(#8592,#8593,#8594,#8595,
#8596,#8597,#8598),.UNSPECIFIED.,.T.,.F.) B_SPLINE_CURVE_WITH_KNOTS((1,2
    ,2,2,2,1),(-2.094395102393,0.,2.094395102393,4.188790204786,
6.28318530718,8.377580409573),.UNSPECIFIED.) CURVE() 
GEOMETRIC_REPRESENTATION_ITEM() RATIONAL_B_SPLINE_CURVE((1.,0.5,1.,0.5,
1.,0.5,1.)) REPRESENTATION_ITEM('') );
#8592 = CARTESIAN_POINT('',(11.319801047976,15.445929131522));
#8593 = CARTESIAN_POINT('',(11.319801047976,16.355255805496));
#8594 = CARTESIAN_POINT('',(12.107301047976,15.900592468509));
#8595 = CARTESIAN_POINT('',(12.894801047976,15.445929131522));
#8596 = CARTESIAN_POINT('',(12.107301047976,14.991265794536));
#8597 = CARTESIAN_POINT('',(11.319801047976,14.536602457549));
#8598 = CARTESIAN_POINT('',(11.319801047976,15.445929131522));
#8599 = ( GEOMETRIC_REPRESENTATION_CONTEXT(2) 
PARAMETRIC_REPRESENTATION_CONTEXT() REPRESENTATION_CONTEXT('2D SPACE',''
  ) );
#8600 = PCURVE('',#4506,#8601);
#8601 = DEFINITIONAL_REPRESENTATION('',(#8602),#8606);
#8602 = LINE('',#8603,#8604);
#8603 = CARTESIAN_POINT('',(0.,1.61));
#8604 = VECTOR('',#8605,1.);
#8605 = DIRECTION('',(1.,0.));
#8606 = ( GEOMETRIC_REPRESENTATION_CONTEXT(2) 
PARAMETRIC_REPRESENTATION_CONTEXT() REPRESENTATION_CONTEXT('2D SPACE',''
  ) );
#8607 = FACE_BOUND('',#8608,.F.);
#8608 = EDGE_LOOP('',(#8609));
#8609 = ORIENTED_EDGE('',*,*,#8610,.T.);
#8610 = EDGE_CURVE('',#8611,#8611,#8613,.T.);
#8611 = VERTEX_POINT('',#8612);
#8612 = CARTESIAN_POINT('',(52.575,-26.4,1.6));
#8613 = SURFACE_CURVE('',#8614,(#8619,#8630),.PCURVE_S1.);
#8614 = CIRCLE('',#8615,0.625);
#8615 = AXIS2_PLACEMENT_3D('',#8616,#8617,#8618);
#8616 = CARTESIAN_POINT('',(51.95,-26.4,1.6));
#8617 = DIRECTION('',(0.,0.,1.));
#8618 = DIRECTION('',(1.,0.,-0.));
#8619 = PCURVE('',#90,#8620);
#8620 = DEFINITIONAL_REPRESENTATION('',(#8621),#8629);
#8621 = ( BOUNDED_CURVE() B_SPLINE_CURVE(2,(#8622,#8623,#8624,#8625,
#8626,#8627,#8628),.UNSPECIFIED.,.T.,.F.) B_SPLINE_CURVE_WITH_KNOTS((1,2
    ,2,2,2,1),(-2.094395102393,0.,2.094395102393,4.188790204786,
6.28318530718,8.377580409573),.UNSPECIFIED.) CURVE() 
GEOMETRIC_REPRESENTATION_ITEM() RATIONAL_B_SPLINE_CURVE((1.,0.5,1.,0.5,
1.,0.5,1.)) REPRESENTATION_ITEM('') );
#8622 = CARTESIAN_POINT('',(16.619801047976,20.945929131522));
#8623 = CARTESIAN_POINT('',(16.619801047976,22.028460886253));
#8624 = CARTESIAN_POINT('',(17.557301047976,21.487195008888));
#8625 = CARTESIAN_POINT('',(18.494801047976,20.945929131522));
#8626 = CARTESIAN_POINT('',(17.557301047976,20.404663254157));
#8627 = CARTESIAN_POINT('',(16.619801047976,19.863397376792));
#8628 = CARTESIAN_POINT('',(16.619801047976,20.945929131522));
#8629 = ( GEOMETRIC_REPRESENTATION_CONTEXT(2) 
PARAMETRIC_REPRESENTATION_CONTEXT() REPRESENTATION_CONTEXT('2D SPACE',''
  ) );
#8630 = PCURVE('',#4541,#8631);
#8631 = DEFINITIONAL_REPRESENTATION('',(#8632),#8636);
#8632 = LINE('',#8633,#8634);
#8633 = CARTESIAN_POINT('',(0.,1.61));
#8634 = VECTOR('',#8635,1.);
#8635 = DIRECTION('',(1.,0.));
#8636 = ( GEOMETRIC_REPRESENTATION_CONTEXT(2) 
PARAMETRIC_REPRESENTATION_CONTEXT() REPRESENTATION_CONTEXT('2D SPACE',''
  ) );
#8637 = FACE_BOUND('',#8638,.F.);
#8638 = EDGE_LOOP('',(#8639));
#8639 = ORIENTED_EDGE('',*,*,#8640,.T.);
#8640 = EDGE_CURVE('',#8641,#8641,#8643,.T.);
#8641 = VERTEX_POINT('',#8642);
#8642 = CARTESIAN_POINT('',(40.875,-31.9,1.6));
#8643 = SURFACE_CURVE('',#8644,(#8649,#8660),.PCURVE_S1.);
#8644 = CIRCLE('',#8645,0.525);
#8645 = AXIS2_PLACEMENT_3D('',#8646,#8647,#8648);
#8646 = CARTESIAN_POINT('',(40.35,-31.9,1.6));
#8647 = DIRECTION('',(0.,0.,1.));
#8648 = DIRECTION('',(1.,0.,-0.));
#8649 = PCURVE('',#90,#8650);
#8650 = DEFINITIONAL_REPRESENTATION('',(#8651),#8659);
#8651 = ( BOUNDED_CURVE() B_SPLINE_CURVE(2,(#8652,#8653,#8654,#8655,
#8656,#8657,#8658),.UNSPECIFIED.,.T.,.F.) B_SPLINE_CURVE_WITH_KNOTS((1,2
    ,2,2,2,1),(-2.094395102393,0.,2.094395102393,4.188790204786,
6.28318530718,8.377580409573),.UNSPECIFIED.) CURVE() 
GEOMETRIC_REPRESENTATION_ITEM() RATIONAL_B_SPLINE_CURVE((1.,0.5,1.,0.5,
1.,0.5,1.)) REPRESENTATION_ITEM('') );
#8652 = CARTESIAN_POINT('',(28.319801047976,15.445929131522));
#8653 = CARTESIAN_POINT('',(28.319801047976,16.355255805496));
#8654 = CARTESIAN_POINT('',(29.107301047976,15.900592468509));
#8655 = CARTESIAN_POINT('',(29.894801047976,15.445929131522));
#8656 = CARTESIAN_POINT('',(29.107301047976,14.991265794536));
#8657 = CARTESIAN_POINT('',(28.319801047976,14.536602457549));
#8658 = CARTESIAN_POINT('',(28.319801047976,15.445929131522));
#8659 = ( GEOMETRIC_REPRESENTATION_CONTEXT(2) 
PARAMETRIC_REPRESENTATION_CONTEXT() REPRESENTATION_CONTEXT('2D SPACE',''
  ) );
#8660 = PCURVE('',#4576,#8661);
#8661 = DEFINITIONAL_REPRESENTATION('',(#8662),#8666);
#8662 = LINE('',#8663,#8664);
#8663 = CARTESIAN_POINT('',(0.,1.61));
#8664 = VECTOR('',#8665,1.);
#8665 = DIRECTION('',(1.,0.));
#8666 = ( GEOMETRIC_REPRESENTATION_CONTEXT(2) 
PARAMETRIC_REPRESENTATION_CONTEXT() REPRESENTATION_CONTEXT('2D SPACE',''
  ) );
#8667 = FACE_BOUND('',#8668,.F.);
#8668 = EDGE_LOOP('',(#8669));
#8669 = ORIENTED_EDGE('',*,*,#8670,.T.);
#8670 = EDGE_CURVE('',#8671,#8671,#8673,.T.);
#8671 = VERTEX_POINT('',#8672);
#8672 = CARTESIAN_POINT('',(35.575,-26.4,1.6));
#8673 = SURFACE_CURVE('',#8674,(#8679,#8690),.PCURVE_S1.);
#8674 = CIRCLE('',#8675,0.625);
#8675 = AXIS2_PLACEMENT_3D('',#8676,#8677,#8678);
#8676 = CARTESIAN_POINT('',(34.95,-26.4,1.6));
#8677 = DIRECTION('',(0.,0.,1.));
#8678 = DIRECTION('',(1.,0.,-0.));
#8679 = PCURVE('',#90,#8680);
#8680 = DEFINITIONAL_REPRESENTATION('',(#8681),#8689);
#8681 = ( BOUNDED_CURVE() B_SPLINE_CURVE(2,(#8682,#8683,#8684,#8685,
#8686,#8687,#8688),.UNSPECIFIED.,.T.,.F.) B_SPLINE_CURVE_WITH_KNOTS((1,2
    ,2,2,2,1),(-2.094395102393,0.,2.094395102393,4.188790204786,
6.28318530718,8.377580409573),.UNSPECIFIED.) CURVE() 
GEOMETRIC_REPRESENTATION_ITEM() RATIONAL_B_SPLINE_CURVE((1.,0.5,1.,0.5,
1.,0.5,1.)) REPRESENTATION_ITEM('') );
#8682 = CARTESIAN_POINT('',(33.619801047976,20.945929131522));
#8683 = CARTESIAN_POINT('',(33.619801047976,22.028460886253));
#8684 = CARTESIAN_POINT('',(34.557301047976,21.487195008888));
#8685 = CARTESIAN_POINT('',(35.494801047976,20.945929131522));
#8686 = CARTESIAN_POINT('',(34.557301047976,20.404663254157));
#8687 = CARTESIAN_POINT('',(33.619801047976,19.863397376792));
#8688 = CARTESIAN_POINT('',(33.619801047976,20.945929131522));
#8689 = ( GEOMETRIC_REPRESENTATION_CONTEXT(2) 
PARAMETRIC_REPRESENTATION_CONTEXT() REPRESENTATION_CONTEXT('2D SPACE',''
  ) );
#8690 = PCURVE('',#4611,#8691);
#8691 = DEFINITIONAL_REPRESENTATION('',(#8692),#8696);
#8692 = LINE('',#8693,#8694);
#8693 = CARTESIAN_POINT('',(0.,1.61));
#8694 = VECTOR('',#8695,1.);
#8695 = DIRECTION('',(1.,0.));
#8696 = ( GEOMETRIC_REPRESENTATION_CONTEXT(2) 
PARAMETRIC_REPRESENTATION_CONTEXT() REPRESENTATION_CONTEXT('2D SPACE',''
  ) );
#8697 = FACE_BOUND('',#8698,.F.);
#8698 = EDGE_LOOP('',(#8699));
#8699 = ORIENTED_EDGE('',*,*,#8700,.T.);
#8700 = EDGE_CURVE('',#8701,#8701,#8703,.T.);
#8701 = VERTEX_POINT('',#8702);
#8702 = CARTESIAN_POINT('',(18.575,-43.4,1.6));
#8703 = SURFACE_CURVE('',#8704,(#8709,#8720),.PCURVE_S1.);
#8704 = CIRCLE('',#8705,0.625);
#8705 = AXIS2_PLACEMENT_3D('',#8706,#8707,#8708);
#8706 = CARTESIAN_POINT('',(17.95,-43.4,1.6));
#8707 = DIRECTION('',(0.,0.,1.));
#8708 = DIRECTION('',(1.,0.,-0.));
#8709 = PCURVE('',#90,#8710);
#8710 = DEFINITIONAL_REPRESENTATION('',(#8711),#8719);
#8711 = ( BOUNDED_CURVE() B_SPLINE_CURVE(2,(#8712,#8713,#8714,#8715,
#8716,#8717,#8718),.UNSPECIFIED.,.T.,.F.) B_SPLINE_CURVE_WITH_KNOTS((1,2
    ,2,2,2,1),(-2.094395102393,0.,2.094395102393,4.188790204786,
6.28318530718,8.377580409573),.UNSPECIFIED.) CURVE() 
GEOMETRIC_REPRESENTATION_ITEM() RATIONAL_B_SPLINE_CURVE((1.,0.5,1.,0.5,
1.,0.5,1.)) REPRESENTATION_ITEM('') );
#8712 = CARTESIAN_POINT('',(50.619801047976,3.945929131522));
#8713 = CARTESIAN_POINT('',(50.619801047976,5.028460886253));
#8714 = CARTESIAN_POINT('',(51.557301047976,4.487195008888));
#8715 = CARTESIAN_POINT('',(52.494801047976,3.945929131522));
#8716 = CARTESIAN_POINT('',(51.557301047976,3.404663254157));
#8717 = CARTESIAN_POINT('',(50.619801047976,2.863397376792));
#8718 = CARTESIAN_POINT('',(50.619801047976,3.945929131522));
#8719 = ( GEOMETRIC_REPRESENTATION_CONTEXT(2) 
PARAMETRIC_REPRESENTATION_CONTEXT() REPRESENTATION_CONTEXT('2D SPACE',''
  ) );
#8720 = PCURVE('',#4646,#8721);
#8721 = DEFINITIONAL_REPRESENTATION('',(#8722),#8726);
#8722 = LINE('',#8723,#8724);
#8723 = CARTESIAN_POINT('',(0.,1.61));
#8724 = VECTOR('',#8725,1.);
#8725 = DIRECTION('',(1.,0.));
#8726 = ( GEOMETRIC_REPRESENTATION_CONTEXT(2) 
PARAMETRIC_REPRESENTATION_CONTEXT() REPRESENTATION_CONTEXT('2D SPACE',''
  ) );
#8727 = FACE_BOUND('',#8728,.F.);
#8728 = EDGE_LOOP('',(#8729));
#8729 = ORIENTED_EDGE('',*,*,#8730,.T.);
#8730 = EDGE_CURVE('',#8731,#8731,#8733,.T.);
#8731 = VERTEX_POINT('',#8732);
#8732 = CARTESIAN_POINT('',(23.875,-31.9,1.6));
#8733 = SURFACE_CURVE('',#8734,(#8739,#8750),.PCURVE_S1.);
#8734 = CIRCLE('',#8735,0.525);
#8735 = AXIS2_PLACEMENT_3D('',#8736,#8737,#8738);
#8736 = CARTESIAN_POINT('',(23.35,-31.9,1.6));
#8737 = DIRECTION('',(0.,0.,1.));
#8738 = DIRECTION('',(1.,0.,-0.));
#8739 = PCURVE('',#90,#8740);
#8740 = DEFINITIONAL_REPRESENTATION('',(#8741),#8749);
#8741 = ( BOUNDED_CURVE() B_SPLINE_CURVE(2,(#8742,#8743,#8744,#8745,
#8746,#8747,#8748),.UNSPECIFIED.,.T.,.F.) B_SPLINE_CURVE_WITH_KNOTS((1,2
    ,2,2,2,1),(-2.094395102393,0.,2.094395102393,4.188790204786,
6.28318530718,8.377580409573),.UNSPECIFIED.) CURVE() 
GEOMETRIC_REPRESENTATION_ITEM() RATIONAL_B_SPLINE_CURVE((1.,0.5,1.,0.5,
1.,0.5,1.)) REPRESENTATION_ITEM('') );
#8742 = CARTESIAN_POINT('',(45.319801047976,15.445929131522));
#8743 = CARTESIAN_POINT('',(45.319801047976,16.355255805496));
#8744 = CARTESIAN_POINT('',(46.107301047976,15.900592468509));
#8745 = CARTESIAN_POINT('',(46.894801047976,15.445929131522));
#8746 = CARTESIAN_POINT('',(46.107301047976,14.991265794536));
#8747 = CARTESIAN_POINT('',(45.319801047976,14.536602457549));
#8748 = CARTESIAN_POINT('',(45.319801047976,15.445929131522));
#8749 = ( GEOMETRIC_REPRESENTATION_CONTEXT(2) 
PARAMETRIC_REPRESENTATION_CONTEXT() REPRESENTATION_CONTEXT('2D SPACE',''
  ) );
#8750 = PCURVE('',#4681,#8751);
#8751 = DEFINITIONAL_REPRESENTATION('',(#8752),#8756);
#8752 = LINE('',#8753,#8754);
#8753 = CARTESIAN_POINT('',(0.,1.61));
#8754 = VECTOR('',#8755,1.);
#8755 = DIRECTION('',(1.,0.));
#8756 = ( GEOMETRIC_REPRESENTATION_CONTEXT(2) 
PARAMETRIC_REPRESENTATION_CONTEXT() REPRESENTATION_CONTEXT('2D SPACE',''
  ) );
#8757 = FACE_BOUND('',#8758,.F.);
#8758 = EDGE_LOOP('',(#8759));
#8759 = ORIENTED_EDGE('',*,*,#8760,.T.);
#8760 = EDGE_CURVE('',#8761,#8761,#8763,.T.);
#8761 = VERTEX_POINT('',#8762);
#8762 = CARTESIAN_POINT('',(18.575,-26.4,1.6));
#8763 = SURFACE_CURVE('',#8764,(#8769,#8780),.PCURVE_S1.);
#8764 = CIRCLE('',#8765,0.625);
#8765 = AXIS2_PLACEMENT_3D('',#8766,#8767,#8768);
#8766 = CARTESIAN_POINT('',(17.95,-26.4,1.6));
#8767 = DIRECTION('',(0.,0.,1.));
#8768 = DIRECTION('',(1.,0.,-0.));
#8769 = PCURVE('',#90,#8770);
#8770 = DEFINITIONAL_REPRESENTATION('',(#8771),#8779);
#8771 = ( BOUNDED_CURVE() B_SPLINE_CURVE(2,(#8772,#8773,#8774,#8775,
#8776,#8777,#8778),.UNSPECIFIED.,.T.,.F.) B_SPLINE_CURVE_WITH_KNOTS((1,2
    ,2,2,2,1),(-2.094395102393,0.,2.094395102393,4.188790204786,
6.28318530718,8.377580409573),.UNSPECIFIED.) CURVE() 
GEOMETRIC_REPRESENTATION_ITEM() RATIONAL_B_SPLINE_CURVE((1.,0.5,1.,0.5,
1.,0.5,1.)) REPRESENTATION_ITEM('') );
#8772 = CARTESIAN_POINT('',(50.619801047976,20.945929131522));
#8773 = CARTESIAN_POINT('',(50.619801047976,22.028460886253));
#8774 = CARTESIAN_POINT('',(51.557301047976,21.487195008888));
#8775 = CARTESIAN_POINT('',(52.494801047976,20.945929131522));
#8776 = CARTESIAN_POINT('',(51.557301047976,20.404663254157));
#8777 = CARTESIAN_POINT('',(50.619801047976,19.863397376792));
#8778 = CARTESIAN_POINT('',(50.619801047976,20.945929131522));
#8779 = ( GEOMETRIC_REPRESENTATION_CONTEXT(2) 
PARAMETRIC_REPRESENTATION_CONTEXT() REPRESENTATION_CONTEXT('2D SPACE',''
  ) );
#8780 = PCURVE('',#4716,#8781);
#8781 = DEFINITIONAL_REPRESENTATION('',(#8782),#8786);
#8782 = LINE('',#8783,#8784);
#8783 = CARTESIAN_POINT('',(0.,1.61));
#8784 = VECTOR('',#8785,1.);
#8785 = DIRECTION('',(1.,0.));
#8786 = ( GEOMETRIC_REPRESENTATION_CONTEXT(2) 
PARAMETRIC_REPRESENTATION_CONTEXT() REPRESENTATION_CONTEXT('2D SPACE',''
  ) );
#8787 = FACE_BOUND('',#8788,.F.);
#8788 = EDGE_LOOP('',(#8789));
#8789 = ORIENTED_EDGE('',*,*,#8790,.T.);
#8790 = EDGE_CURVE('',#8791,#8791,#8793,.T.);
#8791 = VERTEX_POINT('',#8792);
#8792 = CARTESIAN_POINT('',(6.875,-31.9,1.6));
#8793 = SURFACE_CURVE('',#8794,(#8799,#8810),.PCURVE_S1.);
#8794 = CIRCLE('',#8795,0.525);
#8795 = AXIS2_PLACEMENT_3D('',#8796,#8797,#8798);
#8796 = CARTESIAN_POINT('',(6.35,-31.9,1.6));
#8797 = DIRECTION('',(0.,0.,1.));
#8798 = DIRECTION('',(1.,0.,-0.));
#8799 = PCURVE('',#90,#8800);
#8800 = DEFINITIONAL_REPRESENTATION('',(#8801),#8809);
#8801 = ( BOUNDED_CURVE() B_SPLINE_CURVE(2,(#8802,#8803,#8804,#8805,
#8806,#8807,#8808),.UNSPECIFIED.,.T.,.F.) B_SPLINE_CURVE_WITH_KNOTS((1,2
    ,2,2,2,1),(-2.094395102393,0.,2.094395102393,4.188790204786,
6.28318530718,8.377580409573),.UNSPECIFIED.) CURVE() 
GEOMETRIC_REPRESENTATION_ITEM() RATIONAL_B_SPLINE_CURVE((1.,0.5,1.,0.5,
1.,0.5,1.)) REPRESENTATION_ITEM('') );
#8802 = CARTESIAN_POINT('',(62.319801047976,15.445929131522));
#8803 = CARTESIAN_POINT('',(62.319801047976,16.355255805496));
#8804 = CARTESIAN_POINT('',(63.107301047976,15.900592468509));
#8805 = CARTESIAN_POINT('',(63.894801047976,15.445929131522));
#8806 = CARTESIAN_POINT('',(63.107301047976,14.991265794536));
#8807 = CARTESIAN_POINT('',(62.319801047976,14.536602457549));
#8808 = CARTESIAN_POINT('',(62.319801047976,15.445929131522));
#8809 = ( GEOMETRIC_REPRESENTATION_CONTEXT(2) 
PARAMETRIC_REPRESENTATION_CONTEXT() REPRESENTATION_CONTEXT('2D SPACE',''
  ) );
#8810 = PCURVE('',#4751,#8811);
#8811 = DEFINITIONAL_REPRESENTATION('',(#8812),#8816);
#8812 = LINE('',#8813,#8814);
#8813 = CARTESIAN_POINT('',(0.,1.61));
#8814 = VECTOR('',#8815,1.);
#8815 = DIRECTION('',(1.,0.));
#8816 = ( GEOMETRIC_REPRESENTATION_CONTEXT(2) 
PARAMETRIC_REPRESENTATION_CONTEXT() REPRESENTATION_CONTEXT('2D SPACE',''
  ) );
#8817 = FACE_BOUND('',#8818,.F.);
#8818 = EDGE_LOOP('',(#8819));
#8819 = ORIENTED_EDGE('',*,*,#8820,.T.);
#8820 = EDGE_CURVE('',#8821,#8821,#8823,.T.);
#8821 = VERTEX_POINT('',#8822);
#8822 = CARTESIAN_POINT('',(57.875,-14.9,1.6));
#8823 = SURFACE_CURVE('',#8824,(#8829,#8840),.PCURVE_S1.);
#8824 = CIRCLE('',#8825,0.525);
#8825 = AXIS2_PLACEMENT_3D('',#8826,#8827,#8828);
#8826 = CARTESIAN_POINT('',(57.35,-14.9,1.6));
#8827 = DIRECTION('',(0.,0.,1.));
#8828 = DIRECTION('',(1.,0.,-0.));
#8829 = PCURVE('',#90,#8830);
#8830 = DEFINITIONAL_REPRESENTATION('',(#8831),#8839);
#8831 = ( BOUNDED_CURVE() B_SPLINE_CURVE(2,(#8832,#8833,#8834,#8835,
#8836,#8837,#8838),.UNSPECIFIED.,.T.,.F.) B_SPLINE_CURVE_WITH_KNOTS((1,2
    ,2,2,2,1),(-2.094395102393,0.,2.094395102393,4.188790204786,
6.28318530718,8.377580409573),.UNSPECIFIED.) CURVE() 
GEOMETRIC_REPRESENTATION_ITEM() RATIONAL_B_SPLINE_CURVE((1.,0.5,1.,0.5,
1.,0.5,1.)) REPRESENTATION_ITEM('') );
#8832 = CARTESIAN_POINT('',(11.319801047976,32.445929131522));
#8833 = CARTESIAN_POINT('',(11.319801047976,33.355255805496));
#8834 = CARTESIAN_POINT('',(12.107301047976,32.900592468509));
#8835 = CARTESIAN_POINT('',(12.894801047976,32.445929131522));
#8836 = CARTESIAN_POINT('',(12.107301047976,31.991265794536));
#8837 = CARTESIAN_POINT('',(11.319801047976,31.536602457549));
#8838 = CARTESIAN_POINT('',(11.319801047976,32.445929131522));
#8839 = ( GEOMETRIC_REPRESENTATION_CONTEXT(2) 
PARAMETRIC_REPRESENTATION_CONTEXT() REPRESENTATION_CONTEXT('2D SPACE',''
  ) );
#8840 = PCURVE('',#4786,#8841);
#8841 = DEFINITIONAL_REPRESENTATION('',(#8842),#8846);
#8842 = LINE('',#8843,#8844);
#8843 = CARTESIAN_POINT('',(0.,1.61));
#8844 = VECTOR('',#8845,1.);
#8845 = DIRECTION('',(1.,0.));
#8846 = ( GEOMETRIC_REPRESENTATION_CONTEXT(2) 
PARAMETRIC_REPRESENTATION_CONTEXT() REPRESENTATION_CONTEXT('2D SPACE',''
  ) );
#8847 = FACE_BOUND('',#8848,.F.);
#8848 = EDGE_LOOP('',(#8849));
#8849 = ORIENTED_EDGE('',*,*,#8850,.T.);
#8850 = EDGE_CURVE('',#8851,#8851,#8853,.T.);
#8851 = VERTEX_POINT('',#8852);
#8852 = CARTESIAN_POINT('',(40.875,-14.9,1.6));
#8853 = SURFACE_CURVE('',#8854,(#8859,#8870),.PCURVE_S1.);
#8854 = CIRCLE('',#8855,0.525);
#8855 = AXIS2_PLACEMENT_3D('',#8856,#8857,#8858);
#8856 = CARTESIAN_POINT('',(40.35,-14.9,1.6));
#8857 = DIRECTION('',(0.,0.,1.));
#8858 = DIRECTION('',(1.,0.,-0.));
#8859 = PCURVE('',#90,#8860);
#8860 = DEFINITIONAL_REPRESENTATION('',(#8861),#8869);
#8861 = ( BOUNDED_CURVE() B_SPLINE_CURVE(2,(#8862,#8863,#8864,#8865,
#8866,#8867,#8868),.UNSPECIFIED.,.T.,.F.) B_SPLINE_CURVE_WITH_KNOTS((1,2
    ,2,2,2,1),(-2.094395102393,0.,2.094395102393,4.188790204786,
6.28318530718,8.377580409573),.UNSPECIFIED.) CURVE() 
GEOMETRIC_REPRESENTATION_ITEM() RATIONAL_B_SPLINE_CURVE((1.,0.5,1.,0.5,
1.,0.5,1.)) REPRESENTATION_ITEM('') );
#8862 = CARTESIAN_POINT('',(28.319801047976,32.445929131522));
#8863 = CARTESIAN_POINT('',(28.319801047976,33.355255805496));
#8864 = CARTESIAN_POINT('',(29.107301047976,32.900592468509));
#8865 = CARTESIAN_POINT('',(29.894801047976,32.445929131522));
#8866 = CARTESIAN_POINT('',(29.107301047976,31.991265794536));
#8867 = CARTESIAN_POINT('',(28.319801047976,31.536602457549));
#8868 = CARTESIAN_POINT('',(28.319801047976,32.445929131522));
#8869 = ( GEOMETRIC_REPRESENTATION_CONTEXT(2) 
PARAMETRIC_REPRESENTATION_CONTEXT() REPRESENTATION_CONTEXT('2D SPACE',''
  ) );
#8870 = PCURVE('',#4821,#8871);
#8871 = DEFINITIONAL_REPRESENTATION('',(#8872),#8876);
#8872 = LINE('',#8873,#8874);
#8873 = CARTESIAN_POINT('',(0.,1.61));
#8874 = VECTOR('',#8875,1.);
#8875 = DIRECTION('',(1.,0.));
#8876 = ( GEOMETRIC_REPRESENTATION_CONTEXT(2) 
PARAMETRIC_REPRESENTATION_CONTEXT() REPRESENTATION_CONTEXT('2D SPACE',''
  ) );
#8877 = FACE_BOUND('',#8878,.F.);
#8878 = EDGE_LOOP('',(#8879));
#8879 = ORIENTED_EDGE('',*,*,#8880,.T.);
#8880 = EDGE_CURVE('',#8881,#8881,#8883,.T.);
#8881 = VERTEX_POINT('',#8882);
#8882 = CARTESIAN_POINT('',(52.575,-9.4,1.6));
#8883 = SURFACE_CURVE('',#8884,(#8889,#8900),.PCURVE_S1.);
#8884 = CIRCLE('',#8885,0.625);
#8885 = AXIS2_PLACEMENT_3D('',#8886,#8887,#8888);
#8886 = CARTESIAN_POINT('',(51.95,-9.4,1.6));
#8887 = DIRECTION('',(0.,0.,1.));
#8888 = DIRECTION('',(1.,0.,-0.));
#8889 = PCURVE('',#90,#8890);
#8890 = DEFINITIONAL_REPRESENTATION('',(#8891),#8899);
#8891 = ( BOUNDED_CURVE() B_SPLINE_CURVE(2,(#8892,#8893,#8894,#8895,
#8896,#8897,#8898),.UNSPECIFIED.,.T.,.F.) B_SPLINE_CURVE_WITH_KNOTS((1,2
    ,2,2,2,1),(-2.094395102393,0.,2.094395102393,4.188790204786,
6.28318530718,8.377580409573),.UNSPECIFIED.) CURVE() 
GEOMETRIC_REPRESENTATION_ITEM() RATIONAL_B_SPLINE_CURVE((1.,0.5,1.,0.5,
1.,0.5,1.)) REPRESENTATION_ITEM('') );
#8892 = CARTESIAN_POINT('',(16.619801047976,37.945929131522));
#8893 = CARTESIAN_POINT('',(16.619801047976,39.028460886253));
#8894 = CARTESIAN_POINT('',(17.557301047976,38.487195008888));
#8895 = CARTESIAN_POINT('',(18.494801047976,37.945929131522));
#8896 = CARTESIAN_POINT('',(17.557301047976,37.404663254157));
#8897 = CARTESIAN_POINT('',(16.619801047976,36.863397376792));
#8898 = CARTESIAN_POINT('',(16.619801047976,37.945929131522));
#8899 = ( GEOMETRIC_REPRESENTATION_CONTEXT(2) 
PARAMETRIC_REPRESENTATION_CONTEXT() REPRESENTATION_CONTEXT('2D SPACE',''
  ) );
#8900 = PCURVE('',#4856,#8901);
#8901 = DEFINITIONAL_REPRESENTATION('',(#8902),#8906);
#8902 = LINE('',#8903,#8904);
#8903 = CARTESIAN_POINT('',(0.,1.61));
#8904 = VECTOR('',#8905,1.);
#8905 = DIRECTION('',(1.,0.));
#8906 = ( GEOMETRIC_REPRESENTATION_CONTEXT(2) 
PARAMETRIC_REPRESENTATION_CONTEXT() REPRESENTATION_CONTEXT('2D SPACE',''
  ) );
#8907 = FACE_BOUND('',#8908,.F.);
#8908 = EDGE_LOOP('',(#8909));
#8909 = ORIENTED_EDGE('',*,*,#8910,.T.);
#8910 = EDGE_CURVE('',#8911,#8911,#8913,.T.);
#8911 = VERTEX_POINT('',#8912);
#8912 = CARTESIAN_POINT('',(35.575,-9.4,1.6));
#8913 = SURFACE_CURVE('',#8914,(#8919,#8930),.PCURVE_S1.);
#8914 = CIRCLE('',#8915,0.625);
#8915 = AXIS2_PLACEMENT_3D('',#8916,#8917,#8918);
#8916 = CARTESIAN_POINT('',(34.95,-9.4,1.6));
#8917 = DIRECTION('',(0.,0.,1.));
#8918 = DIRECTION('',(1.,0.,-0.));
#8919 = PCURVE('',#90,#8920);
#8920 = DEFINITIONAL_REPRESENTATION('',(#8921),#8929);
#8921 = ( BOUNDED_CURVE() B_SPLINE_CURVE(2,(#8922,#8923,#8924,#8925,
#8926,#8927,#8928),.UNSPECIFIED.,.T.,.F.) B_SPLINE_CURVE_WITH_KNOTS((1,2
    ,2,2,2,1),(-2.094395102393,0.,2.094395102393,4.188790204786,
6.28318530718,8.377580409573),.UNSPECIFIED.) CURVE() 
GEOMETRIC_REPRESENTATION_ITEM() RATIONAL_B_SPLINE_CURVE((1.,0.5,1.,0.5,
1.,0.5,1.)) REPRESENTATION_ITEM('') );
#8922 = CARTESIAN_POINT('',(33.619801047976,37.945929131522));
#8923 = CARTESIAN_POINT('',(33.619801047976,39.028460886253));
#8924 = CARTESIAN_POINT('',(34.557301047976,38.487195008888));
#8925 = CARTESIAN_POINT('',(35.494801047976,37.945929131522));
#8926 = CARTESIAN_POINT('',(34.557301047976,37.404663254157));
#8927 = CARTESIAN_POINT('',(33.619801047976,36.863397376792));
#8928 = CARTESIAN_POINT('',(33.619801047976,37.945929131522));
#8929 = ( GEOMETRIC_REPRESENTATION_CONTEXT(2) 
PARAMETRIC_REPRESENTATION_CONTEXT() REPRESENTATION_CONTEXT('2D SPACE',''
  ) );
#8930 = PCURVE('',#4891,#8931);
#8931 = DEFINITIONAL_REPRESENTATION('',(#8932),#8936);
#8932 = LINE('',#8933,#8934);
#8933 = CARTESIAN_POINT('',(0.,1.61));
#8934 = VECTOR('',#8935,1.);
#8935 = DIRECTION('',(1.,0.));
#8936 = ( GEOMETRIC_REPRESENTATION_CONTEXT(2) 
PARAMETRIC_REPRESENTATION_CONTEXT() REPRESENTATION_CONTEXT('2D SPACE',''
  ) );
#8937 = FACE_BOUND('',#8938,.F.);
#8938 = EDGE_LOOP('',(#8939));
#8939 = ORIENTED_EDGE('',*,*,#8940,.T.);
#8940 = EDGE_CURVE('',#8941,#8941,#8943,.T.);
#8941 = VERTEX_POINT('',#8942);
#8942 = CARTESIAN_POINT('',(23.875,-14.9,1.6));
#8943 = SURFACE_CURVE('',#8944,(#8949,#8960),.PCURVE_S1.);
#8944 = CIRCLE('',#8945,0.525);
#8945 = AXIS2_PLACEMENT_3D('',#8946,#8947,#8948);
#8946 = CARTESIAN_POINT('',(23.35,-14.9,1.6));
#8947 = DIRECTION('',(0.,0.,1.));
#8948 = DIRECTION('',(1.,0.,-0.));
#8949 = PCURVE('',#90,#8950);
#8950 = DEFINITIONAL_REPRESENTATION('',(#8951),#8959);
#8951 = ( BOUNDED_CURVE() B_SPLINE_CURVE(2,(#8952,#8953,#8954,#8955,
#8956,#8957,#8958),.UNSPECIFIED.,.T.,.F.) B_SPLINE_CURVE_WITH_KNOTS((1,2
    ,2,2,2,1),(-2.094395102393,0.,2.094395102393,4.188790204786,
6.28318530718,8.377580409573),.UNSPECIFIED.) CURVE() 
GEOMETRIC_REPRESENTATION_ITEM() RATIONAL_B_SPLINE_CURVE((1.,0.5,1.,0.5,
1.,0.5,1.)) REPRESENTATION_ITEM('') );
#8952 = CARTESIAN_POINT('',(45.319801047976,32.445929131522));
#8953 = CARTESIAN_POINT('',(45.319801047976,33.355255805496));
#8954 = CARTESIAN_POINT('',(46.107301047976,32.900592468509));
#8955 = CARTESIAN_POINT('',(46.894801047976,32.445929131522));
#8956 = CARTESIAN_POINT('',(46.107301047976,31.991265794536));
#8957 = CARTESIAN_POINT('',(45.319801047976,31.536602457549));
#8958 = CARTESIAN_POINT('',(45.319801047976,32.445929131522));
#8959 = ( GEOMETRIC_REPRESENTATION_CONTEXT(2) 
PARAMETRIC_REPRESENTATION_CONTEXT() REPRESENTATION_CONTEXT('2D SPACE',''
  ) );
#8960 = PCURVE('',#4926,#8961);
#8961 = DEFINITIONAL_REPRESENTATION('',(#8962),#8966);
#8962 = LINE('',#8963,#8964);
#8963 = CARTESIAN_POINT('',(0.,1.61));
#8964 = VECTOR('',#8965,1.);
#8965 = DIRECTION('',(1.,0.));
#8966 = ( GEOMETRIC_REPRESENTATION_CONTEXT(2) 
PARAMETRIC_REPRESENTATION_CONTEXT() REPRESENTATION_CONTEXT('2D SPACE',''
  ) );
#8967 = FACE_BOUND('',#8968,.F.);
#8968 = EDGE_LOOP('',(#8969));
#8969 = ORIENTED_EDGE('',*,*,#8970,.T.);
#8970 = EDGE_CURVE('',#8971,#8971,#8973,.T.);
#8971 = VERTEX_POINT('',#8972);
#8972 = CARTESIAN_POINT('',(6.875,-14.9,1.6));
#8973 = SURFACE_CURVE('',#8974,(#8979,#8990),.PCURVE_S1.);
#8974 = CIRCLE('',#8975,0.525);
#8975 = AXIS2_PLACEMENT_3D('',#8976,#8977,#8978);
#8976 = CARTESIAN_POINT('',(6.35,-14.9,1.6));
#8977 = DIRECTION('',(0.,0.,1.));
#8978 = DIRECTION('',(1.,0.,-0.));
#8979 = PCURVE('',#90,#8980);
#8980 = DEFINITIONAL_REPRESENTATION('',(#8981),#8989);
#8981 = ( BOUNDED_CURVE() B_SPLINE_CURVE(2,(#8982,#8983,#8984,#8985,
#8986,#8987,#8988),.UNSPECIFIED.,.T.,.F.) B_SPLINE_CURVE_WITH_KNOTS((1,2
    ,2,2,2,1),(-2.094395102393,0.,2.094395102393,4.188790204786,
6.28318530718,8.377580409573),.UNSPECIFIED.) CURVE() 
GEOMETRIC_REPRESENTATION_ITEM() RATIONAL_B_SPLINE_CURVE((1.,0.5,1.,0.5,
1.,0.5,1.)) REPRESENTATION_ITEM('') );
#8982 = CARTESIAN_POINT('',(62.319801047976,32.445929131522));
#8983 = CARTESIAN_POINT('',(62.319801047976,33.355255805496));
#8984 = CARTESIAN_POINT('',(63.107301047976,32.900592468509));
#8985 = CARTESIAN_POINT('',(63.894801047976,32.445929131522));
#8986 = CARTESIAN_POINT('',(63.107301047976,31.991265794536));
#8987 = CARTESIAN_POINT('',(62.319801047976,31.536602457549));
#8988 = CARTESIAN_POINT('',(62.319801047976,32.445929131522));
#8989 = ( GEOMETRIC_REPRESENTATION_CONTEXT(2) 
PARAMETRIC_REPRESENTATION_CONTEXT() REPRESENTATION_CONTEXT('2D SPACE',''
  ) );
#8990 = PCURVE('',#4961,#8991);
#8991 = DEFINITIONAL_REPRESENTATION('',(#8992),#8996);
#8992 = LINE('',#8993,#8994);
#8993 = CARTESIAN_POINT('',(0.,1.61));
#8994 = VECTOR('',#8995,1.);
#8995 = DIRECTION('',(1.,0.));
#8996 = ( GEOMETRIC_REPRESENTATION_CONTEXT(2) 
PARAMETRIC_REPRESENTATION_CONTEXT() REPRESENTATION_CONTEXT('2D SPACE',''
  ) );
#8997 = FACE_BOUND('',#8998,.F.);
#8998 = EDGE_LOOP('',(#8999));
#8999 = ORIENTED_EDGE('',*,*,#9000,.T.);
#9000 = EDGE_CURVE('',#9001,#9001,#9003,.T.);
#9001 = VERTEX_POINT('',#9002);
#9002 = CARTESIAN_POINT('',(18.575,-9.4,1.6));
#9003 = SURFACE_CURVE('',#9004,(#9009,#9020),.PCURVE_S1.);
#9004 = CIRCLE('',#9005,0.625);
#9005 = AXIS2_PLACEMENT_3D('',#9006,#9007,#9008);
#9006 = CARTESIAN_POINT('',(17.95,-9.4,1.6));
#9007 = DIRECTION('',(0.,0.,1.));
#9008 = DIRECTION('',(1.,0.,-0.));
#9009 = PCURVE('',#90,#9010);
#9010 = DEFINITIONAL_REPRESENTATION('',(#9011),#9019);
#9011 = ( BOUNDED_CURVE() B_SPLINE_CURVE(2,(#9012,#9013,#9014,#9015,
#9016,#9017,#9018),.UNSPECIFIED.,.T.,.F.) B_SPLINE_CURVE_WITH_KNOTS((1,2
    ,2,2,2,1),(-2.094395102393,0.,2.094395102393,4.188790204786,
6.28318530718,8.377580409573),.UNSPECIFIED.) CURVE() 
GEOMETRIC_REPRESENTATION_ITEM() RATIONAL_B_SPLINE_CURVE((1.,0.5,1.,0.5,
1.,0.5,1.)) REPRESENTATION_ITEM('') );
#9012 = CARTESIAN_POINT('',(50.619801047976,37.945929131522));
#9013 = CARTESIAN_POINT('',(50.619801047976,39.028460886253));
#9014 = CARTESIAN_POINT('',(51.557301047976,38.487195008888));
#9015 = CARTESIAN_POINT('',(52.494801047976,37.945929131522));
#9016 = CARTESIAN_POINT('',(51.557301047976,37.404663254157));
#9017 = CARTESIAN_POINT('',(50.619801047976,36.863397376792));
#9018 = CARTESIAN_POINT('',(50.619801047976,37.945929131522));
#9019 = ( GEOMETRIC_REPRESENTATION_CONTEXT(2) 
PARAMETRIC_REPRESENTATION_CONTEXT() REPRESENTATION_CONTEXT('2D SPACE',''
  ) );
#9020 = PCURVE('',#4996,#9021);
#9021 = DEFINITIONAL_REPRESENTATION('',(#9022),#9026);
#9022 = LINE('',#9023,#9024);
#9023 = CARTESIAN_POINT('',(0.,1.61));
#9024 = VECTOR('',#9025,1.);
#9025 = DIRECTION('',(1.,0.));
#9026 = ( GEOMETRIC_REPRESENTATION_CONTEXT(2) 
PARAMETRIC_REPRESENTATION_CONTEXT() REPRESENTATION_CONTEXT('2D SPACE',''
  ) );
#9027 = FACE_BOUND('',#9028,.F.);
#9028 = EDGE_LOOP('',(#9029));
#9029 = ORIENTED_EDGE('',*,*,#9030,.T.);
#9030 = EDGE_CURVE('',#9031,#9031,#9033,.T.);
#9031 = VERTEX_POINT('',#9032);
#9032 = CARTESIAN_POINT('',(2.95,-2.45,1.6));
#9033 = SURFACE_CURVE('',#9034,(#9039,#9050),.PCURVE_S1.);
#9034 = CIRCLE('',#9035,1.1);
#9035 = AXIS2_PLACEMENT_3D('',#9036,#9037,#9038);
#9036 = CARTESIAN_POINT('',(1.85,-2.45,1.6));
#9037 = DIRECTION('',(0.,0.,1.));
#9038 = DIRECTION('',(1.,0.,-0.));
#9039 = PCURVE('',#90,#9040);
#9040 = DEFINITIONAL_REPRESENTATION('',(#9041),#9049);
#9041 = ( BOUNDED_CURVE() B_SPLINE_CURVE(2,(#9042,#9043,#9044,#9045,
#9046,#9047,#9048),.UNSPECIFIED.,.T.,.F.) B_SPLINE_CURVE_WITH_KNOTS((1,2
    ,2,2,2,1),(-2.094395102393,0.,2.094395102393,4.188790204786,
6.28318530718,8.377580409573),.UNSPECIFIED.) CURVE() 
GEOMETRIC_REPRESENTATION_ITEM() RATIONAL_B_SPLINE_CURVE((1.,0.5,1.,0.5,
1.,0.5,1.)) REPRESENTATION_ITEM('') );
#9042 = CARTESIAN_POINT('',(66.244801047976,44.895929131522));
#9043 = CARTESIAN_POINT('',(66.244801047976,46.801185019848));
#9044 = CARTESIAN_POINT('',(67.894801047976,45.848557075685));
#9045 = CARTESIAN_POINT('',(69.544801047976,44.895929131522));
#9046 = CARTESIAN_POINT('',(67.894801047976,43.94330118736));
#9047 = CARTESIAN_POINT('',(66.244801047976,42.990673243197));
#9048 = CARTESIAN_POINT('',(66.244801047976,44.895929131522));
#9049 = ( GEOMETRIC_REPRESENTATION_CONTEXT(2) 
PARAMETRIC_REPRESENTATION_CONTEXT() REPRESENTATION_CONTEXT('2D SPACE',''
  ) );
#9050 = PCURVE('',#5031,#9051);
#9051 = DEFINITIONAL_REPRESENTATION('',(#9052),#9056);
#9052 = LINE('',#9053,#9054);
#9053 = CARTESIAN_POINT('',(0.,1.61));
#9054 = VECTOR('',#9055,1.);
#9055 = DIRECTION('',(1.,0.));
#9056 = ( GEOMETRIC_REPRESENTATION_CONTEXT(2) 
PARAMETRIC_REPRESENTATION_CONTEXT() REPRESENTATION_CONTEXT('2D SPACE',''
  ) );
#9057 = ADVANCED_FACE('',(#9058),#177,.T.);
#9058 = FACE_BOUND('',#9059,.T.);
#9059 = EDGE_LOOP('',(#9060,#9081,#9082,#9083));
#9060 = ORIENTED_EDGE('',*,*,#9061,.T.);
#9061 = EDGE_CURVE('',#1625,#6130,#9062,.T.);
#9062 = SURFACE_CURVE('',#9063,(#9067,#9074),.PCURVE_S1.);
#9063 = LINE('',#9064,#9065);
#9064 = CARTESIAN_POINT('',(2.,-0.,0.));
#9065 = VECTOR('',#9066,1.);
#9066 = DIRECTION('',(0.,0.,1.));
#9067 = PCURVE('',#177,#9068);
#9068 = DEFINITIONAL_REPRESENTATION('',(#9069),#9073);
#9069 = LINE('',#9070,#9071);
#9070 = CARTESIAN_POINT('',(0.,0.));
#9071 = VECTOR('',#9072,1.);
#9072 = DIRECTION('',(0.,-1.));
#9073 = ( GEOMETRIC_REPRESENTATION_CONTEXT(2) 
PARAMETRIC_REPRESENTATION_CONTEXT() REPRESENTATION_CONTEXT('2D SPACE',''
  ) );
#9074 = PCURVE('',#1640,#9075);
#9075 = DEFINITIONAL_REPRESENTATION('',(#9076),#9080);
#9076 = LINE('',#9077,#9078);
#9077 = CARTESIAN_POINT('',(0.285357047134,0.));
#9078 = VECTOR('',#9079,1.);
#9079 = DIRECTION('',(0.,-1.));
#9080 = ( GEOMETRIC_REPRESENTATION_CONTEXT(2) 
PARAMETRIC_REPRESENTATION_CONTEXT() REPRESENTATION_CONTEXT('2D SPACE',''
  ) );
#9081 = ORIENTED_EDGE('',*,*,#6152,.T.);
#9082 = ORIENTED_EDGE('',*,*,#159,.F.);
#9083 = ORIENTED_EDGE('',*,*,#1652,.F.);
#9084 = ADVANCED_FACE('',(#9085),#275,.T.);
#9085 = FACE_BOUND('',#9086,.T.);
#9086 = EDGE_LOOP('',(#9087,#9088,#9089,#9110));
#9087 = ORIENTED_EDGE('',*,*,#259,.T.);
#9088 = ORIENTED_EDGE('',*,*,#5048,.T.);
#9089 = ORIENTED_EDGE('',*,*,#9090,.F.);
#9090 = EDGE_CURVE('',#314,#5049,#9091,.T.);
#9091 = SURFACE_CURVE('',#9092,(#9096,#9103),.PCURVE_S1.);
#9092 = LINE('',#9093,#9094);
#9093 = CARTESIAN_POINT('',(133.981282,-0.317493,0.));
#9094 = VECTOR('',#9095,1.);
#9095 = DIRECTION('',(0.,0.,1.));
#9096 = PCURVE('',#275,#9097);
#9097 = DEFINITIONAL_REPRESENTATION('',(#9098),#9102);
#9098 = LINE('',#9099,#9100);
#9099 = CARTESIAN_POINT('',(0.285357111972,0.));
#9100 = VECTOR('',#9101,1.);
#9101 = DIRECTION('',(0.,-1.));
#9102 = ( GEOMETRIC_REPRESENTATION_CONTEXT(2) 
PARAMETRIC_REPRESENTATION_CONTEXT() REPRESENTATION_CONTEXT('2D SPACE',''
  ) );
#9103 = PCURVE('',#352,#9104);
#9104 = DEFINITIONAL_REPRESENTATION('',(#9105),#9109);
#9105 = LINE('',#9106,#9107);
#9106 = CARTESIAN_POINT('',(0.,0.));
#9107 = VECTOR('',#9108,1.);
#9108 = DIRECTION('',(0.,-1.));
#9109 = ( GEOMETRIC_REPRESENTATION_CONTEXT(2) 
PARAMETRIC_REPRESENTATION_CONTEXT() REPRESENTATION_CONTEXT('2D SPACE',''
  ) );
#9110 = ORIENTED_EDGE('',*,*,#313,.F.);
#9111 = ADVANCED_FACE('',(#9112),#1640,.T.);
#9112 = FACE_BOUND('',#9113,.T.);
#9113 = EDGE_LOOP('',(#9114,#9135,#9136,#9137));
#9114 = ORIENTED_EDGE('',*,*,#9115,.T.);
#9115 = EDGE_CURVE('',#1597,#6107,#9116,.T.);
#9116 = SURFACE_CURVE('',#9117,(#9121,#9128),.PCURVE_S1.);
#9117 = LINE('',#9118,#9119);
#9118 = CARTESIAN_POINT('',(1.71537,-2.0357E-02,0.));
#9119 = VECTOR('',#9120,1.);
#9120 = DIRECTION('',(0.,0.,1.));
#9121 = PCURVE('',#1640,#9122);
#9122 = DEFINITIONAL_REPRESENTATION('',(#9123),#9127);
#9123 = LINE('',#9124,#9125);
#9124 = CARTESIAN_POINT('',(0.,0.));
#9125 = VECTOR('',#9126,1.);
#9126 = DIRECTION('',(0.,-1.));
#9127 = ( GEOMETRIC_REPRESENTATION_CONTEXT(2) 
PARAMETRIC_REPRESENTATION_CONTEXT() REPRESENTATION_CONTEXT('2D SPACE',''
  ) );
#9128 = PCURVE('',#1612,#9129);
#9129 = DEFINITIONAL_REPRESENTATION('',(#9130),#9134);
#9130 = LINE('',#9131,#9132);
#9131 = CARTESIAN_POINT('',(0.285356319142,0.));
#9132 = VECTOR('',#9133,1.);
#9133 = DIRECTION('',(0.,-1.));
#9134 = ( GEOMETRIC_REPRESENTATION_CONTEXT(2) 
PARAMETRIC_REPRESENTATION_CONTEXT() REPRESENTATION_CONTEXT('2D SPACE',''
  ) );
#9135 = ORIENTED_EDGE('',*,*,#6129,.T.);
#9136 = ORIENTED_EDGE('',*,*,#9061,.F.);
#9137 = ORIENTED_EDGE('',*,*,#1624,.F.);
#9138 = ADVANCED_FACE('',(#9139),#352,.T.);
#9139 = FACE_BOUND('',#9140,.T.);
#9140 = EDGE_LOOP('',(#9141,#9142,#9143,#9164));
#9141 = ORIENTED_EDGE('',*,*,#9090,.T.);
#9142 = ORIENTED_EDGE('',*,*,#5071,.T.);
#9143 = ORIENTED_EDGE('',*,*,#9144,.F.);
#9144 = EDGE_CURVE('',#337,#5072,#9145,.T.);
#9145 = SURFACE_CURVE('',#9146,(#9150,#9157),.PCURVE_S1.);
#9146 = LINE('',#9147,#9148);
#9147 = CARTESIAN_POINT('',(134.209721,-0.488501,0.));
#9148 = VECTOR('',#9149,1.);
#9149 = DIRECTION('',(0.,0.,1.));
#9150 = PCURVE('',#352,#9151);
#9151 = DEFINITIONAL_REPRESENTATION('',(#9152),#9156);
#9152 = LINE('',#9153,#9154);
#9153 = CARTESIAN_POINT('',(0.285356115731,0.));
#9154 = VECTOR('',#9155,1.);
#9155 = DIRECTION('',(0.,-1.));
#9156 = ( GEOMETRIC_REPRESENTATION_CONTEXT(2) 
PARAMETRIC_REPRESENTATION_CONTEXT() REPRESENTATION_CONTEXT('2D SPACE',''
  ) );
#9157 = PCURVE('',#380,#9158);
#9158 = DEFINITIONAL_REPRESENTATION('',(#9159),#9163);
#9159 = LINE('',#9160,#9161);
#9160 = CARTESIAN_POINT('',(0.,0.));
#9161 = VECTOR('',#9162,1.);
#9162 = DIRECTION('',(0.,-1.));
#9163 = ( GEOMETRIC_REPRESENTATION_CONTEXT(2) 
PARAMETRIC_REPRESENTATION_CONTEXT() REPRESENTATION_CONTEXT('2D SPACE',''
  ) );
#9164 = ORIENTED_EDGE('',*,*,#336,.F.);
#9165 = ADVANCED_FACE('',(#9166),#1612,.T.);
#9166 = FACE_BOUND('',#9167,.T.);
#9167 = EDGE_LOOP('',(#9168,#9189,#9190,#9191));
#9168 = ORIENTED_EDGE('',*,*,#9169,.T.);
#9169 = EDGE_CURVE('',#1569,#6084,#9170,.T.);
#9170 = SURFACE_CURVE('',#9171,(#9175,#9182),.PCURVE_S1.);
#9171 = LINE('',#9172,#9173);
#9172 = CARTESIAN_POINT('',(1.436535,-8.1014E-02,0.));
#9173 = VECTOR('',#9174,1.);
#9174 = DIRECTION('',(0.,0.,1.));
#9175 = PCURVE('',#1612,#9176);
#9176 = DEFINITIONAL_REPRESENTATION('',(#9177),#9181);
#9177 = LINE('',#9178,#9179);
#9178 = CARTESIAN_POINT('',(0.,0.));
#9179 = VECTOR('',#9180,1.);
#9180 = DIRECTION('',(0.,-1.));
#9181 = ( GEOMETRIC_REPRESENTATION_CONTEXT(2) 
PARAMETRIC_REPRESENTATION_CONTEXT() REPRESENTATION_CONTEXT('2D SPACE',''
  ) );
#9182 = PCURVE('',#1584,#9183);
#9183 = DEFINITIONAL_REPRESENTATION('',(#9184),#9188);
#9184 = LINE('',#9185,#9186);
#9185 = CARTESIAN_POINT('',(0.285356830143,0.));
#9186 = VECTOR('',#9187,1.);
#9187 = DIRECTION('',(0.,-1.));
#9188 = ( GEOMETRIC_REPRESENTATION_CONTEXT(2) 
PARAMETRIC_REPRESENTATION_CONTEXT() REPRESENTATION_CONTEXT('2D SPACE',''
  ) );
#9189 = ORIENTED_EDGE('',*,*,#6106,.T.);
#9190 = ORIENTED_EDGE('',*,*,#9115,.F.);
#9191 = ORIENTED_EDGE('',*,*,#1596,.F.);
#9192 = ADVANCED_FACE('',(#9193),#380,.T.);
#9193 = FACE_BOUND('',#9194,.T.);
#9194 = EDGE_LOOP('',(#9195,#9196,#9197,#9218));
#9195 = ORIENTED_EDGE('',*,*,#9144,.T.);
#9196 = ORIENTED_EDGE('',*,*,#5094,.T.);
#9197 = ORIENTED_EDGE('',*,*,#9198,.F.);
#9198 = EDGE_CURVE('',#365,#5095,#9199,.T.);
#9199 = SURFACE_CURVE('',#9200,(#9204,#9211),.PCURVE_S1.);
#9200 = LINE('',#9201,#9202);
#9201 = CARTESIAN_POINT('',(134.411499,-0.690279,0.));
#9202 = VECTOR('',#9203,1.);
#9203 = DIRECTION('',(0.,0.,1.));
#9204 = PCURVE('',#380,#9205);
#9205 = DEFINITIONAL_REPRESENTATION('',(#9206),#9210);
#9206 = LINE('',#9207,#9208);
#9207 = CARTESIAN_POINT('',(0.285357184189,0.));
#9208 = VECTOR('',#9209,1.);
#9209 = DIRECTION('',(0.,-1.));
#9210 = ( GEOMETRIC_REPRESENTATION_CONTEXT(2) 
PARAMETRIC_REPRESENTATION_CONTEXT() REPRESENTATION_CONTEXT('2D SPACE',''
  ) );
#9211 = PCURVE('',#408,#9212);
#9212 = DEFINITIONAL_REPRESENTATION('',(#9213),#9217);
#9213 = LINE('',#9214,#9215);
#9214 = CARTESIAN_POINT('',(0.,0.));
#9215 = VECTOR('',#9216,1.);
#9216 = DIRECTION('',(0.,-1.));
#9217 = ( GEOMETRIC_REPRESENTATION_CONTEXT(2) 
PARAMETRIC_REPRESENTATION_CONTEXT() REPRESENTATION_CONTEXT('2D SPACE',''
  ) );
#9218 = ORIENTED_EDGE('',*,*,#364,.F.);
#9219 = ADVANCED_FACE('',(#9220),#1584,.T.);
#9220 = FACE_BOUND('',#9221,.T.);
#9221 = EDGE_LOOP('',(#9222,#9243,#9244,#9245));
#9222 = ORIENTED_EDGE('',*,*,#9223,.T.);
#9223 = EDGE_CURVE('',#1541,#6061,#9224,.T.);
#9224 = SURFACE_CURVE('',#9225,(#9229,#9236),.PCURVE_S1.);
#9225 = LINE('',#9226,#9227);
#9226 = CARTESIAN_POINT('',(1.16917,-0.180736,0.));
#9227 = VECTOR('',#9228,1.);
#9228 = DIRECTION('',(0.,0.,1.));
#9229 = PCURVE('',#1584,#9230);
#9230 = DEFINITIONAL_REPRESENTATION('',(#9231),#9235);
#9231 = LINE('',#9232,#9233);
#9232 = CARTESIAN_POINT('',(0.,0.));
#9233 = VECTOR('',#9234,1.);
#9234 = DIRECTION('',(0.,-1.));
#9235 = ( GEOMETRIC_REPRESENTATION_CONTEXT(2) 
PARAMETRIC_REPRESENTATION_CONTEXT() REPRESENTATION_CONTEXT('2D SPACE',''
  ) );
#9236 = PCURVE('',#1556,#9237);
#9237 = DEFINITIONAL_REPRESENTATION('',(#9238),#9242);
#9238 = LINE('',#9239,#9240);
#9239 = CARTESIAN_POINT('',(0.285357111972,0.));
#9240 = VECTOR('',#9241,1.);
#9241 = DIRECTION('',(0.,-1.));
#9242 = ( GEOMETRIC_REPRESENTATION_CONTEXT(2) 
PARAMETRIC_REPRESENTATION_CONTEXT() REPRESENTATION_CONTEXT('2D SPACE',''
  ) );
#9243 = ORIENTED_EDGE('',*,*,#6083,.T.);
#9244 = ORIENTED_EDGE('',*,*,#9169,.F.);
#9245 = ORIENTED_EDGE('',*,*,#1568,.F.);
#9246 = ADVANCED_FACE('',(#9247),#408,.T.);
#9247 = FACE_BOUND('',#9248,.T.);
#9248 = EDGE_LOOP('',(#9249,#9250,#9251,#9272));
#9249 = ORIENTED_EDGE('',*,*,#9198,.T.);
#9250 = ORIENTED_EDGE('',*,*,#5117,.T.);
#9251 = ORIENTED_EDGE('',*,*,#9252,.F.);
#9252 = EDGE_CURVE('',#393,#5118,#9253,.T.);
#9253 = SURFACE_CURVE('',#9254,(#9258,#9265),.PCURVE_S1.);
#9254 = LINE('',#9255,#9256);
#9255 = CARTESIAN_POINT('',(134.582507,-0.918718,0.));
#9256 = VECTOR('',#9257,1.);
#9257 = DIRECTION('',(0.,0.,1.));
#9258 = PCURVE('',#408,#9259);
#9259 = DEFINITIONAL_REPRESENTATION('',(#9260),#9264);
#9260 = LINE('',#9261,#9262);
#9261 = CARTESIAN_POINT('',(0.285356115731,0.));
#9262 = VECTOR('',#9263,1.);
#9263 = DIRECTION('',(0.,-1.));
#9264 = ( GEOMETRIC_REPRESENTATION_CONTEXT(2) 
PARAMETRIC_REPRESENTATION_CONTEXT() REPRESENTATION_CONTEXT('2D SPACE',''
  ) );
#9265 = PCURVE('',#436,#9266);
#9266 = DEFINITIONAL_REPRESENTATION('',(#9267),#9271);
#9267 = LINE('',#9268,#9269);
#9268 = CARTESIAN_POINT('',(0.,0.));
#9269 = VECTOR('',#9270,1.);
#9270 = DIRECTION('',(0.,-1.));
#9271 = ( GEOMETRIC_REPRESENTATION_CONTEXT(2) 
PARAMETRIC_REPRESENTATION_CONTEXT() REPRESENTATION_CONTEXT('2D SPACE',''
  ) );
#9272 = ORIENTED_EDGE('',*,*,#392,.F.);
#9273 = ADVANCED_FACE('',(#9274),#1556,.T.);
#9274 = FACE_BOUND('',#9275,.T.);
#9275 = EDGE_LOOP('',(#9276,#9297,#9298,#9299));
#9276 = ORIENTED_EDGE('',*,*,#9277,.T.);
#9277 = EDGE_CURVE('',#1513,#6038,#9278,.T.);
#9278 = SURFACE_CURVE('',#9279,(#9283,#9290),.PCURVE_S1.);
#9279 = LINE('',#9280,#9281);
#9280 = CARTESIAN_POINT('',(0.918718,-0.317493,0.));
#9281 = VECTOR('',#9282,1.);
#9282 = DIRECTION('',(0.,0.,1.));
#9283 = PCURVE('',#1556,#9284);
#9284 = DEFINITIONAL_REPRESENTATION('',(#9285),#9289);
#9285 = LINE('',#9286,#9287);
#9286 = CARTESIAN_POINT('',(0.,0.));
#9287 = VECTOR('',#9288,1.);
#9288 = DIRECTION('',(0.,-1.));
#9289 = ( GEOMETRIC_REPRESENTATION_CONTEXT(2) 
PARAMETRIC_REPRESENTATION_CONTEXT() REPRESENTATION_CONTEXT('2D SPACE',''
  ) );
#9290 = PCURVE('',#1528,#9291);
#9291 = DEFINITIONAL_REPRESENTATION('',(#9292),#9296);
#9292 = LINE('',#9293,#9294);
#9293 = CARTESIAN_POINT('',(0.285356916272,0.));
#9294 = VECTOR('',#9295,1.);
#9295 = DIRECTION('',(0.,-1.));
#9296 = ( GEOMETRIC_REPRESENTATION_CONTEXT(2) 
PARAMETRIC_REPRESENTATION_CONTEXT() REPRESENTATION_CONTEXT('2D SPACE',''
  ) );
#9297 = ORIENTED_EDGE('',*,*,#6060,.T.);
#9298 = ORIENTED_EDGE('',*,*,#9223,.F.);
#9299 = ORIENTED_EDGE('',*,*,#1540,.F.);
#9300 = ADVANCED_FACE('',(#9301),#436,.T.);
#9301 = FACE_BOUND('',#9302,.T.);
#9302 = EDGE_LOOP('',(#9303,#9304,#9305,#9326));
#9303 = ORIENTED_EDGE('',*,*,#9252,.T.);
#9304 = ORIENTED_EDGE('',*,*,#5140,.T.);
#9305 = ORIENTED_EDGE('',*,*,#9306,.F.);
#9306 = EDGE_CURVE('',#421,#5141,#9307,.T.);
#9307 = SURFACE_CURVE('',#9308,(#9312,#9319),.PCURVE_S1.);
#9308 = LINE('',#9309,#9310);
#9309 = CARTESIAN_POINT('',(134.719264,-1.16917,0.));
#9310 = VECTOR('',#9311,1.);
#9311 = DIRECTION('',(0.,0.,1.));
#9312 = PCURVE('',#436,#9313);
#9313 = DEFINITIONAL_REPRESENTATION('',(#9314),#9318);
#9314 = LINE('',#9315,#9316);
#9315 = CARTESIAN_POINT('',(0.285357111972,0.));
#9316 = VECTOR('',#9317,1.);
#9317 = DIRECTION('',(0.,-1.));
#9318 = ( GEOMETRIC_REPRESENTATION_CONTEXT(2) 
PARAMETRIC_REPRESENTATION_CONTEXT() REPRESENTATION_CONTEXT('2D SPACE',''
  ) );
#9319 = PCURVE('',#464,#9320);
#9320 = DEFINITIONAL_REPRESENTATION('',(#9321),#9325);
#9321 = LINE('',#9322,#9323);
#9322 = CARTESIAN_POINT('',(0.,0.));
#9323 = VECTOR('',#9324,1.);
#9324 = DIRECTION('',(0.,-1.));
#9325 = ( GEOMETRIC_REPRESENTATION_CONTEXT(2) 
PARAMETRIC_REPRESENTATION_CONTEXT() REPRESENTATION_CONTEXT('2D SPACE',''
  ) );
#9326 = ORIENTED_EDGE('',*,*,#420,.F.);
#9327 = ADVANCED_FACE('',(#9328),#1528,.T.);
#9328 = FACE_BOUND('',#9329,.T.);
#9329 = EDGE_LOOP('',(#9330,#9351,#9352,#9353));
#9330 = ORIENTED_EDGE('',*,*,#9331,.T.);
#9331 = EDGE_CURVE('',#1485,#6015,#9332,.T.);
#9332 = SURFACE_CURVE('',#9333,(#9337,#9344),.PCURVE_S1.);
#9333 = LINE('',#9334,#9335);
#9334 = CARTESIAN_POINT('',(0.690278,-0.488501,0.));
#9335 = VECTOR('',#9336,1.);
#9336 = DIRECTION('',(0.,0.,1.));
#9337 = PCURVE('',#1528,#9338);
#9338 = DEFINITIONAL_REPRESENTATION('',(#9339),#9343);
#9339 = LINE('',#9340,#9341);
#9340 = CARTESIAN_POINT('',(0.,0.));
#9341 = VECTOR('',#9342,1.);
#9342 = DIRECTION('',(0.,-1.));
#9343 = ( GEOMETRIC_REPRESENTATION_CONTEXT(2) 
PARAMETRIC_REPRESENTATION_CONTEXT() REPRESENTATION_CONTEXT('2D SPACE',''
  ) );
#9344 = PCURVE('',#1500,#9345);
#9345 = DEFINITIONAL_REPRESENTATION('',(#9346),#9350);
#9346 = LINE('',#9347,#9348);
#9347 = CARTESIAN_POINT('',(0.285355769975,0.));
#9348 = VECTOR('',#9349,1.);
#9349 = DIRECTION('',(0.,-1.));
#9350 = ( GEOMETRIC_REPRESENTATION_CONTEXT(2) 
PARAMETRIC_REPRESENTATION_CONTEXT() REPRESENTATION_CONTEXT('2D SPACE',''
  ) );
#9351 = ORIENTED_EDGE('',*,*,#6037,.T.);
#9352 = ORIENTED_EDGE('',*,*,#9277,.F.);
#9353 = ORIENTED_EDGE('',*,*,#1512,.F.);
#9354 = ADVANCED_FACE('',(#9355),#464,.T.);
#9355 = FACE_BOUND('',#9356,.T.);
#9356 = EDGE_LOOP('',(#9357,#9358,#9359,#9380));
#9357 = ORIENTED_EDGE('',*,*,#9306,.T.);
#9358 = ORIENTED_EDGE('',*,*,#5163,.T.);
#9359 = ORIENTED_EDGE('',*,*,#9360,.F.);
#9360 = EDGE_CURVE('',#449,#5164,#9361,.T.);
#9361 = SURFACE_CURVE('',#9362,(#9366,#9373),.PCURVE_S1.);
#9362 = LINE('',#9363,#9364);
#9363 = CARTESIAN_POINT('',(134.818986,-1.436535,0.));
#9364 = VECTOR('',#9365,1.);
#9365 = DIRECTION('',(0.,0.,1.));
#9366 = PCURVE('',#464,#9367);
#9367 = DEFINITIONAL_REPRESENTATION('',(#9368),#9372);
#9368 = LINE('',#9369,#9370);
#9369 = CARTESIAN_POINT('',(0.285356830143,0.));
#9370 = VECTOR('',#9371,1.);
#9371 = DIRECTION('',(0.,-1.));
#9372 = ( GEOMETRIC_REPRESENTATION_CONTEXT(2) 
PARAMETRIC_REPRESENTATION_CONTEXT() REPRESENTATION_CONTEXT('2D SPACE',''
  ) );
#9373 = PCURVE('',#492,#9374);
#9374 = DEFINITIONAL_REPRESENTATION('',(#9375),#9379);
#9375 = LINE('',#9376,#9377);
#9376 = CARTESIAN_POINT('',(0.,0.));
#9377 = VECTOR('',#9378,1.);
#9378 = DIRECTION('',(0.,-1.));
#9379 = ( GEOMETRIC_REPRESENTATION_CONTEXT(2) 
PARAMETRIC_REPRESENTATION_CONTEXT() REPRESENTATION_CONTEXT('2D SPACE',''
  ) );
#9380 = ORIENTED_EDGE('',*,*,#448,.F.);
#9381 = ADVANCED_FACE('',(#9382),#1500,.T.);
#9382 = FACE_BOUND('',#9383,.T.);
#9383 = EDGE_LOOP('',(#9384,#9405,#9406,#9407));
#9384 = ORIENTED_EDGE('',*,*,#9385,.T.);
#9385 = EDGE_CURVE('',#1457,#5992,#9386,.T.);
#9386 = SURFACE_CURVE('',#9387,(#9391,#9398),.PCURVE_S1.);
#9387 = LINE('',#9388,#9389);
#9388 = CARTESIAN_POINT('',(0.488501,-0.690278,0.));
#9389 = VECTOR('',#9390,1.);
#9390 = DIRECTION('',(0.,0.,1.));
#9391 = PCURVE('',#1500,#9392);
#9392 = DEFINITIONAL_REPRESENTATION('',(#9393),#9397);
#9393 = LINE('',#9394,#9395);
#9394 = CARTESIAN_POINT('',(0.,0.));
#9395 = VECTOR('',#9396,1.);
#9396 = DIRECTION('',(0.,-1.));
#9397 = ( GEOMETRIC_REPRESENTATION_CONTEXT(2) 
PARAMETRIC_REPRESENTATION_CONTEXT() REPRESENTATION_CONTEXT('2D SPACE',''
  ) );
#9398 = PCURVE('',#1472,#9399);
#9399 = DEFINITIONAL_REPRESENTATION('',(#9400),#9404);
#9400 = LINE('',#9401,#9402);
#9401 = CARTESIAN_POINT('',(0.285356916272,0.));
#9402 = VECTOR('',#9403,1.);
#9403 = DIRECTION('',(0.,-1.));
#9404 = ( GEOMETRIC_REPRESENTATION_CONTEXT(2) 
PARAMETRIC_REPRESENTATION_CONTEXT() REPRESENTATION_CONTEXT('2D SPACE',''
  ) );
#9405 = ORIENTED_EDGE('',*,*,#6014,.T.);
#9406 = ORIENTED_EDGE('',*,*,#9331,.F.);
#9407 = ORIENTED_EDGE('',*,*,#1484,.F.);
#9408 = ADVANCED_FACE('',(#9409),#492,.T.);
#9409 = FACE_BOUND('',#9410,.T.);
#9410 = EDGE_LOOP('',(#9411,#9412,#9413,#9434));
#9411 = ORIENTED_EDGE('',*,*,#9360,.T.);
#9412 = ORIENTED_EDGE('',*,*,#5186,.T.);
#9413 = ORIENTED_EDGE('',*,*,#9414,.F.);
#9414 = EDGE_CURVE('',#477,#5187,#9415,.T.);
#9415 = SURFACE_CURVE('',#9416,(#9420,#9427),.PCURVE_S1.);
#9416 = LINE('',#9417,#9418);
#9417 = CARTESIAN_POINT('',(134.879643,-1.71537,0.));
#9418 = VECTOR('',#9419,1.);
#9419 = DIRECTION('',(0.,0.,1.));
#9420 = PCURVE('',#492,#9421);
#9421 = DEFINITIONAL_REPRESENTATION('',(#9422),#9426);
#9422 = LINE('',#9423,#9424);
#9423 = CARTESIAN_POINT('',(0.285356319142,0.));
#9424 = VECTOR('',#9425,1.);
#9425 = DIRECTION('',(0.,-1.));
#9426 = ( GEOMETRIC_REPRESENTATION_CONTEXT(2) 
PARAMETRIC_REPRESENTATION_CONTEXT() REPRESENTATION_CONTEXT('2D SPACE',''
  ) );
#9427 = PCURVE('',#520,#9428);
#9428 = DEFINITIONAL_REPRESENTATION('',(#9429),#9433);
#9429 = LINE('',#9430,#9431);
#9430 = CARTESIAN_POINT('',(0.,0.));
#9431 = VECTOR('',#9432,1.);
#9432 = DIRECTION('',(0.,-1.));
#9433 = ( GEOMETRIC_REPRESENTATION_CONTEXT(2) 
PARAMETRIC_REPRESENTATION_CONTEXT() REPRESENTATION_CONTEXT('2D SPACE',''
  ) );
#9434 = ORIENTED_EDGE('',*,*,#476,.F.);
#9435 = ADVANCED_FACE('',(#9436),#1472,.T.);
#9436 = FACE_BOUND('',#9437,.T.);
#9437 = EDGE_LOOP('',(#9438,#9459,#9460,#9461));
#9438 = ORIENTED_EDGE('',*,*,#9439,.T.);
#9439 = EDGE_CURVE('',#1429,#5969,#9440,.T.);
#9440 = SURFACE_CURVE('',#9441,(#9445,#9452),.PCURVE_S1.);
#9441 = LINE('',#9442,#9443);
#9442 = CARTESIAN_POINT('',(0.317493,-0.918718,0.));
#9443 = VECTOR('',#9444,1.);
#9444 = DIRECTION('',(0.,0.,1.));
#9445 = PCURVE('',#1472,#9446);
#9446 = DEFINITIONAL_REPRESENTATION('',(#9447),#9451);
#9447 = LINE('',#9448,#9449);
#9448 = CARTESIAN_POINT('',(0.,0.));
#9449 = VECTOR('',#9450,1.);
#9450 = DIRECTION('',(0.,-1.));
#9451 = ( GEOMETRIC_REPRESENTATION_CONTEXT(2) 
PARAMETRIC_REPRESENTATION_CONTEXT() REPRESENTATION_CONTEXT('2D SPACE',''
  ) );
#9452 = PCURVE('',#1444,#9453);
#9453 = DEFINITIONAL_REPRESENTATION('',(#9454),#9458);
#9454 = LINE('',#9455,#9456);
#9455 = CARTESIAN_POINT('',(0.285357111972,0.));
#9456 = VECTOR('',#9457,1.);
#9457 = DIRECTION('',(0.,-1.));
#9458 = ( GEOMETRIC_REPRESENTATION_CONTEXT(2) 
PARAMETRIC_REPRESENTATION_CONTEXT() REPRESENTATION_CONTEXT('2D SPACE',''
  ) );
#9459 = ORIENTED_EDGE('',*,*,#5991,.T.);
#9460 = ORIENTED_EDGE('',*,*,#9385,.F.);
#9461 = ORIENTED_EDGE('',*,*,#1456,.F.);
#9462 = ADVANCED_FACE('',(#9463),#520,.T.);
#9463 = FACE_BOUND('',#9464,.T.);
#9464 = EDGE_LOOP('',(#9465,#9466,#9467,#9488));
#9465 = ORIENTED_EDGE('',*,*,#9414,.T.);
#9466 = ORIENTED_EDGE('',*,*,#5209,.T.);
#9467 = ORIENTED_EDGE('',*,*,#9468,.F.);
#9468 = EDGE_CURVE('',#505,#5210,#9469,.T.);
#9469 = SURFACE_CURVE('',#9470,(#9474,#9481),.PCURVE_S1.);
#9470 = LINE('',#9471,#9472);
#9471 = CARTESIAN_POINT('',(134.9,-2.,0.));
#9472 = VECTOR('',#9473,1.);
#9473 = DIRECTION('',(0.,0.,1.));
#9474 = PCURVE('',#520,#9475);
#9475 = DEFINITIONAL_REPRESENTATION('',(#9476),#9480);
#9476 = LINE('',#9477,#9478);
#9477 = CARTESIAN_POINT('',(0.285357047134,0.));
#9478 = VECTOR('',#9479,1.);
#9479 = DIRECTION('',(0.,-1.));
#9480 = ( GEOMETRIC_REPRESENTATION_CONTEXT(2) 
PARAMETRIC_REPRESENTATION_CONTEXT() REPRESENTATION_CONTEXT('2D SPACE',''
  ) );
#9481 = PCURVE('',#548,#9482);
#9482 = DEFINITIONAL_REPRESENTATION('',(#9483),#9487);
#9483 = LINE('',#9484,#9485);
#9484 = CARTESIAN_POINT('',(0.,0.));
#9485 = VECTOR('',#9486,1.);
#9486 = DIRECTION('',(0.,-1.));
#9487 = ( GEOMETRIC_REPRESENTATION_CONTEXT(2) 
PARAMETRIC_REPRESENTATION_CONTEXT() REPRESENTATION_CONTEXT('2D SPACE',''
  ) );
#9488 = ORIENTED_EDGE('',*,*,#504,.F.);
#9489 = ADVANCED_FACE('',(#9490),#1444,.T.);
#9490 = FACE_BOUND('',#9491,.T.);
#9491 = EDGE_LOOP('',(#9492,#9513,#9514,#9515));
#9492 = ORIENTED_EDGE('',*,*,#9493,.T.);
#9493 = EDGE_CURVE('',#1401,#5946,#9494,.T.);
#9494 = SURFACE_CURVE('',#9495,(#9499,#9506),.PCURVE_S1.);
#9495 = LINE('',#9496,#9497);
#9496 = CARTESIAN_POINT('',(0.180736,-1.16917,0.));
#9497 = VECTOR('',#9498,1.);
#9498 = DIRECTION('',(0.,0.,1.));
#9499 = PCURVE('',#1444,#9500);
#9500 = DEFINITIONAL_REPRESENTATION('',(#9501),#9505);
#9501 = LINE('',#9502,#9503);
#9502 = CARTESIAN_POINT('',(0.,0.));
#9503 = VECTOR('',#9504,1.);
#9504 = DIRECTION('',(0.,-1.));
#9505 = ( GEOMETRIC_REPRESENTATION_CONTEXT(2) 
PARAMETRIC_REPRESENTATION_CONTEXT() REPRESENTATION_CONTEXT('2D SPACE',''
  ) );
#9506 = PCURVE('',#1416,#9507);
#9507 = DEFINITIONAL_REPRESENTATION('',(#9508),#9512);
#9508 = LINE('',#9509,#9510);
#9509 = CARTESIAN_POINT('',(0.285356830143,0.));
#9510 = VECTOR('',#9511,1.);
#9511 = DIRECTION('',(0.,-1.));
#9512 = ( GEOMETRIC_REPRESENTATION_CONTEXT(2) 
PARAMETRIC_REPRESENTATION_CONTEXT() REPRESENTATION_CONTEXT('2D SPACE',''
  ) );
#9513 = ORIENTED_EDGE('',*,*,#5968,.T.);
#9514 = ORIENTED_EDGE('',*,*,#9439,.F.);
#9515 = ORIENTED_EDGE('',*,*,#1428,.F.);
#9516 = ADVANCED_FACE('',(#9517),#548,.T.);
#9517 = FACE_BOUND('',#9518,.T.);
#9518 = EDGE_LOOP('',(#9519,#9520,#9521,#9542));
#9519 = ORIENTED_EDGE('',*,*,#9468,.T.);
#9520 = ORIENTED_EDGE('',*,*,#5232,.T.);
#9521 = ORIENTED_EDGE('',*,*,#9522,.F.);
#9522 = EDGE_CURVE('',#533,#5233,#9523,.T.);
#9523 = SURFACE_CURVE('',#9524,(#9528,#9535),.PCURVE_S1.);
#9524 = LINE('',#9525,#9526);
#9525 = CARTESIAN_POINT('',(134.9,-90.3,0.));
#9526 = VECTOR('',#9527,1.);
#9527 = DIRECTION('',(0.,0.,1.));
#9528 = PCURVE('',#548,#9529);
#9529 = DEFINITIONAL_REPRESENTATION('',(#9530),#9534);
#9530 = LINE('',#9531,#9532);
#9531 = CARTESIAN_POINT('',(88.3,0.));
#9532 = VECTOR('',#9533,1.);
#9533 = DIRECTION('',(0.,-1.));
#9534 = ( GEOMETRIC_REPRESENTATION_CONTEXT(2) 
PARAMETRIC_REPRESENTATION_CONTEXT() REPRESENTATION_CONTEXT('2D SPACE',''
  ) );
#9535 = PCURVE('',#576,#9536);
#9536 = DEFINITIONAL_REPRESENTATION('',(#9537),#9541);
#9537 = LINE('',#9538,#9539);
#9538 = CARTESIAN_POINT('',(0.,0.));
#9539 = VECTOR('',#9540,1.);
#9540 = DIRECTION('',(0.,-1.));
#9541 = ( GEOMETRIC_REPRESENTATION_CONTEXT(2) 
PARAMETRIC_REPRESENTATION_CONTEXT() REPRESENTATION_CONTEXT('2D SPACE',''
  ) );
#9542 = ORIENTED_EDGE('',*,*,#532,.F.);
#9543 = ADVANCED_FACE('',(#9544),#1416,.T.);
#9544 = FACE_BOUND('',#9545,.T.);
#9545 = EDGE_LOOP('',(#9546,#9567,#9568,#9569));
#9546 = ORIENTED_EDGE('',*,*,#9547,.T.);
#9547 = EDGE_CURVE('',#1373,#5923,#9548,.T.);
#9548 = SURFACE_CURVE('',#9549,(#9553,#9560),.PCURVE_S1.);
#9549 = LINE('',#9550,#9551);
#9550 = CARTESIAN_POINT('',(8.1014E-02,-1.436535,0.));
#9551 = VECTOR('',#9552,1.);
#9552 = DIRECTION('',(0.,0.,1.));
#9553 = PCURVE('',#1416,#9554);
#9554 = DEFINITIONAL_REPRESENTATION('',(#9555),#9559);
#9555 = LINE('',#9556,#9557);
#9556 = CARTESIAN_POINT('',(0.,0.));
#9557 = VECTOR('',#9558,1.);
#9558 = DIRECTION('',(0.,-1.));
#9559 = ( GEOMETRIC_REPRESENTATION_CONTEXT(2) 
PARAMETRIC_REPRESENTATION_CONTEXT() REPRESENTATION_CONTEXT('2D SPACE',''
  ) );
#9560 = PCURVE('',#1388,#9561);
#9561 = DEFINITIONAL_REPRESENTATION('',(#9562),#9566);
#9562 = LINE('',#9563,#9564);
#9563 = CARTESIAN_POINT('',(0.285356319142,0.));
#9564 = VECTOR('',#9565,1.);
#9565 = DIRECTION('',(0.,-1.));
#9566 = ( GEOMETRIC_REPRESENTATION_CONTEXT(2) 
PARAMETRIC_REPRESENTATION_CONTEXT() REPRESENTATION_CONTEXT('2D SPACE',''
  ) );
#9567 = ORIENTED_EDGE('',*,*,#5945,.T.);
#9568 = ORIENTED_EDGE('',*,*,#9493,.F.);
#9569 = ORIENTED_EDGE('',*,*,#1400,.F.);
#9570 = ADVANCED_FACE('',(#9571),#576,.T.);
#9571 = FACE_BOUND('',#9572,.T.);
#9572 = EDGE_LOOP('',(#9573,#9574,#9575,#9596));
#9573 = ORIENTED_EDGE('',*,*,#9522,.T.);
#9574 = ORIENTED_EDGE('',*,*,#5255,.T.);
#9575 = ORIENTED_EDGE('',*,*,#9576,.F.);
#9576 = EDGE_CURVE('',#561,#5256,#9577,.T.);
#9577 = SURFACE_CURVE('',#9578,(#9582,#9589),.PCURVE_S1.);
#9578 = LINE('',#9579,#9580);
#9579 = CARTESIAN_POINT('',(134.879643,-90.58463,0.));
#9580 = VECTOR('',#9581,1.);
#9581 = DIRECTION('',(0.,0.,1.));
#9582 = PCURVE('',#576,#9583);
#9583 = DEFINITIONAL_REPRESENTATION('',(#9584),#9588);
#9584 = LINE('',#9585,#9586);
#9585 = CARTESIAN_POINT('',(0.285357047134,0.));
#9586 = VECTOR('',#9587,1.);
#9587 = DIRECTION('',(0.,-1.));
#9588 = ( GEOMETRIC_REPRESENTATION_CONTEXT(2) 
PARAMETRIC_REPRESENTATION_CONTEXT() REPRESENTATION_CONTEXT('2D SPACE',''
  ) );
#9589 = PCURVE('',#604,#9590);
#9590 = DEFINITIONAL_REPRESENTATION('',(#9591),#9595);
#9591 = LINE('',#9592,#9593);
#9592 = CARTESIAN_POINT('',(0.,0.));
#9593 = VECTOR('',#9594,1.);
#9594 = DIRECTION('',(0.,-1.));
#9595 = ( GEOMETRIC_REPRESENTATION_CONTEXT(2) 
PARAMETRIC_REPRESENTATION_CONTEXT() REPRESENTATION_CONTEXT('2D SPACE',''
  ) );
#9596 = ORIENTED_EDGE('',*,*,#560,.F.);
#9597 = ADVANCED_FACE('',(#9598),#1388,.T.);
#9598 = FACE_BOUND('',#9599,.T.);
#9599 = EDGE_LOOP('',(#9600,#9621,#9622,#9623));
#9600 = ORIENTED_EDGE('',*,*,#9601,.T.);
#9601 = EDGE_CURVE('',#1345,#5900,#9602,.T.);
#9602 = SURFACE_CURVE('',#9603,(#9607,#9614),.PCURVE_S1.);
#9603 = LINE('',#9604,#9605);
#9604 = CARTESIAN_POINT('',(2.0357E-02,-1.71537,0.));
#9605 = VECTOR('',#9606,1.);
#9606 = DIRECTION('',(0.,0.,1.));
#9607 = PCURVE('',#1388,#9608);
#9608 = DEFINITIONAL_REPRESENTATION('',(#9609),#9613);
#9609 = LINE('',#9610,#9611);
#9610 = CARTESIAN_POINT('',(0.,0.));
#9611 = VECTOR('',#9612,1.);
#9612 = DIRECTION('',(0.,-1.));
#9613 = ( GEOMETRIC_REPRESENTATION_CONTEXT(2) 
PARAMETRIC_REPRESENTATION_CONTEXT() REPRESENTATION_CONTEXT('2D SPACE',''
  ) );
#9614 = PCURVE('',#1360,#9615);
#9615 = DEFINITIONAL_REPRESENTATION('',(#9616),#9620);
#9616 = LINE('',#9617,#9618);
#9617 = CARTESIAN_POINT('',(0.285357047134,0.));
#9618 = VECTOR('',#9619,1.);
#9619 = DIRECTION('',(0.,-1.));
#9620 = ( GEOMETRIC_REPRESENTATION_CONTEXT(2) 
PARAMETRIC_REPRESENTATION_CONTEXT() REPRESENTATION_CONTEXT('2D SPACE',''
  ) );
#9621 = ORIENTED_EDGE('',*,*,#5922,.T.);
#9622 = ORIENTED_EDGE('',*,*,#9547,.F.);
#9623 = ORIENTED_EDGE('',*,*,#1372,.F.);
#9624 = ADVANCED_FACE('',(#9625),#604,.T.);
#9625 = FACE_BOUND('',#9626,.T.);
#9626 = EDGE_LOOP('',(#9627,#9628,#9629,#9650));
#9627 = ORIENTED_EDGE('',*,*,#9576,.T.);
#9628 = ORIENTED_EDGE('',*,*,#5278,.T.);
#9629 = ORIENTED_EDGE('',*,*,#9630,.F.);
#9630 = EDGE_CURVE('',#589,#5279,#9631,.T.);
#9631 = SURFACE_CURVE('',#9632,(#9636,#9643),.PCURVE_S1.);
#9632 = LINE('',#9633,#9634);
#9633 = CARTESIAN_POINT('',(134.818986,-90.863465,0.));
#9634 = VECTOR('',#9635,1.);
#9635 = DIRECTION('',(0.,0.,1.));
#9636 = PCURVE('',#604,#9637);
#9637 = DEFINITIONAL_REPRESENTATION('',(#9638),#9642);
#9638 = LINE('',#9639,#9640);
#9639 = CARTESIAN_POINT('',(0.285356319142,0.));
#9640 = VECTOR('',#9641,1.);
#9641 = DIRECTION('',(0.,-1.));
#9642 = ( GEOMETRIC_REPRESENTATION_CONTEXT(2) 
PARAMETRIC_REPRESENTATION_CONTEXT() REPRESENTATION_CONTEXT('2D SPACE',''
  ) );
#9643 = PCURVE('',#632,#9644);
#9644 = DEFINITIONAL_REPRESENTATION('',(#9645),#9649);
#9645 = LINE('',#9646,#9647);
#9646 = CARTESIAN_POINT('',(0.,0.));
#9647 = VECTOR('',#9648,1.);
#9648 = DIRECTION('',(0.,-1.));
#9649 = ( GEOMETRIC_REPRESENTATION_CONTEXT(2) 
PARAMETRIC_REPRESENTATION_CONTEXT() REPRESENTATION_CONTEXT('2D SPACE',''
  ) );
#9650 = ORIENTED_EDGE('',*,*,#588,.F.);
#9651 = ADVANCED_FACE('',(#9652),#1360,.T.);
#9652 = FACE_BOUND('',#9653,.T.);
#9653 = EDGE_LOOP('',(#9654,#9675,#9676,#9677));
#9654 = ORIENTED_EDGE('',*,*,#9655,.T.);
#9655 = EDGE_CURVE('',#1317,#5877,#9656,.T.);
#9656 = SURFACE_CURVE('',#9657,(#9661,#9668),.PCURVE_S1.);
#9657 = LINE('',#9658,#9659);
#9658 = CARTESIAN_POINT('',(0.,-2.,0.));
#9659 = VECTOR('',#9660,1.);
#9660 = DIRECTION('',(0.,0.,1.));
#9661 = PCURVE('',#1360,#9662);
#9662 = DEFINITIONAL_REPRESENTATION('',(#9663),#9667);
#9663 = LINE('',#9664,#9665);
#9664 = CARTESIAN_POINT('',(0.,0.));
#9665 = VECTOR('',#9666,1.);
#9666 = DIRECTION('',(0.,-1.));
#9667 = ( GEOMETRIC_REPRESENTATION_CONTEXT(2) 
PARAMETRIC_REPRESENTATION_CONTEXT() REPRESENTATION_CONTEXT('2D SPACE',''
  ) );
#9668 = PCURVE('',#1332,#9669);
#9669 = DEFINITIONAL_REPRESENTATION('',(#9670),#9674);
#9670 = LINE('',#9671,#9672);
#9671 = CARTESIAN_POINT('',(88.3,0.));
#9672 = VECTOR('',#9673,1.);
#9673 = DIRECTION('',(0.,-1.));
#9674 = ( GEOMETRIC_REPRESENTATION_CONTEXT(2) 
PARAMETRIC_REPRESENTATION_CONTEXT() REPRESENTATION_CONTEXT('2D SPACE',''
  ) );
#9675 = ORIENTED_EDGE('',*,*,#5899,.T.);
#9676 = ORIENTED_EDGE('',*,*,#9601,.F.);
#9677 = ORIENTED_EDGE('',*,*,#1344,.F.);
#9678 = ADVANCED_FACE('',(#9679),#632,.T.);
#9679 = FACE_BOUND('',#9680,.T.);
#9680 = EDGE_LOOP('',(#9681,#9682,#9683,#9704));
#9681 = ORIENTED_EDGE('',*,*,#9630,.T.);
#9682 = ORIENTED_EDGE('',*,*,#5301,.T.);
#9683 = ORIENTED_EDGE('',*,*,#9684,.F.);
#9684 = EDGE_CURVE('',#617,#5302,#9685,.T.);
#9685 = SURFACE_CURVE('',#9686,(#9690,#9697),.PCURVE_S1.);
#9686 = LINE('',#9687,#9688);
#9687 = CARTESIAN_POINT('',(134.719264,-91.13083,0.));
#9688 = VECTOR('',#9689,1.);
#9689 = DIRECTION('',(0.,0.,1.));
#9690 = PCURVE('',#632,#9691);
#9691 = DEFINITIONAL_REPRESENTATION('',(#9692),#9696);
#9692 = LINE('',#9693,#9694);
#9693 = CARTESIAN_POINT('',(0.285356830143,0.));
#9694 = VECTOR('',#9695,1.);
#9695 = DIRECTION('',(0.,-1.));
#9696 = ( GEOMETRIC_REPRESENTATION_CONTEXT(2) 
PARAMETRIC_REPRESENTATION_CONTEXT() REPRESENTATION_CONTEXT('2D SPACE',''
  ) );
#9697 = PCURVE('',#660,#9698);
#9698 = DEFINITIONAL_REPRESENTATION('',(#9699),#9703);
#9699 = LINE('',#9700,#9701);
#9700 = CARTESIAN_POINT('',(0.,0.));
#9701 = VECTOR('',#9702,1.);
#9702 = DIRECTION('',(0.,-1.));
#9703 = ( GEOMETRIC_REPRESENTATION_CONTEXT(2) 
PARAMETRIC_REPRESENTATION_CONTEXT() REPRESENTATION_CONTEXT('2D SPACE',''
  ) );
#9704 = ORIENTED_EDGE('',*,*,#616,.F.);
#9705 = ADVANCED_FACE('',(#9706),#1332,.T.);
#9706 = FACE_BOUND('',#9707,.T.);
#9707 = EDGE_LOOP('',(#9708,#9729,#9730,#9731));
#9708 = ORIENTED_EDGE('',*,*,#9709,.T.);
#9709 = EDGE_CURVE('',#1289,#5854,#9710,.T.);
#9710 = SURFACE_CURVE('',#9711,(#9715,#9722),.PCURVE_S1.);
#9711 = LINE('',#9712,#9713);
#9712 = CARTESIAN_POINT('',(0.,-90.3,0.));
#9713 = VECTOR('',#9714,1.);
#9714 = DIRECTION('',(0.,0.,1.));
#9715 = PCURVE('',#1332,#9716);
#9716 = DEFINITIONAL_REPRESENTATION('',(#9717),#9721);
#9717 = LINE('',#9718,#9719);
#9718 = CARTESIAN_POINT('',(0.,0.));
#9719 = VECTOR('',#9720,1.);
#9720 = DIRECTION('',(0.,-1.));
#9721 = ( GEOMETRIC_REPRESENTATION_CONTEXT(2) 
PARAMETRIC_REPRESENTATION_CONTEXT() REPRESENTATION_CONTEXT('2D SPACE',''
  ) );
#9722 = PCURVE('',#1304,#9723);
#9723 = DEFINITIONAL_REPRESENTATION('',(#9724),#9728);
#9724 = LINE('',#9725,#9726);
#9725 = CARTESIAN_POINT('',(0.285357047134,0.));
#9726 = VECTOR('',#9727,1.);
#9727 = DIRECTION('',(0.,-1.));
#9728 = ( GEOMETRIC_REPRESENTATION_CONTEXT(2) 
PARAMETRIC_REPRESENTATION_CONTEXT() REPRESENTATION_CONTEXT('2D SPACE',''
  ) );
#9729 = ORIENTED_EDGE('',*,*,#5876,.T.);
#9730 = ORIENTED_EDGE('',*,*,#9655,.F.);
#9731 = ORIENTED_EDGE('',*,*,#1316,.F.);
#9732 = ADVANCED_FACE('',(#9733),#660,.T.);
#9733 = FACE_BOUND('',#9734,.T.);
#9734 = EDGE_LOOP('',(#9735,#9736,#9737,#9758));
#9735 = ORIENTED_EDGE('',*,*,#9684,.T.);
#9736 = ORIENTED_EDGE('',*,*,#5324,.T.);
#9737 = ORIENTED_EDGE('',*,*,#9738,.F.);
#9738 = EDGE_CURVE('',#645,#5325,#9739,.T.);
#9739 = SURFACE_CURVE('',#9740,(#9744,#9751),.PCURVE_S1.);
#9740 = LINE('',#9741,#9742);
#9741 = CARTESIAN_POINT('',(134.582507,-91.381282,0.));
#9742 = VECTOR('',#9743,1.);
#9743 = DIRECTION('',(0.,0.,1.));
#9744 = PCURVE('',#660,#9745);
#9745 = DEFINITIONAL_REPRESENTATION('',(#9746),#9750);
#9746 = LINE('',#9747,#9748);
#9747 = CARTESIAN_POINT('',(0.285357111972,0.));
#9748 = VECTOR('',#9749,1.);
#9749 = DIRECTION('',(0.,-1.));
#9750 = ( GEOMETRIC_REPRESENTATION_CONTEXT(2) 
PARAMETRIC_REPRESENTATION_CONTEXT() REPRESENTATION_CONTEXT('2D SPACE',''
  ) );
#9751 = PCURVE('',#688,#9752);
#9752 = DEFINITIONAL_REPRESENTATION('',(#9753),#9757);
#9753 = LINE('',#9754,#9755);
#9754 = CARTESIAN_POINT('',(0.,0.));
#9755 = VECTOR('',#9756,1.);
#9756 = DIRECTION('',(0.,-1.));
#9757 = ( GEOMETRIC_REPRESENTATION_CONTEXT(2) 
PARAMETRIC_REPRESENTATION_CONTEXT() REPRESENTATION_CONTEXT('2D SPACE',''
  ) );
#9758 = ORIENTED_EDGE('',*,*,#644,.F.);
#9759 = ADVANCED_FACE('',(#9760),#1304,.T.);
#9760 = FACE_BOUND('',#9761,.T.);
#9761 = EDGE_LOOP('',(#9762,#9783,#9784,#9785));
#9762 = ORIENTED_EDGE('',*,*,#9763,.T.);
#9763 = EDGE_CURVE('',#1261,#5831,#9764,.T.);
#9764 = SURFACE_CURVE('',#9765,(#9769,#9776),.PCURVE_S1.);
#9765 = LINE('',#9766,#9767);
#9766 = CARTESIAN_POINT('',(2.0357E-02,-90.58463,0.));
#9767 = VECTOR('',#9768,1.);
#9768 = DIRECTION('',(0.,0.,1.));
#9769 = PCURVE('',#1304,#9770);
#9770 = DEFINITIONAL_REPRESENTATION('',(#9771),#9775);
#9771 = LINE('',#9772,#9773);
#9772 = CARTESIAN_POINT('',(0.,0.));
#9773 = VECTOR('',#9774,1.);
#9774 = DIRECTION('',(0.,-1.));
#9775 = ( GEOMETRIC_REPRESENTATION_CONTEXT(2) 
PARAMETRIC_REPRESENTATION_CONTEXT() REPRESENTATION_CONTEXT('2D SPACE',''
  ) );
#9776 = PCURVE('',#1276,#9777);
#9777 = DEFINITIONAL_REPRESENTATION('',(#9778),#9782);
#9778 = LINE('',#9779,#9780);
#9779 = CARTESIAN_POINT('',(0.285356319142,0.));
#9780 = VECTOR('',#9781,1.);
#9781 = DIRECTION('',(0.,-1.));
#9782 = ( GEOMETRIC_REPRESENTATION_CONTEXT(2) 
PARAMETRIC_REPRESENTATION_CONTEXT() REPRESENTATION_CONTEXT('2D SPACE',''
  ) );
#9783 = ORIENTED_EDGE('',*,*,#5853,.T.);
#9784 = ORIENTED_EDGE('',*,*,#9709,.F.);
#9785 = ORIENTED_EDGE('',*,*,#1288,.F.);
#9786 = ADVANCED_FACE('',(#9787),#688,.T.);
#9787 = FACE_BOUND('',#9788,.T.);
#9788 = EDGE_LOOP('',(#9789,#9790,#9791,#9812));
#9789 = ORIENTED_EDGE('',*,*,#9738,.T.);
#9790 = ORIENTED_EDGE('',*,*,#5347,.T.);
#9791 = ORIENTED_EDGE('',*,*,#9792,.F.);
#9792 = EDGE_CURVE('',#673,#5348,#9793,.T.);
#9793 = SURFACE_CURVE('',#9794,(#9798,#9805),.PCURVE_S1.);
#9794 = LINE('',#9795,#9796);
#9795 = CARTESIAN_POINT('',(134.411499,-91.609721,0.));
#9796 = VECTOR('',#9797,1.);
#9797 = DIRECTION('',(0.,0.,1.));
#9798 = PCURVE('',#688,#9799);
#9799 = DEFINITIONAL_REPRESENTATION('',(#9800),#9804);
#9800 = LINE('',#9801,#9802);
#9801 = CARTESIAN_POINT('',(0.285356115731,0.));
#9802 = VECTOR('',#9803,1.);
#9803 = DIRECTION('',(0.,-1.));
#9804 = ( GEOMETRIC_REPRESENTATION_CONTEXT(2) 
PARAMETRIC_REPRESENTATION_CONTEXT() REPRESENTATION_CONTEXT('2D SPACE',''
  ) );
#9805 = PCURVE('',#716,#9806);
#9806 = DEFINITIONAL_REPRESENTATION('',(#9807),#9811);
#9807 = LINE('',#9808,#9809);
#9808 = CARTESIAN_POINT('',(0.,0.));
#9809 = VECTOR('',#9810,1.);
#9810 = DIRECTION('',(0.,-1.));
#9811 = ( GEOMETRIC_REPRESENTATION_CONTEXT(2) 
PARAMETRIC_REPRESENTATION_CONTEXT() REPRESENTATION_CONTEXT('2D SPACE',''
  ) );
#9812 = ORIENTED_EDGE('',*,*,#672,.F.);
#9813 = ADVANCED_FACE('',(#9814),#1276,.T.);
#9814 = FACE_BOUND('',#9815,.T.);
#9815 = EDGE_LOOP('',(#9816,#9837,#9838,#9839));
#9816 = ORIENTED_EDGE('',*,*,#9817,.T.);
#9817 = EDGE_CURVE('',#1233,#5808,#9818,.T.);
#9818 = SURFACE_CURVE('',#9819,(#9823,#9830),.PCURVE_S1.);
#9819 = LINE('',#9820,#9821);
#9820 = CARTESIAN_POINT('',(8.1014E-02,-90.863465,0.));
#9821 = VECTOR('',#9822,1.);
#9822 = DIRECTION('',(0.,0.,1.));
#9823 = PCURVE('',#1276,#9824);
#9824 = DEFINITIONAL_REPRESENTATION('',(#9825),#9829);
#9825 = LINE('',#9826,#9827);
#9826 = CARTESIAN_POINT('',(0.,0.));
#9827 = VECTOR('',#9828,1.);
#9828 = DIRECTION('',(0.,-1.));
#9829 = ( GEOMETRIC_REPRESENTATION_CONTEXT(2) 
PARAMETRIC_REPRESENTATION_CONTEXT() REPRESENTATION_CONTEXT('2D SPACE',''
  ) );
#9830 = PCURVE('',#1248,#9831);
#9831 = DEFINITIONAL_REPRESENTATION('',(#9832),#9836);
#9832 = LINE('',#9833,#9834);
#9833 = CARTESIAN_POINT('',(0.285356830143,0.));
#9834 = VECTOR('',#9835,1.);
#9835 = DIRECTION('',(0.,-1.));
#9836 = ( GEOMETRIC_REPRESENTATION_CONTEXT(2) 
PARAMETRIC_REPRESENTATION_CONTEXT() REPRESENTATION_CONTEXT('2D SPACE',''
  ) );
#9837 = ORIENTED_EDGE('',*,*,#5830,.T.);
#9838 = ORIENTED_EDGE('',*,*,#9763,.F.);
#9839 = ORIENTED_EDGE('',*,*,#1260,.F.);
#9840 = ADVANCED_FACE('',(#9841),#716,.T.);
#9841 = FACE_BOUND('',#9842,.T.);
#9842 = EDGE_LOOP('',(#9843,#9844,#9845,#9866));
#9843 = ORIENTED_EDGE('',*,*,#9792,.T.);
#9844 = ORIENTED_EDGE('',*,*,#5370,.T.);
#9845 = ORIENTED_EDGE('',*,*,#9846,.F.);
#9846 = EDGE_CURVE('',#701,#5371,#9847,.T.);
#9847 = SURFACE_CURVE('',#9848,(#9852,#9859),.PCURVE_S1.);
#9848 = LINE('',#9849,#9850);
#9849 = CARTESIAN_POINT('',(134.209721,-91.811499,0.));
#9850 = VECTOR('',#9851,1.);
#9851 = DIRECTION('',(0.,0.,1.));
#9852 = PCURVE('',#716,#9853);
#9853 = DEFINITIONAL_REPRESENTATION('',(#9854),#9858);
#9854 = LINE('',#9855,#9856);
#9855 = CARTESIAN_POINT('',(0.285357184189,0.));
#9856 = VECTOR('',#9857,1.);
#9857 = DIRECTION('',(0.,-1.));
#9858 = ( GEOMETRIC_REPRESENTATION_CONTEXT(2) 
PARAMETRIC_REPRESENTATION_CONTEXT() REPRESENTATION_CONTEXT('2D SPACE',''
  ) );
#9859 = PCURVE('',#744,#9860);
#9860 = DEFINITIONAL_REPRESENTATION('',(#9861),#9865);
#9861 = LINE('',#9862,#9863);
#9862 = CARTESIAN_POINT('',(0.,0.));
#9863 = VECTOR('',#9864,1.);
#9864 = DIRECTION('',(0.,-1.));
#9865 = ( GEOMETRIC_REPRESENTATION_CONTEXT(2) 
PARAMETRIC_REPRESENTATION_CONTEXT() REPRESENTATION_CONTEXT('2D SPACE',''
  ) );
#9866 = ORIENTED_EDGE('',*,*,#700,.F.);
#9867 = ADVANCED_FACE('',(#9868),#1248,.T.);
#9868 = FACE_BOUND('',#9869,.T.);
#9869 = EDGE_LOOP('',(#9870,#9891,#9892,#9893));
#9870 = ORIENTED_EDGE('',*,*,#9871,.T.);
#9871 = EDGE_CURVE('',#1205,#5785,#9872,.T.);
#9872 = SURFACE_CURVE('',#9873,(#9877,#9884),.PCURVE_S1.);
#9873 = LINE('',#9874,#9875);
#9874 = CARTESIAN_POINT('',(0.180736,-91.13083,0.));
#9875 = VECTOR('',#9876,1.);
#9876 = DIRECTION('',(0.,0.,1.));
#9877 = PCURVE('',#1248,#9878);
#9878 = DEFINITIONAL_REPRESENTATION('',(#9879),#9883);
#9879 = LINE('',#9880,#9881);
#9880 = CARTESIAN_POINT('',(0.,0.));
#9881 = VECTOR('',#9882,1.);
#9882 = DIRECTION('',(0.,-1.));
#9883 = ( GEOMETRIC_REPRESENTATION_CONTEXT(2) 
PARAMETRIC_REPRESENTATION_CONTEXT() REPRESENTATION_CONTEXT('2D SPACE',''
  ) );
#9884 = PCURVE('',#1220,#9885);
#9885 = DEFINITIONAL_REPRESENTATION('',(#9886),#9890);
#9886 = LINE('',#9887,#9888);
#9887 = CARTESIAN_POINT('',(0.285357111972,0.));
#9888 = VECTOR('',#9889,1.);
#9889 = DIRECTION('',(0.,-1.));
#9890 = ( GEOMETRIC_REPRESENTATION_CONTEXT(2) 
PARAMETRIC_REPRESENTATION_CONTEXT() REPRESENTATION_CONTEXT('2D SPACE',''
  ) );
#9891 = ORIENTED_EDGE('',*,*,#5807,.T.);
#9892 = ORIENTED_EDGE('',*,*,#9817,.F.);
#9893 = ORIENTED_EDGE('',*,*,#1232,.F.);
#9894 = ADVANCED_FACE('',(#9895),#744,.T.);
#9895 = FACE_BOUND('',#9896,.T.);
#9896 = EDGE_LOOP('',(#9897,#9898,#9899,#9920));
#9897 = ORIENTED_EDGE('',*,*,#9846,.T.);
#9898 = ORIENTED_EDGE('',*,*,#5393,.T.);
#9899 = ORIENTED_EDGE('',*,*,#9900,.F.);
#9900 = EDGE_CURVE('',#729,#5394,#9901,.T.);
#9901 = SURFACE_CURVE('',#9902,(#9906,#9913),.PCURVE_S1.);
#9902 = LINE('',#9903,#9904);
#9903 = CARTESIAN_POINT('',(133.981282,-91.982507,0.));
#9904 = VECTOR('',#9905,1.);
#9905 = DIRECTION('',(0.,0.,1.));
#9906 = PCURVE('',#744,#9907);
#9907 = DEFINITIONAL_REPRESENTATION('',(#9908),#9912);
#9908 = LINE('',#9909,#9910);
#9909 = CARTESIAN_POINT('',(0.285356115731,0.));
#9910 = VECTOR('',#9911,1.);
#9911 = DIRECTION('',(0.,-1.));
#9912 = ( GEOMETRIC_REPRESENTATION_CONTEXT(2) 
PARAMETRIC_REPRESENTATION_CONTEXT() REPRESENTATION_CONTEXT('2D SPACE',''
  ) );
#9913 = PCURVE('',#772,#9914);
#9914 = DEFINITIONAL_REPRESENTATION('',(#9915),#9919);
#9915 = LINE('',#9916,#9917);
#9916 = CARTESIAN_POINT('',(0.,0.));
#9917 = VECTOR('',#9918,1.);
#9918 = DIRECTION('',(0.,-1.));
#9919 = ( GEOMETRIC_REPRESENTATION_CONTEXT(2) 
PARAMETRIC_REPRESENTATION_CONTEXT() REPRESENTATION_CONTEXT('2D SPACE',''
  ) );
#9920 = ORIENTED_EDGE('',*,*,#728,.F.);
#9921 = ADVANCED_FACE('',(#9922),#1220,.T.);
#9922 = FACE_BOUND('',#9923,.T.);
#9923 = EDGE_LOOP('',(#9924,#9945,#9946,#9947));
#9924 = ORIENTED_EDGE('',*,*,#9925,.T.);
#9925 = EDGE_CURVE('',#1177,#5762,#9926,.T.);
#9926 = SURFACE_CURVE('',#9927,(#9931,#9938),.PCURVE_S1.);
#9927 = LINE('',#9928,#9929);
#9928 = CARTESIAN_POINT('',(0.317493,-91.381282,0.));
#9929 = VECTOR('',#9930,1.);
#9930 = DIRECTION('',(0.,0.,1.));
#9931 = PCURVE('',#1220,#9932);
#9932 = DEFINITIONAL_REPRESENTATION('',(#9933),#9937);
#9933 = LINE('',#9934,#9935);
#9934 = CARTESIAN_POINT('',(0.,0.));
#9935 = VECTOR('',#9936,1.);
#9936 = DIRECTION('',(0.,-1.));
#9937 = ( GEOMETRIC_REPRESENTATION_CONTEXT(2) 
PARAMETRIC_REPRESENTATION_CONTEXT() REPRESENTATION_CONTEXT('2D SPACE',''
  ) );
#9938 = PCURVE('',#1192,#9939);
#9939 = DEFINITIONAL_REPRESENTATION('',(#9940),#9944);
#9940 = LINE('',#9941,#9942);
#9941 = CARTESIAN_POINT('',(0.285356115731,0.));
#9942 = VECTOR('',#9943,1.);
#9943 = DIRECTION('',(0.,-1.));
#9944 = ( GEOMETRIC_REPRESENTATION_CONTEXT(2) 
PARAMETRIC_REPRESENTATION_CONTEXT() REPRESENTATION_CONTEXT('2D SPACE',''
  ) );
#9945 = ORIENTED_EDGE('',*,*,#5784,.T.);
#9946 = ORIENTED_EDGE('',*,*,#9871,.F.);
#9947 = ORIENTED_EDGE('',*,*,#1204,.F.);
#9948 = ADVANCED_FACE('',(#9949),#772,.T.);
#9949 = FACE_BOUND('',#9950,.T.);
#9950 = EDGE_LOOP('',(#9951,#9952,#9953,#9974));
#9951 = ORIENTED_EDGE('',*,*,#9900,.T.);
#9952 = ORIENTED_EDGE('',*,*,#5416,.T.);
#9953 = ORIENTED_EDGE('',*,*,#9954,.F.);
#9954 = EDGE_CURVE('',#757,#5417,#9955,.T.);
#9955 = SURFACE_CURVE('',#9956,(#9960,#9967),.PCURVE_S1.);
#9956 = LINE('',#9957,#9958);
#9957 = CARTESIAN_POINT('',(133.73083,-92.119264,0.));
#9958 = VECTOR('',#9959,1.);
#9959 = DIRECTION('',(0.,0.,1.));
#9960 = PCURVE('',#772,#9961);
#9961 = DEFINITIONAL_REPRESENTATION('',(#9962),#9966);
#9962 = LINE('',#9963,#9964);
#9963 = CARTESIAN_POINT('',(0.285357111972,0.));
#9964 = VECTOR('',#9965,1.);
#9965 = DIRECTION('',(0.,-1.));
#9966 = ( GEOMETRIC_REPRESENTATION_CONTEXT(2) 
PARAMETRIC_REPRESENTATION_CONTEXT() REPRESENTATION_CONTEXT('2D SPACE',''
  ) );
#9967 = PCURVE('',#800,#9968);
#9968 = DEFINITIONAL_REPRESENTATION('',(#9969),#9973);
#9969 = LINE('',#9970,#9971);
#9970 = CARTESIAN_POINT('',(0.,0.));
#9971 = VECTOR('',#9972,1.);
#9972 = DIRECTION('',(0.,-1.));
#9973 = ( GEOMETRIC_REPRESENTATION_CONTEXT(2) 
PARAMETRIC_REPRESENTATION_CONTEXT() REPRESENTATION_CONTEXT('2D SPACE',''
  ) );
#9974 = ORIENTED_EDGE('',*,*,#756,.F.);
#9975 = ADVANCED_FACE('',(#9976),#1192,.T.);
#9976 = FACE_BOUND('',#9977,.T.);
#9977 = EDGE_LOOP('',(#9978,#9999,#10000,#10001));
#9978 = ORIENTED_EDGE('',*,*,#9979,.T.);
#9979 = EDGE_CURVE('',#1149,#5739,#9980,.T.);
#9980 = SURFACE_CURVE('',#9981,(#9985,#9992),.PCURVE_S1.);
#9981 = LINE('',#9982,#9983);
#9982 = CARTESIAN_POINT('',(0.488501,-91.609721,0.));
#9983 = VECTOR('',#9984,1.);
#9984 = DIRECTION('',(0.,0.,1.));
#9985 = PCURVE('',#1192,#9986);
#9986 = DEFINITIONAL_REPRESENTATION('',(#9987),#9991);
#9987 = LINE('',#9988,#9989);
#9988 = CARTESIAN_POINT('',(0.,0.));
#9989 = VECTOR('',#9990,1.);
#9990 = DIRECTION('',(0.,-1.));
#9991 = ( GEOMETRIC_REPRESENTATION_CONTEXT(2) 
PARAMETRIC_REPRESENTATION_CONTEXT() REPRESENTATION_CONTEXT('2D SPACE',''
  ) );
#9992 = PCURVE('',#1164,#9993);
#9993 = DEFINITIONAL_REPRESENTATION('',(#9994),#9998);
#9994 = LINE('',#9995,#9996);
#9995 = CARTESIAN_POINT('',(0.285357184189,0.));
#9996 = VECTOR('',#9997,1.);
#9997 = DIRECTION('',(0.,-1.));
#9998 = ( GEOMETRIC_REPRESENTATION_CONTEXT(2) 
PARAMETRIC_REPRESENTATION_CONTEXT() REPRESENTATION_CONTEXT('2D SPACE',''
  ) );
#9999 = ORIENTED_EDGE('',*,*,#5761,.T.);
#10000 = ORIENTED_EDGE('',*,*,#9925,.F.);
#10001 = ORIENTED_EDGE('',*,*,#1176,.F.);
#10002 = ADVANCED_FACE('',(#10003),#800,.T.);
#10003 = FACE_BOUND('',#10004,.T.);
#10004 = EDGE_LOOP('',(#10005,#10006,#10007,#10028));
#10005 = ORIENTED_EDGE('',*,*,#9954,.T.);
#10006 = ORIENTED_EDGE('',*,*,#5439,.T.);
#10007 = ORIENTED_EDGE('',*,*,#10008,.F.);
#10008 = EDGE_CURVE('',#785,#5440,#10009,.T.);
#10009 = SURFACE_CURVE('',#10010,(#10014,#10021),.PCURVE_S1.);
#10010 = LINE('',#10011,#10012);
#10011 = CARTESIAN_POINT('',(133.463465,-92.218986,0.));
#10012 = VECTOR('',#10013,1.);
#10013 = DIRECTION('',(0.,0.,1.));
#10014 = PCURVE('',#800,#10015);
#10015 = DEFINITIONAL_REPRESENTATION('',(#10016),#10020);
#10016 = LINE('',#10017,#10018);
#10017 = CARTESIAN_POINT('',(0.285356830143,0.));
#10018 = VECTOR('',#10019,1.);
#10019 = DIRECTION('',(0.,-1.));
#10020 = ( GEOMETRIC_REPRESENTATION_CONTEXT(2) 
PARAMETRIC_REPRESENTATION_CONTEXT() REPRESENTATION_CONTEXT('2D SPACE',''
  ) );
#10021 = PCURVE('',#828,#10022);
#10022 = DEFINITIONAL_REPRESENTATION('',(#10023),#10027);
#10023 = LINE('',#10024,#10025);
#10024 = CARTESIAN_POINT('',(0.,0.));
#10025 = VECTOR('',#10026,1.);
#10026 = DIRECTION('',(0.,-1.));
#10027 = ( GEOMETRIC_REPRESENTATION_CONTEXT(2) 
PARAMETRIC_REPRESENTATION_CONTEXT() REPRESENTATION_CONTEXT('2D SPACE',''
  ) );
#10028 = ORIENTED_EDGE('',*,*,#784,.F.);
#10029 = ADVANCED_FACE('',(#10030),#1164,.T.);
#10030 = FACE_BOUND('',#10031,.T.);
#10031 = EDGE_LOOP('',(#10032,#10053,#10054,#10055));
#10032 = ORIENTED_EDGE('',*,*,#10033,.T.);
#10033 = EDGE_CURVE('',#1121,#5716,#10034,.T.);
#10034 = SURFACE_CURVE('',#10035,(#10039,#10046),.PCURVE_S1.);
#10035 = LINE('',#10036,#10037);
#10036 = CARTESIAN_POINT('',(0.690279,-91.811499,0.));
#10037 = VECTOR('',#10038,1.);
#10038 = DIRECTION('',(0.,0.,1.));
#10039 = PCURVE('',#1164,#10040);
#10040 = DEFINITIONAL_REPRESENTATION('',(#10041),#10045);
#10041 = LINE('',#10042,#10043);
#10042 = CARTESIAN_POINT('',(0.,0.));
#10043 = VECTOR('',#10044,1.);
#10044 = DIRECTION('',(0.,-1.));
#10045 = ( GEOMETRIC_REPRESENTATION_CONTEXT(2) 
PARAMETRIC_REPRESENTATION_CONTEXT() REPRESENTATION_CONTEXT('2D SPACE',''
  ) );
#10046 = PCURVE('',#1136,#10047);
#10047 = DEFINITIONAL_REPRESENTATION('',(#10048),#10052);
#10048 = LINE('',#10049,#10050);
#10049 = CARTESIAN_POINT('',(0.285356115731,0.));
#10050 = VECTOR('',#10051,1.);
#10051 = DIRECTION('',(0.,-1.));
#10052 = ( GEOMETRIC_REPRESENTATION_CONTEXT(2) 
PARAMETRIC_REPRESENTATION_CONTEXT() REPRESENTATION_CONTEXT('2D SPACE',''
  ) );
#10053 = ORIENTED_EDGE('',*,*,#5738,.T.);
#10054 = ORIENTED_EDGE('',*,*,#9979,.F.);
#10055 = ORIENTED_EDGE('',*,*,#1148,.F.);
#10056 = ADVANCED_FACE('',(#10057),#828,.T.);
#10057 = FACE_BOUND('',#10058,.T.);
#10058 = EDGE_LOOP('',(#10059,#10060,#10061,#10082));
#10059 = ORIENTED_EDGE('',*,*,#10008,.T.);
#10060 = ORIENTED_EDGE('',*,*,#5462,.T.);
#10061 = ORIENTED_EDGE('',*,*,#10062,.F.);
#10062 = EDGE_CURVE('',#813,#5463,#10063,.T.);
#10063 = SURFACE_CURVE('',#10064,(#10068,#10075),.PCURVE_S1.);
#10064 = LINE('',#10065,#10066);
#10065 = CARTESIAN_POINT('',(133.18463,-92.279643,0.));
#10066 = VECTOR('',#10067,1.);
#10067 = DIRECTION('',(0.,0.,1.));
#10068 = PCURVE('',#828,#10069);
#10069 = DEFINITIONAL_REPRESENTATION('',(#10070),#10074);
#10070 = LINE('',#10071,#10072);
#10071 = CARTESIAN_POINT('',(0.285356319142,0.));
#10072 = VECTOR('',#10073,1.);
#10073 = DIRECTION('',(0.,-1.));
#10074 = ( GEOMETRIC_REPRESENTATION_CONTEXT(2) 
PARAMETRIC_REPRESENTATION_CONTEXT() REPRESENTATION_CONTEXT('2D SPACE',''
  ) );
#10075 = PCURVE('',#856,#10076);
#10076 = DEFINITIONAL_REPRESENTATION('',(#10077),#10081);
#10077 = LINE('',#10078,#10079);
#10078 = CARTESIAN_POINT('',(0.,0.));
#10079 = VECTOR('',#10080,1.);
#10080 = DIRECTION('',(0.,-1.));
#10081 = ( GEOMETRIC_REPRESENTATION_CONTEXT(2) 
PARAMETRIC_REPRESENTATION_CONTEXT() REPRESENTATION_CONTEXT('2D SPACE',''
  ) );
#10082 = ORIENTED_EDGE('',*,*,#812,.F.);
#10083 = ADVANCED_FACE('',(#10084),#1136,.T.);
#10084 = FACE_BOUND('',#10085,.T.);
#10085 = EDGE_LOOP('',(#10086,#10107,#10108,#10109));
#10086 = ORIENTED_EDGE('',*,*,#10087,.T.);
#10087 = EDGE_CURVE('',#1093,#5693,#10088,.T.);
#10088 = SURFACE_CURVE('',#10089,(#10093,#10100),.PCURVE_S1.);
#10089 = LINE('',#10090,#10091);
#10090 = CARTESIAN_POINT('',(0.918718,-91.982507,0.));
#10091 = VECTOR('',#10092,1.);
#10092 = DIRECTION('',(0.,0.,1.));
#10093 = PCURVE('',#1136,#10094);
#10094 = DEFINITIONAL_REPRESENTATION('',(#10095),#10099);
#10095 = LINE('',#10096,#10097);
#10096 = CARTESIAN_POINT('',(0.,0.));
#10097 = VECTOR('',#10098,1.);
#10098 = DIRECTION('',(0.,-1.));
#10099 = ( GEOMETRIC_REPRESENTATION_CONTEXT(2) 
PARAMETRIC_REPRESENTATION_CONTEXT() REPRESENTATION_CONTEXT('2D SPACE',''
  ) );
#10100 = PCURVE('',#1108,#10101);
#10101 = DEFINITIONAL_REPRESENTATION('',(#10102),#10106);
#10102 = LINE('',#10103,#10104);
#10103 = CARTESIAN_POINT('',(0.285357111972,0.));
#10104 = VECTOR('',#10105,1.);
#10105 = DIRECTION('',(0.,-1.));
#10106 = ( GEOMETRIC_REPRESENTATION_CONTEXT(2) 
PARAMETRIC_REPRESENTATION_CONTEXT() REPRESENTATION_CONTEXT('2D SPACE',''
  ) );
#10107 = ORIENTED_EDGE('',*,*,#5715,.T.);
#10108 = ORIENTED_EDGE('',*,*,#10033,.F.);
#10109 = ORIENTED_EDGE('',*,*,#1120,.F.);
#10110 = ADVANCED_FACE('',(#10111),#856,.T.);
#10111 = FACE_BOUND('',#10112,.T.);
#10112 = EDGE_LOOP('',(#10113,#10114,#10115,#10136));
#10113 = ORIENTED_EDGE('',*,*,#10062,.T.);
#10114 = ORIENTED_EDGE('',*,*,#5485,.T.);
#10115 = ORIENTED_EDGE('',*,*,#10116,.F.);
#10116 = EDGE_CURVE('',#841,#5486,#10117,.T.);
#10117 = SURFACE_CURVE('',#10118,(#10122,#10129),.PCURVE_S1.);
#10118 = LINE('',#10119,#10120);
#10119 = CARTESIAN_POINT('',(132.9,-92.3,0.));
#10120 = VECTOR('',#10121,1.);
#10121 = DIRECTION('',(0.,0.,1.));
#10122 = PCURVE('',#856,#10123);
#10123 = DEFINITIONAL_REPRESENTATION('',(#10124),#10128);
#10124 = LINE('',#10125,#10126);
#10125 = CARTESIAN_POINT('',(0.285357047134,0.));
#10126 = VECTOR('',#10127,1.);
#10127 = DIRECTION('',(0.,-1.));
#10128 = ( GEOMETRIC_REPRESENTATION_CONTEXT(2) 
PARAMETRIC_REPRESENTATION_CONTEXT() REPRESENTATION_CONTEXT('2D SPACE',''
  ) );
#10129 = PCURVE('',#884,#10130);
#10130 = DEFINITIONAL_REPRESENTATION('',(#10131),#10135);
#10131 = LINE('',#10132,#10133);
#10132 = CARTESIAN_POINT('',(0.,-0.));
#10133 = VECTOR('',#10134,1.);
#10134 = DIRECTION('',(0.,-1.));
#10135 = ( GEOMETRIC_REPRESENTATION_CONTEXT(2) 
PARAMETRIC_REPRESENTATION_CONTEXT() REPRESENTATION_CONTEXT('2D SPACE',''
  ) );
#10136 = ORIENTED_EDGE('',*,*,#840,.F.);
#10137 = ADVANCED_FACE('',(#10138),#1108,.T.);
#10138 = FACE_BOUND('',#10139,.T.);
#10139 = EDGE_LOOP('',(#10140,#10161,#10162,#10163));
#10140 = ORIENTED_EDGE('',*,*,#10141,.T.);
#10141 = EDGE_CURVE('',#1065,#5670,#10142,.T.);
#10142 = SURFACE_CURVE('',#10143,(#10147,#10154),.PCURVE_S1.);
#10143 = LINE('',#10144,#10145);
#10144 = CARTESIAN_POINT('',(1.16917,-92.119264,0.));
#10145 = VECTOR('',#10146,1.);
#10146 = DIRECTION('',(0.,0.,1.));
#10147 = PCURVE('',#1108,#10148);
#10148 = DEFINITIONAL_REPRESENTATION('',(#10149),#10153);
#10149 = LINE('',#10150,#10151);
#10150 = CARTESIAN_POINT('',(0.,0.));
#10151 = VECTOR('',#10152,1.);
#10152 = DIRECTION('',(0.,-1.));
#10153 = ( GEOMETRIC_REPRESENTATION_CONTEXT(2) 
PARAMETRIC_REPRESENTATION_CONTEXT() REPRESENTATION_CONTEXT('2D SPACE',''
  ) );
#10154 = PCURVE('',#1080,#10155);
#10155 = DEFINITIONAL_REPRESENTATION('',(#10156),#10160);
#10156 = LINE('',#10157,#10158);
#10157 = CARTESIAN_POINT('',(0.285356830143,0.));
#10158 = VECTOR('',#10159,1.);
#10159 = DIRECTION('',(0.,-1.));
#10160 = ( GEOMETRIC_REPRESENTATION_CONTEXT(2) 
PARAMETRIC_REPRESENTATION_CONTEXT() REPRESENTATION_CONTEXT('2D SPACE',''
  ) );
#10161 = ORIENTED_EDGE('',*,*,#5692,.T.);
#10162 = ORIENTED_EDGE('',*,*,#10087,.F.);
#10163 = ORIENTED_EDGE('',*,*,#1092,.F.);
#10164 = ADVANCED_FACE('',(#10165),#884,.T.);
#10165 = FACE_BOUND('',#10166,.T.);
#10166 = EDGE_LOOP('',(#10167,#10168,#10169,#10190));
#10167 = ORIENTED_EDGE('',*,*,#10116,.T.);
#10168 = ORIENTED_EDGE('',*,*,#5508,.T.);
#10169 = ORIENTED_EDGE('',*,*,#10170,.F.);
#10170 = EDGE_CURVE('',#869,#5509,#10171,.T.);
#10171 = SURFACE_CURVE('',#10172,(#10176,#10183),.PCURVE_S1.);
#10172 = LINE('',#10173,#10174);
#10173 = CARTESIAN_POINT('',(126.9,-92.3,0.));
#10174 = VECTOR('',#10175,1.);
#10175 = DIRECTION('',(0.,0.,1.));
#10176 = PCURVE('',#884,#10177);
#10177 = DEFINITIONAL_REPRESENTATION('',(#10178),#10182);
#10178 = LINE('',#10179,#10180);
#10179 = CARTESIAN_POINT('',(6.,0.));
#10180 = VECTOR('',#10181,1.);
#10181 = DIRECTION('',(0.,-1.));
#10182 = ( GEOMETRIC_REPRESENTATION_CONTEXT(2) 
PARAMETRIC_REPRESENTATION_CONTEXT() REPRESENTATION_CONTEXT('2D SPACE',''
  ) );
#10183 = PCURVE('',#912,#10184);
#10184 = DEFINITIONAL_REPRESENTATION('',(#10185),#10189);
#10185 = LINE('',#10186,#10187);
#10186 = CARTESIAN_POINT('',(0.,0.));
#10187 = VECTOR('',#10188,1.);
#10188 = DIRECTION('',(0.,-1.));
#10189 = ( GEOMETRIC_REPRESENTATION_CONTEXT(2) 
PARAMETRIC_REPRESENTATION_CONTEXT() REPRESENTATION_CONTEXT('2D SPACE',''
  ) );
#10190 = ORIENTED_EDGE('',*,*,#868,.F.);
#10191 = ADVANCED_FACE('',(#10192),#1080,.T.);
#10192 = FACE_BOUND('',#10193,.T.);
#10193 = EDGE_LOOP('',(#10194,#10215,#10216,#10217));
#10194 = ORIENTED_EDGE('',*,*,#10195,.T.);
#10195 = EDGE_CURVE('',#1037,#5647,#10196,.T.);
#10196 = SURFACE_CURVE('',#10197,(#10201,#10208),.PCURVE_S1.);
#10197 = LINE('',#10198,#10199);
#10198 = CARTESIAN_POINT('',(1.436535,-92.218986,0.));
#10199 = VECTOR('',#10200,1.);
#10200 = DIRECTION('',(0.,0.,1.));
#10201 = PCURVE('',#1080,#10202);
#10202 = DEFINITIONAL_REPRESENTATION('',(#10203),#10207);
#10203 = LINE('',#10204,#10205);
#10204 = CARTESIAN_POINT('',(0.,0.));
#10205 = VECTOR('',#10206,1.);
#10206 = DIRECTION('',(0.,-1.));
#10207 = ( GEOMETRIC_REPRESENTATION_CONTEXT(2) 
PARAMETRIC_REPRESENTATION_CONTEXT() REPRESENTATION_CONTEXT('2D SPACE',''
  ) );
#10208 = PCURVE('',#1052,#10209);
#10209 = DEFINITIONAL_REPRESENTATION('',(#10210),#10214);
#10210 = LINE('',#10211,#10212);
#10211 = CARTESIAN_POINT('',(0.285356319142,0.));
#10212 = VECTOR('',#10213,1.);
#10213 = DIRECTION('',(0.,-1.));
#10214 = ( GEOMETRIC_REPRESENTATION_CONTEXT(2) 
PARAMETRIC_REPRESENTATION_CONTEXT() REPRESENTATION_CONTEXT('2D SPACE',''
  ) );
#10215 = ORIENTED_EDGE('',*,*,#5669,.T.);
#10216 = ORIENTED_EDGE('',*,*,#10141,.F.);
#10217 = ORIENTED_EDGE('',*,*,#1064,.F.);
#10218 = ADVANCED_FACE('',(#10219),#912,.T.);
#10219 = FACE_BOUND('',#10220,.T.);
#10220 = EDGE_LOOP('',(#10221,#10222,#10223,#10244));
#10221 = ORIENTED_EDGE('',*,*,#10170,.T.);
#10222 = ORIENTED_EDGE('',*,*,#5531,.T.);
#10223 = ORIENTED_EDGE('',*,*,#10224,.F.);
#10224 = EDGE_CURVE('',#897,#5532,#10225,.T.);
#10225 = SURFACE_CURVE('',#10226,(#10230,#10237),.PCURVE_S1.);
#10226 = LINE('',#10227,#10228);
#10227 = CARTESIAN_POINT('',(126.9,-84.8,0.));
#10228 = VECTOR('',#10229,1.);
#10229 = DIRECTION('',(0.,0.,1.));
#10230 = PCURVE('',#912,#10231);
#10231 = DEFINITIONAL_REPRESENTATION('',(#10232),#10236);
#10232 = LINE('',#10233,#10234);
#10233 = CARTESIAN_POINT('',(7.5,0.));
#10234 = VECTOR('',#10235,1.);
#10235 = DIRECTION('',(0.,-1.));
#10236 = ( GEOMETRIC_REPRESENTATION_CONTEXT(2) 
PARAMETRIC_REPRESENTATION_CONTEXT() REPRESENTATION_CONTEXT('2D SPACE',''
  ) );
#10237 = PCURVE('',#940,#10238);
#10238 = DEFINITIONAL_REPRESENTATION('',(#10239),#10243);
#10239 = LINE('',#10240,#10241);
#10240 = CARTESIAN_POINT('',(0.,-0.));
#10241 = VECTOR('',#10242,1.);
#10242 = DIRECTION('',(0.,-1.));
#10243 = ( GEOMETRIC_REPRESENTATION_CONTEXT(2) 
PARAMETRIC_REPRESENTATION_CONTEXT() REPRESENTATION_CONTEXT('2D SPACE',''
  ) );
#10244 = ORIENTED_EDGE('',*,*,#896,.F.);
#10245 = ADVANCED_FACE('',(#10246),#1052,.T.);
#10246 = FACE_BOUND('',#10247,.T.);
#10247 = EDGE_LOOP('',(#10248,#10269,#10270,#10271));
#10248 = ORIENTED_EDGE('',*,*,#10249,.T.);
#10249 = EDGE_CURVE('',#1009,#5624,#10250,.T.);
#10250 = SURFACE_CURVE('',#10251,(#10255,#10262),.PCURVE_S1.);
#10251 = LINE('',#10252,#10253);
#10252 = CARTESIAN_POINT('',(1.71537,-92.279643,0.));
#10253 = VECTOR('',#10254,1.);
#10254 = DIRECTION('',(0.,0.,1.));
#10255 = PCURVE('',#1052,#10256);
#10256 = DEFINITIONAL_REPRESENTATION('',(#10257),#10261);
#10257 = LINE('',#10258,#10259);
#10258 = CARTESIAN_POINT('',(0.,0.));
#10259 = VECTOR('',#10260,1.);
#10260 = DIRECTION('',(0.,-1.));
#10261 = ( GEOMETRIC_REPRESENTATION_CONTEXT(2) 
PARAMETRIC_REPRESENTATION_CONTEXT() REPRESENTATION_CONTEXT('2D SPACE',''
  ) );
#10262 = PCURVE('',#1024,#10263);
#10263 = DEFINITIONAL_REPRESENTATION('',(#10264),#10268);
#10264 = LINE('',#10265,#10266);
#10265 = CARTESIAN_POINT('',(0.285357047134,0.));
#10266 = VECTOR('',#10267,1.);
#10267 = DIRECTION('',(0.,-1.));
#10268 = ( GEOMETRIC_REPRESENTATION_CONTEXT(2) 
PARAMETRIC_REPRESENTATION_CONTEXT() REPRESENTATION_CONTEXT('2D SPACE',''
  ) );
#10269 = ORIENTED_EDGE('',*,*,#5646,.T.);
#10270 = ORIENTED_EDGE('',*,*,#10195,.F.);
#10271 = ORIENTED_EDGE('',*,*,#1036,.F.);
#10272 = ADVANCED_FACE('',(#10273),#940,.T.);
#10273 = FACE_BOUND('',#10274,.T.);
#10274 = EDGE_LOOP('',(#10275,#10276,#10277,#10298));
#10275 = ORIENTED_EDGE('',*,*,#10224,.T.);
#10276 = ORIENTED_EDGE('',*,*,#5554,.T.);
#10277 = ORIENTED_EDGE('',*,*,#10278,.F.);
#10278 = EDGE_CURVE('',#925,#5555,#10279,.T.);
#10279 = SURFACE_CURVE('',#10280,(#10284,#10291),.PCURVE_S1.);
#10280 = LINE('',#10281,#10282);
#10281 = CARTESIAN_POINT('',(116.4,-84.8,0.));
#10282 = VECTOR('',#10283,1.);
#10283 = DIRECTION('',(0.,0.,1.));
#10284 = PCURVE('',#940,#10285);
#10285 = DEFINITIONAL_REPRESENTATION('',(#10286),#10290);
#10286 = LINE('',#10287,#10288);
#10287 = CARTESIAN_POINT('',(10.5,0.));
#10288 = VECTOR('',#10289,1.);
#10289 = DIRECTION('',(0.,-1.));
#10290 = ( GEOMETRIC_REPRESENTATION_CONTEXT(2) 
PARAMETRIC_REPRESENTATION_CONTEXT() REPRESENTATION_CONTEXT('2D SPACE',''
  ) );
#10291 = PCURVE('',#968,#10292);
#10292 = DEFINITIONAL_REPRESENTATION('',(#10293),#10297);
#10293 = LINE('',#10294,#10295);
#10294 = CARTESIAN_POINT('',(0.,0.));
#10295 = VECTOR('',#10296,1.);
#10296 = DIRECTION('',(0.,-1.));
#10297 = ( GEOMETRIC_REPRESENTATION_CONTEXT(2) 
PARAMETRIC_REPRESENTATION_CONTEXT() REPRESENTATION_CONTEXT('2D SPACE',''
  ) );
#10298 = ORIENTED_EDGE('',*,*,#924,.F.);
#10299 = ADVANCED_FACE('',(#10300),#1024,.T.);
#10300 = FACE_BOUND('',#10301,.T.);
#10301 = EDGE_LOOP('',(#10302,#10323,#10324,#10325));
#10302 = ORIENTED_EDGE('',*,*,#10303,.T.);
#10303 = EDGE_CURVE('',#981,#5601,#10304,.T.);
#10304 = SURFACE_CURVE('',#10305,(#10309,#10316),.PCURVE_S1.);
#10305 = LINE('',#10306,#10307);
#10306 = CARTESIAN_POINT('',(2.,-92.3,0.));
#10307 = VECTOR('',#10308,1.);
#10308 = DIRECTION('',(0.,0.,1.));
#10309 = PCURVE('',#1024,#10310);
#10310 = DEFINITIONAL_REPRESENTATION('',(#10311),#10315);
#10311 = LINE('',#10312,#10313);
#10312 = CARTESIAN_POINT('',(0.,0.));
#10313 = VECTOR('',#10314,1.);
#10314 = DIRECTION('',(0.,-1.));
#10315 = ( GEOMETRIC_REPRESENTATION_CONTEXT(2) 
PARAMETRIC_REPRESENTATION_CONTEXT() REPRESENTATION_CONTEXT('2D SPACE',''
  ) );
#10316 = PCURVE('',#996,#10317);
#10317 = DEFINITIONAL_REPRESENTATION('',(#10318),#10322);
#10318 = LINE('',#10319,#10320);
#10319 = CARTESIAN_POINT('',(114.4,0.));
#10320 = VECTOR('',#10321,1.);
#10321 = DIRECTION('',(0.,-1.));
#10322 = ( GEOMETRIC_REPRESENTATION_CONTEXT(2) 
PARAMETRIC_REPRESENTATION_CONTEXT() REPRESENTATION_CONTEXT('2D SPACE',''
  ) );
#10323 = ORIENTED_EDGE('',*,*,#5623,.T.);
#10324 = ORIENTED_EDGE('',*,*,#10249,.F.);
#10325 = ORIENTED_EDGE('',*,*,#1008,.F.);
#10326 = ADVANCED_FACE('',(#10327),#968,.T.);
#10327 = FACE_BOUND('',#10328,.T.);
#10328 = EDGE_LOOP('',(#10329,#10330,#10331,#10352));
#10329 = ORIENTED_EDGE('',*,*,#10278,.T.);
#10330 = ORIENTED_EDGE('',*,*,#5577,.T.);
#10331 = ORIENTED_EDGE('',*,*,#10332,.F.);
#10332 = EDGE_CURVE('',#953,#5578,#10333,.T.);
#10333 = SURFACE_CURVE('',#10334,(#10338,#10345),.PCURVE_S1.);
#10334 = LINE('',#10335,#10336);
#10335 = CARTESIAN_POINT('',(116.4,-92.3,0.));
#10336 = VECTOR('',#10337,1.);
#10337 = DIRECTION('',(0.,0.,1.));
#10338 = PCURVE('',#968,#10339);
#10339 = DEFINITIONAL_REPRESENTATION('',(#10340),#10344);
#10340 = LINE('',#10341,#10342);
#10341 = CARTESIAN_POINT('',(7.5,0.));
#10342 = VECTOR('',#10343,1.);
#10343 = DIRECTION('',(0.,-1.));
#10344 = ( GEOMETRIC_REPRESENTATION_CONTEXT(2) 
PARAMETRIC_REPRESENTATION_CONTEXT() REPRESENTATION_CONTEXT('2D SPACE',''
  ) );
#10345 = PCURVE('',#996,#10346);
#10346 = DEFINITIONAL_REPRESENTATION('',(#10347),#10351);
#10347 = LINE('',#10348,#10349);
#10348 = CARTESIAN_POINT('',(0.,-0.));
#10349 = VECTOR('',#10350,1.);
#10350 = DIRECTION('',(0.,-1.));
#10351 = ( GEOMETRIC_REPRESENTATION_CONTEXT(2) 
PARAMETRIC_REPRESENTATION_CONTEXT() REPRESENTATION_CONTEXT('2D SPACE',''
  ) );
#10352 = ORIENTED_EDGE('',*,*,#952,.F.);
#10353 = ADVANCED_FACE('',(#10354),#996,.T.);
#10354 = FACE_BOUND('',#10355,.T.);
#10355 = EDGE_LOOP('',(#10356,#10357,#10358,#10359));
#10356 = ORIENTED_EDGE('',*,*,#10332,.T.);
#10357 = ORIENTED_EDGE('',*,*,#5600,.T.);
#10358 = ORIENTED_EDGE('',*,*,#10303,.F.);
#10359 = ORIENTED_EDGE('',*,*,#980,.F.);
#10360 = ADVANCED_FACE('',(#10361),#1697,.F.);
#10361 = FACE_BOUND('',#10362,.F.);
#10362 = EDGE_LOOP('',(#10363,#10364,#10385,#10386));
#10363 = ORIENTED_EDGE('',*,*,#6176,.F.);
#10364 = ORIENTED_EDGE('',*,*,#10365,.F.);
#10365 = EDGE_CURVE('',#1677,#6177,#10366,.T.);
#10366 = SEAM_CURVE('',#10367,(#10371,#10378),.PCURVE_S1.);
#10367 = LINE('',#10368,#10369);
#10368 = CARTESIAN_POINT('',(134.,-89.85,-1.E-02));
#10369 = VECTOR('',#10370,1.);
#10370 = DIRECTION('',(0.,0.,1.));
#10371 = PCURVE('',#1697,#10372);
#10372 = DEFINITIONAL_REPRESENTATION('',(#10373),#10377);
#10373 = LINE('',#10374,#10375);
#10374 = CARTESIAN_POINT('',(6.28318530718,-0.));
#10375 = VECTOR('',#10376,1.);
#10376 = DIRECTION('',(0.,1.));
#10377 = ( GEOMETRIC_REPRESENTATION_CONTEXT(2) 
PARAMETRIC_REPRESENTATION_CONTEXT() REPRESENTATION_CONTEXT('2D SPACE',''
  ) );
#10378 = PCURVE('',#1697,#10379);
#10379 = DEFINITIONAL_REPRESENTATION('',(#10380),#10384);
#10380 = LINE('',#10381,#10382);
#10381 = CARTESIAN_POINT('',(0.,-0.));
#10382 = VECTOR('',#10383,1.);
#10383 = DIRECTION('',(0.,1.));
#10384 = ( GEOMETRIC_REPRESENTATION_CONTEXT(2) 
PARAMETRIC_REPRESENTATION_CONTEXT() REPRESENTATION_CONTEXT('2D SPACE',''
  ) );
#10385 = ORIENTED_EDGE('',*,*,#1676,.T.);
#10386 = ORIENTED_EDGE('',*,*,#10365,.T.);
#10387 = ADVANCED_FACE('',(#10388),#1732,.F.);
#10388 = FACE_BOUND('',#10389,.F.);
#10389 = EDGE_LOOP('',(#10390,#10391,#10412,#10413));
#10390 = ORIENTED_EDGE('',*,*,#6206,.F.);
#10391 = ORIENTED_EDGE('',*,*,#10392,.F.);
#10392 = EDGE_CURVE('',#1712,#6207,#10393,.T.);
#10393 = SEAM_CURVE('',#10394,(#10398,#10405),.PCURVE_S1.);
#10394 = LINE('',#10395,#10396);
#10395 = CARTESIAN_POINT('',(129.77,-89.139999,-1.E-02));
#10396 = VECTOR('',#10397,1.);
#10397 = DIRECTION('',(0.,0.,1.));
#10398 = PCURVE('',#1732,#10399);
#10399 = DEFINITIONAL_REPRESENTATION('',(#10400),#10404);
#10400 = LINE('',#10401,#10402);
#10401 = CARTESIAN_POINT('',(6.28318530718,-0.));
#10402 = VECTOR('',#10403,1.);
#10403 = DIRECTION('',(0.,1.));
#10404 = ( GEOMETRIC_REPRESENTATION_CONTEXT(2) 
PARAMETRIC_REPRESENTATION_CONTEXT() REPRESENTATION_CONTEXT('2D SPACE',''
  ) );
#10405 = PCURVE('',#1732,#10406);
#10406 = DEFINITIONAL_REPRESENTATION('',(#10407),#10411);
#10407 = LINE('',#10408,#10409);
#10408 = CARTESIAN_POINT('',(0.,-0.));
#10409 = VECTOR('',#10410,1.);
#10410 = DIRECTION('',(0.,1.));
#10411 = ( GEOMETRIC_REPRESENTATION_CONTEXT(2) 
PARAMETRIC_REPRESENTATION_CONTEXT() REPRESENTATION_CONTEXT('2D SPACE',''
  ) );
#10412 = ORIENTED_EDGE('',*,*,#1711,.T.);
#10413 = ORIENTED_EDGE('',*,*,#10392,.T.);
#10414 = ADVANCED_FACE('',(#10415),#1767,.F.);
#10415 = FACE_BOUND('',#10416,.F.);
#10416 = EDGE_LOOP('',(#10417,#10418,#10439,#10440));
#10417 = ORIENTED_EDGE('',*,*,#6236,.F.);
#10418 = ORIENTED_EDGE('',*,*,#10419,.F.);
#10419 = EDGE_CURVE('',#1747,#6237,#10420,.T.);
#10420 = SEAM_CURVE('',#10421,(#10425,#10432),.PCURVE_S1.);
#10421 = LINE('',#10422,#10423);
#10422 = CARTESIAN_POINT('',(129.77,-86.599999,-1.E-02));
#10423 = VECTOR('',#10424,1.);
#10424 = DIRECTION('',(0.,0.,1.));
#10425 = PCURVE('',#1767,#10426);
#10426 = DEFINITIONAL_REPRESENTATION('',(#10427),#10431);
#10427 = LINE('',#10428,#10429);
#10428 = CARTESIAN_POINT('',(6.28318530718,-0.));
#10429 = VECTOR('',#10430,1.);
#10430 = DIRECTION('',(0.,1.));
#10431 = ( GEOMETRIC_REPRESENTATION_CONTEXT(2) 
PARAMETRIC_REPRESENTATION_CONTEXT() REPRESENTATION_CONTEXT('2D SPACE',''
  ) );
#10432 = PCURVE('',#1767,#10433);
#10433 = DEFINITIONAL_REPRESENTATION('',(#10434),#10438);
#10434 = LINE('',#10435,#10436);
#10435 = CARTESIAN_POINT('',(0.,-0.));
#10436 = VECTOR('',#10437,1.);
#10437 = DIRECTION('',(0.,1.));
#10438 = ( GEOMETRIC_REPRESENTATION_CONTEXT(2) 
PARAMETRIC_REPRESENTATION_CONTEXT() REPRESENTATION_CONTEXT('2D SPACE',''
  ) );
#10439 = ORIENTED_EDGE('',*,*,#1746,.T.);
#10440 = ORIENTED_EDGE('',*,*,#10419,.T.);
#10441 = ADVANCED_FACE('',(#10442),#1802,.F.);
#10442 = FACE_BOUND('',#10443,.F.);
#10443 = EDGE_LOOP('',(#10444,#10445,#10466,#10467));
#10444 = ORIENTED_EDGE('',*,*,#6266,.F.);
#10445 = ORIENTED_EDGE('',*,*,#10446,.F.);
#10446 = EDGE_CURVE('',#1782,#6267,#10447,.T.);
#10447 = SEAM_CURVE('',#10448,(#10452,#10459),.PCURVE_S1.);
#10448 = LINE('',#10449,#10450);
#10449 = CARTESIAN_POINT('',(129.77,-84.059999,-1.E-02));
#10450 = VECTOR('',#10451,1.);
#10451 = DIRECTION('',(0.,0.,1.));
#10452 = PCURVE('',#1802,#10453);
#10453 = DEFINITIONAL_REPRESENTATION('',(#10454),#10458);
#10454 = LINE('',#10455,#10456);
#10455 = CARTESIAN_POINT('',(6.28318530718,-0.));
#10456 = VECTOR('',#10457,1.);
#10457 = DIRECTION('',(0.,1.));
#10458 = ( GEOMETRIC_REPRESENTATION_CONTEXT(2) 
PARAMETRIC_REPRESENTATION_CONTEXT() REPRESENTATION_CONTEXT('2D SPACE',''
  ) );
#10459 = PCURVE('',#1802,#10460);
#10460 = DEFINITIONAL_REPRESENTATION('',(#10461),#10465);
#10461 = LINE('',#10462,#10463);
#10462 = CARTESIAN_POINT('',(0.,-0.));
#10463 = VECTOR('',#10464,1.);
#10464 = DIRECTION('',(0.,1.));
#10465 = ( GEOMETRIC_REPRESENTATION_CONTEXT(2) 
PARAMETRIC_REPRESENTATION_CONTEXT() REPRESENTATION_CONTEXT('2D SPACE',''
  ) );
#10466 = ORIENTED_EDGE('',*,*,#1781,.T.);
#10467 = ORIENTED_EDGE('',*,*,#10446,.T.);
#10468 = ADVANCED_FACE('',(#10469),#1837,.F.);
#10469 = FACE_BOUND('',#10470,.F.);
#10470 = EDGE_LOOP('',(#10471,#10472,#10493,#10494));
#10471 = ORIENTED_EDGE('',*,*,#6296,.F.);
#10472 = ORIENTED_EDGE('',*,*,#10473,.F.);
#10473 = EDGE_CURVE('',#1817,#6297,#10474,.T.);
#10474 = SEAM_CURVE('',#10475,(#10479,#10486),.PCURVE_S1.);
#10475 = LINE('',#10476,#10477);
#10476 = CARTESIAN_POINT('',(129.77,-81.519999,-1.E-02));
#10477 = VECTOR('',#10478,1.);
#10478 = DIRECTION('',(0.,0.,1.));
#10479 = PCURVE('',#1837,#10480);
#10480 = DEFINITIONAL_REPRESENTATION('',(#10481),#10485);
#10481 = LINE('',#10482,#10483);
#10482 = CARTESIAN_POINT('',(6.28318530718,-0.));
#10483 = VECTOR('',#10484,1.);
#10484 = DIRECTION('',(0.,1.));
#10485 = ( GEOMETRIC_REPRESENTATION_CONTEXT(2) 
PARAMETRIC_REPRESENTATION_CONTEXT() REPRESENTATION_CONTEXT('2D SPACE',''
  ) );
#10486 = PCURVE('',#1837,#10487);
#10487 = DEFINITIONAL_REPRESENTATION('',(#10488),#10492);
#10488 = LINE('',#10489,#10490);
#10489 = CARTESIAN_POINT('',(0.,-0.));
#10490 = VECTOR('',#10491,1.);
#10491 = DIRECTION('',(0.,1.));
#10492 = ( GEOMETRIC_REPRESENTATION_CONTEXT(2) 
PARAMETRIC_REPRESENTATION_CONTEXT() REPRESENTATION_CONTEXT('2D SPACE',''
  ) );
#10493 = ORIENTED_EDGE('',*,*,#1816,.T.);
#10494 = ORIENTED_EDGE('',*,*,#10473,.T.);
#10495 = ADVANCED_FACE('',(#10496),#1872,.F.);
#10496 = FACE_BOUND('',#10497,.F.);
#10497 = EDGE_LOOP('',(#10498,#10499,#10520,#10521));
#10498 = ORIENTED_EDGE('',*,*,#6326,.F.);
#10499 = ORIENTED_EDGE('',*,*,#10500,.F.);
#10500 = EDGE_CURVE('',#1852,#6327,#10501,.T.);
#10501 = SEAM_CURVE('',#10502,(#10506,#10513),.PCURVE_S1.);
#10502 = LINE('',#10503,#10504);
#10503 = CARTESIAN_POINT('',(114.53,-89.139999,-1.E-02));
#10504 = VECTOR('',#10505,1.);
#10505 = DIRECTION('',(0.,0.,1.));
#10506 = PCURVE('',#1872,#10507);
#10507 = DEFINITIONAL_REPRESENTATION('',(#10508),#10512);
#10508 = LINE('',#10509,#10510);
#10509 = CARTESIAN_POINT('',(6.28318530718,-0.));
#10510 = VECTOR('',#10511,1.);
#10511 = DIRECTION('',(0.,1.));
#10512 = ( GEOMETRIC_REPRESENTATION_CONTEXT(2) 
PARAMETRIC_REPRESENTATION_CONTEXT() REPRESENTATION_CONTEXT('2D SPACE',''
  ) );
#10513 = PCURVE('',#1872,#10514);
#10514 = DEFINITIONAL_REPRESENTATION('',(#10515),#10519);
#10515 = LINE('',#10516,#10517);
#10516 = CARTESIAN_POINT('',(0.,-0.));
#10517 = VECTOR('',#10518,1.);
#10518 = DIRECTION('',(0.,1.));
#10519 = ( GEOMETRIC_REPRESENTATION_CONTEXT(2) 
PARAMETRIC_REPRESENTATION_CONTEXT() REPRESENTATION_CONTEXT('2D SPACE',''
  ) );
#10520 = ORIENTED_EDGE('',*,*,#1851,.T.);
#10521 = ORIENTED_EDGE('',*,*,#10500,.T.);
#10522 = ADVANCED_FACE('',(#10523),#1907,.F.);
#10523 = FACE_BOUND('',#10524,.F.);
#10524 = EDGE_LOOP('',(#10525,#10526,#10547,#10548));
#10525 = ORIENTED_EDGE('',*,*,#6356,.F.);
#10526 = ORIENTED_EDGE('',*,*,#10527,.F.);
#10527 = EDGE_CURVE('',#1887,#6357,#10528,.T.);
#10528 = SEAM_CURVE('',#10529,(#10533,#10540),.PCURVE_S1.);
#10529 = LINE('',#10530,#10531);
#10530 = CARTESIAN_POINT('',(111.5,-89.85,-1.E-02));
#10531 = VECTOR('',#10532,1.);
#10532 = DIRECTION('',(0.,0.,1.));
#10533 = PCURVE('',#1907,#10534);
#10534 = DEFINITIONAL_REPRESENTATION('',(#10535),#10539);
#10535 = LINE('',#10536,#10537);
#10536 = CARTESIAN_POINT('',(6.28318530718,-0.));
#10537 = VECTOR('',#10538,1.);
#10538 = DIRECTION('',(0.,1.));
#10539 = ( GEOMETRIC_REPRESENTATION_CONTEXT(2) 
PARAMETRIC_REPRESENTATION_CONTEXT() REPRESENTATION_CONTEXT('2D SPACE',''
  ) );
#10540 = PCURVE('',#1907,#10541);
#10541 = DEFINITIONAL_REPRESENTATION('',(#10542),#10546);
#10542 = LINE('',#10543,#10544);
#10543 = CARTESIAN_POINT('',(0.,-0.));
#10544 = VECTOR('',#10545,1.);
#10545 = DIRECTION('',(0.,1.));
#10546 = ( GEOMETRIC_REPRESENTATION_CONTEXT(2) 
PARAMETRIC_REPRESENTATION_CONTEXT() REPRESENTATION_CONTEXT('2D SPACE',''
  ) );
#10547 = ORIENTED_EDGE('',*,*,#1886,.T.);
#10548 = ORIENTED_EDGE('',*,*,#10527,.T.);
#10549 = ADVANCED_FACE('',(#10550),#1942,.F.);
#10550 = FACE_BOUND('',#10551,.F.);
#10551 = EDGE_LOOP('',(#10552,#10553,#10574,#10575));
#10552 = ORIENTED_EDGE('',*,*,#6386,.F.);
#10553 = ORIENTED_EDGE('',*,*,#10554,.F.);
#10554 = EDGE_CURVE('',#1922,#6387,#10555,.T.);
#10555 = SEAM_CURVE('',#10556,(#10560,#10567),.PCURVE_S1.);
#10556 = LINE('',#10557,#10558);
#10557 = CARTESIAN_POINT('',(114.53,-86.599999,-1.E-02));
#10558 = VECTOR('',#10559,1.);
#10559 = DIRECTION('',(0.,0.,1.));
#10560 = PCURVE('',#1942,#10561);
#10561 = DEFINITIONAL_REPRESENTATION('',(#10562),#10566);
#10562 = LINE('',#10563,#10564);
#10563 = CARTESIAN_POINT('',(6.28318530718,-0.));
#10564 = VECTOR('',#10565,1.);
#10565 = DIRECTION('',(0.,1.));
#10566 = ( GEOMETRIC_REPRESENTATION_CONTEXT(2) 
PARAMETRIC_REPRESENTATION_CONTEXT() REPRESENTATION_CONTEXT('2D SPACE',''
  ) );
#10567 = PCURVE('',#1942,#10568);
#10568 = DEFINITIONAL_REPRESENTATION('',(#10569),#10573);
#10569 = LINE('',#10570,#10571);
#10570 = CARTESIAN_POINT('',(0.,-0.));
#10571 = VECTOR('',#10572,1.);
#10572 = DIRECTION('',(0.,1.));
#10573 = ( GEOMETRIC_REPRESENTATION_CONTEXT(2) 
PARAMETRIC_REPRESENTATION_CONTEXT() REPRESENTATION_CONTEXT('2D SPACE',''
  ) );
#10574 = ORIENTED_EDGE('',*,*,#1921,.T.);
#10575 = ORIENTED_EDGE('',*,*,#10554,.T.);
#10576 = ADVANCED_FACE('',(#10577),#1977,.F.);
#10577 = FACE_BOUND('',#10578,.F.);
#10578 = EDGE_LOOP('',(#10579,#10580,#10601,#10602));
#10579 = ORIENTED_EDGE('',*,*,#6416,.F.);
#10580 = ORIENTED_EDGE('',*,*,#10581,.F.);
#10581 = EDGE_CURVE('',#1957,#6417,#10582,.T.);
#10582 = SEAM_CURVE('',#10583,(#10587,#10594),.PCURVE_S1.);
#10583 = LINE('',#10584,#10585);
#10584 = CARTESIAN_POINT('',(114.53,-84.059999,-1.E-02));
#10585 = VECTOR('',#10586,1.);
#10586 = DIRECTION('',(0.,0.,1.));
#10587 = PCURVE('',#1977,#10588);
#10588 = DEFINITIONAL_REPRESENTATION('',(#10589),#10593);
#10589 = LINE('',#10590,#10591);
#10590 = CARTESIAN_POINT('',(6.28318530718,-0.));
#10591 = VECTOR('',#10592,1.);
#10592 = DIRECTION('',(0.,1.));
#10593 = ( GEOMETRIC_REPRESENTATION_CONTEXT(2) 
PARAMETRIC_REPRESENTATION_CONTEXT() REPRESENTATION_CONTEXT('2D SPACE',''
  ) );
#10594 = PCURVE('',#1977,#10595);
#10595 = DEFINITIONAL_REPRESENTATION('',(#10596),#10600);
#10596 = LINE('',#10597,#10598);
#10597 = CARTESIAN_POINT('',(0.,-0.));
#10598 = VECTOR('',#10599,1.);
#10599 = DIRECTION('',(0.,1.));
#10600 = ( GEOMETRIC_REPRESENTATION_CONTEXT(2) 
PARAMETRIC_REPRESENTATION_CONTEXT() REPRESENTATION_CONTEXT('2D SPACE',''
  ) );
#10601 = ORIENTED_EDGE('',*,*,#1956,.T.);
#10602 = ORIENTED_EDGE('',*,*,#10581,.T.);
#10603 = ADVANCED_FACE('',(#10604),#2012,.F.);
#10604 = FACE_BOUND('',#10605,.F.);
#10605 = EDGE_LOOP('',(#10606,#10607,#10628,#10629));
#10606 = ORIENTED_EDGE('',*,*,#6446,.F.);
#10607 = ORIENTED_EDGE('',*,*,#10608,.F.);
#10608 = EDGE_CURVE('',#1992,#6447,#10609,.T.);
#10609 = SEAM_CURVE('',#10610,(#10614,#10621),.PCURVE_S1.);
#10610 = LINE('',#10611,#10612);
#10611 = CARTESIAN_POINT('',(114.53,-81.519999,-1.E-02));
#10612 = VECTOR('',#10613,1.);
#10613 = DIRECTION('',(0.,0.,1.));
#10614 = PCURVE('',#2012,#10615);
#10615 = DEFINITIONAL_REPRESENTATION('',(#10616),#10620);
#10616 = LINE('',#10617,#10618);
#10617 = CARTESIAN_POINT('',(6.28318530718,-0.));
#10618 = VECTOR('',#10619,1.);
#10619 = DIRECTION('',(0.,1.));
#10620 = ( GEOMETRIC_REPRESENTATION_CONTEXT(2) 
PARAMETRIC_REPRESENTATION_CONTEXT() REPRESENTATION_CONTEXT('2D SPACE',''
  ) );
#10621 = PCURVE('',#2012,#10622);
#10622 = DEFINITIONAL_REPRESENTATION('',(#10623),#10627);
#10623 = LINE('',#10624,#10625);
#10624 = CARTESIAN_POINT('',(0.,-0.));
#10625 = VECTOR('',#10626,1.);
#10626 = DIRECTION('',(0.,1.));
#10627 = ( GEOMETRIC_REPRESENTATION_CONTEXT(2) 
PARAMETRIC_REPRESENTATION_CONTEXT() REPRESENTATION_CONTEXT('2D SPACE',''
  ) );
#10628 = ORIENTED_EDGE('',*,*,#1991,.T.);
#10629 = ORIENTED_EDGE('',*,*,#10608,.T.);
#10630 = ADVANCED_FACE('',(#10631),#2047,.F.);
#10631 = FACE_BOUND('',#10632,.F.);
#10632 = EDGE_LOOP('',(#10633,#10634,#10655,#10656));
#10633 = ORIENTED_EDGE('',*,*,#6476,.F.);
#10634 = ORIENTED_EDGE('',*,*,#10635,.F.);
#10635 = EDGE_CURVE('',#2027,#6477,#10636,.T.);
#10636 = SEAM_CURVE('',#10637,(#10641,#10648),.PCURVE_S1.);
#10637 = LINE('',#10638,#10639);
#10638 = CARTESIAN_POINT('',(129.77,-78.979999,-1.E-02));
#10639 = VECTOR('',#10640,1.);
#10640 = DIRECTION('',(0.,0.,1.));
#10641 = PCURVE('',#2047,#10642);
#10642 = DEFINITIONAL_REPRESENTATION('',(#10643),#10647);
#10643 = LINE('',#10644,#10645);
#10644 = CARTESIAN_POINT('',(6.28318530718,-0.));
#10645 = VECTOR('',#10646,1.);
#10646 = DIRECTION('',(0.,1.));
#10647 = ( GEOMETRIC_REPRESENTATION_CONTEXT(2) 
PARAMETRIC_REPRESENTATION_CONTEXT() REPRESENTATION_CONTEXT('2D SPACE',''
  ) );
#10648 = PCURVE('',#2047,#10649);
#10649 = DEFINITIONAL_REPRESENTATION('',(#10650),#10654);
#10650 = LINE('',#10651,#10652);
#10651 = CARTESIAN_POINT('',(0.,-0.));
#10652 = VECTOR('',#10653,1.);
#10653 = DIRECTION('',(0.,1.));
#10654 = ( GEOMETRIC_REPRESENTATION_CONTEXT(2) 
PARAMETRIC_REPRESENTATION_CONTEXT() REPRESENTATION_CONTEXT('2D SPACE',''
  ) );
#10655 = ORIENTED_EDGE('',*,*,#2026,.T.);
#10656 = ORIENTED_EDGE('',*,*,#10635,.T.);
#10657 = ADVANCED_FACE('',(#10658),#2082,.F.);
#10658 = FACE_BOUND('',#10659,.F.);
#10659 = EDGE_LOOP('',(#10660,#10661,#10682,#10683));
#10660 = ORIENTED_EDGE('',*,*,#6506,.F.);
#10661 = ORIENTED_EDGE('',*,*,#10662,.F.);
#10662 = EDGE_CURVE('',#2062,#6507,#10663,.T.);
#10663 = SEAM_CURVE('',#10664,(#10668,#10675),.PCURVE_S1.);
#10664 = LINE('',#10665,#10666);
#10665 = CARTESIAN_POINT('',(129.77,-76.439999,-1.E-02));
#10666 = VECTOR('',#10667,1.);
#10667 = DIRECTION('',(0.,0.,1.));
#10668 = PCURVE('',#2082,#10669);
#10669 = DEFINITIONAL_REPRESENTATION('',(#10670),#10674);
#10670 = LINE('',#10671,#10672);
#10671 = CARTESIAN_POINT('',(6.28318530718,-0.));
#10672 = VECTOR('',#10673,1.);
#10673 = DIRECTION('',(0.,1.));
#10674 = ( GEOMETRIC_REPRESENTATION_CONTEXT(2) 
PARAMETRIC_REPRESENTATION_CONTEXT() REPRESENTATION_CONTEXT('2D SPACE',''
  ) );
#10675 = PCURVE('',#2082,#10676);
#10676 = DEFINITIONAL_REPRESENTATION('',(#10677),#10681);
#10677 = LINE('',#10678,#10679);
#10678 = CARTESIAN_POINT('',(0.,-0.));
#10679 = VECTOR('',#10680,1.);
#10680 = DIRECTION('',(0.,1.));
#10681 = ( GEOMETRIC_REPRESENTATION_CONTEXT(2) 
PARAMETRIC_REPRESENTATION_CONTEXT() REPRESENTATION_CONTEXT('2D SPACE',''
  ) );
#10682 = ORIENTED_EDGE('',*,*,#2061,.T.);
#10683 = ORIENTED_EDGE('',*,*,#10662,.T.);
#10684 = ADVANCED_FACE('',(#10685),#2117,.F.);
#10685 = FACE_BOUND('',#10686,.F.);
#10686 = EDGE_LOOP('',(#10687,#10688,#10709,#10710));
#10687 = ORIENTED_EDGE('',*,*,#6536,.F.);
#10688 = ORIENTED_EDGE('',*,*,#10689,.F.);
#10689 = EDGE_CURVE('',#2097,#6537,#10690,.T.);
#10690 = SEAM_CURVE('',#10691,(#10695,#10702),.PCURVE_S1.);
#10691 = LINE('',#10692,#10693);
#10692 = CARTESIAN_POINT('',(129.77,-73.899999,-1.E-02));
#10693 = VECTOR('',#10694,1.);
#10694 = DIRECTION('',(0.,0.,1.));
#10695 = PCURVE('',#2117,#10696);
#10696 = DEFINITIONAL_REPRESENTATION('',(#10697),#10701);
#10697 = LINE('',#10698,#10699);
#10698 = CARTESIAN_POINT('',(6.28318530718,-0.));
#10699 = VECTOR('',#10700,1.);
#10700 = DIRECTION('',(0.,1.));
#10701 = ( GEOMETRIC_REPRESENTATION_CONTEXT(2) 
PARAMETRIC_REPRESENTATION_CONTEXT() REPRESENTATION_CONTEXT('2D SPACE',''
  ) );
#10702 = PCURVE('',#2117,#10703);
#10703 = DEFINITIONAL_REPRESENTATION('',(#10704),#10708);
#10704 = LINE('',#10705,#10706);
#10705 = CARTESIAN_POINT('',(0.,-0.));
#10706 = VECTOR('',#10707,1.);
#10707 = DIRECTION('',(0.,1.));
#10708 = ( GEOMETRIC_REPRESENTATION_CONTEXT(2) 
PARAMETRIC_REPRESENTATION_CONTEXT() REPRESENTATION_CONTEXT('2D SPACE',''
  ) );
#10709 = ORIENTED_EDGE('',*,*,#2096,.T.);
#10710 = ORIENTED_EDGE('',*,*,#10689,.T.);
#10711 = ADVANCED_FACE('',(#10712),#2152,.F.);
#10712 = FACE_BOUND('',#10713,.F.);
#10713 = EDGE_LOOP('',(#10714,#10715,#10736,#10737));
#10714 = ORIENTED_EDGE('',*,*,#6566,.F.);
#10715 = ORIENTED_EDGE('',*,*,#10716,.F.);
#10716 = EDGE_CURVE('',#2132,#6567,#10717,.T.);
#10717 = SEAM_CURVE('',#10718,(#10722,#10729),.PCURVE_S1.);
#10718 = LINE('',#10719,#10720);
#10719 = CARTESIAN_POINT('',(129.77,-71.359999,-1.E-02));
#10720 = VECTOR('',#10721,1.);
#10721 = DIRECTION('',(0.,0.,1.));
#10722 = PCURVE('',#2152,#10723);
#10723 = DEFINITIONAL_REPRESENTATION('',(#10724),#10728);
#10724 = LINE('',#10725,#10726);
#10725 = CARTESIAN_POINT('',(6.28318530718,-0.));
#10726 = VECTOR('',#10727,1.);
#10727 = DIRECTION('',(0.,1.));
#10728 = ( GEOMETRIC_REPRESENTATION_CONTEXT(2) 
PARAMETRIC_REPRESENTATION_CONTEXT() REPRESENTATION_CONTEXT('2D SPACE',''
  ) );
#10729 = PCURVE('',#2152,#10730);
#10730 = DEFINITIONAL_REPRESENTATION('',(#10731),#10735);
#10731 = LINE('',#10732,#10733);
#10732 = CARTESIAN_POINT('',(0.,-0.));
#10733 = VECTOR('',#10734,1.);
#10734 = DIRECTION('',(0.,1.));
#10735 = ( GEOMETRIC_REPRESENTATION_CONTEXT(2) 
PARAMETRIC_REPRESENTATION_CONTEXT() REPRESENTATION_CONTEXT('2D SPACE',''
  ) );
#10736 = ORIENTED_EDGE('',*,*,#2131,.T.);
#10737 = ORIENTED_EDGE('',*,*,#10716,.T.);
#10738 = ADVANCED_FACE('',(#10739),#2187,.F.);
#10739 = FACE_BOUND('',#10740,.F.);
#10740 = EDGE_LOOP('',(#10741,#10742,#10763,#10764));
#10741 = ORIENTED_EDGE('',*,*,#6596,.F.);
#10742 = ORIENTED_EDGE('',*,*,#10743,.F.);
#10743 = EDGE_CURVE('',#2167,#6597,#10744,.T.);
#10744 = SEAM_CURVE('',#10745,(#10749,#10756),.PCURVE_S1.);
#10745 = LINE('',#10746,#10747);
#10746 = CARTESIAN_POINT('',(129.77,-68.819999,-1.E-02));
#10747 = VECTOR('',#10748,1.);
#10748 = DIRECTION('',(0.,0.,1.));
#10749 = PCURVE('',#2187,#10750);
#10750 = DEFINITIONAL_REPRESENTATION('',(#10751),#10755);
#10751 = LINE('',#10752,#10753);
#10752 = CARTESIAN_POINT('',(6.28318530718,-0.));
#10753 = VECTOR('',#10754,1.);
#10754 = DIRECTION('',(0.,1.));
#10755 = ( GEOMETRIC_REPRESENTATION_CONTEXT(2) 
PARAMETRIC_REPRESENTATION_CONTEXT() REPRESENTATION_CONTEXT('2D SPACE',''
  ) );
#10756 = PCURVE('',#2187,#10757);
#10757 = DEFINITIONAL_REPRESENTATION('',(#10758),#10762);
#10758 = LINE('',#10759,#10760);
#10759 = CARTESIAN_POINT('',(0.,-0.));
#10760 = VECTOR('',#10761,1.);
#10761 = DIRECTION('',(0.,1.));
#10762 = ( GEOMETRIC_REPRESENTATION_CONTEXT(2) 
PARAMETRIC_REPRESENTATION_CONTEXT() REPRESENTATION_CONTEXT('2D SPACE',''
  ) );
#10763 = ORIENTED_EDGE('',*,*,#2166,.T.);
#10764 = ORIENTED_EDGE('',*,*,#10743,.T.);
#10765 = ADVANCED_FACE('',(#10766),#2222,.F.);
#10766 = FACE_BOUND('',#10767,.F.);
#10767 = EDGE_LOOP('',(#10768,#10769,#10790,#10791));
#10768 = ORIENTED_EDGE('',*,*,#6626,.F.);
#10769 = ORIENTED_EDGE('',*,*,#10770,.F.);
#10770 = EDGE_CURVE('',#2202,#6627,#10771,.T.);
#10771 = SEAM_CURVE('',#10772,(#10776,#10783),.PCURVE_S1.);
#10772 = LINE('',#10773,#10774);
#10773 = CARTESIAN_POINT('',(114.53,-78.979999,-1.E-02));
#10774 = VECTOR('',#10775,1.);
#10775 = DIRECTION('',(0.,0.,1.));
#10776 = PCURVE('',#2222,#10777);
#10777 = DEFINITIONAL_REPRESENTATION('',(#10778),#10782);
#10778 = LINE('',#10779,#10780);
#10779 = CARTESIAN_POINT('',(6.28318530718,-0.));
#10780 = VECTOR('',#10781,1.);
#10781 = DIRECTION('',(0.,1.));
#10782 = ( GEOMETRIC_REPRESENTATION_CONTEXT(2) 
PARAMETRIC_REPRESENTATION_CONTEXT() REPRESENTATION_CONTEXT('2D SPACE',''
  ) );
#10783 = PCURVE('',#2222,#10784);
#10784 = DEFINITIONAL_REPRESENTATION('',(#10785),#10789);
#10785 = LINE('',#10786,#10787);
#10786 = CARTESIAN_POINT('',(0.,-0.));
#10787 = VECTOR('',#10788,1.);
#10788 = DIRECTION('',(0.,1.));
#10789 = ( GEOMETRIC_REPRESENTATION_CONTEXT(2) 
PARAMETRIC_REPRESENTATION_CONTEXT() REPRESENTATION_CONTEXT('2D SPACE',''
  ) );
#10790 = ORIENTED_EDGE('',*,*,#2201,.T.);
#10791 = ORIENTED_EDGE('',*,*,#10770,.T.);
#10792 = ADVANCED_FACE('',(#10793),#2257,.F.);
#10793 = FACE_BOUND('',#10794,.F.);
#10794 = EDGE_LOOP('',(#10795,#10796,#10817,#10818));
#10795 = ORIENTED_EDGE('',*,*,#6656,.F.);
#10796 = ORIENTED_EDGE('',*,*,#10797,.F.);
#10797 = EDGE_CURVE('',#2237,#6657,#10798,.T.);
#10798 = SEAM_CURVE('',#10799,(#10803,#10810),.PCURVE_S1.);
#10799 = LINE('',#10800,#10801);
#10800 = CARTESIAN_POINT('',(114.53,-76.439999,-1.E-02));
#10801 = VECTOR('',#10802,1.);
#10802 = DIRECTION('',(0.,0.,1.));
#10803 = PCURVE('',#2257,#10804);
#10804 = DEFINITIONAL_REPRESENTATION('',(#10805),#10809);
#10805 = LINE('',#10806,#10807);
#10806 = CARTESIAN_POINT('',(6.28318530718,-0.));
#10807 = VECTOR('',#10808,1.);
#10808 = DIRECTION('',(0.,1.));
#10809 = ( GEOMETRIC_REPRESENTATION_CONTEXT(2) 
PARAMETRIC_REPRESENTATION_CONTEXT() REPRESENTATION_CONTEXT('2D SPACE',''
  ) );
#10810 = PCURVE('',#2257,#10811);
#10811 = DEFINITIONAL_REPRESENTATION('',(#10812),#10816);
#10812 = LINE('',#10813,#10814);
#10813 = CARTESIAN_POINT('',(0.,-0.));
#10814 = VECTOR('',#10815,1.);
#10815 = DIRECTION('',(0.,1.));
#10816 = ( GEOMETRIC_REPRESENTATION_CONTEXT(2) 
PARAMETRIC_REPRESENTATION_CONTEXT() REPRESENTATION_CONTEXT('2D SPACE',''
  ) );
#10817 = ORIENTED_EDGE('',*,*,#2236,.T.);
#10818 = ORIENTED_EDGE('',*,*,#10797,.T.);
#10819 = ADVANCED_FACE('',(#10820),#2292,.F.);
#10820 = FACE_BOUND('',#10821,.F.);
#10821 = EDGE_LOOP('',(#10822,#10823,#10844,#10845));
#10822 = ORIENTED_EDGE('',*,*,#6686,.F.);
#10823 = ORIENTED_EDGE('',*,*,#10824,.F.);
#10824 = EDGE_CURVE('',#2272,#6687,#10825,.T.);
#10825 = SEAM_CURVE('',#10826,(#10830,#10837),.PCURVE_S1.);
#10826 = LINE('',#10827,#10828);
#10827 = CARTESIAN_POINT('',(103.575,-77.4,-1.E-02));
#10828 = VECTOR('',#10829,1.);
#10829 = DIRECTION('',(0.,0.,1.));
#10830 = PCURVE('',#2292,#10831);
#10831 = DEFINITIONAL_REPRESENTATION('',(#10832),#10836);
#10832 = LINE('',#10833,#10834);
#10833 = CARTESIAN_POINT('',(6.28318530718,-0.));
#10834 = VECTOR('',#10835,1.);
#10835 = DIRECTION('',(0.,1.));
#10836 = ( GEOMETRIC_REPRESENTATION_CONTEXT(2) 
PARAMETRIC_REPRESENTATION_CONTEXT() REPRESENTATION_CONTEXT('2D SPACE',''
  ) );
#10837 = PCURVE('',#2292,#10838);
#10838 = DEFINITIONAL_REPRESENTATION('',(#10839),#10843);
#10839 = LINE('',#10840,#10841);
#10840 = CARTESIAN_POINT('',(0.,-0.));
#10841 = VECTOR('',#10842,1.);
#10842 = DIRECTION('',(0.,1.));
#10843 = ( GEOMETRIC_REPRESENTATION_CONTEXT(2) 
PARAMETRIC_REPRESENTATION_CONTEXT() REPRESENTATION_CONTEXT('2D SPACE',''
  ) );
#10844 = ORIENTED_EDGE('',*,*,#2271,.T.);
#10845 = ORIENTED_EDGE('',*,*,#10824,.T.);
#10846 = ADVANCED_FACE('',(#10847),#2327,.F.);
#10847 = FACE_BOUND('',#10848,.F.);
#10848 = EDGE_LOOP('',(#10849,#10850,#10871,#10872));
#10849 = ORIENTED_EDGE('',*,*,#6716,.F.);
#10850 = ORIENTED_EDGE('',*,*,#10851,.F.);
#10851 = EDGE_CURVE('',#2307,#6717,#10852,.T.);
#10852 = SEAM_CURVE('',#10853,(#10857,#10864),.PCURVE_S1.);
#10853 = LINE('',#10854,#10855);
#10854 = CARTESIAN_POINT('',(114.53,-73.899999,-1.E-02));
#10855 = VECTOR('',#10856,1.);
#10856 = DIRECTION('',(0.,0.,1.));
#10857 = PCURVE('',#2327,#10858);
#10858 = DEFINITIONAL_REPRESENTATION('',(#10859),#10863);
#10859 = LINE('',#10860,#10861);
#10860 = CARTESIAN_POINT('',(6.28318530718,-0.));
#10861 = VECTOR('',#10862,1.);
#10862 = DIRECTION('',(0.,1.));
#10863 = ( GEOMETRIC_REPRESENTATION_CONTEXT(2) 
PARAMETRIC_REPRESENTATION_CONTEXT() REPRESENTATION_CONTEXT('2D SPACE',''
  ) );
#10864 = PCURVE('',#2327,#10865);
#10865 = DEFINITIONAL_REPRESENTATION('',(#10866),#10870);
#10866 = LINE('',#10867,#10868);
#10867 = CARTESIAN_POINT('',(0.,-0.));
#10868 = VECTOR('',#10869,1.);
#10869 = DIRECTION('',(0.,1.));
#10870 = ( GEOMETRIC_REPRESENTATION_CONTEXT(2) 
PARAMETRIC_REPRESENTATION_CONTEXT() REPRESENTATION_CONTEXT('2D SPACE',''
  ) );
#10871 = ORIENTED_EDGE('',*,*,#2306,.T.);
#10872 = ORIENTED_EDGE('',*,*,#10851,.T.);
#10873 = ADVANCED_FACE('',(#10874),#2362,.F.);
#10874 = FACE_BOUND('',#10875,.F.);
#10875 = EDGE_LOOP('',(#10876,#10877,#10898,#10899));
#10876 = ORIENTED_EDGE('',*,*,#6746,.F.);
#10877 = ORIENTED_EDGE('',*,*,#10878,.F.);
#10878 = EDGE_CURVE('',#2342,#6747,#10879,.T.);
#10879 = SEAM_CURVE('',#10880,(#10884,#10891),.PCURVE_S1.);
#10880 = LINE('',#10881,#10882);
#10881 = CARTESIAN_POINT('',(114.53,-71.359999,-1.E-02));
#10882 = VECTOR('',#10883,1.);
#10883 = DIRECTION('',(0.,0.,1.));
#10884 = PCURVE('',#2362,#10885);
#10885 = DEFINITIONAL_REPRESENTATION('',(#10886),#10890);
#10886 = LINE('',#10887,#10888);
#10887 = CARTESIAN_POINT('',(6.28318530718,-0.));
#10888 = VECTOR('',#10889,1.);
#10889 = DIRECTION('',(0.,1.));
#10890 = ( GEOMETRIC_REPRESENTATION_CONTEXT(2) 
PARAMETRIC_REPRESENTATION_CONTEXT() REPRESENTATION_CONTEXT('2D SPACE',''
  ) );
#10891 = PCURVE('',#2362,#10892);
#10892 = DEFINITIONAL_REPRESENTATION('',(#10893),#10897);
#10893 = LINE('',#10894,#10895);
#10894 = CARTESIAN_POINT('',(0.,-0.));
#10895 = VECTOR('',#10896,1.);
#10896 = DIRECTION('',(0.,1.));
#10897 = ( GEOMETRIC_REPRESENTATION_CONTEXT(2) 
PARAMETRIC_REPRESENTATION_CONTEXT() REPRESENTATION_CONTEXT('2D SPACE',''
  ) );
#10898 = ORIENTED_EDGE('',*,*,#2341,.T.);
#10899 = ORIENTED_EDGE('',*,*,#10878,.T.);
#10900 = ADVANCED_FACE('',(#10901),#2397,.F.);
#10901 = FACE_BOUND('',#10902,.F.);
#10902 = EDGE_LOOP('',(#10903,#10904,#10925,#10926));
#10903 = ORIENTED_EDGE('',*,*,#6776,.F.);
#10904 = ORIENTED_EDGE('',*,*,#10905,.F.);
#10905 = EDGE_CURVE('',#2377,#6777,#10906,.T.);
#10906 = SEAM_CURVE('',#10907,(#10911,#10918),.PCURVE_S1.);
#10907 = LINE('',#10908,#10909);
#10908 = CARTESIAN_POINT('',(114.53,-68.819999,-1.E-02));
#10909 = VECTOR('',#10910,1.);
#10910 = DIRECTION('',(0.,0.,1.));
#10911 = PCURVE('',#2397,#10912);
#10912 = DEFINITIONAL_REPRESENTATION('',(#10913),#10917);
#10913 = LINE('',#10914,#10915);
#10914 = CARTESIAN_POINT('',(6.28318530718,-0.));
#10915 = VECTOR('',#10916,1.);
#10916 = DIRECTION('',(0.,1.));
#10917 = ( GEOMETRIC_REPRESENTATION_CONTEXT(2) 
PARAMETRIC_REPRESENTATION_CONTEXT() REPRESENTATION_CONTEXT('2D SPACE',''
  ) );
#10918 = PCURVE('',#2397,#10919);
#10919 = DEFINITIONAL_REPRESENTATION('',(#10920),#10924);
#10920 = LINE('',#10921,#10922);
#10921 = CARTESIAN_POINT('',(0.,-0.));
#10922 = VECTOR('',#10923,1.);
#10923 = DIRECTION('',(0.,1.));
#10924 = ( GEOMETRIC_REPRESENTATION_CONTEXT(2) 
PARAMETRIC_REPRESENTATION_CONTEXT() REPRESENTATION_CONTEXT('2D SPACE',''
  ) );
#10925 = ORIENTED_EDGE('',*,*,#2376,.T.);
#10926 = ORIENTED_EDGE('',*,*,#10905,.T.);
#10927 = ADVANCED_FACE('',(#10928),#2432,.F.);
#10928 = FACE_BOUND('',#10929,.F.);
#10929 = EDGE_LOOP('',(#10930,#10931,#10952,#10953));
#10930 = ORIENTED_EDGE('',*,*,#6806,.F.);
#10931 = ORIENTED_EDGE('',*,*,#10932,.F.);
#10932 = EDGE_CURVE('',#2412,#6807,#10933,.T.);
#10933 = SEAM_CURVE('',#10934,(#10938,#10945),.PCURVE_S1.);
#10934 = LINE('',#10935,#10936);
#10935 = CARTESIAN_POINT('',(91.875,-82.9,-1.E-02));
#10936 = VECTOR('',#10937,1.);
#10937 = DIRECTION('',(0.,0.,1.));
#10938 = PCURVE('',#2432,#10939);
#10939 = DEFINITIONAL_REPRESENTATION('',(#10940),#10944);
#10940 = LINE('',#10941,#10942);
#10941 = CARTESIAN_POINT('',(6.28318530718,-0.));
#10942 = VECTOR('',#10943,1.);
#10943 = DIRECTION('',(0.,1.));
#10944 = ( GEOMETRIC_REPRESENTATION_CONTEXT(2) 
PARAMETRIC_REPRESENTATION_CONTEXT() REPRESENTATION_CONTEXT('2D SPACE',''
  ) );
#10945 = PCURVE('',#2432,#10946);
#10946 = DEFINITIONAL_REPRESENTATION('',(#10947),#10951);
#10947 = LINE('',#10948,#10949);
#10948 = CARTESIAN_POINT('',(0.,-0.));
#10949 = VECTOR('',#10950,1.);
#10950 = DIRECTION('',(0.,1.));
#10951 = ( GEOMETRIC_REPRESENTATION_CONTEXT(2) 
PARAMETRIC_REPRESENTATION_CONTEXT() REPRESENTATION_CONTEXT('2D SPACE',''
  ) );
#10952 = ORIENTED_EDGE('',*,*,#2411,.T.);
#10953 = ORIENTED_EDGE('',*,*,#10932,.T.);
#10954 = ADVANCED_FACE('',(#10955),#2467,.F.);
#10955 = FACE_BOUND('',#10956,.F.);
#10956 = EDGE_LOOP('',(#10957,#10958,#10979,#10980));
#10957 = ORIENTED_EDGE('',*,*,#6836,.F.);
#10958 = ORIENTED_EDGE('',*,*,#10959,.F.);
#10959 = EDGE_CURVE('',#2447,#6837,#10960,.T.);
#10960 = SEAM_CURVE('',#10961,(#10965,#10972),.PCURVE_S1.);
#10961 = LINE('',#10962,#10963);
#10962 = CARTESIAN_POINT('',(74.875,-82.9,-1.E-02));
#10963 = VECTOR('',#10964,1.);
#10964 = DIRECTION('',(0.,0.,1.));
#10965 = PCURVE('',#2467,#10966);
#10966 = DEFINITIONAL_REPRESENTATION('',(#10967),#10971);
#10967 = LINE('',#10968,#10969);
#10968 = CARTESIAN_POINT('',(6.28318530718,-0.));
#10969 = VECTOR('',#10970,1.);
#10970 = DIRECTION('',(0.,1.));
#10971 = ( GEOMETRIC_REPRESENTATION_CONTEXT(2) 
PARAMETRIC_REPRESENTATION_CONTEXT() REPRESENTATION_CONTEXT('2D SPACE',''
  ) );
#10972 = PCURVE('',#2467,#10973);
#10973 = DEFINITIONAL_REPRESENTATION('',(#10974),#10978);
#10974 = LINE('',#10975,#10976);
#10975 = CARTESIAN_POINT('',(0.,-0.));
#10976 = VECTOR('',#10977,1.);
#10977 = DIRECTION('',(0.,1.));
#10978 = ( GEOMETRIC_REPRESENTATION_CONTEXT(2) 
PARAMETRIC_REPRESENTATION_CONTEXT() REPRESENTATION_CONTEXT('2D SPACE',''
  ) );
#10979 = ORIENTED_EDGE('',*,*,#2446,.T.);
#10980 = ORIENTED_EDGE('',*,*,#10959,.T.);
#10981 = ADVANCED_FACE('',(#10982),#2502,.F.);
#10982 = FACE_BOUND('',#10983,.F.);
#10983 = EDGE_LOOP('',(#10984,#10985,#11006,#11007));
#10984 = ORIENTED_EDGE('',*,*,#6866,.F.);
#10985 = ORIENTED_EDGE('',*,*,#10986,.F.);
#10986 = EDGE_CURVE('',#2482,#6867,#10987,.T.);
#10987 = SEAM_CURVE('',#10988,(#10992,#10999),.PCURVE_S1.);
#10988 = LINE('',#10989,#10990);
#10989 = CARTESIAN_POINT('',(86.575,-77.4,-1.E-02));
#10990 = VECTOR('',#10991,1.);
#10991 = DIRECTION('',(0.,0.,1.));
#10992 = PCURVE('',#2502,#10993);
#10993 = DEFINITIONAL_REPRESENTATION('',(#10994),#10998);
#10994 = LINE('',#10995,#10996);
#10995 = CARTESIAN_POINT('',(6.28318530718,-0.));
#10996 = VECTOR('',#10997,1.);
#10997 = DIRECTION('',(0.,1.));
#10998 = ( GEOMETRIC_REPRESENTATION_CONTEXT(2) 
PARAMETRIC_REPRESENTATION_CONTEXT() REPRESENTATION_CONTEXT('2D SPACE',''
  ) );
#10999 = PCURVE('',#2502,#11000);
#11000 = DEFINITIONAL_REPRESENTATION('',(#11001),#11005);
#11001 = LINE('',#11002,#11003);
#11002 = CARTESIAN_POINT('',(0.,-0.));
#11003 = VECTOR('',#11004,1.);
#11004 = DIRECTION('',(0.,1.));
#11005 = ( GEOMETRIC_REPRESENTATION_CONTEXT(2) 
PARAMETRIC_REPRESENTATION_CONTEXT() REPRESENTATION_CONTEXT('2D SPACE',''
  ) );
#11006 = ORIENTED_EDGE('',*,*,#2481,.T.);
#11007 = ORIENTED_EDGE('',*,*,#10986,.T.);
#11008 = ADVANCED_FACE('',(#11009),#2537,.F.);
#11009 = FACE_BOUND('',#11010,.F.);
#11010 = EDGE_LOOP('',(#11011,#11012,#11033,#11034));
#11011 = ORIENTED_EDGE('',*,*,#6896,.F.);
#11012 = ORIENTED_EDGE('',*,*,#11013,.F.);
#11013 = EDGE_CURVE('',#2517,#6897,#11014,.T.);
#11014 = SEAM_CURVE('',#11015,(#11019,#11026),.PCURVE_S1.);
#11015 = LINE('',#11016,#11017);
#11016 = CARTESIAN_POINT('',(69.575,-77.4,-1.E-02));
#11017 = VECTOR('',#11018,1.);
#11018 = DIRECTION('',(0.,0.,1.));
#11019 = PCURVE('',#2537,#11020);
#11020 = DEFINITIONAL_REPRESENTATION('',(#11021),#11025);
#11021 = LINE('',#11022,#11023);
#11022 = CARTESIAN_POINT('',(6.28318530718,-0.));
#11023 = VECTOR('',#11024,1.);
#11024 = DIRECTION('',(0.,1.));
#11025 = ( GEOMETRIC_REPRESENTATION_CONTEXT(2) 
PARAMETRIC_REPRESENTATION_CONTEXT() REPRESENTATION_CONTEXT('2D SPACE',''
  ) );
#11026 = PCURVE('',#2537,#11027);
#11027 = DEFINITIONAL_REPRESENTATION('',(#11028),#11032);
#11028 = LINE('',#11029,#11030);
#11029 = CARTESIAN_POINT('',(0.,-0.));
#11030 = VECTOR('',#11031,1.);
#11031 = DIRECTION('',(0.,1.));
#11032 = ( GEOMETRIC_REPRESENTATION_CONTEXT(2) 
PARAMETRIC_REPRESENTATION_CONTEXT() REPRESENTATION_CONTEXT('2D SPACE',''
  ) );
#11033 = ORIENTED_EDGE('',*,*,#2516,.T.);
#11034 = ORIENTED_EDGE('',*,*,#11013,.T.);
#11035 = ADVANCED_FACE('',(#11036),#2572,.F.);
#11036 = FACE_BOUND('',#11037,.F.);
#11037 = EDGE_LOOP('',(#11038,#11039,#11060,#11061));
#11038 = ORIENTED_EDGE('',*,*,#6926,.F.);
#11039 = ORIENTED_EDGE('',*,*,#11040,.F.);
#11040 = EDGE_CURVE('',#2552,#6927,#11041,.T.);
#11041 = SEAM_CURVE('',#11042,(#11046,#11053),.PCURVE_S1.);
#11042 = LINE('',#11043,#11044);
#11043 = CARTESIAN_POINT('',(129.77,-66.279999,-1.E-02));
#11044 = VECTOR('',#11045,1.);
#11045 = DIRECTION('',(0.,0.,1.));
#11046 = PCURVE('',#2572,#11047);
#11047 = DEFINITIONAL_REPRESENTATION('',(#11048),#11052);
#11048 = LINE('',#11049,#11050);
#11049 = CARTESIAN_POINT('',(6.28318530718,-0.));
#11050 = VECTOR('',#11051,1.);
#11051 = DIRECTION('',(0.,1.));
#11052 = ( GEOMETRIC_REPRESENTATION_CONTEXT(2) 
PARAMETRIC_REPRESENTATION_CONTEXT() REPRESENTATION_CONTEXT('2D SPACE',''
  ) );
#11053 = PCURVE('',#2572,#11054);
#11054 = DEFINITIONAL_REPRESENTATION('',(#11055),#11059);
#11055 = LINE('',#11056,#11057);
#11056 = CARTESIAN_POINT('',(0.,-0.));
#11057 = VECTOR('',#11058,1.);
#11058 = DIRECTION('',(0.,1.));
#11059 = ( GEOMETRIC_REPRESENTATION_CONTEXT(2) 
PARAMETRIC_REPRESENTATION_CONTEXT() REPRESENTATION_CONTEXT('2D SPACE',''
  ) );
#11060 = ORIENTED_EDGE('',*,*,#2551,.T.);
#11061 = ORIENTED_EDGE('',*,*,#11040,.T.);
#11062 = ADVANCED_FACE('',(#11063),#2607,.F.);
#11063 = FACE_BOUND('',#11064,.F.);
#11064 = EDGE_LOOP('',(#11065,#11066,#11087,#11088));
#11065 = ORIENTED_EDGE('',*,*,#6956,.F.);
#11066 = ORIENTED_EDGE('',*,*,#11067,.F.);
#11067 = EDGE_CURVE('',#2587,#6957,#11068,.T.);
#11068 = SEAM_CURVE('',#11069,(#11073,#11080),.PCURVE_S1.);
#11069 = LINE('',#11070,#11071);
#11070 = CARTESIAN_POINT('',(129.77,-63.739999,-1.E-02));
#11071 = VECTOR('',#11072,1.);
#11072 = DIRECTION('',(0.,0.,1.));
#11073 = PCURVE('',#2607,#11074);
#11074 = DEFINITIONAL_REPRESENTATION('',(#11075),#11079);
#11075 = LINE('',#11076,#11077);
#11076 = CARTESIAN_POINT('',(6.28318530718,-0.));
#11077 = VECTOR('',#11078,1.);
#11078 = DIRECTION('',(0.,1.));
#11079 = ( GEOMETRIC_REPRESENTATION_CONTEXT(2) 
PARAMETRIC_REPRESENTATION_CONTEXT() REPRESENTATION_CONTEXT('2D SPACE',''
  ) );
#11080 = PCURVE('',#2607,#11081);
#11081 = DEFINITIONAL_REPRESENTATION('',(#11082),#11086);
#11082 = LINE('',#11083,#11084);
#11083 = CARTESIAN_POINT('',(0.,-0.));
#11084 = VECTOR('',#11085,1.);
#11085 = DIRECTION('',(0.,1.));
#11086 = ( GEOMETRIC_REPRESENTATION_CONTEXT(2) 
PARAMETRIC_REPRESENTATION_CONTEXT() REPRESENTATION_CONTEXT('2D SPACE',''
  ) );
#11087 = ORIENTED_EDGE('',*,*,#2586,.T.);
#11088 = ORIENTED_EDGE('',*,*,#11067,.T.);
#11089 = ADVANCED_FACE('',(#11090),#2642,.F.);
#11090 = FACE_BOUND('',#11091,.F.);
#11091 = EDGE_LOOP('',(#11092,#11093,#11114,#11115));
#11092 = ORIENTED_EDGE('',*,*,#6986,.F.);
#11093 = ORIENTED_EDGE('',*,*,#11094,.F.);
#11094 = EDGE_CURVE('',#2622,#6987,#11095,.T.);
#11095 = SEAM_CURVE('',#11096,(#11100,#11107),.PCURVE_S1.);
#11096 = LINE('',#11097,#11098);
#11097 = CARTESIAN_POINT('',(129.77,-61.199999,-1.E-02));
#11098 = VECTOR('',#11099,1.);
#11099 = DIRECTION('',(0.,0.,1.));
#11100 = PCURVE('',#2642,#11101);
#11101 = DEFINITIONAL_REPRESENTATION('',(#11102),#11106);
#11102 = LINE('',#11103,#11104);
#11103 = CARTESIAN_POINT('',(6.28318530718,-0.));
#11104 = VECTOR('',#11105,1.);
#11105 = DIRECTION('',(0.,1.));
#11106 = ( GEOMETRIC_REPRESENTATION_CONTEXT(2) 
PARAMETRIC_REPRESENTATION_CONTEXT() REPRESENTATION_CONTEXT('2D SPACE',''
  ) );
#11107 = PCURVE('',#2642,#11108);
#11108 = DEFINITIONAL_REPRESENTATION('',(#11109),#11113);
#11109 = LINE('',#11110,#11111);
#11110 = CARTESIAN_POINT('',(0.,-0.));
#11111 = VECTOR('',#11112,1.);
#11112 = DIRECTION('',(0.,1.));
#11113 = ( GEOMETRIC_REPRESENTATION_CONTEXT(2) 
PARAMETRIC_REPRESENTATION_CONTEXT() REPRESENTATION_CONTEXT('2D SPACE',''
  ) );
#11114 = ORIENTED_EDGE('',*,*,#2621,.T.);
#11115 = ORIENTED_EDGE('',*,*,#11094,.T.);
#11116 = ADVANCED_FACE('',(#11117),#2677,.F.);
#11117 = FACE_BOUND('',#11118,.F.);
#11118 = EDGE_LOOP('',(#11119,#11120,#11141,#11142));
#11119 = ORIENTED_EDGE('',*,*,#7016,.F.);
#11120 = ORIENTED_EDGE('',*,*,#11121,.F.);
#11121 = EDGE_CURVE('',#2657,#7017,#11122,.T.);
#11122 = SEAM_CURVE('',#11123,(#11127,#11134),.PCURVE_S1.);
#11123 = LINE('',#11124,#11125);
#11124 = CARTESIAN_POINT('',(114.53,-66.279999,-1.E-02));
#11125 = VECTOR('',#11126,1.);
#11126 = DIRECTION('',(0.,0.,1.));
#11127 = PCURVE('',#2677,#11128);
#11128 = DEFINITIONAL_REPRESENTATION('',(#11129),#11133);
#11129 = LINE('',#11130,#11131);
#11130 = CARTESIAN_POINT('',(6.28318530718,-0.));
#11131 = VECTOR('',#11132,1.);
#11132 = DIRECTION('',(0.,1.));
#11133 = ( GEOMETRIC_REPRESENTATION_CONTEXT(2) 
PARAMETRIC_REPRESENTATION_CONTEXT() REPRESENTATION_CONTEXT('2D SPACE',''
  ) );
#11134 = PCURVE('',#2677,#11135);
#11135 = DEFINITIONAL_REPRESENTATION('',(#11136),#11140);
#11136 = LINE('',#11137,#11138);
#11137 = CARTESIAN_POINT('',(0.,-0.));
#11138 = VECTOR('',#11139,1.);
#11139 = DIRECTION('',(0.,1.));
#11140 = ( GEOMETRIC_REPRESENTATION_CONTEXT(2) 
PARAMETRIC_REPRESENTATION_CONTEXT() REPRESENTATION_CONTEXT('2D SPACE',''
  ) );
#11141 = ORIENTED_EDGE('',*,*,#2656,.T.);
#11142 = ORIENTED_EDGE('',*,*,#11121,.T.);
#11143 = ADVANCED_FACE('',(#11144),#2712,.F.);
#11144 = FACE_BOUND('',#11145,.F.);
#11145 = EDGE_LOOP('',(#11146,#11147,#11168,#11169));
#11146 = ORIENTED_EDGE('',*,*,#7046,.F.);
#11147 = ORIENTED_EDGE('',*,*,#11148,.F.);
#11148 = EDGE_CURVE('',#2692,#7047,#11149,.T.);
#11149 = SEAM_CURVE('',#11150,(#11154,#11161),.PCURVE_S1.);
#11150 = LINE('',#11151,#11152);
#11151 = CARTESIAN_POINT('',(114.53,-63.739999,-1.E-02));
#11152 = VECTOR('',#11153,1.);
#11153 = DIRECTION('',(0.,0.,1.));
#11154 = PCURVE('',#2712,#11155);
#11155 = DEFINITIONAL_REPRESENTATION('',(#11156),#11160);
#11156 = LINE('',#11157,#11158);
#11157 = CARTESIAN_POINT('',(6.28318530718,-0.));
#11158 = VECTOR('',#11159,1.);
#11159 = DIRECTION('',(0.,1.));
#11160 = ( GEOMETRIC_REPRESENTATION_CONTEXT(2) 
PARAMETRIC_REPRESENTATION_CONTEXT() REPRESENTATION_CONTEXT('2D SPACE',''
  ) );
#11161 = PCURVE('',#2712,#11162);
#11162 = DEFINITIONAL_REPRESENTATION('',(#11163),#11167);
#11163 = LINE('',#11164,#11165);
#11164 = CARTESIAN_POINT('',(0.,-0.));
#11165 = VECTOR('',#11166,1.);
#11166 = DIRECTION('',(0.,1.));
#11167 = ( GEOMETRIC_REPRESENTATION_CONTEXT(2) 
PARAMETRIC_REPRESENTATION_CONTEXT() REPRESENTATION_CONTEXT('2D SPACE',''
  ) );
#11168 = ORIENTED_EDGE('',*,*,#2691,.T.);
#11169 = ORIENTED_EDGE('',*,*,#11148,.T.);
#11170 = ADVANCED_FACE('',(#11171),#2747,.F.);
#11171 = FACE_BOUND('',#11172,.F.);
#11172 = EDGE_LOOP('',(#11173,#11174,#11195,#11196));
#11173 = ORIENTED_EDGE('',*,*,#7076,.F.);
#11174 = ORIENTED_EDGE('',*,*,#11175,.F.);
#11175 = EDGE_CURVE('',#2727,#7077,#11176,.T.);
#11176 = SEAM_CURVE('',#11177,(#11181,#11188),.PCURVE_S1.);
#11177 = LINE('',#11178,#11179);
#11178 = CARTESIAN_POINT('',(114.53,-61.199999,-1.E-02));
#11179 = VECTOR('',#11180,1.);
#11180 = DIRECTION('',(0.,0.,1.));
#11181 = PCURVE('',#2747,#11182);
#11182 = DEFINITIONAL_REPRESENTATION('',(#11183),#11187);
#11183 = LINE('',#11184,#11185);
#11184 = CARTESIAN_POINT('',(6.28318530718,-0.));
#11185 = VECTOR('',#11186,1.);
#11186 = DIRECTION('',(0.,1.));
#11187 = ( GEOMETRIC_REPRESENTATION_CONTEXT(2) 
PARAMETRIC_REPRESENTATION_CONTEXT() REPRESENTATION_CONTEXT('2D SPACE',''
  ) );
#11188 = PCURVE('',#2747,#11189);
#11189 = DEFINITIONAL_REPRESENTATION('',(#11190),#11194);
#11190 = LINE('',#11191,#11192);
#11191 = CARTESIAN_POINT('',(0.,-0.));
#11192 = VECTOR('',#11193,1.);
#11193 = DIRECTION('',(0.,1.));
#11194 = ( GEOMETRIC_REPRESENTATION_CONTEXT(2) 
PARAMETRIC_REPRESENTATION_CONTEXT() REPRESENTATION_CONTEXT('2D SPACE',''
  ) );
#11195 = ORIENTED_EDGE('',*,*,#2726,.T.);
#11196 = ORIENTED_EDGE('',*,*,#11175,.T.);
#11197 = ADVANCED_FACE('',(#11198),#2782,.F.);
#11198 = FACE_BOUND('',#11199,.F.);
#11199 = EDGE_LOOP('',(#11200,#11201,#11222,#11223));
#11200 = ORIENTED_EDGE('',*,*,#7106,.F.);
#11201 = ORIENTED_EDGE('',*,*,#11202,.F.);
#11202 = EDGE_CURVE('',#2762,#7107,#11203,.T.);
#11203 = SEAM_CURVE('',#11204,(#11208,#11215),.PCURVE_S1.);
#11204 = LINE('',#11205,#11206);
#11205 = CARTESIAN_POINT('',(103.575,-60.4,-1.E-02));
#11206 = VECTOR('',#11207,1.);
#11207 = DIRECTION('',(0.,0.,1.));
#11208 = PCURVE('',#2782,#11209);
#11209 = DEFINITIONAL_REPRESENTATION('',(#11210),#11214);
#11210 = LINE('',#11211,#11212);
#11211 = CARTESIAN_POINT('',(6.28318530718,-0.));
#11212 = VECTOR('',#11213,1.);
#11213 = DIRECTION('',(0.,1.));
#11214 = ( GEOMETRIC_REPRESENTATION_CONTEXT(2) 
PARAMETRIC_REPRESENTATION_CONTEXT() REPRESENTATION_CONTEXT('2D SPACE',''
  ) );
#11215 = PCURVE('',#2782,#11216);
#11216 = DEFINITIONAL_REPRESENTATION('',(#11217),#11221);
#11217 = LINE('',#11218,#11219);
#11218 = CARTESIAN_POINT('',(0.,-0.));
#11219 = VECTOR('',#11220,1.);
#11220 = DIRECTION('',(0.,1.));
#11221 = ( GEOMETRIC_REPRESENTATION_CONTEXT(2) 
PARAMETRIC_REPRESENTATION_CONTEXT() REPRESENTATION_CONTEXT('2D SPACE',''
  ) );
#11222 = ORIENTED_EDGE('',*,*,#2761,.T.);
#11223 = ORIENTED_EDGE('',*,*,#11202,.T.);
#11224 = ADVANCED_FACE('',(#11225),#2817,.F.);
#11225 = FACE_BOUND('',#11226,.F.);
#11226 = EDGE_LOOP('',(#11227,#11228,#11249,#11250));
#11227 = ORIENTED_EDGE('',*,*,#7136,.F.);
#11228 = ORIENTED_EDGE('',*,*,#11229,.F.);
#11229 = EDGE_CURVE('',#2797,#7137,#11230,.T.);
#11230 = SEAM_CURVE('',#11231,(#11235,#11242),.PCURVE_S1.);
#11231 = LINE('',#11232,#11233);
#11232 = CARTESIAN_POINT('',(133.38,-55.4,-1.E-02));
#11233 = VECTOR('',#11234,1.);
#11234 = DIRECTION('',(0.,0.,1.));
#11235 = PCURVE('',#2817,#11236);
#11236 = DEFINITIONAL_REPRESENTATION('',(#11237),#11241);
#11237 = LINE('',#11238,#11239);
#11238 = CARTESIAN_POINT('',(6.28318530718,-0.));
#11239 = VECTOR('',#11240,1.);
#11240 = DIRECTION('',(0.,1.));
#11241 = ( GEOMETRIC_REPRESENTATION_CONTEXT(2) 
PARAMETRIC_REPRESENTATION_CONTEXT() REPRESENTATION_CONTEXT('2D SPACE',''
  ) );
#11242 = PCURVE('',#2817,#11243);
#11243 = DEFINITIONAL_REPRESENTATION('',(#11244),#11248);
#11244 = LINE('',#11245,#11246);
#11245 = CARTESIAN_POINT('',(0.,-0.));
#11246 = VECTOR('',#11247,1.);
#11247 = DIRECTION('',(0.,1.));
#11248 = ( GEOMETRIC_REPRESENTATION_CONTEXT(2) 
PARAMETRIC_REPRESENTATION_CONTEXT() REPRESENTATION_CONTEXT('2D SPACE',''
  ) );
#11249 = ORIENTED_EDGE('',*,*,#2796,.T.);
#11250 = ORIENTED_EDGE('',*,*,#11229,.T.);
#11251 = ADVANCED_FACE('',(#11252),#2852,.F.);
#11252 = FACE_BOUND('',#11253,.F.);
#11253 = EDGE_LOOP('',(#11254,#11255,#11276,#11277));
#11254 = ORIENTED_EDGE('',*,*,#7166,.F.);
#11255 = ORIENTED_EDGE('',*,*,#11256,.F.);
#11256 = EDGE_CURVE('',#2832,#7167,#11257,.T.);
#11257 = SEAM_CURVE('',#11258,(#11262,#11269),.PCURVE_S1.);
#11258 = LINE('',#11259,#11260);
#11259 = CARTESIAN_POINT('',(133.38,-52.4,-1.E-02));
#11260 = VECTOR('',#11261,1.);
#11261 = DIRECTION('',(0.,0.,1.));
#11262 = PCURVE('',#2852,#11263);
#11263 = DEFINITIONAL_REPRESENTATION('',(#11264),#11268);
#11264 = LINE('',#11265,#11266);
#11265 = CARTESIAN_POINT('',(6.28318530718,-0.));
#11266 = VECTOR('',#11267,1.);
#11267 = DIRECTION('',(0.,1.));
#11268 = ( GEOMETRIC_REPRESENTATION_CONTEXT(2) 
PARAMETRIC_REPRESENTATION_CONTEXT() REPRESENTATION_CONTEXT('2D SPACE',''
  ) );
#11269 = PCURVE('',#2852,#11270);
#11270 = DEFINITIONAL_REPRESENTATION('',(#11271),#11275);
#11271 = LINE('',#11272,#11273);
#11272 = CARTESIAN_POINT('',(0.,-0.));
#11273 = VECTOR('',#11274,1.);
#11274 = DIRECTION('',(0.,1.));
#11275 = ( GEOMETRIC_REPRESENTATION_CONTEXT(2) 
PARAMETRIC_REPRESENTATION_CONTEXT() REPRESENTATION_CONTEXT('2D SPACE',''
  ) );
#11276 = ORIENTED_EDGE('',*,*,#2831,.T.);
#11277 = ORIENTED_EDGE('',*,*,#11256,.T.);
#11278 = ADVANCED_FACE('',(#11279),#2887,.F.);
#11279 = FACE_BOUND('',#11280,.F.);
#11280 = EDGE_LOOP('',(#11281,#11282,#11303,#11304));
#11281 = ORIENTED_EDGE('',*,*,#7196,.F.);
#11282 = ORIENTED_EDGE('',*,*,#11283,.F.);
#11283 = EDGE_CURVE('',#2867,#7197,#11284,.T.);
#11284 = SEAM_CURVE('',#11285,(#11289,#11296),.PCURVE_S1.);
#11285 = LINE('',#11286,#11287);
#11286 = CARTESIAN_POINT('',(91.875,-65.9,-1.E-02));
#11287 = VECTOR('',#11288,1.);
#11288 = DIRECTION('',(0.,0.,1.));
#11289 = PCURVE('',#2887,#11290);
#11290 = DEFINITIONAL_REPRESENTATION('',(#11291),#11295);
#11291 = LINE('',#11292,#11293);
#11292 = CARTESIAN_POINT('',(6.28318530718,-0.));
#11293 = VECTOR('',#11294,1.);
#11294 = DIRECTION('',(0.,1.));
#11295 = ( GEOMETRIC_REPRESENTATION_CONTEXT(2) 
PARAMETRIC_REPRESENTATION_CONTEXT() REPRESENTATION_CONTEXT('2D SPACE',''
  ) );
#11296 = PCURVE('',#2887,#11297);
#11297 = DEFINITIONAL_REPRESENTATION('',(#11298),#11302);
#11298 = LINE('',#11299,#11300);
#11299 = CARTESIAN_POINT('',(0.,-0.));
#11300 = VECTOR('',#11301,1.);
#11301 = DIRECTION('',(0.,1.));
#11302 = ( GEOMETRIC_REPRESENTATION_CONTEXT(2) 
PARAMETRIC_REPRESENTATION_CONTEXT() REPRESENTATION_CONTEXT('2D SPACE',''
  ) );
#11303 = ORIENTED_EDGE('',*,*,#2866,.T.);
#11304 = ORIENTED_EDGE('',*,*,#11283,.T.);
#11305 = ADVANCED_FACE('',(#11306),#2922,.F.);
#11306 = FACE_BOUND('',#11307,.F.);
#11307 = EDGE_LOOP('',(#11308,#11309,#11330,#11331));
#11308 = ORIENTED_EDGE('',*,*,#7226,.F.);
#11309 = ORIENTED_EDGE('',*,*,#11310,.F.);
#11310 = EDGE_CURVE('',#2902,#7227,#11311,.T.);
#11311 = SEAM_CURVE('',#11312,(#11316,#11323),.PCURVE_S1.);
#11312 = LINE('',#11313,#11314);
#11313 = CARTESIAN_POINT('',(86.575,-60.4,-1.E-02));
#11314 = VECTOR('',#11315,1.);
#11315 = DIRECTION('',(0.,0.,1.));
#11316 = PCURVE('',#2922,#11317);
#11317 = DEFINITIONAL_REPRESENTATION('',(#11318),#11322);
#11318 = LINE('',#11319,#11320);
#11319 = CARTESIAN_POINT('',(6.28318530718,-0.));
#11320 = VECTOR('',#11321,1.);
#11321 = DIRECTION('',(0.,1.));
#11322 = ( GEOMETRIC_REPRESENTATION_CONTEXT(2) 
PARAMETRIC_REPRESENTATION_CONTEXT() REPRESENTATION_CONTEXT('2D SPACE',''
  ) );
#11323 = PCURVE('',#2922,#11324);
#11324 = DEFINITIONAL_REPRESENTATION('',(#11325),#11329);
#11325 = LINE('',#11326,#11327);
#11326 = CARTESIAN_POINT('',(0.,-0.));
#11327 = VECTOR('',#11328,1.);
#11328 = DIRECTION('',(0.,1.));
#11329 = ( GEOMETRIC_REPRESENTATION_CONTEXT(2) 
PARAMETRIC_REPRESENTATION_CONTEXT() REPRESENTATION_CONTEXT('2D SPACE',''
  ) );
#11330 = ORIENTED_EDGE('',*,*,#2901,.T.);
#11331 = ORIENTED_EDGE('',*,*,#11310,.T.);
#11332 = ADVANCED_FACE('',(#11333),#2957,.F.);
#11333 = FACE_BOUND('',#11334,.F.);
#11334 = EDGE_LOOP('',(#11335,#11336,#11357,#11358));
#11335 = ORIENTED_EDGE('',*,*,#7256,.F.);
#11336 = ORIENTED_EDGE('',*,*,#11337,.F.);
#11337 = EDGE_CURVE('',#2937,#7257,#11338,.T.);
#11338 = SEAM_CURVE('',#11339,(#11343,#11350),.PCURVE_S1.);
#11339 = LINE('',#11340,#11341);
#11340 = CARTESIAN_POINT('',(74.875,-65.9,-1.E-02));
#11341 = VECTOR('',#11342,1.);
#11342 = DIRECTION('',(0.,0.,1.));
#11343 = PCURVE('',#2957,#11344);
#11344 = DEFINITIONAL_REPRESENTATION('',(#11345),#11349);
#11345 = LINE('',#11346,#11347);
#11346 = CARTESIAN_POINT('',(6.28318530718,-0.));
#11347 = VECTOR('',#11348,1.);
#11348 = DIRECTION('',(0.,1.));
#11349 = ( GEOMETRIC_REPRESENTATION_CONTEXT(2) 
PARAMETRIC_REPRESENTATION_CONTEXT() REPRESENTATION_CONTEXT('2D SPACE',''
  ) );
#11350 = PCURVE('',#2957,#11351);
#11351 = DEFINITIONAL_REPRESENTATION('',(#11352),#11356);
#11352 = LINE('',#11353,#11354);
#11353 = CARTESIAN_POINT('',(0.,-0.));
#11354 = VECTOR('',#11355,1.);
#11355 = DIRECTION('',(0.,1.));
#11356 = ( GEOMETRIC_REPRESENTATION_CONTEXT(2) 
PARAMETRIC_REPRESENTATION_CONTEXT() REPRESENTATION_CONTEXT('2D SPACE',''
  ) );
#11357 = ORIENTED_EDGE('',*,*,#2936,.T.);
#11358 = ORIENTED_EDGE('',*,*,#11337,.T.);
#11359 = ADVANCED_FACE('',(#11360),#2992,.F.);
#11360 = FACE_BOUND('',#11361,.F.);
#11361 = EDGE_LOOP('',(#11362,#11363,#11384,#11385));
#11362 = ORIENTED_EDGE('',*,*,#7286,.F.);
#11363 = ORIENTED_EDGE('',*,*,#11364,.F.);
#11364 = EDGE_CURVE('',#2972,#7287,#11365,.T.);
#11365 = SEAM_CURVE('',#11366,(#11370,#11377),.PCURVE_S1.);
#11366 = LINE('',#11367,#11368);
#11367 = CARTESIAN_POINT('',(69.575,-60.4,-1.E-02));
#11368 = VECTOR('',#11369,1.);
#11369 = DIRECTION('',(0.,0.,1.));
#11370 = PCURVE('',#2992,#11371);
#11371 = DEFINITIONAL_REPRESENTATION('',(#11372),#11376);
#11372 = LINE('',#11373,#11374);
#11373 = CARTESIAN_POINT('',(6.28318530718,-0.));
#11374 = VECTOR('',#11375,1.);
#11375 = DIRECTION('',(0.,1.));
#11376 = ( GEOMETRIC_REPRESENTATION_CONTEXT(2) 
PARAMETRIC_REPRESENTATION_CONTEXT() REPRESENTATION_CONTEXT('2D SPACE',''
  ) );
#11377 = PCURVE('',#2992,#11378);
#11378 = DEFINITIONAL_REPRESENTATION('',(#11379),#11383);
#11379 = LINE('',#11380,#11381);
#11380 = CARTESIAN_POINT('',(0.,-0.));
#11381 = VECTOR('',#11382,1.);
#11382 = DIRECTION('',(0.,1.));
#11383 = ( GEOMETRIC_REPRESENTATION_CONTEXT(2) 
PARAMETRIC_REPRESENTATION_CONTEXT() REPRESENTATION_CONTEXT('2D SPACE',''
  ) );
#11384 = ORIENTED_EDGE('',*,*,#2971,.T.);
#11385 = ORIENTED_EDGE('',*,*,#11364,.T.);
#11386 = ADVANCED_FACE('',(#11387),#3027,.F.);
#11387 = FACE_BOUND('',#11388,.F.);
#11388 = EDGE_LOOP('',(#11389,#11390,#11411,#11412));
#11389 = ORIENTED_EDGE('',*,*,#7316,.F.);
#11390 = ORIENTED_EDGE('',*,*,#11391,.F.);
#11391 = EDGE_CURVE('',#3007,#7317,#11392,.T.);
#11392 = SEAM_CURVE('',#11393,(#11397,#11404),.PCURVE_S1.);
#11393 = LINE('',#11394,#11395);
#11394 = CARTESIAN_POINT('',(91.875,-48.9,-1.E-02));
#11395 = VECTOR('',#11396,1.);
#11396 = DIRECTION('',(0.,0.,1.));
#11397 = PCURVE('',#3027,#11398);
#11398 = DEFINITIONAL_REPRESENTATION('',(#11399),#11403);
#11399 = LINE('',#11400,#11401);
#11400 = CARTESIAN_POINT('',(6.28318530718,-0.));
#11401 = VECTOR('',#11402,1.);
#11402 = DIRECTION('',(0.,1.));
#11403 = ( GEOMETRIC_REPRESENTATION_CONTEXT(2) 
PARAMETRIC_REPRESENTATION_CONTEXT() REPRESENTATION_CONTEXT('2D SPACE',''
  ) );
#11404 = PCURVE('',#3027,#11405);
#11405 = DEFINITIONAL_REPRESENTATION('',(#11406),#11410);
#11406 = LINE('',#11407,#11408);
#11407 = CARTESIAN_POINT('',(0.,-0.));
#11408 = VECTOR('',#11409,1.);
#11409 = DIRECTION('',(0.,1.));
#11410 = ( GEOMETRIC_REPRESENTATION_CONTEXT(2) 
PARAMETRIC_REPRESENTATION_CONTEXT() REPRESENTATION_CONTEXT('2D SPACE',''
  ) );
#11411 = ORIENTED_EDGE('',*,*,#3006,.T.);
#11412 = ORIENTED_EDGE('',*,*,#11391,.T.);
#11413 = ADVANCED_FACE('',(#11414),#3062,.F.);
#11414 = FACE_BOUND('',#11415,.F.);
#11415 = EDGE_LOOP('',(#11416,#11417,#11438,#11439));
#11416 = ORIENTED_EDGE('',*,*,#7346,.F.);
#11417 = ORIENTED_EDGE('',*,*,#11418,.F.);
#11418 = EDGE_CURVE('',#3042,#7347,#11419,.T.);
#11419 = SEAM_CURVE('',#11420,(#11424,#11431),.PCURVE_S1.);
#11420 = LINE('',#11421,#11422);
#11421 = CARTESIAN_POINT('',(74.875,-48.9,-1.E-02));
#11422 = VECTOR('',#11423,1.);
#11423 = DIRECTION('',(0.,0.,1.));
#11424 = PCURVE('',#3062,#11425);
#11425 = DEFINITIONAL_REPRESENTATION('',(#11426),#11430);
#11426 = LINE('',#11427,#11428);
#11427 = CARTESIAN_POINT('',(6.28318530718,-0.));
#11428 = VECTOR('',#11429,1.);
#11429 = DIRECTION('',(0.,1.));
#11430 = ( GEOMETRIC_REPRESENTATION_CONTEXT(2) 
PARAMETRIC_REPRESENTATION_CONTEXT() REPRESENTATION_CONTEXT('2D SPACE',''
  ) );
#11431 = PCURVE('',#3062,#11432);
#11432 = DEFINITIONAL_REPRESENTATION('',(#11433),#11437);
#11433 = LINE('',#11434,#11435);
#11434 = CARTESIAN_POINT('',(0.,-0.));
#11435 = VECTOR('',#11436,1.);
#11436 = DIRECTION('',(0.,1.));
#11437 = ( GEOMETRIC_REPRESENTATION_CONTEXT(2) 
PARAMETRIC_REPRESENTATION_CONTEXT() REPRESENTATION_CONTEXT('2D SPACE',''
  ) );
#11438 = ORIENTED_EDGE('',*,*,#3041,.T.);
#11439 = ORIENTED_EDGE('',*,*,#11418,.T.);
#11440 = ADVANCED_FACE('',(#11441),#3097,.F.);
#11441 = FACE_BOUND('',#11442,.F.);
#11442 = EDGE_LOOP('',(#11443,#11444,#11465,#11466));
#11443 = ORIENTED_EDGE('',*,*,#7376,.F.);
#11444 = ORIENTED_EDGE('',*,*,#11445,.F.);
#11445 = EDGE_CURVE('',#3077,#7377,#11446,.T.);
#11446 = SEAM_CURVE('',#11447,(#11451,#11458),.PCURVE_S1.);
#11447 = LINE('',#11448,#11449);
#11448 = CARTESIAN_POINT('',(57.875,-82.9,-1.E-02));
#11449 = VECTOR('',#11450,1.);
#11450 = DIRECTION('',(0.,0.,1.));
#11451 = PCURVE('',#3097,#11452);
#11452 = DEFINITIONAL_REPRESENTATION('',(#11453),#11457);
#11453 = LINE('',#11454,#11455);
#11454 = CARTESIAN_POINT('',(6.28318530718,-0.));
#11455 = VECTOR('',#11456,1.);
#11456 = DIRECTION('',(0.,1.));
#11457 = ( GEOMETRIC_REPRESENTATION_CONTEXT(2) 
PARAMETRIC_REPRESENTATION_CONTEXT() REPRESENTATION_CONTEXT('2D SPACE',''
  ) );
#11458 = PCURVE('',#3097,#11459);
#11459 = DEFINITIONAL_REPRESENTATION('',(#11460),#11464);
#11460 = LINE('',#11461,#11462);
#11461 = CARTESIAN_POINT('',(0.,-0.));
#11462 = VECTOR('',#11463,1.);
#11463 = DIRECTION('',(0.,1.));
#11464 = ( GEOMETRIC_REPRESENTATION_CONTEXT(2) 
PARAMETRIC_REPRESENTATION_CONTEXT() REPRESENTATION_CONTEXT('2D SPACE',''
  ) );
#11465 = ORIENTED_EDGE('',*,*,#3076,.T.);
#11466 = ORIENTED_EDGE('',*,*,#11445,.T.);
#11467 = ADVANCED_FACE('',(#11468),#3132,.F.);
#11468 = FACE_BOUND('',#11469,.F.);
#11469 = EDGE_LOOP('',(#11470,#11471,#11492,#11493));
#11470 = ORIENTED_EDGE('',*,*,#7406,.F.);
#11471 = ORIENTED_EDGE('',*,*,#11472,.F.);
#11472 = EDGE_CURVE('',#3112,#7407,#11473,.T.);
#11473 = SEAM_CURVE('',#11474,(#11478,#11485),.PCURVE_S1.);
#11474 = LINE('',#11475,#11476);
#11475 = CARTESIAN_POINT('',(40.875,-82.9,-1.E-02));
#11476 = VECTOR('',#11477,1.);
#11477 = DIRECTION('',(0.,0.,1.));
#11478 = PCURVE('',#3132,#11479);
#11479 = DEFINITIONAL_REPRESENTATION('',(#11480),#11484);
#11480 = LINE('',#11481,#11482);
#11481 = CARTESIAN_POINT('',(6.28318530718,-0.));
#11482 = VECTOR('',#11483,1.);
#11483 = DIRECTION('',(0.,1.));
#11484 = ( GEOMETRIC_REPRESENTATION_CONTEXT(2) 
PARAMETRIC_REPRESENTATION_CONTEXT() REPRESENTATION_CONTEXT('2D SPACE',''
  ) );
#11485 = PCURVE('',#3132,#11486);
#11486 = DEFINITIONAL_REPRESENTATION('',(#11487),#11491);
#11487 = LINE('',#11488,#11489);
#11488 = CARTESIAN_POINT('',(0.,-0.));
#11489 = VECTOR('',#11490,1.);
#11490 = DIRECTION('',(0.,1.));
#11491 = ( GEOMETRIC_REPRESENTATION_CONTEXT(2) 
PARAMETRIC_REPRESENTATION_CONTEXT() REPRESENTATION_CONTEXT('2D SPACE',''
  ) );
#11492 = ORIENTED_EDGE('',*,*,#3111,.T.);
#11493 = ORIENTED_EDGE('',*,*,#11472,.T.);
#11494 = ADVANCED_FACE('',(#11495),#3167,.F.);
#11495 = FACE_BOUND('',#11496,.F.);
#11496 = EDGE_LOOP('',(#11497,#11498,#11519,#11520));
#11497 = ORIENTED_EDGE('',*,*,#7436,.F.);
#11498 = ORIENTED_EDGE('',*,*,#11499,.F.);
#11499 = EDGE_CURVE('',#3147,#7437,#11500,.T.);
#11500 = SEAM_CURVE('',#11501,(#11505,#11512),.PCURVE_S1.);
#11501 = LINE('',#11502,#11503);
#11502 = CARTESIAN_POINT('',(52.575,-77.4,-1.E-02));
#11503 = VECTOR('',#11504,1.);
#11504 = DIRECTION('',(0.,0.,1.));
#11505 = PCURVE('',#3167,#11506);
#11506 = DEFINITIONAL_REPRESENTATION('',(#11507),#11511);
#11507 = LINE('',#11508,#11509);
#11508 = CARTESIAN_POINT('',(6.28318530718,-0.));
#11509 = VECTOR('',#11510,1.);
#11510 = DIRECTION('',(0.,1.));
#11511 = ( GEOMETRIC_REPRESENTATION_CONTEXT(2) 
PARAMETRIC_REPRESENTATION_CONTEXT() REPRESENTATION_CONTEXT('2D SPACE',''
  ) );
#11512 = PCURVE('',#3167,#11513);
#11513 = DEFINITIONAL_REPRESENTATION('',(#11514),#11518);
#11514 = LINE('',#11515,#11516);
#11515 = CARTESIAN_POINT('',(0.,-0.));
#11516 = VECTOR('',#11517,1.);
#11517 = DIRECTION('',(0.,1.));
#11518 = ( GEOMETRIC_REPRESENTATION_CONTEXT(2) 
PARAMETRIC_REPRESENTATION_CONTEXT() REPRESENTATION_CONTEXT('2D SPACE',''
  ) );
#11519 = ORIENTED_EDGE('',*,*,#3146,.T.);
#11520 = ORIENTED_EDGE('',*,*,#11499,.T.);
#11521 = ADVANCED_FACE('',(#11522),#3202,.F.);
#11522 = FACE_BOUND('',#11523,.F.);
#11523 = EDGE_LOOP('',(#11524,#11525,#11546,#11547));
#11524 = ORIENTED_EDGE('',*,*,#7466,.F.);
#11525 = ORIENTED_EDGE('',*,*,#11526,.F.);
#11526 = EDGE_CURVE('',#3182,#7467,#11527,.T.);
#11527 = SEAM_CURVE('',#11528,(#11532,#11539),.PCURVE_S1.);
#11528 = LINE('',#11529,#11530);
#11529 = CARTESIAN_POINT('',(35.575,-77.4,-1.E-02));
#11530 = VECTOR('',#11531,1.);
#11531 = DIRECTION('',(0.,0.,1.));
#11532 = PCURVE('',#3202,#11533);
#11533 = DEFINITIONAL_REPRESENTATION('',(#11534),#11538);
#11534 = LINE('',#11535,#11536);
#11535 = CARTESIAN_POINT('',(6.28318530718,-0.));
#11536 = VECTOR('',#11537,1.);
#11537 = DIRECTION('',(0.,1.));
#11538 = ( GEOMETRIC_REPRESENTATION_CONTEXT(2) 
PARAMETRIC_REPRESENTATION_CONTEXT() REPRESENTATION_CONTEXT('2D SPACE',''
  ) );
#11539 = PCURVE('',#3202,#11540);
#11540 = DEFINITIONAL_REPRESENTATION('',(#11541),#11545);
#11541 = LINE('',#11542,#11543);
#11542 = CARTESIAN_POINT('',(0.,-0.));
#11543 = VECTOR('',#11544,1.);
#11544 = DIRECTION('',(0.,1.));
#11545 = ( GEOMETRIC_REPRESENTATION_CONTEXT(2) 
PARAMETRIC_REPRESENTATION_CONTEXT() REPRESENTATION_CONTEXT('2D SPACE',''
  ) );
#11546 = ORIENTED_EDGE('',*,*,#3181,.T.);
#11547 = ORIENTED_EDGE('',*,*,#11526,.T.);
#11548 = ADVANCED_FACE('',(#11549),#3237,.F.);
#11549 = FACE_BOUND('',#11550,.F.);
#11550 = EDGE_LOOP('',(#11551,#11552,#11573,#11574));
#11551 = ORIENTED_EDGE('',*,*,#7496,.F.);
#11552 = ORIENTED_EDGE('',*,*,#11553,.F.);
#11553 = EDGE_CURVE('',#3217,#7497,#11554,.T.);
#11554 = SEAM_CURVE('',#11555,(#11559,#11566),.PCURVE_S1.);
#11555 = LINE('',#11556,#11557);
#11556 = CARTESIAN_POINT('',(23.875,-82.9,-1.E-02));
#11557 = VECTOR('',#11558,1.);
#11558 = DIRECTION('',(0.,0.,1.));
#11559 = PCURVE('',#3237,#11560);
#11560 = DEFINITIONAL_REPRESENTATION('',(#11561),#11565);
#11561 = LINE('',#11562,#11563);
#11562 = CARTESIAN_POINT('',(6.28318530718,-0.));
#11563 = VECTOR('',#11564,1.);
#11564 = DIRECTION('',(0.,1.));
#11565 = ( GEOMETRIC_REPRESENTATION_CONTEXT(2) 
PARAMETRIC_REPRESENTATION_CONTEXT() REPRESENTATION_CONTEXT('2D SPACE',''
  ) );
#11566 = PCURVE('',#3237,#11567);
#11567 = DEFINITIONAL_REPRESENTATION('',(#11568),#11572);
#11568 = LINE('',#11569,#11570);
#11569 = CARTESIAN_POINT('',(0.,-0.));
#11570 = VECTOR('',#11571,1.);
#11571 = DIRECTION('',(0.,1.));
#11572 = ( GEOMETRIC_REPRESENTATION_CONTEXT(2) 
PARAMETRIC_REPRESENTATION_CONTEXT() REPRESENTATION_CONTEXT('2D SPACE',''
  ) );
#11573 = ORIENTED_EDGE('',*,*,#3216,.T.);
#11574 = ORIENTED_EDGE('',*,*,#11553,.T.);
#11575 = ADVANCED_FACE('',(#11576),#3272,.F.);
#11576 = FACE_BOUND('',#11577,.F.);
#11577 = EDGE_LOOP('',(#11578,#11579,#11600,#11601));
#11578 = ORIENTED_EDGE('',*,*,#7526,.F.);
#11579 = ORIENTED_EDGE('',*,*,#11580,.F.);
#11580 = EDGE_CURVE('',#3252,#7527,#11581,.T.);
#11581 = SEAM_CURVE('',#11582,(#11586,#11593),.PCURVE_S1.);
#11582 = LINE('',#11583,#11584);
#11583 = CARTESIAN_POINT('',(2.95,-89.85,-1.E-02));
#11584 = VECTOR('',#11585,1.);
#11585 = DIRECTION('',(0.,0.,1.));
#11586 = PCURVE('',#3272,#11587);
#11587 = DEFINITIONAL_REPRESENTATION('',(#11588),#11592);
#11588 = LINE('',#11589,#11590);
#11589 = CARTESIAN_POINT('',(6.28318530718,-0.));
#11590 = VECTOR('',#11591,1.);
#11591 = DIRECTION('',(0.,1.));
#11592 = ( GEOMETRIC_REPRESENTATION_CONTEXT(2) 
PARAMETRIC_REPRESENTATION_CONTEXT() REPRESENTATION_CONTEXT('2D SPACE',''
  ) );
#11593 = PCURVE('',#3272,#11594);
#11594 = DEFINITIONAL_REPRESENTATION('',(#11595),#11599);
#11595 = LINE('',#11596,#11597);
#11596 = CARTESIAN_POINT('',(0.,-0.));
#11597 = VECTOR('',#11598,1.);
#11598 = DIRECTION('',(0.,1.));
#11599 = ( GEOMETRIC_REPRESENTATION_CONTEXT(2) 
PARAMETRIC_REPRESENTATION_CONTEXT() REPRESENTATION_CONTEXT('2D SPACE',''
  ) );
#11600 = ORIENTED_EDGE('',*,*,#3251,.T.);
#11601 = ORIENTED_EDGE('',*,*,#11580,.T.);
#11602 = ADVANCED_FACE('',(#11603),#3307,.F.);
#11603 = FACE_BOUND('',#11604,.F.);
#11604 = EDGE_LOOP('',(#11605,#11606,#11627,#11628));
#11605 = ORIENTED_EDGE('',*,*,#7556,.F.);
#11606 = ORIENTED_EDGE('',*,*,#11607,.F.);
#11607 = EDGE_CURVE('',#3287,#7557,#11608,.T.);
#11608 = SEAM_CURVE('',#11609,(#11613,#11620),.PCURVE_S1.);
#11609 = LINE('',#11610,#11611);
#11610 = CARTESIAN_POINT('',(6.875,-82.9,-1.E-02));
#11611 = VECTOR('',#11612,1.);
#11612 = DIRECTION('',(0.,0.,1.));
#11613 = PCURVE('',#3307,#11614);
#11614 = DEFINITIONAL_REPRESENTATION('',(#11615),#11619);
#11615 = LINE('',#11616,#11617);
#11616 = CARTESIAN_POINT('',(6.28318530718,-0.));
#11617 = VECTOR('',#11618,1.);
#11618 = DIRECTION('',(0.,1.));
#11619 = ( GEOMETRIC_REPRESENTATION_CONTEXT(2) 
PARAMETRIC_REPRESENTATION_CONTEXT() REPRESENTATION_CONTEXT('2D SPACE',''
  ) );
#11620 = PCURVE('',#3307,#11621);
#11621 = DEFINITIONAL_REPRESENTATION('',(#11622),#11626);
#11622 = LINE('',#11623,#11624);
#11623 = CARTESIAN_POINT('',(0.,-0.));
#11624 = VECTOR('',#11625,1.);
#11625 = DIRECTION('',(0.,1.));
#11626 = ( GEOMETRIC_REPRESENTATION_CONTEXT(2) 
PARAMETRIC_REPRESENTATION_CONTEXT() REPRESENTATION_CONTEXT('2D SPACE',''
  ) );
#11627 = ORIENTED_EDGE('',*,*,#3286,.T.);
#11628 = ORIENTED_EDGE('',*,*,#11607,.T.);
#11629 = ADVANCED_FACE('',(#11630),#3342,.F.);
#11630 = FACE_BOUND('',#11631,.F.);
#11631 = EDGE_LOOP('',(#11632,#11633,#11654,#11655));
#11632 = ORIENTED_EDGE('',*,*,#7586,.F.);
#11633 = ORIENTED_EDGE('',*,*,#11634,.F.);
#11634 = EDGE_CURVE('',#3322,#7587,#11635,.T.);
#11635 = SEAM_CURVE('',#11636,(#11640,#11647),.PCURVE_S1.);
#11636 = LINE('',#11637,#11638);
#11637 = CARTESIAN_POINT('',(18.575,-77.4,-1.E-02));
#11638 = VECTOR('',#11639,1.);
#11639 = DIRECTION('',(0.,0.,1.));
#11640 = PCURVE('',#3342,#11641);
#11641 = DEFINITIONAL_REPRESENTATION('',(#11642),#11646);
#11642 = LINE('',#11643,#11644);
#11643 = CARTESIAN_POINT('',(6.28318530718,-0.));
#11644 = VECTOR('',#11645,1.);
#11645 = DIRECTION('',(0.,1.));
#11646 = ( GEOMETRIC_REPRESENTATION_CONTEXT(2) 
PARAMETRIC_REPRESENTATION_CONTEXT() REPRESENTATION_CONTEXT('2D SPACE',''
  ) );
#11647 = PCURVE('',#3342,#11648);
#11648 = DEFINITIONAL_REPRESENTATION('',(#11649),#11653);
#11649 = LINE('',#11650,#11651);
#11650 = CARTESIAN_POINT('',(0.,-0.));
#11651 = VECTOR('',#11652,1.);
#11652 = DIRECTION('',(0.,1.));
#11653 = ( GEOMETRIC_REPRESENTATION_CONTEXT(2) 
PARAMETRIC_REPRESENTATION_CONTEXT() REPRESENTATION_CONTEXT('2D SPACE',''
  ) );
#11654 = ORIENTED_EDGE('',*,*,#3321,.T.);
#11655 = ORIENTED_EDGE('',*,*,#11634,.T.);
#11656 = ADVANCED_FACE('',(#11657),#3377,.F.);
#11657 = FACE_BOUND('',#11658,.F.);
#11658 = EDGE_LOOP('',(#11659,#11660,#11681,#11682));
#11659 = ORIENTED_EDGE('',*,*,#7616,.F.);
#11660 = ORIENTED_EDGE('',*,*,#11661,.F.);
#11661 = EDGE_CURVE('',#3357,#7617,#11662,.T.);
#11662 = SEAM_CURVE('',#11663,(#11667,#11674),.PCURVE_S1.);
#11663 = LINE('',#11664,#11665);
#11664 = CARTESIAN_POINT('',(57.875,-65.9,-1.E-02));
#11665 = VECTOR('',#11666,1.);
#11666 = DIRECTION('',(0.,0.,1.));
#11667 = PCURVE('',#3377,#11668);
#11668 = DEFINITIONAL_REPRESENTATION('',(#11669),#11673);
#11669 = LINE('',#11670,#11671);
#11670 = CARTESIAN_POINT('',(6.28318530718,-0.));
#11671 = VECTOR('',#11672,1.);
#11672 = DIRECTION('',(0.,1.));
#11673 = ( GEOMETRIC_REPRESENTATION_CONTEXT(2) 
PARAMETRIC_REPRESENTATION_CONTEXT() REPRESENTATION_CONTEXT('2D SPACE',''
  ) );
#11674 = PCURVE('',#3377,#11675);
#11675 = DEFINITIONAL_REPRESENTATION('',(#11676),#11680);
#11676 = LINE('',#11677,#11678);
#11677 = CARTESIAN_POINT('',(0.,-0.));
#11678 = VECTOR('',#11679,1.);
#11679 = DIRECTION('',(0.,1.));
#11680 = ( GEOMETRIC_REPRESENTATION_CONTEXT(2) 
PARAMETRIC_REPRESENTATION_CONTEXT() REPRESENTATION_CONTEXT('2D SPACE',''
  ) );
#11681 = ORIENTED_EDGE('',*,*,#3356,.T.);
#11682 = ORIENTED_EDGE('',*,*,#11661,.T.);
#11683 = ADVANCED_FACE('',(#11684),#3412,.F.);
#11684 = FACE_BOUND('',#11685,.F.);
#11685 = EDGE_LOOP('',(#11686,#11687,#11708,#11709));
#11686 = ORIENTED_EDGE('',*,*,#7646,.F.);
#11687 = ORIENTED_EDGE('',*,*,#11688,.F.);
#11688 = EDGE_CURVE('',#3392,#7647,#11689,.T.);
#11689 = SEAM_CURVE('',#11690,(#11694,#11701),.PCURVE_S1.);
#11690 = LINE('',#11691,#11692);
#11691 = CARTESIAN_POINT('',(52.575,-60.4,-1.E-02));
#11692 = VECTOR('',#11693,1.);
#11693 = DIRECTION('',(0.,0.,1.));
#11694 = PCURVE('',#3412,#11695);
#11695 = DEFINITIONAL_REPRESENTATION('',(#11696),#11700);
#11696 = LINE('',#11697,#11698);
#11697 = CARTESIAN_POINT('',(6.28318530718,-0.));
#11698 = VECTOR('',#11699,1.);
#11699 = DIRECTION('',(0.,1.));
#11700 = ( GEOMETRIC_REPRESENTATION_CONTEXT(2) 
PARAMETRIC_REPRESENTATION_CONTEXT() REPRESENTATION_CONTEXT('2D SPACE',''
  ) );
#11701 = PCURVE('',#3412,#11702);
#11702 = DEFINITIONAL_REPRESENTATION('',(#11703),#11707);
#11703 = LINE('',#11704,#11705);
#11704 = CARTESIAN_POINT('',(0.,-0.));
#11705 = VECTOR('',#11706,1.);
#11706 = DIRECTION('',(0.,1.));
#11707 = ( GEOMETRIC_REPRESENTATION_CONTEXT(2) 
PARAMETRIC_REPRESENTATION_CONTEXT() REPRESENTATION_CONTEXT('2D SPACE',''
  ) );
#11708 = ORIENTED_EDGE('',*,*,#3391,.T.);
#11709 = ORIENTED_EDGE('',*,*,#11688,.T.);
#11710 = ADVANCED_FACE('',(#11711),#3447,.F.);
#11711 = FACE_BOUND('',#11712,.F.);
#11712 = EDGE_LOOP('',(#11713,#11714,#11735,#11736));
#11713 = ORIENTED_EDGE('',*,*,#7676,.F.);
#11714 = ORIENTED_EDGE('',*,*,#11715,.F.);
#11715 = EDGE_CURVE('',#3427,#7677,#11716,.T.);
#11716 = SEAM_CURVE('',#11717,(#11721,#11728),.PCURVE_S1.);
#11717 = LINE('',#11718,#11719);
#11718 = CARTESIAN_POINT('',(40.875,-65.9,-1.E-02));
#11719 = VECTOR('',#11720,1.);
#11720 = DIRECTION('',(0.,0.,1.));
#11721 = PCURVE('',#3447,#11722);
#11722 = DEFINITIONAL_REPRESENTATION('',(#11723),#11727);
#11723 = LINE('',#11724,#11725);
#11724 = CARTESIAN_POINT('',(6.28318530718,-0.));
#11725 = VECTOR('',#11726,1.);
#11726 = DIRECTION('',(0.,1.));
#11727 = ( GEOMETRIC_REPRESENTATION_CONTEXT(2) 
PARAMETRIC_REPRESENTATION_CONTEXT() REPRESENTATION_CONTEXT('2D SPACE',''
  ) );
#11728 = PCURVE('',#3447,#11729);
#11729 = DEFINITIONAL_REPRESENTATION('',(#11730),#11734);
#11730 = LINE('',#11731,#11732);
#11731 = CARTESIAN_POINT('',(0.,-0.));
#11732 = VECTOR('',#11733,1.);
#11733 = DIRECTION('',(0.,1.));
#11734 = ( GEOMETRIC_REPRESENTATION_CONTEXT(2) 
PARAMETRIC_REPRESENTATION_CONTEXT() REPRESENTATION_CONTEXT('2D SPACE',''
  ) );
#11735 = ORIENTED_EDGE('',*,*,#3426,.T.);
#11736 = ORIENTED_EDGE('',*,*,#11715,.T.);
#11737 = ADVANCED_FACE('',(#11738),#3482,.F.);
#11738 = FACE_BOUND('',#11739,.F.);
#11739 = EDGE_LOOP('',(#11740,#11741,#11762,#11763));
#11740 = ORIENTED_EDGE('',*,*,#7706,.F.);
#11741 = ORIENTED_EDGE('',*,*,#11742,.F.);
#11742 = EDGE_CURVE('',#3462,#7707,#11743,.T.);
#11743 = SEAM_CURVE('',#11744,(#11748,#11755),.PCURVE_S1.);
#11744 = LINE('',#11745,#11746);
#11745 = CARTESIAN_POINT('',(35.575,-60.4,-1.E-02));
#11746 = VECTOR('',#11747,1.);
#11747 = DIRECTION('',(0.,0.,1.));
#11748 = PCURVE('',#3482,#11749);
#11749 = DEFINITIONAL_REPRESENTATION('',(#11750),#11754);
#11750 = LINE('',#11751,#11752);
#11751 = CARTESIAN_POINT('',(6.28318530718,-0.));
#11752 = VECTOR('',#11753,1.);
#11753 = DIRECTION('',(0.,1.));
#11754 = ( GEOMETRIC_REPRESENTATION_CONTEXT(2) 
PARAMETRIC_REPRESENTATION_CONTEXT() REPRESENTATION_CONTEXT('2D SPACE',''
  ) );
#11755 = PCURVE('',#3482,#11756);
#11756 = DEFINITIONAL_REPRESENTATION('',(#11757),#11761);
#11757 = LINE('',#11758,#11759);
#11758 = CARTESIAN_POINT('',(0.,-0.));
#11759 = VECTOR('',#11760,1.);
#11760 = DIRECTION('',(0.,1.));
#11761 = ( GEOMETRIC_REPRESENTATION_CONTEXT(2) 
PARAMETRIC_REPRESENTATION_CONTEXT() REPRESENTATION_CONTEXT('2D SPACE',''
  ) );
#11762 = ORIENTED_EDGE('',*,*,#3461,.T.);
#11763 = ORIENTED_EDGE('',*,*,#11742,.T.);
#11764 = ADVANCED_FACE('',(#11765),#3517,.F.);
#11765 = FACE_BOUND('',#11766,.F.);
#11766 = EDGE_LOOP('',(#11767,#11768,#11789,#11790));
#11767 = ORIENTED_EDGE('',*,*,#7736,.F.);
#11768 = ORIENTED_EDGE('',*,*,#11769,.F.);
#11769 = EDGE_CURVE('',#3497,#7737,#11770,.T.);
#11770 = SEAM_CURVE('',#11771,(#11775,#11782),.PCURVE_S1.);
#11771 = LINE('',#11772,#11773);
#11772 = CARTESIAN_POINT('',(57.875,-48.9,-1.E-02));
#11773 = VECTOR('',#11774,1.);
#11774 = DIRECTION('',(0.,0.,1.));
#11775 = PCURVE('',#3517,#11776);
#11776 = DEFINITIONAL_REPRESENTATION('',(#11777),#11781);
#11777 = LINE('',#11778,#11779);
#11778 = CARTESIAN_POINT('',(6.28318530718,-0.));
#11779 = VECTOR('',#11780,1.);
#11780 = DIRECTION('',(0.,1.));
#11781 = ( GEOMETRIC_REPRESENTATION_CONTEXT(2) 
PARAMETRIC_REPRESENTATION_CONTEXT() REPRESENTATION_CONTEXT('2D SPACE',''
  ) );
#11782 = PCURVE('',#3517,#11783);
#11783 = DEFINITIONAL_REPRESENTATION('',(#11784),#11788);
#11784 = LINE('',#11785,#11786);
#11785 = CARTESIAN_POINT('',(0.,-0.));
#11786 = VECTOR('',#11787,1.);
#11787 = DIRECTION('',(0.,1.));
#11788 = ( GEOMETRIC_REPRESENTATION_CONTEXT(2) 
PARAMETRIC_REPRESENTATION_CONTEXT() REPRESENTATION_CONTEXT('2D SPACE',''
  ) );
#11789 = ORIENTED_EDGE('',*,*,#3496,.T.);
#11790 = ORIENTED_EDGE('',*,*,#11769,.T.);
#11791 = ADVANCED_FACE('',(#11792),#3552,.F.);
#11792 = FACE_BOUND('',#11793,.F.);
#11793 = EDGE_LOOP('',(#11794,#11795,#11816,#11817));
#11794 = ORIENTED_EDGE('',*,*,#7766,.F.);
#11795 = ORIENTED_EDGE('',*,*,#11796,.F.);
#11796 = EDGE_CURVE('',#3532,#7767,#11797,.T.);
#11797 = SEAM_CURVE('',#11798,(#11802,#11809),.PCURVE_S1.);
#11798 = LINE('',#11799,#11800);
#11799 = CARTESIAN_POINT('',(40.875,-48.9,-1.E-02));
#11800 = VECTOR('',#11801,1.);
#11801 = DIRECTION('',(0.,0.,1.));
#11802 = PCURVE('',#3552,#11803);
#11803 = DEFINITIONAL_REPRESENTATION('',(#11804),#11808);
#11804 = LINE('',#11805,#11806);
#11805 = CARTESIAN_POINT('',(6.28318530718,-0.));
#11806 = VECTOR('',#11807,1.);
#11807 = DIRECTION('',(0.,1.));
#11808 = ( GEOMETRIC_REPRESENTATION_CONTEXT(2) 
PARAMETRIC_REPRESENTATION_CONTEXT() REPRESENTATION_CONTEXT('2D SPACE',''
  ) );
#11809 = PCURVE('',#3552,#11810);
#11810 = DEFINITIONAL_REPRESENTATION('',(#11811),#11815);
#11811 = LINE('',#11812,#11813);
#11812 = CARTESIAN_POINT('',(0.,-0.));
#11813 = VECTOR('',#11814,1.);
#11814 = DIRECTION('',(0.,1.));
#11815 = ( GEOMETRIC_REPRESENTATION_CONTEXT(2) 
PARAMETRIC_REPRESENTATION_CONTEXT() REPRESENTATION_CONTEXT('2D SPACE',''
  ) );
#11816 = ORIENTED_EDGE('',*,*,#3531,.T.);
#11817 = ORIENTED_EDGE('',*,*,#11796,.T.);
#11818 = ADVANCED_FACE('',(#11819),#3587,.F.);
#11819 = FACE_BOUND('',#11820,.F.);
#11820 = EDGE_LOOP('',(#11821,#11822,#11843,#11844));
#11821 = ORIENTED_EDGE('',*,*,#7796,.F.);
#11822 = ORIENTED_EDGE('',*,*,#11823,.F.);
#11823 = EDGE_CURVE('',#3567,#7797,#11824,.T.);
#11824 = SEAM_CURVE('',#11825,(#11829,#11836),.PCURVE_S1.);
#11825 = LINE('',#11826,#11827);
#11826 = CARTESIAN_POINT('',(23.875,-65.9,-1.E-02));
#11827 = VECTOR('',#11828,1.);
#11828 = DIRECTION('',(0.,0.,1.));
#11829 = PCURVE('',#3587,#11830);
#11830 = DEFINITIONAL_REPRESENTATION('',(#11831),#11835);
#11831 = LINE('',#11832,#11833);
#11832 = CARTESIAN_POINT('',(6.28318530718,-0.));
#11833 = VECTOR('',#11834,1.);
#11834 = DIRECTION('',(0.,1.));
#11835 = ( GEOMETRIC_REPRESENTATION_CONTEXT(2) 
PARAMETRIC_REPRESENTATION_CONTEXT() REPRESENTATION_CONTEXT('2D SPACE',''
  ) );
#11836 = PCURVE('',#3587,#11837);
#11837 = DEFINITIONAL_REPRESENTATION('',(#11838),#11842);
#11838 = LINE('',#11839,#11840);
#11839 = CARTESIAN_POINT('',(0.,-0.));
#11840 = VECTOR('',#11841,1.);
#11841 = DIRECTION('',(0.,1.));
#11842 = ( GEOMETRIC_REPRESENTATION_CONTEXT(2) 
PARAMETRIC_REPRESENTATION_CONTEXT() REPRESENTATION_CONTEXT('2D SPACE',''
  ) );
#11843 = ORIENTED_EDGE('',*,*,#3566,.T.);
#11844 = ORIENTED_EDGE('',*,*,#11823,.T.);
#11845 = ADVANCED_FACE('',(#11846),#3622,.F.);
#11846 = FACE_BOUND('',#11847,.F.);
#11847 = EDGE_LOOP('',(#11848,#11849,#11870,#11871));
#11848 = ORIENTED_EDGE('',*,*,#7826,.F.);
#11849 = ORIENTED_EDGE('',*,*,#11850,.F.);
#11850 = EDGE_CURVE('',#3602,#7827,#11851,.T.);
#11851 = SEAM_CURVE('',#11852,(#11856,#11863),.PCURVE_S1.);
#11852 = LINE('',#11853,#11854);
#11853 = CARTESIAN_POINT('',(18.575,-60.4,-1.E-02));
#11854 = VECTOR('',#11855,1.);
#11855 = DIRECTION('',(0.,0.,1.));
#11856 = PCURVE('',#3622,#11857);
#11857 = DEFINITIONAL_REPRESENTATION('',(#11858),#11862);
#11858 = LINE('',#11859,#11860);
#11859 = CARTESIAN_POINT('',(6.28318530718,-0.));
#11860 = VECTOR('',#11861,1.);
#11861 = DIRECTION('',(0.,1.));
#11862 = ( GEOMETRIC_REPRESENTATION_CONTEXT(2) 
PARAMETRIC_REPRESENTATION_CONTEXT() REPRESENTATION_CONTEXT('2D SPACE',''
  ) );
#11863 = PCURVE('',#3622,#11864);
#11864 = DEFINITIONAL_REPRESENTATION('',(#11865),#11869);
#11865 = LINE('',#11866,#11867);
#11866 = CARTESIAN_POINT('',(0.,-0.));
#11867 = VECTOR('',#11868,1.);
#11868 = DIRECTION('',(0.,1.));
#11869 = ( GEOMETRIC_REPRESENTATION_CONTEXT(2) 
PARAMETRIC_REPRESENTATION_CONTEXT() REPRESENTATION_CONTEXT('2D SPACE',''
  ) );
#11870 = ORIENTED_EDGE('',*,*,#3601,.T.);
#11871 = ORIENTED_EDGE('',*,*,#11850,.T.);
#11872 = ADVANCED_FACE('',(#11873),#3657,.F.);
#11873 = FACE_BOUND('',#11874,.F.);
#11874 = EDGE_LOOP('',(#11875,#11876,#11897,#11898));
#11875 = ORIENTED_EDGE('',*,*,#7856,.F.);
#11876 = ORIENTED_EDGE('',*,*,#11877,.F.);
#11877 = EDGE_CURVE('',#3637,#7857,#11878,.T.);
#11878 = SEAM_CURVE('',#11879,(#11883,#11890),.PCURVE_S1.);
#11879 = LINE('',#11880,#11881);
#11880 = CARTESIAN_POINT('',(6.875,-65.9,-1.E-02));
#11881 = VECTOR('',#11882,1.);
#11882 = DIRECTION('',(0.,0.,1.));
#11883 = PCURVE('',#3657,#11884);
#11884 = DEFINITIONAL_REPRESENTATION('',(#11885),#11889);
#11885 = LINE('',#11886,#11887);
#11886 = CARTESIAN_POINT('',(6.28318530718,-0.));
#11887 = VECTOR('',#11888,1.);
#11888 = DIRECTION('',(0.,1.));
#11889 = ( GEOMETRIC_REPRESENTATION_CONTEXT(2) 
PARAMETRIC_REPRESENTATION_CONTEXT() REPRESENTATION_CONTEXT('2D SPACE',''
  ) );
#11890 = PCURVE('',#3657,#11891);
#11891 = DEFINITIONAL_REPRESENTATION('',(#11892),#11896);
#11892 = LINE('',#11893,#11894);
#11893 = CARTESIAN_POINT('',(0.,-0.));
#11894 = VECTOR('',#11895,1.);
#11895 = DIRECTION('',(0.,1.));
#11896 = ( GEOMETRIC_REPRESENTATION_CONTEXT(2) 
PARAMETRIC_REPRESENTATION_CONTEXT() REPRESENTATION_CONTEXT('2D SPACE',''
  ) );
#11897 = ORIENTED_EDGE('',*,*,#3636,.T.);
#11898 = ORIENTED_EDGE('',*,*,#11877,.T.);
#11899 = ADVANCED_FACE('',(#11900),#3692,.F.);
#11900 = FACE_BOUND('',#11901,.F.);
#11901 = EDGE_LOOP('',(#11902,#11903,#11924,#11925));
#11902 = ORIENTED_EDGE('',*,*,#7886,.F.);
#11903 = ORIENTED_EDGE('',*,*,#11904,.F.);
#11904 = EDGE_CURVE('',#3672,#7887,#11905,.T.);
#11905 = SEAM_CURVE('',#11906,(#11910,#11917),.PCURVE_S1.);
#11906 = LINE('',#11907,#11908);
#11907 = CARTESIAN_POINT('',(23.875,-48.9,-1.E-02));
#11908 = VECTOR('',#11909,1.);
#11909 = DIRECTION('',(0.,0.,1.));
#11910 = PCURVE('',#3692,#11911);
#11911 = DEFINITIONAL_REPRESENTATION('',(#11912),#11916);
#11912 = LINE('',#11913,#11914);
#11913 = CARTESIAN_POINT('',(6.28318530718,-0.));
#11914 = VECTOR('',#11915,1.);
#11915 = DIRECTION('',(0.,1.));
#11916 = ( GEOMETRIC_REPRESENTATION_CONTEXT(2) 
PARAMETRIC_REPRESENTATION_CONTEXT() REPRESENTATION_CONTEXT('2D SPACE',''
  ) );
#11917 = PCURVE('',#3692,#11918);
#11918 = DEFINITIONAL_REPRESENTATION('',(#11919),#11923);
#11919 = LINE('',#11920,#11921);
#11920 = CARTESIAN_POINT('',(0.,-0.));
#11921 = VECTOR('',#11922,1.);
#11922 = DIRECTION('',(0.,1.));
#11923 = ( GEOMETRIC_REPRESENTATION_CONTEXT(2) 
PARAMETRIC_REPRESENTATION_CONTEXT() REPRESENTATION_CONTEXT('2D SPACE',''
  ) );
#11924 = ORIENTED_EDGE('',*,*,#3671,.T.);
#11925 = ORIENTED_EDGE('',*,*,#11904,.T.);
#11926 = ADVANCED_FACE('',(#11927),#3727,.F.);
#11927 = FACE_BOUND('',#11928,.F.);
#11928 = EDGE_LOOP('',(#11929,#11930,#11951,#11952));
#11929 = ORIENTED_EDGE('',*,*,#7916,.F.);
#11930 = ORIENTED_EDGE('',*,*,#11931,.F.);
#11931 = EDGE_CURVE('',#3707,#7917,#11932,.T.);
#11932 = SEAM_CURVE('',#11933,(#11937,#11944),.PCURVE_S1.);
#11933 = LINE('',#11934,#11935);
#11934 = CARTESIAN_POINT('',(6.875,-48.9,-1.E-02));
#11935 = VECTOR('',#11936,1.);
#11936 = DIRECTION('',(0.,0.,1.));
#11937 = PCURVE('',#3727,#11938);
#11938 = DEFINITIONAL_REPRESENTATION('',(#11939),#11943);
#11939 = LINE('',#11940,#11941);
#11940 = CARTESIAN_POINT('',(6.28318530718,-0.));
#11941 = VECTOR('',#11942,1.);
#11942 = DIRECTION('',(0.,1.));
#11943 = ( GEOMETRIC_REPRESENTATION_CONTEXT(2) 
PARAMETRIC_REPRESENTATION_CONTEXT() REPRESENTATION_CONTEXT('2D SPACE',''
  ) );
#11944 = PCURVE('',#3727,#11945);
#11945 = DEFINITIONAL_REPRESENTATION('',(#11946),#11950);
#11946 = LINE('',#11947,#11948);
#11947 = CARTESIAN_POINT('',(0.,-0.));
#11948 = VECTOR('',#11949,1.);
#11949 = DIRECTION('',(0.,1.));
#11950 = ( GEOMETRIC_REPRESENTATION_CONTEXT(2) 
PARAMETRIC_REPRESENTATION_CONTEXT() REPRESENTATION_CONTEXT('2D SPACE',''
  ) );
#11951 = ORIENTED_EDGE('',*,*,#3706,.T.);
#11952 = ORIENTED_EDGE('',*,*,#11931,.T.);
#11953 = ADVANCED_FACE('',(#11954),#3762,.F.);
#11954 = FACE_BOUND('',#11955,.F.);
#11955 = EDGE_LOOP('',(#11956,#11957,#11978,#11979));
#11956 = ORIENTED_EDGE('',*,*,#7946,.F.);
#11957 = ORIENTED_EDGE('',*,*,#11958,.F.);
#11958 = EDGE_CURVE('',#3742,#7947,#11959,.T.);
#11959 = SEAM_CURVE('',#11960,(#11964,#11971),.PCURVE_S1.);
#11960 = LINE('',#11961,#11962);
#11961 = CARTESIAN_POINT('',(109.55,-46.15,-1.E-02));
#11962 = VECTOR('',#11963,1.);
#11963 = DIRECTION('',(0.,0.,1.));
#11964 = PCURVE('',#3762,#11965);
#11965 = DEFINITIONAL_REPRESENTATION('',(#11966),#11970);
#11966 = LINE('',#11967,#11968);
#11967 = CARTESIAN_POINT('',(6.28318530718,-0.));
#11968 = VECTOR('',#11969,1.);
#11969 = DIRECTION('',(0.,1.));
#11970 = ( GEOMETRIC_REPRESENTATION_CONTEXT(2) 
PARAMETRIC_REPRESENTATION_CONTEXT() REPRESENTATION_CONTEXT('2D SPACE',''
  ) );
#11971 = PCURVE('',#3762,#11972);
#11972 = DEFINITIONAL_REPRESENTATION('',(#11973),#11977);
#11973 = LINE('',#11974,#11975);
#11974 = CARTESIAN_POINT('',(0.,-0.));
#11975 = VECTOR('',#11976,1.);
#11976 = DIRECTION('',(0.,1.));
#11977 = ( GEOMETRIC_REPRESENTATION_CONTEXT(2) 
PARAMETRIC_REPRESENTATION_CONTEXT() REPRESENTATION_CONTEXT('2D SPACE',''
  ) );
#11978 = ORIENTED_EDGE('',*,*,#3741,.T.);
#11979 = ORIENTED_EDGE('',*,*,#11958,.T.);
#11980 = ADVANCED_FACE('',(#11981),#3797,.F.);
#11981 = FACE_BOUND('',#11982,.F.);
#11982 = EDGE_LOOP('',(#11983,#11984,#12005,#12006));
#11983 = ORIENTED_EDGE('',*,*,#7976,.F.);
#11984 = ORIENTED_EDGE('',*,*,#11985,.F.);
#11985 = EDGE_CURVE('',#3777,#7977,#11986,.T.);
#11986 = SEAM_CURVE('',#11987,(#11991,#11998),.PCURVE_S1.);
#11987 = LINE('',#11988,#11989);
#11988 = CARTESIAN_POINT('',(103.575,-43.4,-1.E-02));
#11989 = VECTOR('',#11990,1.);
#11990 = DIRECTION('',(0.,0.,1.));
#11991 = PCURVE('',#3797,#11992);
#11992 = DEFINITIONAL_REPRESENTATION('',(#11993),#11997);
#11993 = LINE('',#11994,#11995);
#11994 = CARTESIAN_POINT('',(6.28318530718,-0.));
#11995 = VECTOR('',#11996,1.);
#11996 = DIRECTION('',(0.,1.));
#11997 = ( GEOMETRIC_REPRESENTATION_CONTEXT(2) 
PARAMETRIC_REPRESENTATION_CONTEXT() REPRESENTATION_CONTEXT('2D SPACE',''
  ) );
#11998 = PCURVE('',#3797,#11999);
#11999 = DEFINITIONAL_REPRESENTATION('',(#12000),#12004);
#12000 = LINE('',#12001,#12002);
#12001 = CARTESIAN_POINT('',(0.,-0.));
#12002 = VECTOR('',#12003,1.);
#12003 = DIRECTION('',(0.,1.));
#12004 = ( GEOMETRIC_REPRESENTATION_CONTEXT(2) 
PARAMETRIC_REPRESENTATION_CONTEXT() REPRESENTATION_CONTEXT('2D SPACE',''
  ) );
#12005 = ORIENTED_EDGE('',*,*,#3776,.T.);
#12006 = ORIENTED_EDGE('',*,*,#11985,.T.);
#12007 = ADVANCED_FACE('',(#12008),#3829,.T.);
#12008 = FACE_BOUND('',#12009,.T.);
#12009 = EDGE_LOOP('',(#12010,#12031,#12032,#12053));
#12010 = ORIENTED_EDGE('',*,*,#12011,.T.);
#12011 = EDGE_CURVE('',#3812,#8007,#12012,.T.);
#12012 = SURFACE_CURVE('',#12013,(#12017,#12024),.PCURVE_S1.);
#12013 = LINE('',#12014,#12015);
#12014 = CARTESIAN_POINT('',(111.15,-6.45,0.));
#12015 = VECTOR('',#12016,1.);
#12016 = DIRECTION('',(0.,0.,1.));
#12017 = PCURVE('',#3829,#12018);
#12018 = DEFINITIONAL_REPRESENTATION('',(#12019),#12023);
#12019 = LINE('',#12020,#12021);
#12020 = CARTESIAN_POINT('',(0.,0.));
#12021 = VECTOR('',#12022,1.);
#12022 = DIRECTION('',(0.,-1.));
#12023 = ( GEOMETRIC_REPRESENTATION_CONTEXT(2) 
PARAMETRIC_REPRESENTATION_CONTEXT() REPRESENTATION_CONTEXT('2D SPACE',''
  ) );
#12024 = PCURVE('',#3911,#12025);
#12025 = DEFINITIONAL_REPRESENTATION('',(#12026),#12030);
#12026 = LINE('',#12027,#12028);
#12027 = CARTESIAN_POINT('',(21.,0.));
#12028 = VECTOR('',#12029,1.);
#12029 = DIRECTION('',(0.,-1.));
#12030 = ( GEOMETRIC_REPRESENTATION_CONTEXT(2) 
PARAMETRIC_REPRESENTATION_CONTEXT() REPRESENTATION_CONTEXT('2D SPACE',''
  ) );
#12031 = ORIENTED_EDGE('',*,*,#8006,.T.);
#12032 = ORIENTED_EDGE('',*,*,#12033,.F.);
#12033 = EDGE_CURVE('',#3814,#8009,#12034,.T.);
#12034 = SURFACE_CURVE('',#12035,(#12039,#12046),.PCURVE_S1.);
#12035 = LINE('',#12036,#12037);
#12036 = CARTESIAN_POINT('',(111.15,-48.45,0.));
#12037 = VECTOR('',#12038,1.);
#12038 = DIRECTION('',(0.,0.,1.));
#12039 = PCURVE('',#3829,#12040);
#12040 = DEFINITIONAL_REPRESENTATION('',(#12041),#12045);
#12041 = LINE('',#12042,#12043);
#12042 = CARTESIAN_POINT('',(42.,0.));
#12043 = VECTOR('',#12044,1.);
#12044 = DIRECTION('',(0.,-1.));
#12045 = ( GEOMETRIC_REPRESENTATION_CONTEXT(2) 
PARAMETRIC_REPRESENTATION_CONTEXT() REPRESENTATION_CONTEXT('2D SPACE',''
  ) );
#12046 = PCURVE('',#3857,#12047);
#12047 = DEFINITIONAL_REPRESENTATION('',(#12048),#12052);
#12048 = LINE('',#12049,#12050);
#12049 = CARTESIAN_POINT('',(0.,0.));
#12050 = VECTOR('',#12051,1.);
#12051 = DIRECTION('',(0.,-1.));
#12052 = ( GEOMETRIC_REPRESENTATION_CONTEXT(2) 
PARAMETRIC_REPRESENTATION_CONTEXT() REPRESENTATION_CONTEXT('2D SPACE',''
  ) );
#12053 = ORIENTED_EDGE('',*,*,#3811,.F.);
#12054 = ADVANCED_FACE('',(#12055),#3911,.T.);
#12055 = FACE_BOUND('',#12056,.T.);
#12056 = EDGE_LOOP('',(#12057,#12078,#12079,#12080));
#12057 = ORIENTED_EDGE('',*,*,#12058,.T.);
#12058 = EDGE_CURVE('',#3870,#8055,#12059,.T.);
#12059 = SURFACE_CURVE('',#12060,(#12064,#12071),.PCURVE_S1.);
#12060 = LINE('',#12061,#12062);
#12061 = CARTESIAN_POINT('',(132.15,-6.45,0.));
#12062 = VECTOR('',#12063,1.);
#12063 = DIRECTION('',(0.,0.,1.));
#12064 = PCURVE('',#3911,#12065);
#12065 = DEFINITIONAL_REPRESENTATION('',(#12066),#12070);
#12066 = LINE('',#12067,#12068);
#12067 = CARTESIAN_POINT('',(0.,-0.));
#12068 = VECTOR('',#12069,1.);
#12069 = DIRECTION('',(0.,-1.));
#12070 = ( GEOMETRIC_REPRESENTATION_CONTEXT(2) 
PARAMETRIC_REPRESENTATION_CONTEXT() REPRESENTATION_CONTEXT('2D SPACE',''
  ) );
#12071 = PCURVE('',#3885,#12072);
#12072 = DEFINITIONAL_REPRESENTATION('',(#12073),#12077);
#12073 = LINE('',#12074,#12075);
#12074 = CARTESIAN_POINT('',(42.,0.));
#12075 = VECTOR('',#12076,1.);
#12076 = DIRECTION('',(0.,-1.));
#12077 = ( GEOMETRIC_REPRESENTATION_CONTEXT(2) 
PARAMETRIC_REPRESENTATION_CONTEXT() REPRESENTATION_CONTEXT('2D SPACE',''
  ) );
#12078 = ORIENTED_EDGE('',*,*,#8077,.T.);
#12079 = ORIENTED_EDGE('',*,*,#12011,.F.);
#12080 = ORIENTED_EDGE('',*,*,#3897,.F.);
#12081 = ADVANCED_FACE('',(#12082),#3885,.T.);
#12082 = FACE_BOUND('',#12083,.T.);
#12083 = EDGE_LOOP('',(#12084,#12105,#12106,#12107));
#12084 = ORIENTED_EDGE('',*,*,#12085,.T.);
#12085 = EDGE_CURVE('',#3842,#8032,#12086,.T.);
#12086 = SURFACE_CURVE('',#12087,(#12091,#12098),.PCURVE_S1.);
#12087 = LINE('',#12088,#12089);
#12088 = CARTESIAN_POINT('',(132.15,-48.45,0.));
#12089 = VECTOR('',#12090,1.);
#12090 = DIRECTION('',(0.,0.,1.));
#12091 = PCURVE('',#3885,#12092);
#12092 = DEFINITIONAL_REPRESENTATION('',(#12093),#12097);
#12093 = LINE('',#12094,#12095);
#12094 = CARTESIAN_POINT('',(0.,0.));
#12095 = VECTOR('',#12096,1.);
#12096 = DIRECTION('',(0.,-1.));
#12097 = ( GEOMETRIC_REPRESENTATION_CONTEXT(2) 
PARAMETRIC_REPRESENTATION_CONTEXT() REPRESENTATION_CONTEXT('2D SPACE',''
  ) );
#12098 = PCURVE('',#3857,#12099);
#12099 = DEFINITIONAL_REPRESENTATION('',(#12100),#12104);
#12100 = LINE('',#12101,#12102);
#12101 = CARTESIAN_POINT('',(21.,0.));
#12102 = VECTOR('',#12103,1.);
#12103 = DIRECTION('',(0.,-1.));
#12104 = ( GEOMETRIC_REPRESENTATION_CONTEXT(2) 
PARAMETRIC_REPRESENTATION_CONTEXT() REPRESENTATION_CONTEXT('2D SPACE',''
  ) );
#12105 = ORIENTED_EDGE('',*,*,#8054,.T.);
#12106 = ORIENTED_EDGE('',*,*,#12058,.F.);
#12107 = ORIENTED_EDGE('',*,*,#3869,.F.);
#12108 = ADVANCED_FACE('',(#12109),#3857,.T.);
#12109 = FACE_BOUND('',#12110,.T.);
#12110 = EDGE_LOOP('',(#12111,#12112,#12113,#12114));
#12111 = ORIENTED_EDGE('',*,*,#12033,.T.);
#12112 = ORIENTED_EDGE('',*,*,#8031,.T.);
#12113 = ORIENTED_EDGE('',*,*,#12085,.F.);
#12114 = ORIENTED_EDGE('',*,*,#3841,.F.);
#12115 = ADVANCED_FACE('',(#12116),#3946,.F.);
#12116 = FACE_BOUND('',#12117,.F.);
#12117 = EDGE_LOOP('',(#12118,#12119,#12140,#12141));
#12118 = ORIENTED_EDGE('',*,*,#8100,.F.);
#12119 = ORIENTED_EDGE('',*,*,#12120,.F.);
#12120 = EDGE_CURVE('',#3926,#8101,#12121,.T.);
#12121 = SEAM_CURVE('',#12122,(#12126,#12133),.PCURVE_S1.);
#12122 = LINE('',#12123,#12124);
#12123 = CARTESIAN_POINT('',(103.575,-26.4,-1.E-02));
#12124 = VECTOR('',#12125,1.);
#12125 = DIRECTION('',(0.,0.,1.));
#12126 = PCURVE('',#3946,#12127);
#12127 = DEFINITIONAL_REPRESENTATION('',(#12128),#12132);
#12128 = LINE('',#12129,#12130);
#12129 = CARTESIAN_POINT('',(6.28318530718,-0.));
#12130 = VECTOR('',#12131,1.);
#12131 = DIRECTION('',(0.,1.));
#12132 = ( GEOMETRIC_REPRESENTATION_CONTEXT(2) 
PARAMETRIC_REPRESENTATION_CONTEXT() REPRESENTATION_CONTEXT('2D SPACE',''
  ) );
#12133 = PCURVE('',#3946,#12134);
#12134 = DEFINITIONAL_REPRESENTATION('',(#12135),#12139);
#12135 = LINE('',#12136,#12137);
#12136 = CARTESIAN_POINT('',(0.,-0.));
#12137 = VECTOR('',#12138,1.);
#12138 = DIRECTION('',(0.,1.));
#12139 = ( GEOMETRIC_REPRESENTATION_CONTEXT(2) 
PARAMETRIC_REPRESENTATION_CONTEXT() REPRESENTATION_CONTEXT('2D SPACE',''
  ) );
#12140 = ORIENTED_EDGE('',*,*,#3925,.T.);
#12141 = ORIENTED_EDGE('',*,*,#12120,.T.);
#12142 = ADVANCED_FACE('',(#12143),#3981,.F.);
#12143 = FACE_BOUND('',#12144,.F.);
#12144 = EDGE_LOOP('',(#12145,#12146,#12167,#12168));
#12145 = ORIENTED_EDGE('',*,*,#8130,.F.);
#12146 = ORIENTED_EDGE('',*,*,#12147,.F.);
#12147 = EDGE_CURVE('',#3961,#8131,#12148,.T.);
#12148 = SEAM_CURVE('',#12149,(#12153,#12160),.PCURVE_S1.);
#12149 = LINE('',#12150,#12151);
#12150 = CARTESIAN_POINT('',(86.575,-43.4,-1.E-02));
#12151 = VECTOR('',#12152,1.);
#12152 = DIRECTION('',(0.,0.,1.));
#12153 = PCURVE('',#3981,#12154);
#12154 = DEFINITIONAL_REPRESENTATION('',(#12155),#12159);
#12155 = LINE('',#12156,#12157);
#12156 = CARTESIAN_POINT('',(6.28318530718,-0.));
#12157 = VECTOR('',#12158,1.);
#12158 = DIRECTION('',(0.,1.));
#12159 = ( GEOMETRIC_REPRESENTATION_CONTEXT(2) 
PARAMETRIC_REPRESENTATION_CONTEXT() REPRESENTATION_CONTEXT('2D SPACE',''
  ) );
#12160 = PCURVE('',#3981,#12161);
#12161 = DEFINITIONAL_REPRESENTATION('',(#12162),#12166);
#12162 = LINE('',#12163,#12164);
#12163 = CARTESIAN_POINT('',(0.,-0.));
#12164 = VECTOR('',#12165,1.);
#12165 = DIRECTION('',(0.,1.));
#12166 = ( GEOMETRIC_REPRESENTATION_CONTEXT(2) 
PARAMETRIC_REPRESENTATION_CONTEXT() REPRESENTATION_CONTEXT('2D SPACE',''
  ) );
#12167 = ORIENTED_EDGE('',*,*,#3960,.T.);
#12168 = ORIENTED_EDGE('',*,*,#12147,.T.);
#12169 = ADVANCED_FACE('',(#12170),#4016,.F.);
#12170 = FACE_BOUND('',#12171,.F.);
#12171 = EDGE_LOOP('',(#12172,#12173,#12194,#12195));
#12172 = ORIENTED_EDGE('',*,*,#8160,.F.);
#12173 = ORIENTED_EDGE('',*,*,#12174,.F.);
#12174 = EDGE_CURVE('',#3996,#8161,#12175,.T.);
#12175 = SEAM_CURVE('',#12176,(#12180,#12187),.PCURVE_S1.);
#12176 = LINE('',#12177,#12178);
#12177 = CARTESIAN_POINT('',(69.575,-43.4,-1.E-02));
#12178 = VECTOR('',#12179,1.);
#12179 = DIRECTION('',(0.,0.,1.));
#12180 = PCURVE('',#4016,#12181);
#12181 = DEFINITIONAL_REPRESENTATION('',(#12182),#12186);
#12182 = LINE('',#12183,#12184);
#12183 = CARTESIAN_POINT('',(6.28318530718,-0.));
#12184 = VECTOR('',#12185,1.);
#12185 = DIRECTION('',(0.,1.));
#12186 = ( GEOMETRIC_REPRESENTATION_CONTEXT(2) 
PARAMETRIC_REPRESENTATION_CONTEXT() REPRESENTATION_CONTEXT('2D SPACE',''
  ) );
#12187 = PCURVE('',#4016,#12188);
#12188 = DEFINITIONAL_REPRESENTATION('',(#12189),#12193);
#12189 = LINE('',#12190,#12191);
#12190 = CARTESIAN_POINT('',(0.,-0.));
#12191 = VECTOR('',#12192,1.);
#12192 = DIRECTION('',(0.,1.));
#12193 = ( GEOMETRIC_REPRESENTATION_CONTEXT(2) 
PARAMETRIC_REPRESENTATION_CONTEXT() REPRESENTATION_CONTEXT('2D SPACE',''
  ) );
#12194 = ORIENTED_EDGE('',*,*,#3995,.T.);
#12195 = ORIENTED_EDGE('',*,*,#12174,.T.);
#12196 = ADVANCED_FACE('',(#12197),#4051,.F.);
#12197 = FACE_BOUND('',#12198,.F.);
#12198 = EDGE_LOOP('',(#12199,#12200,#12221,#12222));
#12199 = ORIENTED_EDGE('',*,*,#8190,.F.);
#12200 = ORIENTED_EDGE('',*,*,#12201,.F.);
#12201 = EDGE_CURVE('',#4031,#8191,#12202,.T.);
#12202 = SEAM_CURVE('',#12203,(#12207,#12214),.PCURVE_S1.);
#12203 = LINE('',#12204,#12205);
#12204 = CARTESIAN_POINT('',(91.875,-31.9,-1.E-02));
#12205 = VECTOR('',#12206,1.);
#12206 = DIRECTION('',(0.,0.,1.));
#12207 = PCURVE('',#4051,#12208);
#12208 = DEFINITIONAL_REPRESENTATION('',(#12209),#12213);
#12209 = LINE('',#12210,#12211);
#12210 = CARTESIAN_POINT('',(6.28318530718,-0.));
#12211 = VECTOR('',#12212,1.);
#12212 = DIRECTION('',(0.,1.));
#12213 = ( GEOMETRIC_REPRESENTATION_CONTEXT(2) 
PARAMETRIC_REPRESENTATION_CONTEXT() REPRESENTATION_CONTEXT('2D SPACE',''
  ) );
#12214 = PCURVE('',#4051,#12215);
#12215 = DEFINITIONAL_REPRESENTATION('',(#12216),#12220);
#12216 = LINE('',#12217,#12218);
#12217 = CARTESIAN_POINT('',(0.,-0.));
#12218 = VECTOR('',#12219,1.);
#12219 = DIRECTION('',(0.,1.));
#12220 = ( GEOMETRIC_REPRESENTATION_CONTEXT(2) 
PARAMETRIC_REPRESENTATION_CONTEXT() REPRESENTATION_CONTEXT('2D SPACE',''
  ) );
#12221 = ORIENTED_EDGE('',*,*,#4030,.T.);
#12222 = ORIENTED_EDGE('',*,*,#12201,.T.);
#12223 = ADVANCED_FACE('',(#12224),#4086,.F.);
#12224 = FACE_BOUND('',#12225,.F.);
#12225 = EDGE_LOOP('',(#12226,#12227,#12248,#12249));
#12226 = ORIENTED_EDGE('',*,*,#8220,.F.);
#12227 = ORIENTED_EDGE('',*,*,#12228,.F.);
#12228 = EDGE_CURVE('',#4066,#8221,#12229,.T.);
#12229 = SEAM_CURVE('',#12230,(#12234,#12241),.PCURVE_S1.);
#12230 = LINE('',#12231,#12232);
#12231 = CARTESIAN_POINT('',(86.575,-26.4,-1.E-02));
#12232 = VECTOR('',#12233,1.);
#12233 = DIRECTION('',(0.,0.,1.));
#12234 = PCURVE('',#4086,#12235);
#12235 = DEFINITIONAL_REPRESENTATION('',(#12236),#12240);
#12236 = LINE('',#12237,#12238);
#12237 = CARTESIAN_POINT('',(6.28318530718,-0.));
#12238 = VECTOR('',#12239,1.);
#12239 = DIRECTION('',(0.,1.));
#12240 = ( GEOMETRIC_REPRESENTATION_CONTEXT(2) 
PARAMETRIC_REPRESENTATION_CONTEXT() REPRESENTATION_CONTEXT('2D SPACE',''
  ) );
#12241 = PCURVE('',#4086,#12242);
#12242 = DEFINITIONAL_REPRESENTATION('',(#12243),#12247);
#12243 = LINE('',#12244,#12245);
#12244 = CARTESIAN_POINT('',(0.,-0.));
#12245 = VECTOR('',#12246,1.);
#12246 = DIRECTION('',(0.,1.));
#12247 = ( GEOMETRIC_REPRESENTATION_CONTEXT(2) 
PARAMETRIC_REPRESENTATION_CONTEXT() REPRESENTATION_CONTEXT('2D SPACE',''
  ) );
#12248 = ORIENTED_EDGE('',*,*,#4065,.T.);
#12249 = ORIENTED_EDGE('',*,*,#12228,.T.);
#12250 = ADVANCED_FACE('',(#12251),#4121,.F.);
#12251 = FACE_BOUND('',#12252,.F.);
#12252 = EDGE_LOOP('',(#12253,#12254,#12275,#12276));
#12253 = ORIENTED_EDGE('',*,*,#8250,.F.);
#12254 = ORIENTED_EDGE('',*,*,#12255,.F.);
#12255 = EDGE_CURVE('',#4101,#8251,#12256,.T.);
#12256 = SEAM_CURVE('',#12257,(#12261,#12268),.PCURVE_S1.);
#12257 = LINE('',#12258,#12259);
#12258 = CARTESIAN_POINT('',(74.875,-31.9,-1.E-02));
#12259 = VECTOR('',#12260,1.);
#12260 = DIRECTION('',(0.,0.,1.));
#12261 = PCURVE('',#4121,#12262);
#12262 = DEFINITIONAL_REPRESENTATION('',(#12263),#12267);
#12263 = LINE('',#12264,#12265);
#12264 = CARTESIAN_POINT('',(6.28318530718,-0.));
#12265 = VECTOR('',#12266,1.);
#12266 = DIRECTION('',(0.,1.));
#12267 = ( GEOMETRIC_REPRESENTATION_CONTEXT(2) 
PARAMETRIC_REPRESENTATION_CONTEXT() REPRESENTATION_CONTEXT('2D SPACE',''
  ) );
#12268 = PCURVE('',#4121,#12269);
#12269 = DEFINITIONAL_REPRESENTATION('',(#12270),#12274);
#12270 = LINE('',#12271,#12272);
#12271 = CARTESIAN_POINT('',(0.,-0.));
#12272 = VECTOR('',#12273,1.);
#12273 = DIRECTION('',(0.,1.));
#12274 = ( GEOMETRIC_REPRESENTATION_CONTEXT(2) 
PARAMETRIC_REPRESENTATION_CONTEXT() REPRESENTATION_CONTEXT('2D SPACE',''
  ) );
#12275 = ORIENTED_EDGE('',*,*,#4100,.T.);
#12276 = ORIENTED_EDGE('',*,*,#12255,.T.);
#12277 = ADVANCED_FACE('',(#12278),#4156,.F.);
#12278 = FACE_BOUND('',#12279,.F.);
#12279 = EDGE_LOOP('',(#12280,#12281,#12302,#12303));
#12280 = ORIENTED_EDGE('',*,*,#8280,.F.);
#12281 = ORIENTED_EDGE('',*,*,#12282,.F.);
#12282 = EDGE_CURVE('',#4136,#8281,#12283,.T.);
#12283 = SEAM_CURVE('',#12284,(#12288,#12295),.PCURVE_S1.);
#12284 = LINE('',#12285,#12286);
#12285 = CARTESIAN_POINT('',(69.575,-26.4,-1.E-02));
#12286 = VECTOR('',#12287,1.);
#12287 = DIRECTION('',(0.,0.,1.));
#12288 = PCURVE('',#4156,#12289);
#12289 = DEFINITIONAL_REPRESENTATION('',(#12290),#12294);
#12290 = LINE('',#12291,#12292);
#12291 = CARTESIAN_POINT('',(6.28318530718,-0.));
#12292 = VECTOR('',#12293,1.);
#12293 = DIRECTION('',(0.,1.));
#12294 = ( GEOMETRIC_REPRESENTATION_CONTEXT(2) 
PARAMETRIC_REPRESENTATION_CONTEXT() REPRESENTATION_CONTEXT('2D SPACE',''
  ) );
#12295 = PCURVE('',#4156,#12296);
#12296 = DEFINITIONAL_REPRESENTATION('',(#12297),#12301);
#12297 = LINE('',#12298,#12299);
#12298 = CARTESIAN_POINT('',(0.,-0.));
#12299 = VECTOR('',#12300,1.);
#12300 = DIRECTION('',(0.,1.));
#12301 = ( GEOMETRIC_REPRESENTATION_CONTEXT(2) 
PARAMETRIC_REPRESENTATION_CONTEXT() REPRESENTATION_CONTEXT('2D SPACE',''
  ) );
#12302 = ORIENTED_EDGE('',*,*,#4135,.T.);
#12303 = ORIENTED_EDGE('',*,*,#12282,.T.);
#12304 = ADVANCED_FACE('',(#12305),#4191,.F.);
#12305 = FACE_BOUND('',#12306,.F.);
#12306 = EDGE_LOOP('',(#12307,#12308,#12329,#12330));
#12307 = ORIENTED_EDGE('',*,*,#8310,.F.);
#12308 = ORIENTED_EDGE('',*,*,#12309,.F.);
#12309 = EDGE_CURVE('',#4171,#8311,#12310,.T.);
#12310 = SEAM_CURVE('',#12311,(#12315,#12322),.PCURVE_S1.);
#12311 = LINE('',#12312,#12313);
#12312 = CARTESIAN_POINT('',(131.769999,-2.45,-1.E-02));
#12313 = VECTOR('',#12314,1.);
#12314 = DIRECTION('',(0.,0.,1.));
#12315 = PCURVE('',#4191,#12316);
#12316 = DEFINITIONAL_REPRESENTATION('',(#12317),#12321);
#12317 = LINE('',#12318,#12319);
#12318 = CARTESIAN_POINT('',(6.28318530718,-0.));
#12319 = VECTOR('',#12320,1.);
#12320 = DIRECTION('',(0.,1.));
#12321 = ( GEOMETRIC_REPRESENTATION_CONTEXT(2) 
PARAMETRIC_REPRESENTATION_CONTEXT() REPRESENTATION_CONTEXT('2D SPACE',''
  ) );
#12322 = PCURVE('',#4191,#12323);
#12323 = DEFINITIONAL_REPRESENTATION('',(#12324),#12328);
#12324 = LINE('',#12325,#12326);
#12325 = CARTESIAN_POINT('',(0.,-0.));
#12326 = VECTOR('',#12327,1.);
#12327 = DIRECTION('',(0.,1.));
#12328 = ( GEOMETRIC_REPRESENTATION_CONTEXT(2) 
PARAMETRIC_REPRESENTATION_CONTEXT() REPRESENTATION_CONTEXT('2D SPACE',''
  ) );
#12329 = ORIENTED_EDGE('',*,*,#4170,.T.);
#12330 = ORIENTED_EDGE('',*,*,#12309,.T.);
#12331 = ADVANCED_FACE('',(#12332),#4226,.F.);
#12332 = FACE_BOUND('',#12333,.F.);
#12333 = EDGE_LOOP('',(#12334,#12335,#12356,#12357));
#12334 = ORIENTED_EDGE('',*,*,#8340,.F.);
#12335 = ORIENTED_EDGE('',*,*,#12336,.F.);
#12336 = EDGE_CURVE('',#4206,#8341,#12337,.T.);
#12337 = SEAM_CURVE('',#12338,(#12342,#12349),.PCURVE_S1.);
#12338 = LINE('',#12339,#12340);
#12339 = CARTESIAN_POINT('',(103.575,-9.4,-1.E-02));
#12340 = VECTOR('',#12341,1.);
#12341 = DIRECTION('',(0.,0.,1.));
#12342 = PCURVE('',#4226,#12343);
#12343 = DEFINITIONAL_REPRESENTATION('',(#12344),#12348);
#12344 = LINE('',#12345,#12346);
#12345 = CARTESIAN_POINT('',(6.28318530718,-0.));
#12346 = VECTOR('',#12347,1.);
#12347 = DIRECTION('',(0.,1.));
#12348 = ( GEOMETRIC_REPRESENTATION_CONTEXT(2) 
PARAMETRIC_REPRESENTATION_CONTEXT() REPRESENTATION_CONTEXT('2D SPACE',''
  ) );
#12349 = PCURVE('',#4226,#12350);
#12350 = DEFINITIONAL_REPRESENTATION('',(#12351),#12355);
#12351 = LINE('',#12352,#12353);
#12352 = CARTESIAN_POINT('',(0.,-0.));
#12353 = VECTOR('',#12354,1.);
#12354 = DIRECTION('',(0.,1.));
#12355 = ( GEOMETRIC_REPRESENTATION_CONTEXT(2) 
PARAMETRIC_REPRESENTATION_CONTEXT() REPRESENTATION_CONTEXT('2D SPACE',''
  ) );
#12356 = ORIENTED_EDGE('',*,*,#4205,.T.);
#12357 = ORIENTED_EDGE('',*,*,#12336,.T.);
#12358 = ADVANCED_FACE('',(#12359),#4261,.F.);
#12359 = FACE_BOUND('',#12360,.F.);
#12360 = EDGE_LOOP('',(#12361,#12362,#12383,#12384));
#12361 = ORIENTED_EDGE('',*,*,#8370,.F.);
#12362 = ORIENTED_EDGE('',*,*,#12363,.F.);
#12363 = EDGE_CURVE('',#4241,#8371,#12364,.T.);
#12364 = SEAM_CURVE('',#12365,(#12369,#12376),.PCURVE_S1.);
#12365 = LINE('',#12366,#12367);
#12366 = CARTESIAN_POINT('',(113.73,-2.45,-1.E-02));
#12367 = VECTOR('',#12368,1.);
#12368 = DIRECTION('',(0.,0.,1.));
#12369 = PCURVE('',#4261,#12370);
#12370 = DEFINITIONAL_REPRESENTATION('',(#12371),#12375);
#12371 = LINE('',#12372,#12373);
#12372 = CARTESIAN_POINT('',(6.28318530718,-0.));
#12373 = VECTOR('',#12374,1.);
#12374 = DIRECTION('',(0.,1.));
#12375 = ( GEOMETRIC_REPRESENTATION_CONTEXT(2) 
PARAMETRIC_REPRESENTATION_CONTEXT() REPRESENTATION_CONTEXT('2D SPACE',''
  ) );
#12376 = PCURVE('',#4261,#12377);
#12377 = DEFINITIONAL_REPRESENTATION('',(#12378),#12382);
#12378 = LINE('',#12379,#12380);
#12379 = CARTESIAN_POINT('',(0.,-0.));
#12380 = VECTOR('',#12381,1.);
#12381 = DIRECTION('',(0.,1.));
#12382 = ( GEOMETRIC_REPRESENTATION_CONTEXT(2) 
PARAMETRIC_REPRESENTATION_CONTEXT() REPRESENTATION_CONTEXT('2D SPACE',''
  ) );
#12383 = ORIENTED_EDGE('',*,*,#4240,.T.);
#12384 = ORIENTED_EDGE('',*,*,#12363,.T.);
#12385 = ADVANCED_FACE('',(#12386),#4296,.F.);
#12386 = FACE_BOUND('',#12387,.F.);
#12387 = EDGE_LOOP('',(#12388,#12389,#12410,#12411));
#12388 = ORIENTED_EDGE('',*,*,#8400,.F.);
#12389 = ORIENTED_EDGE('',*,*,#12390,.F.);
#12390 = EDGE_CURVE('',#4276,#8401,#12391,.T.);
#12391 = SEAM_CURVE('',#12392,(#12396,#12403),.PCURVE_S1.);
#12392 = LINE('',#12393,#12394);
#12393 = CARTESIAN_POINT('',(91.875,-14.9,-1.E-02));
#12394 = VECTOR('',#12395,1.);
#12395 = DIRECTION('',(0.,0.,1.));
#12396 = PCURVE('',#4296,#12397);
#12397 = DEFINITIONAL_REPRESENTATION('',(#12398),#12402);
#12398 = LINE('',#12399,#12400);
#12399 = CARTESIAN_POINT('',(6.28318530718,-0.));
#12400 = VECTOR('',#12401,1.);
#12401 = DIRECTION('',(0.,1.));
#12402 = ( GEOMETRIC_REPRESENTATION_CONTEXT(2) 
PARAMETRIC_REPRESENTATION_CONTEXT() REPRESENTATION_CONTEXT('2D SPACE',''
  ) );
#12403 = PCURVE('',#4296,#12404);
#12404 = DEFINITIONAL_REPRESENTATION('',(#12405),#12409);
#12405 = LINE('',#12406,#12407);
#12406 = CARTESIAN_POINT('',(0.,-0.));
#12407 = VECTOR('',#12408,1.);
#12408 = DIRECTION('',(0.,1.));
#12409 = ( GEOMETRIC_REPRESENTATION_CONTEXT(2) 
PARAMETRIC_REPRESENTATION_CONTEXT() REPRESENTATION_CONTEXT('2D SPACE',''
  ) );
#12410 = ORIENTED_EDGE('',*,*,#4275,.T.);
#12411 = ORIENTED_EDGE('',*,*,#12390,.T.);
#12412 = ADVANCED_FACE('',(#12413),#4331,.F.);
#12413 = FACE_BOUND('',#12414,.F.);
#12414 = EDGE_LOOP('',(#12415,#12416,#12437,#12438));
#12415 = ORIENTED_EDGE('',*,*,#8430,.F.);
#12416 = ORIENTED_EDGE('',*,*,#12417,.F.);
#12417 = EDGE_CURVE('',#4311,#8431,#12418,.T.);
#12418 = SEAM_CURVE('',#12419,(#12423,#12430),.PCURVE_S1.);
#12419 = LINE('',#12420,#12421);
#12420 = CARTESIAN_POINT('',(74.875,-14.9,-1.E-02));
#12421 = VECTOR('',#12422,1.);
#12422 = DIRECTION('',(0.,0.,1.));
#12423 = PCURVE('',#4331,#12424);
#12424 = DEFINITIONAL_REPRESENTATION('',(#12425),#12429);
#12425 = LINE('',#12426,#12427);
#12426 = CARTESIAN_POINT('',(6.28318530718,-0.));
#12427 = VECTOR('',#12428,1.);
#12428 = DIRECTION('',(0.,1.));
#12429 = ( GEOMETRIC_REPRESENTATION_CONTEXT(2) 
PARAMETRIC_REPRESENTATION_CONTEXT() REPRESENTATION_CONTEXT('2D SPACE',''
  ) );
#12430 = PCURVE('',#4331,#12431);
#12431 = DEFINITIONAL_REPRESENTATION('',(#12432),#12436);
#12432 = LINE('',#12433,#12434);
#12433 = CARTESIAN_POINT('',(0.,-0.));
#12434 = VECTOR('',#12435,1.);
#12435 = DIRECTION('',(0.,1.));
#12436 = ( GEOMETRIC_REPRESENTATION_CONTEXT(2) 
PARAMETRIC_REPRESENTATION_CONTEXT() REPRESENTATION_CONTEXT('2D SPACE',''
  ) );
#12437 = ORIENTED_EDGE('',*,*,#4310,.T.);
#12438 = ORIENTED_EDGE('',*,*,#12417,.T.);
#12439 = ADVANCED_FACE('',(#12440),#4366,.F.);
#12440 = FACE_BOUND('',#12441,.F.);
#12441 = EDGE_LOOP('',(#12442,#12443,#12464,#12465));
#12442 = ORIENTED_EDGE('',*,*,#8460,.F.);
#12443 = ORIENTED_EDGE('',*,*,#12444,.F.);
#12444 = EDGE_CURVE('',#4346,#8461,#12445,.T.);
#12445 = SEAM_CURVE('',#12446,(#12450,#12457),.PCURVE_S1.);
#12446 = LINE('',#12447,#12448);
#12447 = CARTESIAN_POINT('',(86.575,-9.4,-1.E-02));
#12448 = VECTOR('',#12449,1.);
#12449 = DIRECTION('',(0.,0.,1.));
#12450 = PCURVE('',#4366,#12451);
#12451 = DEFINITIONAL_REPRESENTATION('',(#12452),#12456);
#12452 = LINE('',#12453,#12454);
#12453 = CARTESIAN_POINT('',(6.28318530718,-0.));
#12454 = VECTOR('',#12455,1.);
#12455 = DIRECTION('',(0.,1.));
#12456 = ( GEOMETRIC_REPRESENTATION_CONTEXT(2) 
PARAMETRIC_REPRESENTATION_CONTEXT() REPRESENTATION_CONTEXT('2D SPACE',''
  ) );
#12457 = PCURVE('',#4366,#12458);
#12458 = DEFINITIONAL_REPRESENTATION('',(#12459),#12463);
#12459 = LINE('',#12460,#12461);
#12460 = CARTESIAN_POINT('',(0.,-0.));
#12461 = VECTOR('',#12462,1.);
#12462 = DIRECTION('',(0.,1.));
#12463 = ( GEOMETRIC_REPRESENTATION_CONTEXT(2) 
PARAMETRIC_REPRESENTATION_CONTEXT() REPRESENTATION_CONTEXT('2D SPACE',''
  ) );
#12464 = ORIENTED_EDGE('',*,*,#4345,.T.);
#12465 = ORIENTED_EDGE('',*,*,#12444,.T.);
#12466 = ADVANCED_FACE('',(#12467),#4401,.F.);
#12467 = FACE_BOUND('',#12468,.F.);
#12468 = EDGE_LOOP('',(#12469,#12470,#12491,#12492));
#12469 = ORIENTED_EDGE('',*,*,#8490,.F.);
#12470 = ORIENTED_EDGE('',*,*,#12471,.F.);
#12471 = EDGE_CURVE('',#4381,#8491,#12472,.T.);
#12472 = SEAM_CURVE('',#12473,(#12477,#12484),.PCURVE_S1.);
#12473 = LINE('',#12474,#12475);
#12474 = CARTESIAN_POINT('',(69.575,-9.4,-1.E-02));
#12475 = VECTOR('',#12476,1.);
#12476 = DIRECTION('',(0.,0.,1.));
#12477 = PCURVE('',#4401,#12478);
#12478 = DEFINITIONAL_REPRESENTATION('',(#12479),#12483);
#12479 = LINE('',#12480,#12481);
#12480 = CARTESIAN_POINT('',(6.28318530718,-0.));
#12481 = VECTOR('',#12482,1.);
#12482 = DIRECTION('',(0.,1.));
#12483 = ( GEOMETRIC_REPRESENTATION_CONTEXT(2) 
PARAMETRIC_REPRESENTATION_CONTEXT() REPRESENTATION_CONTEXT('2D SPACE',''
  ) );
#12484 = PCURVE('',#4401,#12485);
#12485 = DEFINITIONAL_REPRESENTATION('',(#12486),#12490);
#12486 = LINE('',#12487,#12488);
#12487 = CARTESIAN_POINT('',(0.,-0.));
#12488 = VECTOR('',#12489,1.);
#12489 = DIRECTION('',(0.,1.));
#12490 = ( GEOMETRIC_REPRESENTATION_CONTEXT(2) 
PARAMETRIC_REPRESENTATION_CONTEXT() REPRESENTATION_CONTEXT('2D SPACE',''
  ) );
#12491 = ORIENTED_EDGE('',*,*,#4380,.T.);
#12492 = ORIENTED_EDGE('',*,*,#12471,.T.);
#12493 = ADVANCED_FACE('',(#12494),#4436,.F.);
#12494 = FACE_BOUND('',#12495,.F.);
#12495 = EDGE_LOOP('',(#12496,#12497,#12518,#12519));
#12496 = ORIENTED_EDGE('',*,*,#8520,.F.);
#12497 = ORIENTED_EDGE('',*,*,#12498,.F.);
#12498 = EDGE_CURVE('',#4416,#8521,#12499,.T.);
#12499 = SEAM_CURVE('',#12500,(#12504,#12511),.PCURVE_S1.);
#12500 = LINE('',#12501,#12502);
#12501 = CARTESIAN_POINT('',(52.575,-43.4,-1.E-02));
#12502 = VECTOR('',#12503,1.);
#12503 = DIRECTION('',(0.,0.,1.));
#12504 = PCURVE('',#4436,#12505);
#12505 = DEFINITIONAL_REPRESENTATION('',(#12506),#12510);
#12506 = LINE('',#12507,#12508);
#12507 = CARTESIAN_POINT('',(6.28318530718,-0.));
#12508 = VECTOR('',#12509,1.);
#12509 = DIRECTION('',(0.,1.));
#12510 = ( GEOMETRIC_REPRESENTATION_CONTEXT(2) 
PARAMETRIC_REPRESENTATION_CONTEXT() REPRESENTATION_CONTEXT('2D SPACE',''
  ) );
#12511 = PCURVE('',#4436,#12512);
#12512 = DEFINITIONAL_REPRESENTATION('',(#12513),#12517);
#12513 = LINE('',#12514,#12515);
#12514 = CARTESIAN_POINT('',(0.,-0.));
#12515 = VECTOR('',#12516,1.);
#12516 = DIRECTION('',(0.,1.));
#12517 = ( GEOMETRIC_REPRESENTATION_CONTEXT(2) 
PARAMETRIC_REPRESENTATION_CONTEXT() REPRESENTATION_CONTEXT('2D SPACE',''
  ) );
#12518 = ORIENTED_EDGE('',*,*,#4415,.T.);
#12519 = ORIENTED_EDGE('',*,*,#12498,.T.);
#12520 = ADVANCED_FACE('',(#12521),#4471,.F.);
#12521 = FACE_BOUND('',#12522,.F.);
#12522 = EDGE_LOOP('',(#12523,#12524,#12545,#12546));
#12523 = ORIENTED_EDGE('',*,*,#8550,.F.);
#12524 = ORIENTED_EDGE('',*,*,#12525,.F.);
#12525 = EDGE_CURVE('',#4451,#8551,#12526,.T.);
#12526 = SEAM_CURVE('',#12527,(#12531,#12538),.PCURVE_S1.);
#12527 = LINE('',#12528,#12529);
#12528 = CARTESIAN_POINT('',(35.575,-43.4,-1.E-02));
#12529 = VECTOR('',#12530,1.);
#12530 = DIRECTION('',(0.,0.,1.));
#12531 = PCURVE('',#4471,#12532);
#12532 = DEFINITIONAL_REPRESENTATION('',(#12533),#12537);
#12533 = LINE('',#12534,#12535);
#12534 = CARTESIAN_POINT('',(6.28318530718,-0.));
#12535 = VECTOR('',#12536,1.);
#12536 = DIRECTION('',(0.,1.));
#12537 = ( GEOMETRIC_REPRESENTATION_CONTEXT(2) 
PARAMETRIC_REPRESENTATION_CONTEXT() REPRESENTATION_CONTEXT('2D SPACE',''
  ) );
#12538 = PCURVE('',#4471,#12539);
#12539 = DEFINITIONAL_REPRESENTATION('',(#12540),#12544);
#12540 = LINE('',#12541,#12542);
#12541 = CARTESIAN_POINT('',(0.,-0.));
#12542 = VECTOR('',#12543,1.);
#12543 = DIRECTION('',(0.,1.));
#12544 = ( GEOMETRIC_REPRESENTATION_CONTEXT(2) 
PARAMETRIC_REPRESENTATION_CONTEXT() REPRESENTATION_CONTEXT('2D SPACE',''
  ) );
#12545 = ORIENTED_EDGE('',*,*,#4450,.T.);
#12546 = ORIENTED_EDGE('',*,*,#12525,.T.);
#12547 = ADVANCED_FACE('',(#12548),#4506,.F.);
#12548 = FACE_BOUND('',#12549,.F.);
#12549 = EDGE_LOOP('',(#12550,#12551,#12572,#12573));
#12550 = ORIENTED_EDGE('',*,*,#8580,.F.);
#12551 = ORIENTED_EDGE('',*,*,#12552,.F.);
#12552 = EDGE_CURVE('',#4486,#8581,#12553,.T.);
#12553 = SEAM_CURVE('',#12554,(#12558,#12565),.PCURVE_S1.);
#12554 = LINE('',#12555,#12556);
#12555 = CARTESIAN_POINT('',(57.875,-31.9,-1.E-02));
#12556 = VECTOR('',#12557,1.);
#12557 = DIRECTION('',(0.,0.,1.));
#12558 = PCURVE('',#4506,#12559);
#12559 = DEFINITIONAL_REPRESENTATION('',(#12560),#12564);
#12560 = LINE('',#12561,#12562);
#12561 = CARTESIAN_POINT('',(6.28318530718,-0.));
#12562 = VECTOR('',#12563,1.);
#12563 = DIRECTION('',(0.,1.));
#12564 = ( GEOMETRIC_REPRESENTATION_CONTEXT(2) 
PARAMETRIC_REPRESENTATION_CONTEXT() REPRESENTATION_CONTEXT('2D SPACE',''
  ) );
#12565 = PCURVE('',#4506,#12566);
#12566 = DEFINITIONAL_REPRESENTATION('',(#12567),#12571);
#12567 = LINE('',#12568,#12569);
#12568 = CARTESIAN_POINT('',(0.,-0.));
#12569 = VECTOR('',#12570,1.);
#12570 = DIRECTION('',(0.,1.));
#12571 = ( GEOMETRIC_REPRESENTATION_CONTEXT(2) 
PARAMETRIC_REPRESENTATION_CONTEXT() REPRESENTATION_CONTEXT('2D SPACE',''
  ) );
#12572 = ORIENTED_EDGE('',*,*,#4485,.T.);
#12573 = ORIENTED_EDGE('',*,*,#12552,.T.);
#12574 = ADVANCED_FACE('',(#12575),#4541,.F.);
#12575 = FACE_BOUND('',#12576,.F.);
#12576 = EDGE_LOOP('',(#12577,#12578,#12599,#12600));
#12577 = ORIENTED_EDGE('',*,*,#8610,.F.);
#12578 = ORIENTED_EDGE('',*,*,#12579,.F.);
#12579 = EDGE_CURVE('',#4521,#8611,#12580,.T.);
#12580 = SEAM_CURVE('',#12581,(#12585,#12592),.PCURVE_S1.);
#12581 = LINE('',#12582,#12583);
#12582 = CARTESIAN_POINT('',(52.575,-26.4,-1.E-02));
#12583 = VECTOR('',#12584,1.);
#12584 = DIRECTION('',(0.,0.,1.));
#12585 = PCURVE('',#4541,#12586);
#12586 = DEFINITIONAL_REPRESENTATION('',(#12587),#12591);
#12587 = LINE('',#12588,#12589);
#12588 = CARTESIAN_POINT('',(6.28318530718,-0.));
#12589 = VECTOR('',#12590,1.);
#12590 = DIRECTION('',(0.,1.));
#12591 = ( GEOMETRIC_REPRESENTATION_CONTEXT(2) 
PARAMETRIC_REPRESENTATION_CONTEXT() REPRESENTATION_CONTEXT('2D SPACE',''
  ) );
#12592 = PCURVE('',#4541,#12593);
#12593 = DEFINITIONAL_REPRESENTATION('',(#12594),#12598);
#12594 = LINE('',#12595,#12596);
#12595 = CARTESIAN_POINT('',(0.,-0.));
#12596 = VECTOR('',#12597,1.);
#12597 = DIRECTION('',(0.,1.));
#12598 = ( GEOMETRIC_REPRESENTATION_CONTEXT(2) 
PARAMETRIC_REPRESENTATION_CONTEXT() REPRESENTATION_CONTEXT('2D SPACE',''
  ) );
#12599 = ORIENTED_EDGE('',*,*,#4520,.T.);
#12600 = ORIENTED_EDGE('',*,*,#12579,.T.);
#12601 = ADVANCED_FACE('',(#12602),#4576,.F.);
#12602 = FACE_BOUND('',#12603,.F.);
#12603 = EDGE_LOOP('',(#12604,#12605,#12626,#12627));
#12604 = ORIENTED_EDGE('',*,*,#8640,.F.);
#12605 = ORIENTED_EDGE('',*,*,#12606,.F.);
#12606 = EDGE_CURVE('',#4556,#8641,#12607,.T.);
#12607 = SEAM_CURVE('',#12608,(#12612,#12619),.PCURVE_S1.);
#12608 = LINE('',#12609,#12610);
#12609 = CARTESIAN_POINT('',(40.875,-31.9,-1.E-02));
#12610 = VECTOR('',#12611,1.);
#12611 = DIRECTION('',(0.,0.,1.));
#12612 = PCURVE('',#4576,#12613);
#12613 = DEFINITIONAL_REPRESENTATION('',(#12614),#12618);
#12614 = LINE('',#12615,#12616);
#12615 = CARTESIAN_POINT('',(6.28318530718,-0.));
#12616 = VECTOR('',#12617,1.);
#12617 = DIRECTION('',(0.,1.));
#12618 = ( GEOMETRIC_REPRESENTATION_CONTEXT(2) 
PARAMETRIC_REPRESENTATION_CONTEXT() REPRESENTATION_CONTEXT('2D SPACE',''
  ) );
#12619 = PCURVE('',#4576,#12620);
#12620 = DEFINITIONAL_REPRESENTATION('',(#12621),#12625);
#12621 = LINE('',#12622,#12623);
#12622 = CARTESIAN_POINT('',(0.,-0.));
#12623 = VECTOR('',#12624,1.);
#12624 = DIRECTION('',(0.,1.));
#12625 = ( GEOMETRIC_REPRESENTATION_CONTEXT(2) 
PARAMETRIC_REPRESENTATION_CONTEXT() REPRESENTATION_CONTEXT('2D SPACE',''
  ) );
#12626 = ORIENTED_EDGE('',*,*,#4555,.T.);
#12627 = ORIENTED_EDGE('',*,*,#12606,.T.);
#12628 = ADVANCED_FACE('',(#12629),#4611,.F.);
#12629 = FACE_BOUND('',#12630,.F.);
#12630 = EDGE_LOOP('',(#12631,#12632,#12653,#12654));
#12631 = ORIENTED_EDGE('',*,*,#8670,.F.);
#12632 = ORIENTED_EDGE('',*,*,#12633,.F.);
#12633 = EDGE_CURVE('',#4591,#8671,#12634,.T.);
#12634 = SEAM_CURVE('',#12635,(#12639,#12646),.PCURVE_S1.);
#12635 = LINE('',#12636,#12637);
#12636 = CARTESIAN_POINT('',(35.575,-26.4,-1.E-02));
#12637 = VECTOR('',#12638,1.);
#12638 = DIRECTION('',(0.,0.,1.));
#12639 = PCURVE('',#4611,#12640);
#12640 = DEFINITIONAL_REPRESENTATION('',(#12641),#12645);
#12641 = LINE('',#12642,#12643);
#12642 = CARTESIAN_POINT('',(6.28318530718,-0.));
#12643 = VECTOR('',#12644,1.);
#12644 = DIRECTION('',(0.,1.));
#12645 = ( GEOMETRIC_REPRESENTATION_CONTEXT(2) 
PARAMETRIC_REPRESENTATION_CONTEXT() REPRESENTATION_CONTEXT('2D SPACE',''
  ) );
#12646 = PCURVE('',#4611,#12647);
#12647 = DEFINITIONAL_REPRESENTATION('',(#12648),#12652);
#12648 = LINE('',#12649,#12650);
#12649 = CARTESIAN_POINT('',(0.,-0.));
#12650 = VECTOR('',#12651,1.);
#12651 = DIRECTION('',(0.,1.));
#12652 = ( GEOMETRIC_REPRESENTATION_CONTEXT(2) 
PARAMETRIC_REPRESENTATION_CONTEXT() REPRESENTATION_CONTEXT('2D SPACE',''
  ) );
#12653 = ORIENTED_EDGE('',*,*,#4590,.T.);
#12654 = ORIENTED_EDGE('',*,*,#12633,.T.);
#12655 = ADVANCED_FACE('',(#12656),#4646,.F.);
#12656 = FACE_BOUND('',#12657,.F.);
#12657 = EDGE_LOOP('',(#12658,#12659,#12680,#12681));
#12658 = ORIENTED_EDGE('',*,*,#8700,.F.);
#12659 = ORIENTED_EDGE('',*,*,#12660,.F.);
#12660 = EDGE_CURVE('',#4626,#8701,#12661,.T.);
#12661 = SEAM_CURVE('',#12662,(#12666,#12673),.PCURVE_S1.);
#12662 = LINE('',#12663,#12664);
#12663 = CARTESIAN_POINT('',(18.575,-43.4,-1.E-02));
#12664 = VECTOR('',#12665,1.);
#12665 = DIRECTION('',(0.,0.,1.));
#12666 = PCURVE('',#4646,#12667);
#12667 = DEFINITIONAL_REPRESENTATION('',(#12668),#12672);
#12668 = LINE('',#12669,#12670);
#12669 = CARTESIAN_POINT('',(6.28318530718,-0.));
#12670 = VECTOR('',#12671,1.);
#12671 = DIRECTION('',(0.,1.));
#12672 = ( GEOMETRIC_REPRESENTATION_CONTEXT(2) 
PARAMETRIC_REPRESENTATION_CONTEXT() REPRESENTATION_CONTEXT('2D SPACE',''
  ) );
#12673 = PCURVE('',#4646,#12674);
#12674 = DEFINITIONAL_REPRESENTATION('',(#12675),#12679);
#12675 = LINE('',#12676,#12677);
#12676 = CARTESIAN_POINT('',(0.,-0.));
#12677 = VECTOR('',#12678,1.);
#12678 = DIRECTION('',(0.,1.));
#12679 = ( GEOMETRIC_REPRESENTATION_CONTEXT(2) 
PARAMETRIC_REPRESENTATION_CONTEXT() REPRESENTATION_CONTEXT('2D SPACE',''
  ) );
#12680 = ORIENTED_EDGE('',*,*,#4625,.T.);
#12681 = ORIENTED_EDGE('',*,*,#12660,.T.);
#12682 = ADVANCED_FACE('',(#12683),#4681,.F.);
#12683 = FACE_BOUND('',#12684,.F.);
#12684 = EDGE_LOOP('',(#12685,#12686,#12707,#12708));
#12685 = ORIENTED_EDGE('',*,*,#8730,.F.);
#12686 = ORIENTED_EDGE('',*,*,#12687,.F.);
#12687 = EDGE_CURVE('',#4661,#8731,#12688,.T.);
#12688 = SEAM_CURVE('',#12689,(#12693,#12700),.PCURVE_S1.);
#12689 = LINE('',#12690,#12691);
#12690 = CARTESIAN_POINT('',(23.875,-31.9,-1.E-02));
#12691 = VECTOR('',#12692,1.);
#12692 = DIRECTION('',(0.,0.,1.));
#12693 = PCURVE('',#4681,#12694);
#12694 = DEFINITIONAL_REPRESENTATION('',(#12695),#12699);
#12695 = LINE('',#12696,#12697);
#12696 = CARTESIAN_POINT('',(6.28318530718,-0.));
#12697 = VECTOR('',#12698,1.);
#12698 = DIRECTION('',(0.,1.));
#12699 = ( GEOMETRIC_REPRESENTATION_CONTEXT(2) 
PARAMETRIC_REPRESENTATION_CONTEXT() REPRESENTATION_CONTEXT('2D SPACE',''
  ) );
#12700 = PCURVE('',#4681,#12701);
#12701 = DEFINITIONAL_REPRESENTATION('',(#12702),#12706);
#12702 = LINE('',#12703,#12704);
#12703 = CARTESIAN_POINT('',(0.,-0.));
#12704 = VECTOR('',#12705,1.);
#12705 = DIRECTION('',(0.,1.));
#12706 = ( GEOMETRIC_REPRESENTATION_CONTEXT(2) 
PARAMETRIC_REPRESENTATION_CONTEXT() REPRESENTATION_CONTEXT('2D SPACE',''
  ) );
#12707 = ORIENTED_EDGE('',*,*,#4660,.T.);
#12708 = ORIENTED_EDGE('',*,*,#12687,.T.);
#12709 = ADVANCED_FACE('',(#12710),#4716,.F.);
#12710 = FACE_BOUND('',#12711,.F.);
#12711 = EDGE_LOOP('',(#12712,#12713,#12734,#12735));
#12712 = ORIENTED_EDGE('',*,*,#8760,.F.);
#12713 = ORIENTED_EDGE('',*,*,#12714,.F.);
#12714 = EDGE_CURVE('',#4696,#8761,#12715,.T.);
#12715 = SEAM_CURVE('',#12716,(#12720,#12727),.PCURVE_S1.);
#12716 = LINE('',#12717,#12718);
#12717 = CARTESIAN_POINT('',(18.575,-26.4,-1.E-02));
#12718 = VECTOR('',#12719,1.);
#12719 = DIRECTION('',(0.,0.,1.));
#12720 = PCURVE('',#4716,#12721);
#12721 = DEFINITIONAL_REPRESENTATION('',(#12722),#12726);
#12722 = LINE('',#12723,#12724);
#12723 = CARTESIAN_POINT('',(6.28318530718,-0.));
#12724 = VECTOR('',#12725,1.);
#12725 = DIRECTION('',(0.,1.));
#12726 = ( GEOMETRIC_REPRESENTATION_CONTEXT(2) 
PARAMETRIC_REPRESENTATION_CONTEXT() REPRESENTATION_CONTEXT('2D SPACE',''
  ) );
#12727 = PCURVE('',#4716,#12728);
#12728 = DEFINITIONAL_REPRESENTATION('',(#12729),#12733);
#12729 = LINE('',#12730,#12731);
#12730 = CARTESIAN_POINT('',(0.,-0.));
#12731 = VECTOR('',#12732,1.);
#12732 = DIRECTION('',(0.,1.));
#12733 = ( GEOMETRIC_REPRESENTATION_CONTEXT(2) 
PARAMETRIC_REPRESENTATION_CONTEXT() REPRESENTATION_CONTEXT('2D SPACE',''
  ) );
#12734 = ORIENTED_EDGE('',*,*,#4695,.T.);
#12735 = ORIENTED_EDGE('',*,*,#12714,.T.);
#12736 = ADVANCED_FACE('',(#12737),#4751,.F.);
#12737 = FACE_BOUND('',#12738,.F.);
#12738 = EDGE_LOOP('',(#12739,#12740,#12761,#12762));
#12739 = ORIENTED_EDGE('',*,*,#8790,.F.);
#12740 = ORIENTED_EDGE('',*,*,#12741,.F.);
#12741 = EDGE_CURVE('',#4731,#8791,#12742,.T.);
#12742 = SEAM_CURVE('',#12743,(#12747,#12754),.PCURVE_S1.);
#12743 = LINE('',#12744,#12745);
#12744 = CARTESIAN_POINT('',(6.875,-31.9,-1.E-02));
#12745 = VECTOR('',#12746,1.);
#12746 = DIRECTION('',(0.,0.,1.));
#12747 = PCURVE('',#4751,#12748);
#12748 = DEFINITIONAL_REPRESENTATION('',(#12749),#12753);
#12749 = LINE('',#12750,#12751);
#12750 = CARTESIAN_POINT('',(6.28318530718,-0.));
#12751 = VECTOR('',#12752,1.);
#12752 = DIRECTION('',(0.,1.));
#12753 = ( GEOMETRIC_REPRESENTATION_CONTEXT(2) 
PARAMETRIC_REPRESENTATION_CONTEXT() REPRESENTATION_CONTEXT('2D SPACE',''
  ) );
#12754 = PCURVE('',#4751,#12755);
#12755 = DEFINITIONAL_REPRESENTATION('',(#12756),#12760);
#12756 = LINE('',#12757,#12758);
#12757 = CARTESIAN_POINT('',(0.,-0.));
#12758 = VECTOR('',#12759,1.);
#12759 = DIRECTION('',(0.,1.));
#12760 = ( GEOMETRIC_REPRESENTATION_CONTEXT(2) 
PARAMETRIC_REPRESENTATION_CONTEXT() REPRESENTATION_CONTEXT('2D SPACE',''
  ) );
#12761 = ORIENTED_EDGE('',*,*,#4730,.T.);
#12762 = ORIENTED_EDGE('',*,*,#12741,.T.);
#12763 = ADVANCED_FACE('',(#12764),#4786,.F.);
#12764 = FACE_BOUND('',#12765,.F.);
#12765 = EDGE_LOOP('',(#12766,#12767,#12788,#12789));
#12766 = ORIENTED_EDGE('',*,*,#8820,.F.);
#12767 = ORIENTED_EDGE('',*,*,#12768,.F.);
#12768 = EDGE_CURVE('',#4766,#8821,#12769,.T.);
#12769 = SEAM_CURVE('',#12770,(#12774,#12781),.PCURVE_S1.);
#12770 = LINE('',#12771,#12772);
#12771 = CARTESIAN_POINT('',(57.875,-14.9,-1.E-02));
#12772 = VECTOR('',#12773,1.);
#12773 = DIRECTION('',(0.,0.,1.));
#12774 = PCURVE('',#4786,#12775);
#12775 = DEFINITIONAL_REPRESENTATION('',(#12776),#12780);
#12776 = LINE('',#12777,#12778);
#12777 = CARTESIAN_POINT('',(6.28318530718,-0.));
#12778 = VECTOR('',#12779,1.);
#12779 = DIRECTION('',(0.,1.));
#12780 = ( GEOMETRIC_REPRESENTATION_CONTEXT(2) 
PARAMETRIC_REPRESENTATION_CONTEXT() REPRESENTATION_CONTEXT('2D SPACE',''
  ) );
#12781 = PCURVE('',#4786,#12782);
#12782 = DEFINITIONAL_REPRESENTATION('',(#12783),#12787);
#12783 = LINE('',#12784,#12785);
#12784 = CARTESIAN_POINT('',(0.,-0.));
#12785 = VECTOR('',#12786,1.);
#12786 = DIRECTION('',(0.,1.));
#12787 = ( GEOMETRIC_REPRESENTATION_CONTEXT(2) 
PARAMETRIC_REPRESENTATION_CONTEXT() REPRESENTATION_CONTEXT('2D SPACE',''
  ) );
#12788 = ORIENTED_EDGE('',*,*,#4765,.T.);
#12789 = ORIENTED_EDGE('',*,*,#12768,.T.);
#12790 = ADVANCED_FACE('',(#12791),#4821,.F.);
#12791 = FACE_BOUND('',#12792,.F.);
#12792 = EDGE_LOOP('',(#12793,#12794,#12815,#12816));
#12793 = ORIENTED_EDGE('',*,*,#8850,.F.);
#12794 = ORIENTED_EDGE('',*,*,#12795,.F.);
#12795 = EDGE_CURVE('',#4801,#8851,#12796,.T.);
#12796 = SEAM_CURVE('',#12797,(#12801,#12808),.PCURVE_S1.);
#12797 = LINE('',#12798,#12799);
#12798 = CARTESIAN_POINT('',(40.875,-14.9,-1.E-02));
#12799 = VECTOR('',#12800,1.);
#12800 = DIRECTION('',(0.,0.,1.));
#12801 = PCURVE('',#4821,#12802);
#12802 = DEFINITIONAL_REPRESENTATION('',(#12803),#12807);
#12803 = LINE('',#12804,#12805);
#12804 = CARTESIAN_POINT('',(6.28318530718,-0.));
#12805 = VECTOR('',#12806,1.);
#12806 = DIRECTION('',(0.,1.));
#12807 = ( GEOMETRIC_REPRESENTATION_CONTEXT(2) 
PARAMETRIC_REPRESENTATION_CONTEXT() REPRESENTATION_CONTEXT('2D SPACE',''
  ) );
#12808 = PCURVE('',#4821,#12809);
#12809 = DEFINITIONAL_REPRESENTATION('',(#12810),#12814);
#12810 = LINE('',#12811,#12812);
#12811 = CARTESIAN_POINT('',(0.,-0.));
#12812 = VECTOR('',#12813,1.);
#12813 = DIRECTION('',(0.,1.));
#12814 = ( GEOMETRIC_REPRESENTATION_CONTEXT(2) 
PARAMETRIC_REPRESENTATION_CONTEXT() REPRESENTATION_CONTEXT('2D SPACE',''
  ) );
#12815 = ORIENTED_EDGE('',*,*,#4800,.T.);
#12816 = ORIENTED_EDGE('',*,*,#12795,.T.);
#12817 = ADVANCED_FACE('',(#12818),#4856,.F.);
#12818 = FACE_BOUND('',#12819,.F.);
#12819 = EDGE_LOOP('',(#12820,#12821,#12842,#12843));
#12820 = ORIENTED_EDGE('',*,*,#8880,.F.);
#12821 = ORIENTED_EDGE('',*,*,#12822,.F.);
#12822 = EDGE_CURVE('',#4836,#8881,#12823,.T.);
#12823 = SEAM_CURVE('',#12824,(#12828,#12835),.PCURVE_S1.);
#12824 = LINE('',#12825,#12826);
#12825 = CARTESIAN_POINT('',(52.575,-9.4,-1.E-02));
#12826 = VECTOR('',#12827,1.);
#12827 = DIRECTION('',(0.,0.,1.));
#12828 = PCURVE('',#4856,#12829);
#12829 = DEFINITIONAL_REPRESENTATION('',(#12830),#12834);
#12830 = LINE('',#12831,#12832);
#12831 = CARTESIAN_POINT('',(6.28318530718,-0.));
#12832 = VECTOR('',#12833,1.);
#12833 = DIRECTION('',(0.,1.));
#12834 = ( GEOMETRIC_REPRESENTATION_CONTEXT(2) 
PARAMETRIC_REPRESENTATION_CONTEXT() REPRESENTATION_CONTEXT('2D SPACE',''
  ) );
#12835 = PCURVE('',#4856,#12836);
#12836 = DEFINITIONAL_REPRESENTATION('',(#12837),#12841);
#12837 = LINE('',#12838,#12839);
#12838 = CARTESIAN_POINT('',(0.,-0.));
#12839 = VECTOR('',#12840,1.);
#12840 = DIRECTION('',(0.,1.));
#12841 = ( GEOMETRIC_REPRESENTATION_CONTEXT(2) 
PARAMETRIC_REPRESENTATION_CONTEXT() REPRESENTATION_CONTEXT('2D SPACE',''
  ) );
#12842 = ORIENTED_EDGE('',*,*,#4835,.T.);
#12843 = ORIENTED_EDGE('',*,*,#12822,.T.);
#12844 = ADVANCED_FACE('',(#12845),#4891,.F.);
#12845 = FACE_BOUND('',#12846,.F.);
#12846 = EDGE_LOOP('',(#12847,#12848,#12869,#12870));
#12847 = ORIENTED_EDGE('',*,*,#8910,.F.);
#12848 = ORIENTED_EDGE('',*,*,#12849,.F.);
#12849 = EDGE_CURVE('',#4871,#8911,#12850,.T.);
#12850 = SEAM_CURVE('',#12851,(#12855,#12862),.PCURVE_S1.);
#12851 = LINE('',#12852,#12853);
#12852 = CARTESIAN_POINT('',(35.575,-9.4,-1.E-02));
#12853 = VECTOR('',#12854,1.);
#12854 = DIRECTION('',(0.,0.,1.));
#12855 = PCURVE('',#4891,#12856);
#12856 = DEFINITIONAL_REPRESENTATION('',(#12857),#12861);
#12857 = LINE('',#12858,#12859);
#12858 = CARTESIAN_POINT('',(6.28318530718,-0.));
#12859 = VECTOR('',#12860,1.);
#12860 = DIRECTION('',(0.,1.));
#12861 = ( GEOMETRIC_REPRESENTATION_CONTEXT(2) 
PARAMETRIC_REPRESENTATION_CONTEXT() REPRESENTATION_CONTEXT('2D SPACE',''
  ) );
#12862 = PCURVE('',#4891,#12863);
#12863 = DEFINITIONAL_REPRESENTATION('',(#12864),#12868);
#12864 = LINE('',#12865,#12866);
#12865 = CARTESIAN_POINT('',(0.,-0.));
#12866 = VECTOR('',#12867,1.);
#12867 = DIRECTION('',(0.,1.));
#12868 = ( GEOMETRIC_REPRESENTATION_CONTEXT(2) 
PARAMETRIC_REPRESENTATION_CONTEXT() REPRESENTATION_CONTEXT('2D SPACE',''
  ) );
#12869 = ORIENTED_EDGE('',*,*,#4870,.T.);
#12870 = ORIENTED_EDGE('',*,*,#12849,.T.);
#12871 = ADVANCED_FACE('',(#12872),#4926,.F.);
#12872 = FACE_BOUND('',#12873,.F.);
#12873 = EDGE_LOOP('',(#12874,#12875,#12896,#12897));
#12874 = ORIENTED_EDGE('',*,*,#8940,.F.);
#12875 = ORIENTED_EDGE('',*,*,#12876,.F.);
#12876 = EDGE_CURVE('',#4906,#8941,#12877,.T.);
#12877 = SEAM_CURVE('',#12878,(#12882,#12889),.PCURVE_S1.);
#12878 = LINE('',#12879,#12880);
#12879 = CARTESIAN_POINT('',(23.875,-14.9,-1.E-02));
#12880 = VECTOR('',#12881,1.);
#12881 = DIRECTION('',(0.,0.,1.));
#12882 = PCURVE('',#4926,#12883);
#12883 = DEFINITIONAL_REPRESENTATION('',(#12884),#12888);
#12884 = LINE('',#12885,#12886);
#12885 = CARTESIAN_POINT('',(6.28318530718,-0.));
#12886 = VECTOR('',#12887,1.);
#12887 = DIRECTION('',(0.,1.));
#12888 = ( GEOMETRIC_REPRESENTATION_CONTEXT(2) 
PARAMETRIC_REPRESENTATION_CONTEXT() REPRESENTATION_CONTEXT('2D SPACE',''
  ) );
#12889 = PCURVE('',#4926,#12890);
#12890 = DEFINITIONAL_REPRESENTATION('',(#12891),#12895);
#12891 = LINE('',#12892,#12893);
#12892 = CARTESIAN_POINT('',(0.,-0.));
#12893 = VECTOR('',#12894,1.);
#12894 = DIRECTION('',(0.,1.));
#12895 = ( GEOMETRIC_REPRESENTATION_CONTEXT(2) 
PARAMETRIC_REPRESENTATION_CONTEXT() REPRESENTATION_CONTEXT('2D SPACE',''
  ) );
#12896 = ORIENTED_EDGE('',*,*,#4905,.T.);
#12897 = ORIENTED_EDGE('',*,*,#12876,.T.);
#12898 = ADVANCED_FACE('',(#12899),#4961,.F.);
#12899 = FACE_BOUND('',#12900,.F.);
#12900 = EDGE_LOOP('',(#12901,#12902,#12923,#12924));
#12901 = ORIENTED_EDGE('',*,*,#8970,.F.);
#12902 = ORIENTED_EDGE('',*,*,#12903,.F.);
#12903 = EDGE_CURVE('',#4941,#8971,#12904,.T.);
#12904 = SEAM_CURVE('',#12905,(#12909,#12916),.PCURVE_S1.);
#12905 = LINE('',#12906,#12907);
#12906 = CARTESIAN_POINT('',(6.875,-14.9,-1.E-02));
#12907 = VECTOR('',#12908,1.);
#12908 = DIRECTION('',(0.,0.,1.));
#12909 = PCURVE('',#4961,#12910);
#12910 = DEFINITIONAL_REPRESENTATION('',(#12911),#12915);
#12911 = LINE('',#12912,#12913);
#12912 = CARTESIAN_POINT('',(6.28318530718,-0.));
#12913 = VECTOR('',#12914,1.);
#12914 = DIRECTION('',(0.,1.));
#12915 = ( GEOMETRIC_REPRESENTATION_CONTEXT(2) 
PARAMETRIC_REPRESENTATION_CONTEXT() REPRESENTATION_CONTEXT('2D SPACE',''
  ) );
#12916 = PCURVE('',#4961,#12917);
#12917 = DEFINITIONAL_REPRESENTATION('',(#12918),#12922);
#12918 = LINE('',#12919,#12920);
#12919 = CARTESIAN_POINT('',(0.,-0.));
#12920 = VECTOR('',#12921,1.);
#12921 = DIRECTION('',(0.,1.));
#12922 = ( GEOMETRIC_REPRESENTATION_CONTEXT(2) 
PARAMETRIC_REPRESENTATION_CONTEXT() REPRESENTATION_CONTEXT('2D SPACE',''
  ) );
#12923 = ORIENTED_EDGE('',*,*,#4940,.T.);
#12924 = ORIENTED_EDGE('',*,*,#12903,.T.);
#12925 = ADVANCED_FACE('',(#12926),#4996,.F.);
#12926 = FACE_BOUND('',#12927,.F.);
#12927 = EDGE_LOOP('',(#12928,#12929,#12950,#12951));
#12928 = ORIENTED_EDGE('',*,*,#9000,.F.);
#12929 = ORIENTED_EDGE('',*,*,#12930,.F.);
#12930 = EDGE_CURVE('',#4976,#9001,#12931,.T.);
#12931 = SEAM_CURVE('',#12932,(#12936,#12943),.PCURVE_S1.);
#12932 = LINE('',#12933,#12934);
#12933 = CARTESIAN_POINT('',(18.575,-9.4,-1.E-02));
#12934 = VECTOR('',#12935,1.);
#12935 = DIRECTION('',(0.,0.,1.));
#12936 = PCURVE('',#4996,#12937);
#12937 = DEFINITIONAL_REPRESENTATION('',(#12938),#12942);
#12938 = LINE('',#12939,#12940);
#12939 = CARTESIAN_POINT('',(6.28318530718,-0.));
#12940 = VECTOR('',#12941,1.);
#12941 = DIRECTION('',(0.,1.));
#12942 = ( GEOMETRIC_REPRESENTATION_CONTEXT(2) 
PARAMETRIC_REPRESENTATION_CONTEXT() REPRESENTATION_CONTEXT('2D SPACE',''
  ) );
#12943 = PCURVE('',#4996,#12944);
#12944 = DEFINITIONAL_REPRESENTATION('',(#12945),#12949);
#12945 = LINE('',#12946,#12947);
#12946 = CARTESIAN_POINT('',(0.,-0.));
#12947 = VECTOR('',#12948,1.);
#12948 = DIRECTION('',(0.,1.));
#12949 = ( GEOMETRIC_REPRESENTATION_CONTEXT(2) 
PARAMETRIC_REPRESENTATION_CONTEXT() REPRESENTATION_CONTEXT('2D SPACE',''
  ) );
#12950 = ORIENTED_EDGE('',*,*,#4975,.T.);
#12951 = ORIENTED_EDGE('',*,*,#12930,.T.);
#12952 = ADVANCED_FACE('',(#12953),#5031,.F.);
#12953 = FACE_BOUND('',#12954,.F.);
#12954 = EDGE_LOOP('',(#12955,#12956,#12977,#12978));
#12955 = ORIENTED_EDGE('',*,*,#9030,.F.);
#12956 = ORIENTED_EDGE('',*,*,#12957,.F.);
#12957 = EDGE_CURVE('',#5011,#9031,#12958,.T.);
#12958 = SEAM_CURVE('',#12959,(#12963,#12970),.PCURVE_S1.);
#12959 = LINE('',#12960,#12961);
#12960 = CARTESIAN_POINT('',(2.95,-2.45,-1.E-02));
#12961 = VECTOR('',#12962,1.);
#12962 = DIRECTION('',(0.,0.,1.));
#12963 = PCURVE('',#5031,#12964);
#12964 = DEFINITIONAL_REPRESENTATION('',(#12965),#12969);
#12965 = LINE('',#12966,#12967);
#12966 = CARTESIAN_POINT('',(6.28318530718,-0.));
#12967 = VECTOR('',#12968,1.);
#12968 = DIRECTION('',(0.,1.));
#12969 = ( GEOMETRIC_REPRESENTATION_CONTEXT(2) 
PARAMETRIC_REPRESENTATION_CONTEXT() REPRESENTATION_CONTEXT('2D SPACE',''
  ) );
#12970 = PCURVE('',#5031,#12971);
#12971 = DEFINITIONAL_REPRESENTATION('',(#12972),#12976);
#12972 = LINE('',#12973,#12974);
#12973 = CARTESIAN_POINT('',(0.,-0.));
#12974 = VECTOR('',#12975,1.);
#12975 = DIRECTION('',(0.,1.));
#12976 = ( GEOMETRIC_REPRESENTATION_CONTEXT(2) 
PARAMETRIC_REPRESENTATION_CONTEXT() REPRESENTATION_CONTEXT('2D SPACE',''
  ) );
#12977 = ORIENTED_EDGE('',*,*,#5010,.T.);
#12978 = ORIENTED_EDGE('',*,*,#12957,.T.);
#12979 = ( GEOMETRIC_REPRESENTATION_CONTEXT(3) 
GLOBAL_UNCERTAINTY_ASSIGNED_CONTEXT((#12983)) 
GLOBAL_UNIT_ASSIGNED_CONTEXT((#12980,#12981,#12982)) 
REPRESENTATION_CONTEXT('Context #1',
  '3D Context with UNIT and UNCERTAINTY') );
#12980 = ( LENGTH_UNIT() NAMED_UNIT(*) SI_UNIT(.MILLI.,.METRE.) );
#12981 = ( NAMED_UNIT(*) PLANE_ANGLE_UNIT() SI_UNIT($,.RADIAN.) );
#12982 = ( NAMED_UNIT(*) SI_UNIT($,.STERADIAN.) SOLID_ANGLE_UNIT() );
#12983 = UNCERTAINTY_MEASURE_WITH_UNIT(LENGTH_MEASURE(1.E-07),#12980,
  'distance_accuracy_value','confusion accuracy');
#12984 = CONTEXT_DEPENDENT_SHAPE_REPRESENTATION(#12985,#12987);
#12985 = ( REPRESENTATION_RELATIONSHIP('','',#32,#10) 
REPRESENTATION_RELATIONSHIP_WITH_TRANSFORMATION(#12986) 
SHAPE_REPRESENTATION_RELATIONSHIP() );
#12986 = ITEM_DEFINED_TRANSFORMATION('','',#11,#15);
#12987 = PRODUCT_DEFINITION_SHAPE('Placement','Placement of an item',
  #12988);
#12988 = NEXT_ASSEMBLY_USAGE_OCCURRENCE('1','=>[0:1:1:2]','',#5,#27,$);
#12989 = PRODUCT_RELATED_PRODUCT_CATEGORY('part',$,(#29));
#12990 = SHAPE_DEFINITION_REPRESENTATION(#12987,#12991);
#12991 = SHAPE_REPRESENTATION('',(#15),#12979);
#12992 = MECHANICAL_DESIGN_GEOMETRIC_PRESENTATION_REPRESENTATION('',(
    #12993,#13001),#12979);
#12993 = STYLED_ITEM('color',(#12994),#33);
#12994 = PRESENTATION_STYLE_ASSIGNMENT((#12995));
#12995 = SURFACE_STYLE_USAGE(.BOTH.,#12996);
#12996 = SURFACE_SIDE_STYLE('',(#12997));
#12997 = SURFACE_STYLE_FILL_AREA(#12998);
#12998 = FILL_AREA_STYLE('',(#12999));
#12999 = FILL_AREA_STYLE_COLOUR('',#13000);
#13000 = COLOUR_RGB('',0.313304153717,0.484529207832,0.410020903123);
#13001 = OVER_RIDING_STYLED_ITEM('overriding color',(#13002),#33,#12993
  );
#13002 = PRESENTATION_STYLE_BY_CONTEXT((#13003),#12991);
#13003 = SURFACE_STYLE_USAGE(.BOTH.,#13004);
#13004 = SURFACE_SIDE_STYLE('',(#13005));
#13005 = SURFACE_STYLE_FILL_AREA(#13006);
#13006 = FILL_AREA_STYLE('',(#13007));
#13007 = FILL_AREA_STYLE_COLOUR('',#13008);
#13008 = COLOUR_RGB('',0.313304153717,0.484529207832,0.410020903123);
ENDSEC;
END-ISO-10303-21;
